mode,elapsed_seconds,phase_seconds,unity_frame,active_sprites,pooled_sprites,allocated_sprites,dropped_sprite_ticks,blocking,cast_count,accepted,gc_bytes_whole_frame,draw_calls_whole_frame,batches_whole_frame,triangles_whole_frame
Baseline,0.010730,0.010730,22042,0,192,192,13874,False,0,False,788476,0,0,0
Baseline,0.014893,0.014893,22043,0,192,192,13874,False,0,False,50689,114,114,11558
Baseline,0.018177,0.018177,22044,0,192,192,13874,False,0,False,32319,114,114,11558
Baseline,0.021102,0.021102,22045,0,192,192,13874,False,0,False,32319,114,114,11558
Baseline,0.024867,0.024867,22046,0,192,192,13874,False,0,False,32319,114,114,11558
Baseline,0.031739,0.031739,22047,0,192,192,13874,False,0,False,32319,114,114,11558
Baseline,0.035584,0.035584,22048,0,192,192,13874,False,0,False,32319,114,114,11558
Baseline,0.039248,0.039248,22049,0,192,192,13874,False,0,False,32707,114,114,11558
Baseline,0.045867,0.045867,22050,0,192,192,13874,False,0,False,32319,114,114,11558
Baseline,0.050015,0.050015,22051,0,192,192,13874,False,0,False,32319,114,114,11558
Baseline,0.053193,0.053193,22052,0,192,192,13874,False,0,False,32319,114,114,11558
Baseline,0.056913,0.056913,22053,0,192,192,13874,False,0,False,32319,114,114,11558
Baseline,0.063603,0.063603,22054,0,192,192,13874,False,0,False,32319,114,114,11558
Baseline,0.067741,0.067741,22055,0,192,192,13874,False,0,False,32319,114,114,11558
Baseline,0.071364,0.071364,22056,0,192,192,13874,False,0,False,32319,114,114,11558
Baseline,0.075298,0.075298,22057,0,192,192,13874,False,0,False,32319,113,113,11556
Baseline,0.078899,0.078899,22058,0,192,192,13874,False,0,False,32319,113,113,11556
Baseline,0.082694,0.082694,22059,0,192,192,13874,False,0,False,32319,113,113,11556
Baseline,0.085833,0.085833,22060,0,192,192,13874,False,0,False,32319,113,113,11556
Baseline,0.089104,0.089104,22061,0,192,192,13874,False,0,False,32465,113,113,11556
Baseline,0.092293,0.092293,22062,0,192,192,13874,False,0,False,32319,113,113,11556
Baseline,0.095132,0.095132,22063,0,192,192,13874,False,0,False,32319,113,113,11556
Baseline,0.098508,0.098508,22064,0,192,192,13874,False,0,False,32319,113,113,11556
Baseline,0.101886,0.101886,22065,0,192,192,13874,False,0,False,32319,113,113,11556
Baseline,0.105129,0.105129,22066,0,192,192,13874,False,0,False,32319,113,113,11556
Baseline,0.108576,0.108576,22067,0,192,192,13874,False,0,False,32319,113,113,11556
Baseline,0.111492,0.111492,22068,0,192,192,13874,False,0,False,32319,113,113,11556
Baseline,0.115042,0.115042,22069,0,192,192,13874,False,0,False,32319,113,113,11556
Baseline,0.118253,0.118253,22070,0,192,192,13874,False,0,False,32319,113,113,11556
Baseline,0.121495,0.121495,22071,0,192,192,13874,False,0,False,32319,113,113,11556
Baseline,0.124801,0.124801,22072,0,192,192,13874,False,0,False,32319,113,113,11556
Baseline,0.127962,0.127962,22073,0,192,192,13874,False,0,False,32319,113,113,11556
Baseline,0.131199,0.131199,22074,0,192,192,13874,False,0,False,32319,113,113,11556
Baseline,0.134502,0.134502,22075,0,192,192,13874,False,0,False,32319,113,113,11556
Baseline,0.137461,0.137461,22076,0,192,192,13874,False,0,False,32319,113,113,11556
Baseline,0.140619,0.140619,22077,0,192,192,13874,False,0,False,32319,113,113,11556
Baseline,0.143698,0.143698,22078,0,192,192,13874,False,0,False,32319,113,113,11556
Baseline,0.146803,0.146803,22079,0,192,192,13874,False,0,False,32319,113,113,11556
Baseline,0.150374,0.150374,22080,0,192,192,13874,False,0,False,32319,113,113,11556
Baseline,0.153464,0.153464,22081,0,192,192,13874,False,0,False,32319,113,113,11556
Baseline,0.157475,0.157475,22082,0,192,192,13874,False,0,False,41063,113,113,11556
Baseline,0.160920,0.160920,22083,0,192,192,13874,False,0,False,39131,114,114,11558
Baseline,0.164006,0.164006,22084,0,192,192,13874,False,0,False,32319,114,114,11558
Baseline,0.167166,0.167166,22085,0,192,192,13874,False,0,False,32319,114,114,11558
Baseline,0.170103,0.170103,22086,0,192,192,13874,False,0,False,32319,114,114,11558
Baseline,0.173398,0.173398,22087,0,192,192,13874,False,0,False,32319,114,114,11558
Baseline,0.176627,0.176627,22088,0,192,192,13874,False,0,False,32359,114,114,11558
Baseline,0.180195,0.180195,22089,0,192,192,13874,False,0,False,32319,114,114,11558
Baseline,0.183945,0.183945,22090,0,192,192,13874,False,0,False,32319,114,114,11558
Baseline,0.187914,0.187914,22091,0,192,192,13874,False,0,False,32319,114,114,11558
Baseline,0.191768,0.191768,22092,0,192,192,13874,False,0,False,32319,114,114,11558
Baseline,0.195306,0.195306,22093,0,192,192,13874,False,0,False,32319,114,114,11558
Baseline,0.199017,0.199017,22094,0,192,192,13874,False,0,False,32557,114,114,11558
Baseline,0.202180,0.202180,22095,0,192,192,13874,False,0,False,32319,114,114,11558
Baseline,0.205497,0.205497,22096,0,192,192,13874,False,0,False,32319,114,114,11558
Baseline,0.208683,0.208683,22097,0,192,192,13874,False,0,False,32319,114,114,11558
Baseline,0.211495,0.211495,22098,0,192,192,13874,False,0,False,32319,114,114,11558
Baseline,0.214790,0.214790,22099,0,192,192,13874,False,0,False,32371,114,114,11558
Baseline,0.218653,0.218653,22100,0,192,192,13874,False,0,False,32319,114,114,11558
Baseline,0.222489,0.222489,22101,0,192,192,13874,False,0,False,32319,114,114,11558
Baseline,0.226146,0.226146,22102,0,192,192,13874,False,0,False,32319,114,114,11558
Baseline,0.229250,0.229250,22103,0,192,192,13874,False,0,False,32319,114,114,11558
Baseline,0.232587,0.232587,22104,0,192,192,13874,False,0,False,32319,114,114,11558
Baseline,0.235823,0.235823,22105,0,192,192,13874,False,0,False,32319,114,114,11558
Baseline,0.239572,0.239572,22106,0,192,192,13874,False,0,False,32319,114,114,11558
Baseline,0.243232,0.243232,22107,0,192,192,13874,False,0,False,32319,113,113,11556
Baseline,0.246679,0.246679,22108,0,192,192,13874,False,0,False,32319,113,113,11556
Baseline,0.250224,0.250224,22109,0,192,192,13874,False,0,False,32319,113,113,11556
Baseline,0.253024,0.253024,22110,0,192,192,13874,False,0,False,32319,113,113,11556
Baseline,0.255948,0.255948,22111,0,192,192,13874,False,0,False,32319,113,113,11556
Baseline,0.258735,0.258735,22112,0,192,192,13874,False,0,False,32319,113,113,11556
Baseline,0.261580,0.261580,22113,0,192,192,13874,False,0,False,32319,113,113,11556
Baseline,0.265194,0.265194,22114,0,192,192,13874,False,0,False,32319,113,113,11556
Baseline,0.268414,0.268414,22115,0,192,192,13874,False,0,False,32569,113,113,11556
Baseline,0.271403,0.271403,22116,0,192,192,13874,False,0,False,32319,113,113,11556
Baseline,0.274340,0.274340,22117,0,192,192,13874,False,0,False,32319,113,113,11556
Baseline,0.277235,0.277235,22118,0,192,192,13874,False,0,False,32707,113,113,11556
Baseline,0.280279,0.280279,22119,0,192,192,13874,False,0,False,32319,113,113,11556
Baseline,0.283540,0.283540,22120,0,192,192,13874,False,0,False,32319,113,113,11556
Baseline,0.286447,0.286447,22121,0,192,192,13874,False,0,False,32319,113,113,11556
Baseline,0.289799,0.289799,22122,0,192,192,13874,False,0,False,32319,113,113,11556
Baseline,0.292913,0.292913,22123,0,192,192,13874,False,0,False,36573,113,113,11556
Baseline,0.295737,0.295737,22124,0,192,192,13874,False,0,False,32319,113,113,11556
Baseline,0.298862,0.298862,22125,0,192,192,13874,False,0,False,32319,113,113,11556
Baseline,0.301734,0.301734,22126,0,192,192,13874,False,0,False,32319,113,113,11556
Baseline,0.304577,0.304577,22127,0,192,192,13874,False,0,False,32319,113,113,11556
Baseline,0.307937,0.307937,22128,0,192,192,13874,False,0,False,40675,113,113,11556
Baseline,0.310953,0.310953,22129,0,192,192,13874,False,0,False,39381,113,113,11556
Baseline,0.313547,0.313547,22130,0,192,192,13874,False,0,False,32319,113,113,11556
Baseline,0.316374,0.316374,22131,0,192,192,13874,False,0,False,32319,113,113,11556
Baseline,0.319056,0.319056,22132,0,192,192,13874,False,0,False,32319,113,113,11556
Baseline,0.321970,0.321970,22133,0,192,192,13874,False,0,False,32319,113,113,11556
Baseline,0.325100,0.325100,22134,0,192,192,13874,False,0,False,32319,113,113,11556
Baseline,0.328101,0.328101,22135,0,192,192,13874,False,0,False,32319,113,113,11556
Baseline,0.331162,0.331162,22136,0,192,192,13874,False,0,False,32319,113,113,11556
Baseline,0.334158,0.334158,22137,0,192,192,13874,False,0,False,32319,113,113,11556
Baseline,0.336967,0.336967,22138,0,192,192,13874,False,0,False,36573,113,113,11556
Baseline,0.340443,0.340443,22139,0,192,192,13874,False,0,False,32319,113,113,11556
Baseline,0.343334,0.343334,22140,0,192,192,13874,False,0,False,32319,113,113,11556
Baseline,0.346552,0.346552,22141,0,192,192,13874,False,0,False,32319,113,113,11556
Baseline,0.349559,0.349559,22142,0,192,192,13874,False,0,False,32319,113,113,11556
Baseline,0.352771,0.352771,22143,0,192,192,13874,False,0,False,32319,113,113,11556
Baseline,0.355751,0.355751,22144,0,192,192,13874,False,0,False,32569,113,113,11556
Baseline,0.358690,0.358690,22145,0,192,192,13874,False,0,False,32319,113,113,11556
Baseline,0.361329,0.361329,22146,0,192,192,13874,False,0,False,32319,113,113,11556
Baseline,0.364455,0.364455,22147,0,192,192,13874,False,0,False,32319,113,113,11556
Baseline,0.367743,0.367743,22148,0,192,192,13874,False,0,False,32319,113,113,11556
Baseline,0.370701,0.370701,22149,0,192,192,13874,False,0,False,32319,113,113,11556
Baseline,0.373878,0.373878,22150,0,192,192,13874,False,0,False,32319,113,113,11556
Baseline,0.377197,0.377197,22151,0,192,192,13874,False,0,False,32319,113,113,11556
Baseline,0.380367,0.380367,22152,0,192,192,13874,False,0,False,35257,113,113,11556
Baseline,0.383633,0.383633,22153,0,192,192,13874,False,0,False,33635,113,113,11556
Baseline,0.386532,0.386532,22154,0,192,192,13874,False,0,False,32319,113,113,11556
Baseline,0.389819,0.389819,22155,0,192,192,13874,False,0,False,32319,113,113,11556
Baseline,0.393174,0.393174,22156,0,192,192,13874,False,0,False,32319,113,113,11556
Baseline,0.396502,0.396502,22157,0,192,192,13874,False,0,False,32707,113,113,11556
Baseline,0.400303,0.400303,22158,0,192,192,13874,False,0,False,32319,113,113,11556
Baseline,0.403373,0.403373,22159,0,192,192,13874,False,0,False,32319,113,113,11556
Baseline,0.406700,0.406700,22160,0,192,192,13874,False,0,False,32319,113,113,11556
Baseline,0.409712,0.409712,22161,0,192,192,13874,False,0,False,32319,113,113,11556
Baseline,0.413146,0.413146,22162,0,192,192,13874,False,0,False,32319,113,113,11556
Baseline,0.416617,0.416617,22163,0,192,192,13874,False,0,False,32371,113,113,11556
Baseline,0.419568,0.419568,22164,0,192,192,13874,False,0,False,32319,113,113,11556
Baseline,0.422767,0.422767,22165,0,192,192,13874,False,0,False,32319,113,113,11556
Baseline,0.425924,0.425924,22166,0,192,192,13874,False,0,False,32565,113,113,11556
Baseline,0.428735,0.428735,22167,0,192,192,13874,False,0,False,32319,113,113,11556
Baseline,0.432075,0.432075,22168,0,192,192,13874,False,0,False,32319,113,113,11556
Baseline,0.434965,0.434965,22169,0,192,192,13874,False,0,False,32319,113,113,11556
Baseline,0.437939,0.437939,22170,0,192,192,13874,False,0,False,32319,113,113,11556
Baseline,0.440980,0.440980,22171,0,192,192,13874,False,0,False,32319,113,113,11556
Baseline,0.443712,0.443712,22172,0,192,192,13874,False,0,False,32589,113,113,11556
Baseline,0.447212,0.447212,22173,0,192,192,13874,False,0,False,32319,113,113,11556
Baseline,0.450509,0.450509,22174,0,192,192,13874,False,0,False,40479,113,113,11556
Baseline,0.453345,0.453345,22175,0,192,192,13874,False,0,False,32319,113,113,11556
Baseline,0.456293,0.456293,22176,0,192,192,13874,False,0,False,32319,113,113,11556
Baseline,0.459707,0.459707,22177,0,192,192,13874,False,0,False,40675,113,113,11556
Baseline,0.463187,0.463187,22178,0,192,192,13874,False,0,False,39131,113,113,11556
Baseline,0.466369,0.466369,22179,0,192,192,13874,False,0,False,32319,113,113,11556
Baseline,0.469732,0.469732,22180,0,192,192,13874,False,0,False,32319,113,113,11556
Baseline,0.472990,0.472990,22181,0,192,192,13874,False,0,False,32319,113,113,11556
Baseline,0.476178,0.476178,22182,0,192,192,13874,False,0,False,32319,113,113,11556
Baseline,0.479280,0.479280,22183,0,192,192,13874,False,0,False,32319,113,113,11556
Baseline,0.482380,0.482380,22184,0,192,192,13874,False,0,False,32319,113,113,11556
Baseline,0.485397,0.485397,22185,0,192,192,13874,False,0,False,32319,113,113,11556
Baseline,0.488528,0.488528,22186,0,192,192,13874,False,0,False,32319,113,113,11556
Baseline,0.492001,0.492001,22187,0,192,192,13874,False,0,False,32319,113,113,11556
Baseline,0.494912,0.494912,22188,0,192,192,13874,False,0,False,32319,113,113,11556
Baseline,0.498142,0.498142,22189,0,192,192,13874,False,0,False,32319,113,113,11556
Baseline,0.500914,0.500914,22190,0,192,192,13874,False,0,False,32319,113,113,11556
Baseline,0.503763,0.503763,22191,0,192,192,13874,False,0,False,32319,113,113,11556
Baseline,0.506750,0.506750,22192,0,192,192,13874,False,0,False,32319,113,113,11556
Baseline,0.509694,0.509694,22193,0,192,192,13874,False,0,False,32319,113,113,11556
Baseline,0.513162,0.513162,22194,0,192,192,13874,False,0,False,32319,113,113,11556
Baseline,0.516961,0.516961,22195,0,192,192,13874,False,0,False,32707,113,113,11556
Baseline,0.519840,0.519840,22196,0,192,192,13874,False,0,False,32319,114,114,11558
Baseline,0.523123,0.523123,22197,0,192,192,13874,False,0,False,32319,114,114,11558
Baseline,0.526604,0.526604,22198,0,192,192,13874,False,0,False,32319,114,114,11558
Baseline,0.529544,0.529544,22199,0,192,192,13874,False,0,False,32319,114,114,11558
Baseline,0.532609,0.532609,22200,0,192,192,13874,False,0,False,32319,114,114,11558
Baseline,0.535755,0.535755,22201,0,192,192,13874,False,0,False,32319,114,114,11558
Baseline,0.539050,0.539050,22202,0,192,192,13874,False,0,False,32319,114,114,11558
Baseline,0.542328,0.542328,22203,0,192,192,13874,False,0,False,32319,114,114,11558
Baseline,0.545265,0.545265,22204,0,192,192,13874,False,0,False,32319,114,114,11558
Baseline,0.548489,0.548489,22205,0,192,192,13874,False,0,False,32319,114,114,11558
Baseline,0.551428,0.551428,22206,0,192,192,13874,False,0,False,32319,114,114,11558
Baseline,0.554591,0.554591,22207,0,192,192,13874,False,0,False,32319,114,114,11558
Baseline,0.557777,0.557777,22208,0,192,192,13874,False,0,False,32319,114,114,11558
Baseline,0.560768,0.560768,22209,0,192,192,13874,False,0,False,32319,114,114,11558
Baseline,0.563660,0.563660,22210,0,192,192,13874,False,0,False,32319,114,114,11558
Baseline,0.566862,0.566862,22211,0,192,192,13874,False,0,False,32319,114,114,11558
Baseline,0.569911,0.569911,22212,0,192,192,13874,False,0,False,32319,114,114,11558
Baseline,0.573288,0.573288,22213,0,192,192,13874,False,0,False,32319,114,114,11558
Baseline,0.576649,0.576649,22214,0,192,192,13874,False,0,False,32319,114,114,11558
Baseline,0.579571,0.579571,22215,0,192,192,13874,False,0,False,32319,114,114,11558
Baseline,0.582676,0.582676,22216,0,192,192,13874,False,0,False,32319,114,114,11558
Baseline,0.586263,0.586263,22217,0,192,192,13874,False,0,False,32319,114,114,11558
Baseline,0.589912,0.589912,22218,0,192,192,13874,False,0,False,32319,114,114,11558
Baseline,0.593022,0.593022,22219,0,192,192,13874,False,0,False,32319,114,114,11558
Baseline,0.596070,0.596070,22220,0,192,192,13874,False,0,False,32319,114,114,11558
Baseline,0.599322,0.599322,22221,0,192,192,13874,False,0,False,32319,114,114,11558
Baseline,0.602288,0.602288,22222,0,192,192,13874,False,0,False,32319,114,114,11558
Baseline,0.605348,0.605348,22223,0,192,192,13874,False,0,False,32319,114,114,11558
Baseline,0.608682,0.608682,22224,0,192,192,13874,False,0,False,32319,114,114,11558
Baseline,0.612516,0.612516,22225,0,192,192,13874,False,0,False,40675,114,114,11558
Baseline,0.616145,0.616145,22226,0,192,192,13874,False,0,False,39131,114,114,11558
Baseline,0.619049,0.619049,22227,0,192,192,13874,False,0,False,32371,114,114,11558
Baseline,0.622024,0.622024,22228,0,192,192,13874,False,0,False,32319,114,114,11558
Baseline,0.625359,0.625359,22229,0,192,192,13874,False,0,False,32319,114,114,11558
Baseline,0.628268,0.628268,22230,0,192,192,13874,False,0,False,32319,114,114,11558
Baseline,0.631341,0.631341,22231,0,192,192,13874,False,0,False,32319,114,114,11558
Baseline,0.634201,0.634201,22232,0,192,192,13874,False,0,False,32319,114,114,11558
Baseline,0.637000,0.637000,22233,0,192,192,13874,False,0,False,32707,114,114,11558
Baseline,0.640297,0.640297,22234,0,192,192,13874,False,0,False,32319,114,114,11558
Baseline,0.643393,0.643393,22235,0,192,192,13874,False,0,False,32319,114,114,11558
Baseline,0.646798,0.646798,22236,0,192,192,13874,False,0,False,32319,114,114,11558
Baseline,0.650266,0.650266,22237,0,192,192,13874,False,0,False,32319,114,114,11558
Baseline,0.653251,0.653251,22238,0,192,192,13874,False,0,False,32319,114,114,11558
Baseline,0.656865,0.656865,22239,0,192,192,13874,False,0,False,32319,114,114,11558
Baseline,0.659920,0.659920,22240,0,192,192,13874,False,0,False,32319,114,114,11558
Baseline,0.663424,0.663424,22241,0,192,192,13874,False,0,False,32319,114,114,11558
Baseline,0.666882,0.666882,22242,0,192,192,13874,False,0,False,32319,114,114,11558
Baseline,0.669735,0.669735,22243,0,192,192,13874,False,0,False,32319,114,114,11558
Baseline,0.672842,0.672842,22244,0,192,192,13874,False,0,False,32319,114,114,11558
Baseline,0.675950,0.675950,22245,0,192,192,13874,False,0,False,32319,114,114,11558
Baseline,0.679147,0.679147,22246,0,192,192,13874,False,0,False,32319,114,114,11558
Baseline,0.682189,0.682189,22247,0,192,192,13874,False,0,False,32319,114,114,11558
Baseline,0.684922,0.684922,22248,0,192,192,13874,False,0,False,32319,114,114,11558
Baseline,0.687709,0.687709,22249,0,192,192,13874,False,0,False,32319,114,114,11558
Baseline,0.690742,0.690742,22250,0,192,192,13874,False,0,False,32319,114,114,11558
Baseline,0.693475,0.693475,22251,0,192,192,13874,False,0,False,32319,114,114,11558
Baseline,0.696250,0.696250,22252,0,192,192,13874,False,0,False,32319,114,114,11558
Baseline,0.699208,0.699208,22253,0,192,192,13874,False,0,False,32319,114,114,11558
Baseline,0.702390,0.702390,22254,0,192,192,13874,False,0,False,32319,114,114,11558
Baseline,0.705334,0.705334,22255,0,192,192,13874,False,0,False,32319,114,114,11558
Baseline,0.708519,0.708519,22256,0,192,192,13874,False,0,False,32319,113,113,11556
Baseline,0.711515,0.711515,22257,0,192,192,13874,False,0,False,32319,113,113,11556
Baseline,0.714956,0.714956,22258,0,192,192,13874,False,0,False,32319,113,113,11556
Baseline,0.718035,0.718035,22259,0,192,192,13874,False,0,False,32319,113,113,11556
Baseline,0.721081,0.721081,22260,0,192,192,13874,False,0,False,32319,113,113,11556
Baseline,0.724183,0.724183,22261,0,192,192,13874,False,0,False,32319,113,113,11556
Baseline,0.727328,0.727328,22262,0,192,192,13874,False,0,False,32319,113,113,11556
Baseline,0.730402,0.730402,22263,0,192,192,13874,False,0,False,32319,113,113,11556
Baseline,0.733488,0.733488,22264,0,192,192,13874,False,0,False,32319,113,113,11556
Baseline,0.736379,0.736379,22265,0,192,192,13874,False,0,False,32319,113,113,11556
Baseline,0.739317,0.739317,22266,0,192,192,13874,False,0,False,32319,113,113,11556
Baseline,0.742286,0.742286,22267,0,192,192,13874,False,0,False,32319,113,113,11556
Baseline,0.745237,0.745237,22268,0,192,192,13874,False,0,False,32319,113,113,11556
Baseline,0.748581,0.748581,22269,0,192,192,13874,False,0,False,32319,113,113,11556
Baseline,0.751421,0.751421,22270,0,192,192,13874,False,0,False,32319,113,113,11556
Baseline,0.754282,0.754282,22271,0,192,192,13874,False,0,False,32319,113,113,11556
Baseline,0.757642,0.757642,22272,0,192,192,13874,False,0,False,32707,113,113,11556
Baseline,0.760555,0.760555,22273,0,192,192,13874,False,0,False,32319,114,114,11558
Baseline,0.763976,0.763976,22274,0,192,192,13874,False,0,False,40675,114,114,11558
Baseline,0.767581,0.767581,22275,0,192,192,13874,False,0,False,39131,114,114,11558
Baseline,0.770530,0.770530,22276,0,192,192,13874,False,0,False,32319,114,114,11558
Baseline,0.774009,0.774009,22277,0,192,192,13874,False,0,False,32319,114,114,11558
Baseline,0.776838,0.776838,22278,0,192,192,13874,False,0,False,32319,114,114,11558
Baseline,0.780275,0.780275,22279,0,192,192,13874,False,0,False,32319,114,114,11558
Baseline,0.783640,0.783640,22280,0,192,192,13874,False,0,False,32319,114,114,11558
Baseline,0.786672,0.786672,22281,0,192,192,13874,False,0,False,32319,114,114,11558
Baseline,0.789851,0.789851,22282,0,192,192,13874,False,0,False,32319,114,114,11558
Baseline,0.792714,0.792714,22283,0,192,192,13874,False,0,False,32319,114,114,11558
Baseline,0.795660,0.795660,22284,0,192,192,13874,False,0,False,32319,114,114,11558
Baseline,0.798787,0.798787,22285,0,192,192,13874,False,0,False,32319,114,114,11558
Baseline,0.801681,0.801681,22286,0,192,192,13874,False,0,False,32319,114,114,11558
Baseline,0.804687,0.804687,22287,0,192,192,13874,False,0,False,32319,114,114,11558
Baseline,0.808641,0.808641,22288,0,192,192,13874,False,0,False,32319,114,114,11558
Baseline,0.811680,0.811680,22289,0,192,192,13874,False,0,False,32319,114,114,11558
Baseline,0.814868,0.814868,22290,0,192,192,13874,False,0,False,32319,114,114,11558
Baseline,0.818019,0.818019,22291,0,192,192,13874,False,0,False,32319,114,114,11558
Baseline,0.820835,0.820835,22292,0,192,192,13874,False,0,False,32371,114,114,11558
Baseline,0.823915,0.823915,22293,0,192,192,13874,False,0,False,32319,114,114,11558
Baseline,0.826778,0.826778,22294,0,192,192,13874,False,0,False,32319,114,114,11558
Baseline,0.829864,0.829864,22295,0,192,192,13874,False,0,False,32319,114,114,11558
Baseline,0.833125,0.833125,22296,0,192,192,13874,False,0,False,32319,114,114,11558
Baseline,0.836156,0.836156,22297,0,192,192,13874,False,0,False,32319,114,114,11558
Baseline,0.839086,0.839086,22298,0,192,192,13874,False,0,False,32319,114,114,11558
Baseline,0.842620,0.842620,22299,0,192,192,13874,False,0,False,32319,114,114,11558
Baseline,0.845524,0.845524,22300,0,192,192,13874,False,0,False,32319,114,114,11558
Baseline,0.848720,0.848720,22301,0,192,192,13874,False,0,False,32319,114,114,11558
Baseline,0.851996,0.851996,22302,0,192,192,13874,False,0,False,32319,114,114,11558
Baseline,0.855044,0.855044,22303,0,192,192,13874,False,0,False,32319,114,114,11558
Baseline,0.858309,0.858309,22304,0,192,192,13874,False,0,False,32319,114,114,11558
Baseline,0.861265,0.861265,22305,0,192,192,13874,False,0,False,32319,114,114,11558
Baseline,0.864597,0.864597,22306,0,192,192,13874,False,0,False,32319,114,114,11558
Baseline,0.867710,0.867710,22307,0,192,192,13874,False,0,False,32319,114,114,11558
Baseline,0.870987,0.870987,22308,0,192,192,13874,False,0,False,32319,114,114,11558
Baseline,0.874104,0.874104,22309,0,192,192,13874,False,0,False,32319,114,114,11558
Baseline,0.877265,0.877265,22310,0,192,192,13874,False,0,False,32707,114,114,11558
Baseline,0.880610,0.880610,22311,0,192,192,13874,False,0,False,32319,114,114,11558
Baseline,0.883839,0.883839,22312,0,192,192,13874,False,0,False,32319,114,114,11558
Baseline,0.887333,0.887333,22313,0,192,192,13874,False,0,False,32319,114,114,11558
Baseline,0.890796,0.890796,22314,0,192,192,13874,False,0,False,32319,114,114,11558
Baseline,0.893887,0.893887,22315,0,192,192,13874,False,0,False,32319,114,114,11558
Baseline,0.896981,0.896981,22316,0,192,192,13874,False,0,False,32319,114,114,11558
Baseline,0.900171,0.900171,22317,0,192,192,13874,False,0,False,32319,114,114,11558
Baseline,0.902928,0.902928,22318,0,192,192,13874,False,0,False,32319,114,114,11558
Baseline,0.906108,0.906108,22319,0,192,192,13874,False,0,False,32319,114,114,11558
Baseline,0.908943,0.908943,22320,0,192,192,13874,False,0,False,32987,114,114,11558
Baseline,0.911571,0.911571,22321,0,192,192,13874,False,0,False,32319,114,114,11558
Baseline,0.914959,0.914959,22322,0,192,192,13874,False,0,False,40675,114,114,11558
Baseline,0.918436,0.918436,22323,0,192,192,13874,False,0,False,39131,114,114,11558
Baseline,0.921574,0.921574,22324,0,192,192,13874,False,0,False,32793,114,114,11558
Baseline,0.924718,0.924718,22325,0,192,192,13874,False,0,False,32319,114,114,11558
Baseline,0.927650,0.927650,22326,0,192,192,13874,False,0,False,32319,114,114,11558
Baseline,0.930538,0.930538,22327,0,192,192,13874,False,0,False,32319,114,114,11558
Baseline,0.933657,0.933657,22328,0,192,192,13874,False,0,False,32319,114,114,11558
Baseline,0.936734,0.936734,22329,0,192,192,13874,False,0,False,32319,114,114,11558
Baseline,0.940086,0.940086,22330,0,192,192,13874,False,0,False,32319,114,114,11558
Baseline,0.943029,0.943029,22331,0,192,192,13874,False,0,False,32319,114,114,11558
Baseline,0.946109,0.946109,22332,0,192,192,13874,False,0,False,32319,114,114,11558
Baseline,0.949614,0.949614,22333,0,192,192,13874,False,0,False,32319,114,114,11558
Baseline,0.952754,0.952754,22334,0,192,192,13874,False,0,False,32319,114,114,11558
Baseline,0.955772,0.955772,22335,0,192,192,13874,False,0,False,32319,114,114,11558
Baseline,0.958742,0.958742,22336,0,192,192,13874,False,0,False,32319,114,114,11558
Baseline,0.961604,0.961604,22337,0,192,192,13874,False,0,False,32319,114,114,11558
Baseline,0.965017,0.965017,22338,0,192,192,13874,False,0,False,32319,114,114,11558
Baseline,0.967859,0.967859,22339,0,192,192,13874,False,0,False,32319,114,114,11558
Baseline,0.970652,0.970652,22340,0,192,192,13874,False,0,False,32319,114,114,11558
Baseline,0.973662,0.973662,22341,0,192,192,13874,False,0,False,32319,114,114,11558
Baseline,0.976515,0.976515,22342,0,192,192,13874,False,0,False,32319,114,114,11558
Baseline,0.979677,0.979677,22343,0,192,192,13874,False,0,False,32319,114,114,11558
Baseline,0.982945,0.982945,22344,0,192,192,13874,False,0,False,32319,114,114,11558
Baseline,0.985825,0.985825,22345,0,192,192,13874,False,0,False,32319,114,114,11558
Baseline,0.988630,0.988630,22346,0,192,192,13874,False,0,False,32319,114,114,11558
Baseline,0.991431,0.991431,22347,0,192,192,13874,False,0,False,32319,114,114,11558
Baseline,0.994038,0.994038,22348,0,192,192,13874,False,0,False,32319,114,114,11558
Baseline,0.997001,0.997001,22349,0,192,192,13874,False,0,False,32707,114,114,11558
Baseline,1.000188,1.000188,22350,0,192,192,13874,False,0,False,32319,115,115,11560
Baseline,1.003257,1.003257,22351,0,192,192,13874,False,0,False,32319,115,115,11560
Baseline,1.006489,1.006489,22352,0,192,192,13874,False,0,False,32319,115,115,11560
Baseline,1.009845,1.009845,22353,0,192,192,13874,False,0,False,32319,115,115,11560
Baseline,1.012974,1.012974,22354,0,192,192,13874,False,0,False,32319,115,115,11560
Baseline,1.016086,1.016086,22355,0,192,192,13874,False,0,False,36767,115,115,11560
Baseline,1.019497,1.019497,22356,0,192,192,13874,False,0,False,32319,115,115,11560
Baseline,1.023095,1.023095,22357,0,192,192,13874,False,0,False,32371,115,115,11560
Baseline,1.026066,1.026066,22358,0,192,192,13874,False,0,False,32319,115,115,11560
Baseline,1.029131,1.029131,22359,0,192,192,13874,False,0,False,32319,115,115,11560
Baseline,1.032817,1.032817,22360,0,192,192,13874,False,0,False,36573,115,115,11560
Baseline,1.035980,1.035980,22361,0,192,192,13874,False,0,False,32319,115,115,11560
Baseline,1.039244,1.039244,22362,0,192,192,13874,False,0,False,32319,115,115,11560
Baseline,1.042603,1.042603,22363,0,192,192,13874,False,0,False,32319,115,115,11560
Baseline,1.045787,1.045787,22364,0,192,192,13874,False,0,False,32319,115,115,11560
Baseline,1.048997,1.048997,22365,0,192,192,13874,False,0,False,32319,115,115,11560
Baseline,1.052356,1.052356,22366,0,192,192,13874,False,0,False,36741,115,115,11560
Baseline,1.056225,1.056225,22367,0,192,192,13874,False,0,False,32319,115,115,11560
Baseline,1.059911,1.059911,22368,0,192,192,13874,False,0,False,32319,115,115,11560
Baseline,1.063274,1.063274,22369,0,192,192,13874,False,0,False,32319,115,115,11560
Baseline,1.067888,1.067888,22370,0,192,192,13874,False,0,False,40675,115,115,11560
Baseline,1.071841,1.071841,22371,0,192,192,13874,False,0,False,39131,115,115,11560
Baseline,1.075397,1.075397,22372,0,192,192,13874,False,0,False,32319,115,115,11560
Baseline,1.078452,1.078452,22373,0,192,192,13874,False,0,False,32319,115,115,11560
Baseline,1.081961,1.081961,22374,0,192,192,13874,False,0,False,32319,115,115,11560
Baseline,1.085641,1.085641,22375,0,192,192,13874,False,0,False,32319,115,115,11560
Baseline,1.089122,1.089122,22376,0,192,192,13874,False,0,False,32319,115,115,11560
Baseline,1.092687,1.092687,22377,0,192,192,13874,False,0,False,32319,115,115,11560
Baseline,1.095869,1.095869,22378,0,192,192,13874,False,0,False,32319,115,115,11560
Baseline,1.099072,1.099072,22379,0,192,192,13874,False,0,False,32319,115,115,11560
Baseline,1.102334,1.102334,22380,0,192,192,13874,False,0,False,32319,115,115,11560
Baseline,1.105477,1.105477,22381,0,192,192,13874,False,0,False,32319,115,115,11560
Baseline,1.108495,1.108495,22382,0,192,192,13874,False,0,False,32319,115,115,11560
Baseline,1.111147,1.111147,22383,0,192,192,13874,False,0,False,32319,115,115,11560
Baseline,1.114578,1.114578,22384,0,192,192,13874,False,0,False,32319,115,115,11560
Baseline,1.117671,1.117671,22385,0,192,192,13874,False,0,False,32707,115,115,11560
Baseline,1.120528,1.120528,22386,0,192,192,13874,False,0,False,32319,116,116,11562
Baseline,1.123752,1.123752,22387,0,192,192,13874,False,0,False,32319,116,116,11562
Baseline,1.126654,1.126654,22388,0,192,192,13874,False,0,False,32319,116,116,11562
Baseline,1.129661,1.129661,22389,0,192,192,13874,False,0,False,32319,115,115,11560
Baseline,1.132754,1.132754,22390,0,192,192,13874,False,0,False,32319,115,115,11560
Baseline,1.135520,1.135520,22391,0,192,192,13874,False,0,False,32319,115,115,11560
Baseline,1.138473,1.138473,22392,0,192,192,13874,False,0,False,32319,115,115,11560
Baseline,1.141893,1.141893,22393,0,192,192,13874,False,0,False,32319,115,115,11560
Baseline,1.144634,1.144634,22394,0,192,192,13874,False,0,False,32319,115,115,11560
Baseline,1.147771,1.147771,22395,0,192,192,13874,False,0,False,32319,115,115,11560
Baseline,1.150598,1.150598,22396,0,192,192,13874,False,0,False,32319,115,115,11560
Baseline,1.153917,1.153917,22397,0,192,192,13874,False,0,False,32319,115,115,11560
Baseline,1.156863,1.156863,22398,0,192,192,13874,False,0,False,32319,115,115,11560
Baseline,1.159650,1.159650,22399,0,192,192,13874,False,0,False,32319,115,115,11560
Baseline,1.162476,1.162476,22400,0,192,192,13874,False,0,False,32319,115,115,11560
Baseline,1.165570,1.165570,22401,0,192,192,13874,False,0,False,32319,115,115,11560
Baseline,1.168349,1.168349,22402,0,192,192,13874,False,0,False,32319,115,115,11560
Baseline,1.171267,1.171267,22403,0,192,192,13874,False,0,False,32319,115,115,11560
Baseline,1.174235,1.174235,22404,0,192,192,13874,False,0,False,32319,115,115,11560
Baseline,1.177067,1.177067,22405,0,192,192,13874,False,0,False,32319,115,115,11560
Baseline,1.180079,1.180079,22406,0,192,192,13874,False,0,False,32319,115,115,11560
Baseline,1.183266,1.183266,22407,0,192,192,13874,False,0,False,32319,115,115,11560
Baseline,1.186134,1.186134,22408,0,192,192,13874,False,0,False,32319,115,115,11560
Baseline,1.189069,1.189069,22409,0,192,192,13874,False,0,False,32319,115,115,11560
Baseline,1.192156,1.192156,22410,0,192,192,13874,False,0,False,32319,115,115,11560
Baseline,1.194836,1.194836,22411,0,192,192,13874,False,0,False,32319,115,115,11560
Baseline,1.197757,1.197757,22412,0,192,192,13874,False,0,False,32319,115,115,11560
Baseline,1.200495,1.200495,22413,0,192,192,13874,False,0,False,32319,115,115,11560
Baseline,1.203224,1.203224,22414,0,192,192,13874,False,0,False,32319,115,115,11560
Baseline,1.206361,1.206361,22415,0,192,192,13874,False,0,False,32319,115,115,11560
Baseline,1.209268,1.209268,22416,0,192,192,13874,False,0,False,32319,115,115,11560
Baseline,1.212145,1.212145,22417,0,192,192,13874,False,0,False,32319,115,115,11560
Baseline,1.215081,1.215081,22418,0,192,192,13874,False,0,False,32319,115,115,11560
Baseline,1.218960,1.218960,22419,0,192,192,13874,False,0,False,40675,115,115,11560
Baseline,1.222924,1.222924,22420,0,192,192,13874,False,0,False,39131,115,115,11560
Baseline,1.226158,1.226158,22421,0,192,192,13874,False,0,False,32371,115,115,11560
Baseline,1.229306,1.229306,22422,0,192,192,13874,False,0,False,32319,115,115,11560
Baseline,1.232688,1.232688,22423,0,192,192,13874,False,0,False,32319,115,115,11560
Baseline,1.235802,1.235802,22424,0,192,192,13874,False,0,False,32319,115,115,11560
Baseline,1.238760,1.238760,22425,0,192,192,13874,False,0,False,32707,115,115,11560
Baseline,1.242052,1.242052,22426,0,192,192,13874,False,0,False,32319,116,116,11562
Baseline,1.245530,1.245530,22427,0,192,192,13874,False,0,False,32319,116,116,11562
Baseline,1.249039,1.249039,22428,0,192,192,13874,False,0,False,32319,116,116,11562
Full,1.252263,0.000000,22429,0,192,192,13874,False,0,False,32319,116,116,11562
Full,1.270353,0.018091,22430,0,192,192,13874,False,0,False,148403,116,116,11562
Full,1.273649,0.021387,22431,0,192,192,13874,False,0,False,32319,116,116,11562
Full,1.276478,0.024216,22432,0,192,192,13874,False,0,False,32319,116,116,11562
Full,1.279372,0.027110,22433,0,192,192,13874,False,0,False,32319,116,116,11562
Full,1.282611,0.030348,22434,0,192,192,13874,False,0,False,32319,116,116,11562
Full,1.285408,0.033145,22435,0,192,192,13874,False,0,False,32319,116,116,11562
Full,1.288344,0.036081,22436,0,192,192,13874,False,0,False,32319,116,116,11562
Full,1.291144,0.038882,22437,0,192,192,13874,False,0,False,32319,116,116,11562
Full,1.293782,0.041520,22438,0,192,192,13874,False,0,False,32319,116,116,11562
Full,1.296666,0.044404,22439,0,192,192,13874,False,0,False,32319,116,116,11562
Full,1.300342,0.048079,22440,0,192,192,13874,False,0,False,32319,116,116,11562
Full,1.303272,0.051009,22441,0,192,192,13874,False,0,False,32319,116,116,11562
Full,1.306400,0.054138,22442,0,192,192,13874,False,0,False,32319,116,116,11562
Full,1.309445,0.057182,22443,0,192,192,13874,False,0,False,32319,116,116,11562
Full,1.312369,0.060106,22444,0,192,192,13874,False,0,False,32319,116,116,11562
Full,1.315496,0.063234,22445,0,192,192,13874,False,0,False,32319,116,116,11562
Full,1.318525,0.066262,22446,0,192,192,13874,False,0,False,32319,116,116,11562
Full,1.321591,0.069329,22447,0,192,192,13874,False,0,False,32319,116,116,11562
Full,1.324740,0.072477,22448,0,192,192,13874,False,0,False,32319,116,116,11562
Full,1.327568,0.075306,22449,0,192,192,13874,False,0,False,32319,116,116,11562
Full,1.330499,0.078237,22450,0,192,192,13874,False,0,False,32319,116,116,11562
Full,1.333597,0.081335,22451,0,192,192,13874,False,0,False,32319,116,116,11562
Full,1.336462,0.084199,22452,0,192,192,13874,False,0,False,32319,116,116,11562
Full,1.339688,0.087425,22453,0,192,192,13874,False,0,False,32319,116,116,11562
Full,1.342599,0.090336,22454,0,192,192,13874,False,0,False,32319,116,116,11562
Full,1.345394,0.093132,22455,0,192,192,13874,False,0,False,32319,116,116,11562
Full,1.348266,0.096004,22456,0,192,192,13874,False,0,False,32319,116,116,11562
Full,1.350959,0.098697,22457,0,192,192,13874,False,0,False,32319,116,116,11562
Full,1.353675,0.101413,22458,0,192,192,13874,True,1,True,32319,116,116,11562
Full,1.375294,0.123031,22459,1,191,192,13874,True,1,True,325512,116,116,11562
Full,1.378843,0.126580,22460,1,191,192,13874,True,1,True,39131,118,118,11604
Full,1.382084,0.129821,22461,1,191,192,13874,True,1,True,32319,118,118,11604
Full,1.385330,0.133067,22462,1,191,192,13874,True,1,True,32319,118,118,11604
Full,1.388658,0.136396,22463,1,191,192,13874,True,1,True,32319,118,118,11604
Full,1.391987,0.139724,22464,1,191,192,13874,True,1,True,32319,118,118,11604
Full,1.394866,0.142604,22465,1,191,192,13874,True,1,True,32319,118,118,11604
Full,1.398085,0.145823,22466,1,191,192,13874,True,1,True,32319,118,118,11604
Full,1.401389,0.149126,22467,1,191,192,13874,True,1,True,32319,118,118,11604
Full,1.404458,0.152195,22468,1,191,192,13874,True,1,True,32319,118,118,11604
Full,1.407575,0.155312,22469,1,191,192,13874,True,1,True,32319,118,118,11604
Full,1.410672,0.158410,22470,1,191,192,13874,True,1,True,32319,118,118,11604
Full,1.413691,0.161429,22471,1,191,192,13874,True,1,True,32319,117,117,11602
Full,1.418109,0.165847,22472,1,191,192,13874,True,1,True,94373,117,117,11602
Full,1.421003,0.168740,22473,1,191,192,13874,True,1,True,32319,117,117,11602
Full,1.424363,0.172101,22474,1,191,192,13874,True,1,True,32319,117,117,11602
Full,1.427348,0.175086,22475,1,191,192,13874,True,1,True,32371,117,117,11602
Full,1.430607,0.178345,22476,1,191,192,13874,True,1,True,32319,117,117,11602
Full,1.434092,0.181829,22477,1,191,192,13874,True,1,True,32319,117,117,11602
Full,1.436992,0.184730,22478,1,191,192,13874,True,1,True,32319,117,117,11602
Full,1.440160,0.187898,22479,1,191,192,13874,True,1,True,32319,117,117,11602
Full,1.443046,0.190783,22480,1,191,192,13874,True,1,True,32319,117,117,11602
Full,1.446416,0.194154,22481,1,191,192,13874,True,1,True,32319,117,117,11602
Full,1.449680,0.197417,22482,1,191,192,13874,True,1,True,32319,117,117,11602
Full,1.452987,0.200725,22483,1,191,192,13874,True,1,True,32319,117,117,11602
Full,1.456491,0.204228,22484,1,191,192,13874,True,1,True,32319,117,117,11602
Full,1.459971,0.207708,22485,1,191,192,13874,True,1,True,32319,117,117,11602
Full,1.463467,0.211205,22486,1,191,192,13874,True,1,True,32319,117,117,11602
Full,1.466916,0.214654,22487,1,191,192,13874,True,1,True,32319,117,117,11602
Full,1.469852,0.217590,22488,1,191,192,13874,True,1,True,32319,117,117,11602
Full,1.473267,0.221004,22489,1,191,192,13874,True,1,True,32319,117,117,11602
Full,1.476274,0.224012,22490,1,191,192,13874,True,1,True,32707,117,117,11602
Full,1.479411,0.227148,22491,1,191,192,13874,True,1,True,32319,117,117,11602
Full,1.482686,0.230423,22492,1,191,192,13874,True,1,True,32319,117,117,11602
Full,1.485689,0.233426,22493,1,191,192,13874,True,1,True,32319,117,117,11602
Full,1.488584,0.236322,22494,1,191,192,13874,True,1,True,32319,117,117,11602
Full,1.491976,0.239714,22495,1,191,192,13874,True,1,True,32319,117,117,11602
Full,1.495054,0.242791,22496,1,191,192,13874,True,1,True,32319,117,117,11602
Full,1.498149,0.245887,22497,1,191,192,13874,True,1,True,32319,117,117,11602
Full,1.500954,0.248692,22498,1,191,192,13874,True,1,True,32319,117,117,11602
Full,1.503764,0.251501,22499,1,191,192,13874,True,1,True,32319,117,117,11602
Full,1.506762,0.254499,22500,1,191,192,13874,True,1,True,32319,117,117,11602
Full,1.509722,0.257460,22501,1,191,192,13874,True,1,True,32319,117,117,11602
Full,1.512547,0.260285,22502,1,191,192,13874,True,1,True,32319,117,117,11602
Full,1.515561,0.263298,22503,1,191,192,13874,True,1,True,32319,117,117,11602
Full,1.518233,0.265970,22504,1,191,192,13874,True,1,True,32319,117,117,11602
Full,1.521565,0.269303,22505,1,191,192,13874,True,1,True,40675,117,117,11602
Full,1.524984,0.272721,22506,1,191,192,13874,True,1,True,39131,117,117,11602
Full,1.527765,0.275502,22507,1,191,192,13874,True,1,True,32319,117,117,11602
Full,1.530545,0.278282,22508,1,191,192,13874,True,1,True,32319,117,117,11602
Full,1.533503,0.281240,22509,1,191,192,13874,True,1,True,32319,117,117,11602
Full,1.536141,0.283878,22510,1,191,192,13874,True,1,True,32319,117,117,11602
Full,1.538969,0.286707,22511,1,191,192,13874,True,1,True,32319,117,117,11602
Full,1.542272,0.290010,22512,1,191,192,13874,True,1,True,32319,117,117,11602
Full,1.545028,0.292765,22513,1,191,192,13874,True,1,True,32319,117,117,11602
Full,1.548045,0.295783,22514,1,191,192,13874,True,1,True,32319,117,117,11602
Full,1.550869,0.298607,22515,1,191,192,13874,True,1,True,32319,117,117,11602
Full,1.553682,0.301420,22516,1,191,192,13874,True,1,True,32319,117,117,11602
Full,1.556886,0.304623,22517,1,191,192,13874,True,1,True,32319,117,117,11602
Full,1.559777,0.307515,22518,1,191,192,13874,True,1,True,32319,117,117,11602
Full,1.562562,0.310299,22519,1,191,192,13874,True,1,True,32319,117,117,11602
Full,1.565482,0.313220,22520,1,191,192,13874,True,1,True,32319,117,117,11602
Full,1.568328,0.316065,22521,1,191,192,13874,True,1,True,32319,117,117,11602
Full,1.571139,0.318876,22522,1,191,192,13874,True,1,True,32319,117,117,11602
Full,1.573978,0.321715,22523,1,191,192,13874,True,1,True,32319,117,117,11602
Full,1.576847,0.324585,22524,1,191,192,13874,True,1,True,32319,117,117,11602
Full,1.579672,0.327409,22525,1,191,192,13874,True,1,True,32319,117,117,11602
Full,1.582438,0.330176,22526,1,191,192,13874,True,1,True,32319,117,117,11602
Full,1.585366,0.333104,22527,1,191,192,13874,True,1,True,32319,116,116,11600
Full,1.588577,0.336315,22528,1,191,192,13874,True,1,True,32319,116,116,11600
Full,1.592519,0.340257,22529,192,0,192,13996,True,1,True,32319,116,116,11600
Full,1.595794,0.343531,22530,192,0,192,14118,True,1,True,32557,307,307,11982
Full,1.599195,0.346932,22531,192,0,192,14240,True,1,True,32707,307,307,11982
Full,1.602096,0.349834,22532,192,0,192,14362,True,1,True,32319,307,307,11982
Full,1.605140,0.352877,22533,192,0,192,14484,True,1,True,32319,307,307,11982
Full,1.608563,0.356300,22534,192,0,192,14606,True,1,True,32319,307,307,11982
Full,1.611534,0.359271,22535,192,0,192,14728,True,1,True,32319,307,307,11982
Full,1.614864,0.362601,22536,192,0,192,14850,True,1,True,32319,307,307,11982
Full,1.618356,0.366094,22537,192,0,192,14988,True,1,True,32319,307,307,11982
Full,1.621486,0.369224,22538,192,0,192,15126,True,1,True,32319,307,307,11982
Full,1.624630,0.372367,22539,192,0,192,15264,True,1,True,32319,307,307,11982
Full,1.627518,0.375256,22540,192,0,192,15402,True,1,True,32371,307,307,11982
Full,1.630339,0.378076,22541,192,0,192,15540,True,1,True,32319,307,307,11982
Full,1.633655,0.381392,22542,192,0,192,15678,True,1,True,32319,307,307,11982
Full,1.636649,0.384386,22543,192,0,192,15816,True,1,True,32319,307,307,11982
Full,1.640098,0.387835,22544,192,0,192,15954,True,1,True,32319,307,307,11982
Full,1.643310,0.391047,22545,192,0,192,16124,True,1,True,32319,307,307,11982
Full,1.646281,0.394019,22546,192,0,192,16294,True,1,True,32319,307,307,11982
Full,1.649352,0.397089,22547,192,0,192,16464,True,1,True,32319,307,307,11982
Full,1.652491,0.400229,22548,192,0,192,16634,True,1,True,32319,307,307,11982
Full,1.655488,0.403225,22549,192,0,192,16804,True,1,True,32319,307,307,11982
Full,1.658687,0.406424,22550,192,0,192,16974,True,1,True,32319,307,307,11982
Full,1.661591,0.409329,22551,192,0,192,17144,True,1,True,32319,307,307,11982
Full,1.664865,0.412602,22552,192,0,192,17314,True,1,True,32319,307,307,11982
Full,1.667892,0.415629,22553,192,0,192,17484,True,1,True,32319,307,307,11982
Full,1.670894,0.418632,22554,192,0,192,17654,True,1,True,32319,307,307,11982
Full,1.674423,0.422160,22555,192,0,192,17824,True,1,True,40675,307,307,11982
Full,1.677541,0.425278,22556,192,0,192,17994,True,1,True,39131,307,307,11982
Full,1.680321,0.428059,22557,192,0,192,18164,True,1,True,32319,307,307,11982
Full,1.683501,0.431238,22558,192,0,192,18334,True,1,True,32319,307,307,11982
Full,1.686334,0.434071,22559,192,0,192,18504,True,1,True,32319,307,307,11982
Full,1.689395,0.437133,22560,192,0,192,18674,True,1,True,32319,307,307,11982
Full,1.692387,0.440125,22561,192,0,192,18844,True,1,True,32319,307,307,11982
Full,1.695358,0.443096,22562,192,0,192,19014,True,1,True,32319,307,307,11982
Full,1.698595,0.446332,22563,192,0,192,19184,True,1,True,32319,307,307,11982
Full,1.701703,0.449440,22564,192,0,192,19354,True,1,True,32319,307,307,11982
Full,1.704741,0.452479,22565,192,0,192,19524,True,1,True,32319,307,307,11982
Full,1.707966,0.455704,22566,192,0,192,19694,True,1,True,32319,307,307,11982
Full,1.711059,0.458797,22567,192,0,192,19864,True,1,True,32319,307,307,11982
Full,1.714089,0.461826,22568,192,0,192,20034,True,1,True,32319,307,307,11982
Full,1.717400,0.465137,22569,192,0,192,20204,True,1,True,32707,307,307,11982
Full,1.720247,0.467984,22570,192,0,192,20374,True,1,True,32319,307,307,11982
Full,1.723774,0.471512,22571,192,0,192,20544,True,1,True,32319,307,307,11982
Full,1.726834,0.474571,22572,192,0,192,20714,True,1,True,32319,307,307,11982
Full,1.729889,0.477626,22573,192,0,192,20884,True,1,True,32319,307,307,11982
Full,1.732970,0.480707,22574,192,0,192,21054,True,1,True,32319,307,307,11982
Full,1.735863,0.483600,22575,192,0,192,21224,True,1,True,32319,307,307,11982
Full,1.738751,0.486488,22576,192,0,192,21394,True,1,True,32319,307,307,11982
Full,1.741813,0.489551,22577,192,0,192,21562,True,1,True,32319,307,307,11982
Full,1.744647,0.492384,22578,192,0,192,21730,True,1,True,32319,307,307,11982
Full,1.747767,0.495504,22579,192,0,192,21898,True,1,True,32319,307,307,11982
Full,1.750674,0.498411,22580,192,0,192,22066,True,1,True,32319,307,307,11982
Full,1.753452,0.501189,22581,192,0,192,22234,True,1,True,32319,307,307,11982
Full,1.756670,0.504407,22582,192,0,192,22402,True,1,True,32319,307,307,11982
Full,1.759642,0.507379,22583,192,0,192,22570,True,1,True,32319,307,307,11982
Full,1.762562,0.510299,22584,192,0,192,22738,True,1,True,32319,307,307,11982
Full,1.765529,0.513266,22585,192,0,192,22906,True,1,True,32319,307,307,11982
Full,1.768405,0.516142,22586,192,0,192,23058,True,1,True,32319,307,307,11982
Full,1.771331,0.519069,22587,192,0,192,23210,True,1,True,32319,307,307,11982
Full,1.774238,0.521976,22588,192,0,192,23362,True,1,True,32319,307,307,11982
Full,1.777251,0.524989,22589,192,0,192,23514,True,1,True,32319,307,307,11982
Full,1.780350,0.528088,22590,192,0,192,23666,True,1,True,32319,307,307,11982
Full,1.783576,0.531313,22591,192,0,192,23818,True,1,True,32319,307,307,11982
Full,1.786438,0.534175,22592,192,0,192,23970,True,1,True,32319,307,307,11982
Full,1.789454,0.537192,22593,192,0,192,24122,True,1,True,32319,307,307,11982
Full,1.792372,0.540109,22594,0,192,192,24122,True,1,True,32319,307,307,11982
Full,1.794918,0.542655,22595,0,192,192,24122,True,1,True,32319,115,115,11598
Full,1.797563,0.545301,22596,0,192,192,24122,True,1,True,32319,115,115,11598
Full,1.800348,0.548086,22597,0,192,192,24122,True,1,True,32319,115,115,11598
Full,1.802963,0.550701,22598,0,192,192,24122,True,1,True,32319,115,115,11598
Full,1.805737,0.553474,22599,0,192,192,24122,True,1,True,32319,115,115,11598
Full,1.808526,0.556263,22600,0,192,192,24122,True,1,True,32319,115,115,11598
Full,1.811366,0.559104,22601,0,192,192,24122,True,1,True,32319,115,115,11598
Full,1.814229,0.561966,22602,0,192,192,24122,True,1,True,32319,115,115,11598
Full,1.817288,0.565025,22603,0,192,192,24122,True,1,True,32319,115,115,11598
Full,1.820031,0.567768,22604,0,192,192,24122,True,1,True,32319,115,115,11598
Full,1.822878,0.570615,22605,0,192,192,24122,True,1,True,32319,115,115,11598
Full,1.826572,0.574309,22606,0,192,192,24122,True,1,True,40675,115,115,11598
Full,1.829575,0.577313,22607,0,192,192,24122,True,1,True,39183,115,115,11598
Full,1.832223,0.579960,22608,0,192,192,24122,True,1,True,32319,115,115,11598
Full,1.834707,0.582445,22609,0,192,192,24122,True,1,True,32319,115,115,11598
Full,1.837287,0.585024,22610,0,192,192,24122,True,1,True,32707,115,115,11598
Full,1.840250,0.587988,22611,0,192,192,24122,True,1,True,32319,116,116,11600
Full,1.842955,0.590692,22612,0,192,192,24122,True,1,True,32319,116,116,11600
Full,1.845418,0.593155,22613,0,192,192,24122,True,1,True,32319,116,116,11600
Full,1.848210,0.595948,22614,0,192,192,24122,True,1,True,32319,116,116,11600
Full,1.850933,0.598670,22615,0,192,192,24122,True,1,True,50039,116,116,11600
Full,1.853697,0.601434,22616,0,192,192,24122,True,1,True,32319,116,116,11600
Full,1.856541,0.604278,22617,0,192,192,24122,True,1,True,32319,116,116,11600
Full,1.859348,0.607085,22618,0,192,192,24122,True,1,True,32319,116,116,11600
Full,1.862190,0.609927,22619,0,192,192,24122,True,1,True,32319,116,116,11600
Full,1.865176,0.612913,22620,0,192,192,24122,True,1,True,32319,116,116,11600
Full,1.868066,0.615803,22621,0,192,192,24122,True,1,True,32319,116,116,11600
Full,1.870801,0.618539,22622,0,192,192,24122,True,1,True,32319,116,116,11600
Full,1.873546,0.621284,22623,0,192,192,24122,True,1,True,32319,116,116,11600
Full,1.876260,0.623997,22624,0,192,192,24122,True,1,True,32319,116,116,11600
Full,1.878890,0.626627,22625,0,192,192,24122,True,1,True,32319,116,116,11600
Full,1.881756,0.629493,22626,0,192,192,24122,True,1,True,32319,116,116,11600
Full,1.884321,0.632058,22627,0,192,192,24122,True,1,True,32319,116,116,11600
Full,1.887005,0.634743,22628,0,192,192,24122,True,1,True,32319,116,116,11600
Full,1.890174,0.637911,22629,0,192,192,24122,True,1,True,32319,116,116,11600
Full,1.893035,0.640773,22630,0,192,192,24122,True,1,True,32319,116,116,11600
Full,1.895887,0.643625,22631,0,192,192,24122,True,1,True,32319,116,116,11600
Full,1.898555,0.646293,22632,0,192,192,24122,True,1,True,32319,116,116,11600
Full,1.901189,0.648926,22633,0,192,192,24122,True,1,True,32319,116,116,11600
Full,1.903917,0.651654,22634,0,192,192,24122,True,1,True,32319,116,116,11600
Full,1.906750,0.654487,22635,0,192,192,24122,True,1,True,32319,116,116,11600
Full,1.909420,0.657158,22636,0,192,192,24122,True,1,True,32319,116,116,11600
Full,1.912110,0.659847,22637,0,192,192,24122,True,1,True,32319,116,116,11600
Full,1.915090,0.662828,22638,0,192,192,24122,True,1,True,32319,116,116,11600
Full,1.917681,0.665419,22639,0,192,192,24122,True,1,True,32319,116,116,11600
Full,1.920126,0.667863,22640,0,192,192,24122,True,1,True,32319,116,116,11600
Full,1.922982,0.670719,22641,0,192,192,24122,True,1,True,32319,116,116,11600
Full,1.925822,0.673560,22642,0,192,192,24122,True,1,True,32319,116,116,11600
Full,1.928935,0.676672,22643,0,192,192,24122,True,1,True,32319,116,116,11600
Full,1.932068,0.679805,22644,0,192,192,24122,True,1,True,32319,116,116,11600
Full,1.934662,0.682400,22645,0,192,192,24122,True,1,True,32319,116,116,11600
Full,1.937304,0.685042,22646,0,192,192,24122,True,1,True,32319,116,116,11600
Full,1.940046,0.687784,22647,0,192,192,24122,True,1,True,32319,116,116,11600
Full,1.942619,0.690356,22648,0,192,192,24122,True,1,True,32319,116,116,11600
Full,1.945126,0.692863,22649,0,192,192,24122,True,1,True,32319,116,116,11600
Full,1.947884,0.695622,22650,0,192,192,24122,True,1,True,32319,116,116,11600
Full,1.950739,0.698476,22651,0,192,192,24122,True,1,True,32319,115,115,11598
Full,1.953650,0.701387,22652,0,192,192,24122,True,1,True,32319,115,115,11598
Full,1.956472,0.704209,22653,0,192,192,24122,True,1,True,32707,115,115,11598
Full,1.959143,0.706880,22654,0,192,192,24122,True,1,True,32319,115,115,11598
Full,1.961861,0.709598,22655,0,192,192,24122,True,1,True,32319,115,115,11598
Full,1.964867,0.712604,22656,0,192,192,24122,True,1,True,32319,115,115,11598
Full,1.967667,0.715404,22657,0,192,192,24122,True,1,True,32319,115,115,11598
Full,1.970506,0.718244,22658,0,192,192,24122,True,1,True,32319,115,115,11598
Full,1.973440,0.721177,22659,0,192,192,24122,True,1,True,32319,115,115,11598
Full,1.976624,0.724362,22660,0,192,192,24122,True,1,True,40675,114,114,11592
Full,1.979738,0.727475,22661,0,192,192,24122,True,1,True,39131,114,114,11592
Full,1.982371,0.730108,22662,0,192,192,24122,True,1,True,32319,114,114,11592
Full,1.984909,0.732646,22663,0,192,192,24122,True,1,True,32319,114,114,11592
Full,1.987561,0.735298,22664,0,192,192,24122,True,1,True,32359,114,114,11592
Full,1.990312,0.738050,22665,0,192,192,24122,True,1,True,32319,114,114,11592
Full,1.993088,0.740825,22666,0,192,192,24122,True,1,True,32319,114,114,11592
Full,1.995766,0.743503,22667,0,192,192,24122,True,1,True,32319,114,114,11592
Full,1.998652,0.746389,22668,0,192,192,24122,True,1,True,32319,114,114,11592
Full,2.001453,0.749190,22669,0,192,192,24122,True,1,True,32319,114,114,11592
Full,2.004208,0.751945,22670,0,192,192,24122,True,1,True,32319,114,114,11592
Full,2.006947,0.754685,22671,0,192,192,24122,True,1,True,32319,114,114,11592
Full,2.009519,0.757256,22672,0,192,192,24122,True,1,True,32319,114,114,11592
Full,2.012088,0.759825,22673,0,192,192,24122,True,1,True,32319,114,114,11592
Full,2.014782,0.762519,22674,0,192,192,24122,True,1,True,32319,114,114,11592
Full,2.017469,0.765207,22675,0,192,192,24122,True,1,True,32319,114,114,11592
Full,2.020158,0.767895,22676,0,192,192,24122,True,1,True,32319,114,114,11592
Full,2.023040,0.770778,22677,0,192,192,24122,True,1,True,32319,114,114,11592
Full,2.025696,0.773434,22678,0,192,192,24122,True,1,True,32319,114,114,11592
Full,2.028159,0.775896,22679,0,192,192,24122,True,1,True,32319,114,114,11592
Full,2.030762,0.778500,22680,0,192,192,24122,True,1,True,32371,114,114,11592
Full,2.033464,0.781202,22681,0,192,192,24122,True,1,True,32319,114,114,11592
Full,2.036166,0.783904,22682,0,192,192,24122,True,1,True,32319,114,114,11592
Full,2.038733,0.786471,22683,0,192,192,24122,True,1,True,32319,114,114,11592
Full,2.041224,0.788962,22684,0,192,192,24122,True,1,True,32319,114,114,11592
Full,2.043769,0.791507,22685,0,192,192,24122,True,1,True,32319,114,114,11592
Full,2.046348,0.794086,22686,0,192,192,24122,True,1,True,32319,114,114,11592
Full,2.048806,0.796543,22687,0,192,192,24122,True,1,True,32319,114,114,11592
Full,2.051223,0.798960,22688,0,192,192,24122,True,1,True,32319,114,114,11592
Full,2.053704,0.801441,22689,0,192,192,24122,True,1,True,32319,114,114,11592
Full,2.056570,0.804308,22690,0,192,192,24122,True,1,True,32319,114,114,11592
Full,2.059286,0.807024,22691,0,192,192,24122,True,1,True,32319,114,114,11592
Full,2.061851,0.809588,22692,0,192,192,24122,False,1,True,32319,114,114,11592
Full,2.064543,0.812281,22693,0,192,192,24122,False,1,True,32319,114,114,11592
Full,2.067160,0.814898,22694,0,192,192,24122,False,1,True,32319,114,114,11592
Full,2.069729,0.817466,22695,0,192,192,24122,False,1,True,32319,114,114,11592
Full,2.072485,0.820222,22696,0,192,192,24122,False,1,True,32319,114,114,11592
Full,2.075083,0.822820,22697,0,192,192,24122,False,1,True,32319,114,114,11592
Full,2.077760,0.825498,22698,0,192,192,24122,False,1,True,32707,114,114,11592
Full,2.080311,0.828048,22699,0,192,192,24122,False,1,True,32319,115,115,11594
Full,2.082808,0.830546,22700,0,192,192,24122,False,1,True,32319,115,115,11594
Full,2.085280,0.833018,22701,0,192,192,24122,False,1,True,32319,115,115,11594
Full,2.087732,0.835470,22702,0,192,192,24122,False,1,True,32319,115,115,11594
Full,2.090360,0.838098,22703,0,192,192,24122,False,1,True,32319,115,115,11594
Full,2.092957,0.840694,22704,0,192,192,24122,False,1,True,32319,115,115,11594
Full,2.095476,0.843213,22705,0,192,192,24122,False,1,True,32319,115,115,11594
Full,2.098017,0.845754,22706,0,192,192,24122,False,1,True,32319,114,114,11592
Full,2.100464,0.848201,22707,0,192,192,24122,False,1,True,32319,114,114,11592
Full,2.102854,0.850591,22708,0,192,192,24122,False,1,True,32319,114,114,11592
Full,2.105314,0.853052,22709,0,192,192,24122,False,1,True,32319,114,114,11592
Full,2.108587,0.856324,22710,0,192,192,24122,False,1,True,32319,114,114,11592
Full,2.111137,0.858874,22711,0,192,192,24122,False,1,True,32319,114,114,11592
Full,2.113632,0.861369,22712,0,192,192,24122,False,1,True,32319,114,114,11592
Full,2.116243,0.863980,22713,0,192,192,24122,False,1,True,32319,114,114,11592
Full,2.118772,0.866509,22714,0,192,192,24122,False,1,True,32319,114,114,11592
Full,2.121376,0.869113,22715,0,192,192,24122,False,1,True,32319,114,114,11592
Full,2.124254,0.871992,22716,0,192,192,24122,False,1,True,32319,114,114,11592
Full,2.127489,0.875227,22717,0,192,192,24122,False,1,True,40675,114,114,11592
Full,2.130691,0.878429,22718,0,192,192,24122,False,1,True,39131,114,114,11592
Full,2.133686,0.881424,22719,0,192,192,24122,False,1,True,32511,114,114,11592
Full,2.136349,0.884086,22720,0,192,192,24122,False,1,True,32319,114,114,11592
Full,2.139174,0.886911,22721,0,192,192,24122,False,1,True,32319,114,114,11592
Full,2.141891,0.889628,22722,0,192,192,24122,False,1,True,32319,114,114,11592
Full,2.144460,0.892197,22723,0,192,192,24122,False,1,True,32319,114,114,11592
Full,2.147123,0.894860,22724,0,192,192,24122,False,1,True,32319,114,114,11592
Full,2.149645,0.897382,22725,0,192,192,24122,False,1,True,32319,114,114,11592
Full,2.152455,0.900192,22726,0,192,192,24122,False,1,True,32319,114,114,11592
Full,2.155279,0.903016,22727,0,192,192,24122,False,1,True,32319,114,114,11592
Full,2.157935,0.905673,22728,0,192,192,24122,False,1,True,32319,114,114,11592
Full,2.160701,0.908438,22729,0,192,192,24122,False,1,True,32319,114,114,11592
Full,2.163528,0.911266,22730,0,192,192,24122,False,1,True,32319,114,114,11592
Full,2.166182,0.913920,22731,0,192,192,24122,False,1,True,32319,114,114,11592
Full,2.168725,0.916463,22732,0,192,192,24122,False,1,True,32319,114,114,11592
Full,2.171251,0.918989,22733,0,192,192,24122,False,1,True,32319,114,114,11592
Full,2.173818,0.921556,22734,0,192,192,24122,False,1,True,32319,114,114,11592
Full,2.176457,0.924195,22735,0,192,192,24122,False,1,True,32319,114,114,11592
Full,2.178996,0.926733,22736,0,192,192,24122,False,1,True,32319,114,114,11592
Full,2.181656,0.929394,22737,0,192,192,24122,False,1,True,32319,114,114,11592
Full,2.184122,0.931859,22738,0,192,192,24122,False,1,True,32319,114,114,11592
Full,2.186552,0.934290,22739,0,192,192,24122,False,1,True,32319,114,114,11592
Full,2.189153,0.936891,22740,0,192,192,24122,False,1,True,32319,114,114,11592
Full,2.191916,0.939654,22741,0,192,192,24122,False,1,True,32319,114,114,11592
Full,2.194522,0.942259,22742,0,192,192,24122,False,1,True,32319,114,114,11592
Full,2.197179,0.944917,22743,0,192,192,24122,False,1,True,32707,114,114,11592
Full,2.200119,0.947857,22744,0,192,192,24122,False,1,True,32319,115,115,11594
Full,2.202757,0.950495,22745,0,192,192,24122,False,1,True,32319,115,115,11594
Full,2.205528,0.953265,22746,0,192,192,24122,False,1,True,32319,115,115,11594
Full,2.208469,0.956207,22747,0,192,192,24122,False,1,True,32319,115,115,11594
Full,2.211130,0.958867,22748,0,192,192,24122,False,1,True,32319,115,115,11594
Full,2.213739,0.961477,22749,0,192,192,24122,False,1,True,32319,115,115,11594
Full,2.216528,0.964265,22750,0,192,192,24122,False,1,True,32319,115,115,11594
Full,2.219282,0.967019,22751,0,192,192,24122,False,1,True,32319,115,115,11594
Full,2.221939,0.969676,22752,0,192,192,24122,False,1,True,32319,115,115,11594
Full,2.224639,0.972377,22753,0,192,192,24122,False,1,True,32319,115,115,11594
Full,2.227136,0.974873,22754,0,192,192,24122,False,1,True,32319,115,115,11594
Full,2.229824,0.977561,22755,0,192,192,24122,False,1,True,32319,115,115,11594
Full,2.232632,0.980369,22756,0,192,192,24122,False,1,True,32371,115,115,11594
Full,2.235267,0.983004,22757,0,192,192,24122,False,1,True,32319,115,115,11594
Full,2.238030,0.985768,22758,0,192,192,24122,False,1,True,32319,115,115,11594
Full,2.240640,0.988377,22759,0,192,192,24122,False,1,True,32319,115,115,11594
Full,2.243264,0.991001,22760,0,192,192,24122,False,1,True,32319,115,115,11594
Full,2.246206,0.993944,22761,0,192,192,24122,False,1,True,32319,115,115,11594
Full,2.249106,0.996844,22762,0,192,192,24122,False,1,True,32319,115,115,11594
Full,2.251895,0.999632,22763,0,192,192,24122,False,1,True,32319,115,115,11594
Full,2.254643,1.002381,22764,0,192,192,24122,False,1,True,32319,115,115,11594
Full,2.257642,1.005379,22765,0,192,192,24122,False,1,True,32319,115,115,11594
Full,2.260360,1.008098,22766,0,192,192,24122,False,1,True,32319,115,115,11594
Full,2.263045,1.010782,22767,0,192,192,24122,False,1,True,32319,115,115,11594
Full,2.265528,1.013265,22768,0,192,192,24122,False,1,True,32319,115,115,11594
Full,2.268171,1.015908,22769,0,192,192,24122,False,1,True,32319,115,115,11594
Full,2.270838,1.018575,22770,0,192,192,24122,False,1,True,32319,115,115,11594
Full,2.273490,1.021227,22771,0,192,192,24122,False,1,True,32319,115,115,11594
Full,2.276209,1.023946,22772,0,192,192,24122,False,1,True,32319,115,115,11594
Full,2.279700,1.027437,22773,0,192,192,24122,False,1,True,40675,114,114,11592
Full,2.282892,1.030629,22774,0,192,192,24122,False,1,True,39131,114,114,11592
Full,2.285713,1.033450,22775,0,192,192,24122,False,1,True,32319,114,114,11592
Full,2.288317,1.036055,22776,0,192,192,24122,False,1,True,32319,114,114,11592
Full,2.290945,1.038683,22777,0,192,192,24122,False,1,True,32319,114,114,11592
Full,2.293707,1.041444,22778,0,192,192,24122,False,1,True,32319,114,114,11592
Full,2.296285,1.044022,22779,0,192,192,24122,False,1,True,32319,114,114,11592
Full,2.298972,1.046710,22780,0,192,192,24122,False,1,True,32319,114,114,11592
Full,2.301717,1.049454,22781,0,192,192,24122,False,1,True,32319,114,114,11592
Full,2.304444,1.052182,22782,0,192,192,24122,False,1,True,32319,114,114,11592
Full,2.307055,1.054792,22783,0,192,192,24122,False,1,True,32319,114,114,11592
Full,2.309623,1.057360,22784,0,192,192,24122,False,1,True,32319,114,114,11592
Full,2.312255,1.059992,22785,0,192,192,24122,False,1,True,32319,114,114,11592
Full,2.315038,1.062775,22786,0,192,192,24122,False,1,True,32319,114,114,11592
Full,2.317677,1.065414,22787,0,192,192,24122,False,1,True,32707,114,114,11592
Full,2.320137,1.067874,22788,0,192,192,24122,False,1,True,32623,114,114,11592
Full,2.322627,1.070365,22789,0,192,192,24122,False,1,True,32319,114,114,11592
Full,2.325171,1.072908,22790,0,192,192,24122,False,1,True,32319,114,114,11592
Full,2.327728,1.075465,22791,0,192,192,24122,False,1,True,32319,114,114,11592
Full,2.330386,1.078124,22792,0,192,192,24122,False,1,True,32319,114,114,11592
Full,2.332816,1.080553,22793,0,192,192,24122,False,1,True,32319,114,114,11592
Full,2.335307,1.083044,22794,0,192,192,24122,False,1,True,32319,114,114,11592
Full,2.337993,1.085731,22795,0,192,192,24122,False,1,True,32319,114,114,11592
Full,2.340617,1.088355,22796,0,192,192,24122,False,1,True,32319,114,114,11592
Full,2.343081,1.090818,22797,0,192,192,24122,False,1,True,32319,114,114,11592
Full,2.345679,1.093416,22798,0,192,192,24122,False,1,True,32319,114,114,11592
Full,2.348481,1.096219,22799,0,192,192,24122,False,1,True,32319,114,114,11592
Full,2.351042,1.098779,22800,0,192,192,24122,False,1,True,32319,114,114,11592
Full,2.353533,1.101270,22801,0,192,192,24122,False,1,True,32319,114,114,11592
Full,2.356176,1.103913,22802,0,192,192,24122,False,1,True,32319,114,114,11592
Full,2.358829,1.106566,22803,0,192,192,24122,False,1,True,32319,114,114,11592
Full,2.361325,1.109062,22804,0,192,192,24122,False,1,True,32319,114,114,11592
Full,2.363743,1.111481,22805,0,192,192,24122,False,1,True,32319,114,114,11592
Full,2.366790,1.114527,22806,0,192,192,24122,False,1,True,32319,114,114,11592
Full,2.369481,1.117218,22807,0,192,192,24122,False,1,True,32319,114,114,11592
Full,2.372120,1.119857,22808,0,192,192,24122,False,1,True,32319,114,114,11592
Full,2.375229,1.122966,22809,0,192,192,24122,False,1,True,32319,114,114,11592
Full,2.378020,1.125758,22810,0,192,192,24122,False,1,True,32319,114,114,11592
Full,2.380568,1.128305,22811,0,192,192,24122,False,1,True,32319,114,114,11592
Full,2.383012,1.130750,22812,0,192,192,24122,False,1,True,32319,114,114,11592
Full,2.385724,1.133461,22813,0,192,192,24122,False,1,True,32319,114,114,11592
Full,2.388508,1.136246,22814,0,192,192,24122,False,1,True,32319,114,114,11592
Full,2.391067,1.138805,22815,0,192,192,24122,False,1,True,32319,114,114,11592
Full,2.393685,1.141422,22816,0,192,192,24122,False,1,True,32319,114,114,11592
Full,2.396459,1.144197,22817,0,192,192,24122,False,1,True,32319,114,114,11592
Full,2.399218,1.146955,22818,0,192,192,24122,False,1,True,32319,114,114,11592
Full,2.401883,1.149621,22819,0,192,192,24122,False,1,True,32319,114,114,11592
Full,2.404672,1.152409,22820,0,192,192,24122,False,1,True,32319,113,113,11590
Full,2.407530,1.155268,22821,0,192,192,24122,False,1,True,32319,113,113,11590
Full,2.410309,1.158046,22822,0,192,192,24122,False,1,True,32319,113,113,11590
Full,2.413090,1.160828,22823,0,192,192,24122,False,1,True,32319,113,113,11590
Full,2.415956,1.163693,22824,0,192,192,24122,False,1,True,32319,113,113,11590
Full,2.418846,1.166584,22825,0,192,192,24122,False,1,True,32319,113,113,11590
Full,2.421996,1.169733,22826,0,192,192,24122,False,1,True,32319,113,113,11590
Full,2.424946,1.172683,22827,0,192,192,24122,False,1,True,32319,113,113,11590
Full,2.427717,1.175455,22828,0,192,192,24122,False,1,True,32319,113,113,11590
Full,2.430979,1.178717,22829,0,192,192,24122,False,1,True,40675,113,113,11590
Full,2.433934,1.181671,22830,0,192,192,24122,False,1,True,39183,113,113,11590
Full,2.436464,1.184201,22831,0,192,192,24122,False,1,True,32707,113,113,11590
Full,2.439333,1.187070,22832,0,192,192,24122,False,1,True,32319,114,114,11592
Full,2.441851,1.189588,22833,0,192,192,24122,False,1,True,32319,114,114,11592
Full,2.444313,1.192051,22834,0,192,192,24122,False,1,True,32319,114,114,11592
Full,2.447173,1.194910,22835,0,192,192,24122,False,1,True,32319,114,114,11592
Full,2.450230,1.197967,22836,0,192,192,24122,False,1,True,40479,114,114,11592
Full,2.453163,1.200900,22837,0,192,192,24122,False,1,True,32319,114,114,11592
Full,2.456177,1.203915,22838,0,192,192,24122,False,1,True,32319,114,114,11592
Full,2.459076,1.206813,22839,0,192,192,24122,False,1,True,32319,114,114,11592
Full,2.461662,1.209399,22840,0,192,192,24122,False,1,True,32319,114,114,11592
Full,2.464653,1.212390,22841,0,192,192,24122,False,1,True,32319,114,114,11592
Full,2.467474,1.215212,22842,0,192,192,24122,False,1,True,32319,114,114,11592
Full,2.470050,1.217788,22843,0,192,192,24122,False,1,True,32319,114,114,11592
Full,2.472773,1.220511,22844,0,192,192,24122,False,1,True,32319,114,114,11592
Full,2.476074,1.223811,22845,0,192,192,24122,False,1,True,32319,114,114,11592
Full,2.478976,1.226714,22846,0,192,192,24122,False,1,True,32319,114,114,11592
Full,2.481992,1.229729,22847,0,192,192,24122,False,1,True,32319,114,114,11592
Full,2.485246,1.232984,22848,0,192,192,24122,False,1,True,32319,114,114,11592
Full,2.488078,1.235816,22849,0,192,192,24122,False,1,True,32319,114,114,11592
Full,2.490835,1.238572,22850,0,192,192,24122,False,1,True,32319,114,114,11592
Full,2.493544,1.241281,22851,0,192,192,24122,False,1,True,32319,114,114,11592
Full,2.496253,1.243991,22852,0,192,192,24122,False,1,True,32319,114,114,11592
Full,2.498946,1.246684,22853,0,192,192,24122,False,1,True,32319,114,114,11592
Full,2.501559,1.249296,22854,0,192,192,24122,False,1,True,32319,114,114,11592
Reduced,2.504189,0.000000,22855,0,192,192,24122,False,1,False,32319,114,114,11592
Reduced,2.522974,0.018784,22856,0,192,192,24122,False,1,False,167723,114,114,11592
Reduced,2.525733,0.021543,22857,0,192,192,24122,False,1,False,32319,114,114,11592
Reduced,2.528460,0.024271,22858,0,192,192,24122,False,1,False,32319,114,114,11592
Reduced,2.531346,0.027157,22859,0,192,192,24122,False,1,False,32319,114,114,11592
Reduced,2.534019,0.029830,22860,0,192,192,24122,False,1,False,32319,114,114,11592
Reduced,2.536547,0.032357,22861,0,192,192,24122,False,1,False,32319,114,114,11592
Reduced,2.539492,0.035303,22862,0,192,192,24122,False,1,False,32319,114,114,11592
Reduced,2.542164,0.037974,22863,0,192,192,24122,False,1,False,32319,114,114,11592
Reduced,2.544685,0.040496,22864,0,192,192,24122,False,1,False,32319,114,114,11592
Reduced,2.547448,0.043258,22865,0,192,192,24122,False,1,False,32319,114,114,11592
Reduced,2.550262,0.046073,22866,0,192,192,24122,False,1,False,32319,114,114,11592
Reduced,2.552858,0.048669,22867,0,192,192,24122,False,1,False,32319,114,114,11592
Reduced,2.555562,0.051372,22868,0,192,192,24122,False,1,False,32319,114,114,11592
Reduced,2.558439,0.054250,22869,0,192,192,24122,False,1,False,32707,114,114,11592
Reduced,2.560874,0.056685,22870,0,192,192,24122,False,1,False,32319,115,115,11594
Reduced,2.563436,0.059247,22871,0,192,192,24122,False,1,False,32319,115,115,11594
Reduced,2.566354,0.062165,22872,0,192,192,24122,False,1,False,32319,115,115,11594
Reduced,2.568979,0.064789,22873,0,192,192,24122,False,1,False,32319,115,115,11594
Reduced,2.571614,0.067424,22874,0,192,192,24122,False,1,False,32319,115,115,11594
Reduced,2.574238,0.070048,22875,0,192,192,24122,False,1,False,32319,115,115,11594
Reduced,2.576674,0.072484,22876,0,192,192,24122,False,1,False,32319,115,115,11594
Reduced,2.579021,0.074831,22877,0,192,192,24122,False,1,False,32319,115,115,11594
Reduced,2.582656,0.078467,22878,0,192,192,24122,False,1,False,40675,115,115,11594
Reduced,2.585743,0.081554,22879,0,192,192,24122,False,1,False,39131,115,115,11594
Reduced,2.588441,0.084252,22880,0,192,192,24122,False,1,False,32319,115,115,11594
Reduced,2.591169,0.086979,22881,0,192,192,24122,False,1,False,32319,115,115,11594
Reduced,2.593665,0.089475,22882,0,192,192,24122,False,1,False,32319,115,115,11594
Reduced,2.596222,0.092032,22883,0,192,192,24122,False,1,False,32319,115,115,11594
Reduced,2.598971,0.094782,22884,0,192,192,24122,False,1,False,32319,115,115,11594
Reduced,2.601877,0.097688,22885,0,192,192,24122,False,1,False,32319,115,115,11594
Reduced,2.604868,0.100679,22886,0,192,192,24122,True,2,True,32319,115,115,11594
Reduced,2.625019,0.120829,22887,1,191,192,24122,True,2,True,315846,115,115,11594
Reduced,2.628648,0.124458,22888,1,191,192,24122,True,2,True,62935,117,117,11708
Reduced,2.631778,0.127588,22889,1,191,192,24122,True,2,True,32319,117,117,11708
Reduced,2.634593,0.130404,22890,1,191,192,24122,True,2,True,32371,117,117,11708
Reduced,2.637491,0.133301,22891,1,191,192,24122,True,2,True,32319,117,117,11708
Reduced,2.640322,0.136132,22892,1,191,192,24122,True,2,True,32319,117,117,11708
Reduced,2.642866,0.138677,22893,1,191,192,24122,True,2,True,32319,117,117,11708
Reduced,2.645442,0.141252,22894,1,191,192,24122,True,2,True,32319,117,117,11708
Reduced,2.648306,0.144117,22895,1,191,192,24122,True,2,True,32319,117,117,11708
Reduced,2.651057,0.146868,22896,1,191,192,24122,True,2,True,32319,117,117,11708
Reduced,2.653617,0.149428,22897,1,191,192,24122,True,2,True,32319,117,117,11708
Reduced,2.656546,0.152357,22898,1,191,192,24122,True,2,True,32319,117,117,11708
Reduced,2.659175,0.154985,22899,1,191,192,24122,True,2,True,32319,117,117,11708
Reduced,2.661627,0.157438,22900,1,191,192,24122,True,2,True,32319,117,117,11708
Reduced,2.664126,0.159937,22901,1,191,192,24122,True,2,True,32319,117,117,11708
Reduced,2.666739,0.162549,22902,1,191,192,24122,True,2,True,32319,117,117,11708
Reduced,2.669269,0.165080,22903,1,191,192,24122,True,2,True,32319,117,117,11708
Reduced,2.671945,0.167755,22904,1,191,192,24122,True,2,True,32319,117,117,11708
Reduced,2.675219,0.171030,22905,1,191,192,24122,True,2,True,32319,117,117,11708
Reduced,2.677943,0.173753,22906,1,191,192,24122,True,2,True,32707,117,117,11708
Reduced,2.681022,0.176832,22907,1,191,192,24122,True,2,True,32319,117,117,11708
Reduced,2.684054,0.179864,22908,1,191,192,24122,True,2,True,32319,117,117,11708
Reduced,2.687285,0.183095,22909,1,191,192,24122,True,2,True,32319,117,117,11708
Reduced,2.690266,0.186076,22910,1,191,192,24122,True,2,True,32319,117,117,11708
Reduced,2.692956,0.188767,22911,1,191,192,24122,True,2,True,32319,117,117,11708
Reduced,2.695594,0.191404,22912,1,191,192,24122,True,2,True,32319,117,117,11708
Reduced,2.698355,0.194165,22913,1,191,192,24122,True,2,True,32319,117,117,11708
Reduced,2.700907,0.196718,22914,1,191,192,24122,True,2,True,32319,117,117,11708
Reduced,2.703446,0.199257,22915,1,191,192,24122,True,2,True,32319,117,117,11708
Reduced,2.706026,0.201837,22916,1,191,192,24122,True,2,True,32319,117,117,11708
Reduced,2.708527,0.204337,22917,1,191,192,24122,True,2,True,32319,117,117,11708
Reduced,2.710915,0.206726,22918,1,191,192,24122,True,2,True,32319,117,117,11708
Reduced,2.713424,0.209235,22919,1,191,192,24122,True,2,True,32319,117,117,11708
Reduced,2.715971,0.211781,22920,1,191,192,24122,True,2,True,32319,117,117,11708
Reduced,2.718554,0.214364,22921,1,191,192,24122,True,2,True,32319,117,117,11708
Reduced,2.721236,0.217046,22922,1,191,192,24122,True,2,True,32319,117,117,11708
Reduced,2.723926,0.219736,22923,1,191,192,24122,True,2,True,32319,117,117,11708
Reduced,2.726466,0.222276,22924,1,191,192,24122,True,2,True,32319,117,117,11708
Reduced,2.729052,0.224863,22925,1,191,192,24122,True,2,True,32319,117,117,11708
Reduced,2.732117,0.227928,22926,1,191,192,24122,True,2,True,40675,117,117,11708
Reduced,2.734882,0.230692,22927,1,191,192,24122,True,2,True,39131,117,117,11708
Reduced,2.737533,0.233344,22928,1,191,192,24122,True,2,True,32319,117,117,11708
Reduced,2.740446,0.236257,22929,1,191,192,24122,True,2,True,32319,117,117,11708
Reduced,2.743256,0.239067,22930,0,192,192,24122,True,2,True,32319,117,117,11708
Reduced,2.745968,0.241779,22931,0,192,192,24122,True,2,True,32319,116,116,11706
Reduced,2.748780,0.244590,22932,0,192,192,24122,True,2,True,32319,116,116,11706
Reduced,2.751311,0.247121,22933,0,192,192,24122,True,2,True,32319,116,116,11706
Reduced,2.753762,0.249572,22934,0,192,192,24122,True,2,True,32319,116,116,11706
Reduced,2.756322,0.252132,22935,0,192,192,24122,True,2,True,32319,116,116,11706
Reduced,2.758976,0.254787,22936,0,192,192,24122,True,2,True,32319,116,116,11706
Reduced,2.761513,0.257324,22937,0,192,192,24122,True,2,True,32319,116,116,11706
Reduced,2.764343,0.260154,22938,0,192,192,24122,True,2,True,32319,116,116,11706
Reduced,2.766921,0.262732,22939,0,192,192,24122,True,2,True,32319,116,116,11706
Reduced,2.769494,0.265304,22940,0,192,192,24122,True,2,True,32319,116,116,11706
Reduced,2.771937,0.267748,22941,0,192,192,24122,True,2,True,32319,116,116,11706
Reduced,2.774442,0.270253,22942,0,192,192,24122,True,2,True,32319,116,116,11706
Reduced,2.777088,0.272898,22943,0,192,192,24122,True,2,True,32319,116,116,11706
Reduced,2.779742,0.275552,22944,0,192,192,24122,True,2,True,32319,116,116,11706
Reduced,2.782350,0.278160,22945,0,192,192,24122,True,2,True,32319,116,116,11706
Reduced,2.785058,0.280868,22946,0,192,192,24122,True,2,True,32319,116,116,11706
Reduced,2.787828,0.283638,22947,0,192,192,24122,True,2,True,32319,116,116,11706
Reduced,2.790570,0.286381,22948,0,192,192,24122,True,2,True,32319,116,116,11706
Reduced,2.793339,0.289149,22949,0,192,192,24122,True,2,True,32319,116,116,11706
Reduced,2.796252,0.292063,22950,0,192,192,24122,True,2,True,32707,116,116,11706
Reduced,2.798922,0.294733,22951,0,192,192,24122,True,2,True,32319,116,116,11706
Reduced,2.801584,0.297395,22952,0,192,192,24122,True,2,True,32319,116,116,11706
Reduced,2.804022,0.299833,22953,0,192,192,24122,True,2,True,32319,116,116,11706
Reduced,2.806615,0.302426,22954,0,192,192,24122,True,2,True,32319,116,116,11706
Reduced,2.809167,0.304978,22955,0,192,192,24122,True,2,True,32319,116,116,11706
Reduced,2.811541,0.307351,22956,0,192,192,24122,True,2,True,32319,116,116,11706
Reduced,2.814205,0.310016,22957,0,192,192,24122,True,2,True,32319,116,116,11706
Reduced,2.816991,0.312802,22958,0,192,192,24122,True,2,True,32319,116,116,11706
Reduced,2.819518,0.315329,22959,0,192,192,24122,True,2,True,32319,116,116,11706
Reduced,2.822165,0.317975,22960,0,192,192,24122,True,2,True,32319,116,116,11706
Reduced,2.825117,0.320927,22961,0,192,192,24122,True,2,True,32319,116,116,11706
Reduced,2.827606,0.323416,22962,0,192,192,24122,True,2,True,32319,116,116,11706
Reduced,2.830229,0.326040,22963,0,192,192,24122,True,2,True,32319,116,116,11706
Reduced,2.832841,0.328652,22964,0,192,192,24122,True,2,True,32319,116,116,11706
Reduced,2.835607,0.331418,22965,0,192,192,24122,True,2,True,32371,116,116,11706
Reduced,2.838199,0.334010,22966,0,192,192,24122,True,2,True,32319,116,116,11706
Reduced,2.840810,0.336621,22967,0,192,192,24122,True,2,True,32319,116,116,11706
Reduced,2.843348,0.339158,22968,29,163,192,24122,True,2,True,32319,116,116,11706
Reduced,2.845853,0.341664,22969,29,163,192,24122,True,2,True,32319,145,145,11764
Reduced,2.849051,0.344861,22970,29,163,192,24122,True,2,True,32319,145,145,11764
Reduced,2.851712,0.347523,22971,29,163,192,24122,True,2,True,32319,145,145,11764
Reduced,2.854424,0.350234,22972,29,163,192,24122,True,2,True,32319,145,145,11764
Reduced,2.857001,0.352811,22973,29,163,192,24122,True,2,True,32319,145,145,11764
Reduced,2.859601,0.355411,22974,29,163,192,24122,True,2,True,32319,145,145,11764
Reduced,2.863102,0.358913,22975,29,163,192,24122,True,2,True,32319,145,145,11764
Reduced,2.866887,0.362698,22976,29,163,192,24122,True,2,True,32541,145,145,11764
Reduced,2.869957,0.365768,22977,37,155,192,24122,True,2,True,32319,145,145,11764
Reduced,2.873090,0.368901,22978,37,155,192,24122,True,2,True,32319,153,153,11780
Reduced,2.876363,0.372173,22979,37,155,192,24122,True,2,True,32319,153,153,11780
Reduced,2.879417,0.375228,22980,37,155,192,24122,True,2,True,32319,153,153,11780
Reduced,2.883023,0.378833,22981,37,155,192,24122,True,2,True,40675,153,153,11780
Reduced,2.886163,0.381974,22982,37,155,192,24122,True,2,True,39131,153,153,11780
Reduced,2.889563,0.385374,22983,37,155,192,24122,True,2,True,32319,153,153,11780
Reduced,2.892345,0.388155,22984,48,144,192,24132,True,2,True,32319,153,153,11780
Reduced,2.894831,0.390642,22985,48,144,192,24142,True,2,True,32319,164,164,11802
Reduced,2.898002,0.393813,22986,48,144,192,24152,True,2,True,32319,164,164,11802
Reduced,2.900690,0.396501,22987,48,144,192,24162,True,2,True,32319,164,164,11802
Reduced,2.903467,0.399278,22988,48,144,192,24172,True,2,True,32319,164,164,11802
Reduced,2.906571,0.402381,22989,48,144,192,24182,True,2,True,32319,164,164,11802
Reduced,2.909128,0.404939,22990,48,144,192,24192,True,2,True,32319,164,164,11802
Reduced,2.911754,0.407565,22991,48,144,192,24202,True,2,True,32319,164,164,11802
Reduced,2.915067,0.410877,22992,48,144,192,24212,True,2,True,32319,164,164,11802
Reduced,2.918003,0.413814,22993,48,144,192,24222,True,2,True,32707,164,164,11802
Reduced,2.920733,0.416544,22994,48,144,192,24232,True,2,True,32319,164,164,11802
Reduced,2.923504,0.419315,22995,48,144,192,24242,True,2,True,32319,164,164,11802
Reduced,2.926158,0.421969,22996,48,144,192,24252,True,2,True,32319,164,164,11802
Reduced,2.928621,0.424432,22997,48,144,192,24262,True,2,True,32319,164,164,11802
Reduced,2.931847,0.427658,22998,48,144,192,24272,True,2,True,32319,164,164,11802
Reduced,2.934687,0.430497,22999,48,144,192,24282,True,2,True,32319,164,164,11802
Reduced,2.937677,0.433488,23000,48,144,192,24292,True,2,True,32319,164,164,11802
Reduced,2.940563,0.436374,23001,48,144,192,24302,True,2,True,32319,164,164,11802
Reduced,2.943373,0.439184,23002,48,144,192,24312,True,2,True,32319,164,164,11802
Reduced,2.946408,0.442218,23003,48,144,192,24322,True,2,True,32319,164,164,11802
Reduced,2.949364,0.445175,23004,48,144,192,24332,True,2,True,32319,164,164,11802
Reduced,2.952368,0.448178,23005,48,144,192,24342,True,2,True,32319,164,164,11802
Reduced,2.955276,0.451087,23006,48,144,192,24352,True,2,True,32319,164,164,11802
Reduced,2.958566,0.454377,23007,48,144,192,24362,True,2,True,32319,164,164,11802
Reduced,2.961215,0.457026,23008,48,144,192,24372,True,2,True,32319,164,164,11802
Reduced,2.964079,0.459890,23009,48,144,192,24382,True,2,True,32319,164,164,11802
Reduced,2.966909,0.462720,23010,48,144,192,24392,True,2,True,32319,164,164,11802
Reduced,2.969876,0.465686,23011,48,144,192,24402,True,2,True,32319,164,164,11802
Reduced,2.973038,0.468849,23012,48,144,192,24412,True,2,True,32319,164,164,11802
Reduced,2.975936,0.471747,23013,48,144,192,24422,True,2,True,32319,164,164,11802
Reduced,2.978711,0.474522,23014,48,144,192,24432,True,2,True,32319,164,164,11802
Reduced,2.981739,0.477550,23015,48,144,192,24442,True,2,True,32319,164,164,11802
Reduced,2.984509,0.480319,23016,48,144,192,24452,True,2,True,32319,164,164,11802
Reduced,2.987387,0.483198,23017,48,144,192,24462,True,2,True,32319,164,164,11802
Reduced,2.990229,0.486040,23018,48,144,192,24472,True,2,True,32319,164,164,11802
Reduced,2.993041,0.488852,23019,48,144,192,24480,True,2,True,32319,164,164,11802
Reduced,2.995773,0.491584,23020,48,144,192,24488,True,2,True,32319,164,164,11802
Reduced,2.998695,0.494505,23021,48,144,192,24496,True,2,True,32319,164,164,11802
Reduced,3.001343,0.497153,23022,48,144,192,24504,True,2,True,32319,164,164,11802
Reduced,3.004049,0.499860,23023,48,144,192,24512,True,2,True,32319,164,164,11802
Reduced,3.006974,0.502784,23024,48,144,192,24520,True,2,True,32319,164,164,11802
Reduced,3.009875,0.505685,23025,48,144,192,24528,True,2,True,32319,164,164,11802
Reduced,3.012755,0.508565,23026,48,144,192,24536,True,2,True,32319,164,164,11802
Reduced,3.015756,0.511567,23027,48,144,192,24544,True,2,True,32319,164,164,11802
Reduced,3.018563,0.514374,23028,44,148,192,24544,True,2,True,32319,164,164,11802
Reduced,3.021352,0.517162,23029,44,148,192,24544,True,2,True,32319,160,160,11794
Reduced,3.023964,0.519774,23030,44,148,192,24544,True,2,True,32319,160,160,11794
Reduced,3.026670,0.522480,23031,44,148,192,24544,True,2,True,32319,160,160,11794
Reduced,3.029383,0.525194,23032,44,148,192,24544,True,2,True,32319,160,160,11794
Reduced,3.032162,0.527973,23033,44,148,192,24544,True,2,True,32319,160,160,11794
Reduced,3.035250,0.531061,23034,44,148,192,24544,True,2,True,40675,160,160,11794
Reduced,3.038416,0.534227,23035,44,148,192,24544,True,2,True,39619,160,160,11794
Reduced,3.041521,0.537331,23036,44,148,192,24544,True,2,True,39131,160,160,11794
Reduced,3.044272,0.540082,23037,0,192,192,24544,True,2,True,32319,160,160,11794
Reduced,3.046856,0.542667,23038,0,192,192,24544,True,2,True,32319,116,116,11706
Reduced,3.049533,0.545343,23039,0,192,192,24544,True,2,True,32319,116,116,11706
Reduced,3.052052,0.547863,23040,0,192,192,24544,True,2,True,32319,116,116,11706
Reduced,3.054666,0.550477,23041,0,192,192,24544,True,2,True,32319,116,116,11706
Reduced,3.057577,0.553387,23042,0,192,192,24544,True,2,True,32319,116,116,11706
Reduced,3.060136,0.555946,23043,0,192,192,24544,True,2,True,32319,116,116,11706
Reduced,3.062637,0.558448,23044,0,192,192,24544,True,2,True,32319,116,116,11706
Reduced,3.065397,0.561208,23045,0,192,192,24544,True,2,True,32319,116,116,11706
Reduced,3.067967,0.563777,23046,0,192,192,24544,True,2,True,32319,116,116,11706
Reduced,3.070445,0.566255,23047,0,192,192,24544,True,2,True,32319,116,116,11706
Reduced,3.073251,0.569061,23048,0,192,192,24544,True,2,True,32319,116,116,11706
Reduced,3.076110,0.571920,23049,0,192,192,24544,True,2,True,32319,116,116,11706
Reduced,3.078813,0.574624,23050,0,192,192,24544,True,2,True,32319,116,116,11706
Reduced,3.081417,0.577228,23051,0,192,192,24544,True,2,True,32319,116,116,11706
Reduced,3.083922,0.579733,23052,0,192,192,24544,True,2,True,32319,116,116,11706
Reduced,3.086415,0.582226,23053,0,192,192,24544,True,2,True,32319,116,116,11706
Reduced,3.089266,0.585076,23054,0,192,192,24544,True,2,True,32319,116,116,11706
Reduced,3.092054,0.587865,23055,0,192,192,24544,True,2,True,32319,116,116,11706
Reduced,3.094650,0.590461,23056,0,192,192,24544,True,2,True,32319,116,116,11706
Reduced,3.097485,0.593296,23057,0,192,192,24544,True,2,True,32319,116,116,11706
Reduced,3.100292,0.596102,23058,0,192,192,24544,True,2,True,32319,116,116,11706
Reduced,3.102702,0.598512,23059,0,192,192,24544,True,2,True,32319,116,116,11706
Reduced,3.105248,0.601058,23060,0,192,192,24544,True,2,True,32319,116,116,11706
Reduced,3.108205,0.604015,23061,0,192,192,24544,True,2,True,32319,116,116,11706
Reduced,3.110827,0.606638,23062,0,192,192,24544,True,2,True,32319,116,116,11706
Reduced,3.113422,0.609232,23063,0,192,192,24544,True,2,True,32319,116,116,11706
Reduced,3.116896,0.612707,23064,0,192,192,24544,True,2,True,32319,116,116,11706
Reduced,3.120073,0.615884,23065,0,192,192,24544,True,2,True,32319,116,116,11706
Reduced,3.122973,0.618783,23066,0,192,192,24544,True,2,True,32319,116,116,11706
Reduced,3.125636,0.621446,23067,0,192,192,24544,True,2,True,32319,116,116,11706
Reduced,3.128755,0.624566,23068,0,192,192,24544,True,2,True,32319,116,116,11706
Reduced,3.131994,0.627805,23069,0,192,192,24544,True,2,True,32319,116,116,11706
Reduced,3.134972,0.630783,23070,0,192,192,24544,True,2,True,32319,116,116,11706
Reduced,3.137861,0.633671,23071,0,192,192,24544,True,2,True,32319,116,116,11706
Reduced,3.140669,0.636480,23072,0,192,192,24544,True,2,True,32319,116,116,11706
Reduced,3.143593,0.639403,23073,0,192,192,24544,True,2,True,32319,116,116,11706
Reduced,3.146661,0.642472,23074,0,192,192,24544,True,2,True,32319,116,116,11706
Reduced,3.149645,0.645456,23075,0,192,192,24544,True,2,True,32319,116,116,11706
Reduced,3.152350,0.648161,23076,0,192,192,24544,True,2,True,32319,116,116,11706
Reduced,3.155115,0.650925,23077,0,192,192,24544,True,2,True,32319,116,116,11706
Reduced,3.158602,0.654413,23078,0,192,192,24544,True,2,True,32707,116,116,11706
Reduced,3.161532,0.657342,23079,0,192,192,24544,True,2,True,32319,117,117,11708
Reduced,3.164557,0.660368,23080,0,192,192,24544,True,2,True,32319,117,117,11708
Reduced,3.167363,0.663173,23081,0,192,192,24544,True,2,True,32319,117,117,11708
Reduced,3.170415,0.666225,23082,0,192,192,24544,True,2,True,32319,117,117,11708
Reduced,3.173754,0.669565,23083,0,192,192,24544,True,2,True,32319,117,117,11708
Reduced,3.176632,0.672442,23084,0,192,192,24544,True,2,True,32319,117,117,11708
Reduced,3.179264,0.675075,23085,0,192,192,24544,True,2,True,32319,117,117,11708
Reduced,3.181860,0.677671,23086,0,192,192,24544,True,2,True,32319,117,117,11708
Reduced,3.184774,0.680585,23087,0,192,192,24544,True,2,True,32319,117,117,11708
Reduced,3.188306,0.684117,23088,0,192,192,24544,True,2,True,40675,117,117,11708
Reduced,3.191864,0.687674,23089,0,192,192,24544,True,2,True,39131,117,117,11708
Reduced,3.194670,0.690480,23090,0,192,192,24544,True,2,True,32319,117,117,11708
Reduced,3.197755,0.693566,23091,0,192,192,24544,True,2,True,32319,117,117,11708
Reduced,3.200603,0.696413,23092,0,192,192,24544,True,2,True,32319,117,117,11708
Reduced,3.203274,0.699085,23093,0,192,192,24544,True,2,True,32319,117,117,11708
Reduced,3.206161,0.701971,23094,0,192,192,24544,True,2,True,32319,117,117,11708
Reduced,3.208830,0.704641,23095,0,192,192,24544,True,2,True,32319,117,117,11708
Reduced,3.211323,0.707133,23096,0,192,192,24544,True,2,True,32319,117,117,11708
Reduced,3.214102,0.709913,23097,0,192,192,24544,True,2,True,32319,117,117,11708
Reduced,3.216838,0.712649,23098,0,192,192,24544,True,2,True,32319,117,117,11708
Reduced,3.219441,0.715251,23099,0,192,192,24544,True,2,True,32319,117,117,11708
Reduced,3.222365,0.718175,23100,0,192,192,24544,True,2,True,32319,116,116,11706
Reduced,3.225110,0.720921,23101,0,192,192,24544,True,2,True,32319,115,115,11700
Reduced,3.227823,0.723633,23102,0,192,192,24544,True,2,True,32319,115,115,11700
Reduced,3.230646,0.726456,23103,0,192,192,24544,True,2,True,32319,115,115,11700
Reduced,3.233420,0.729230,23104,0,192,192,24544,True,2,True,32319,115,115,11700
Reduced,3.236177,0.731987,23105,0,192,192,24544,True,2,True,32319,115,115,11700
Reduced,3.239064,0.734875,23106,0,192,192,24544,True,2,True,32371,115,115,11700
Reduced,3.241750,0.737561,23107,0,192,192,24544,True,2,True,32319,115,115,11700
Reduced,3.244339,0.740150,23108,0,192,192,24544,True,2,True,32319,115,115,11700
Reduced,3.246958,0.742769,23109,0,192,192,24544,True,2,True,32319,115,115,11700
Reduced,3.249433,0.745244,23110,0,192,192,24544,True,2,True,32319,114,114,11698
Reduced,3.252178,0.747988,23111,0,192,192,24544,True,2,True,32319,114,114,11698
Reduced,3.254924,0.750735,23112,0,192,192,24544,True,2,True,32319,114,114,11698
Reduced,3.257571,0.753382,23113,0,192,192,24544,True,2,True,32319,114,114,11698
Reduced,3.260230,0.756040,23114,0,192,192,24544,True,2,True,32319,114,114,11698
Reduced,3.262943,0.758753,23115,0,192,192,24544,True,2,True,32319,114,114,11698
Reduced,3.265619,0.761429,23116,0,192,192,24544,True,2,True,32319,114,114,11698
Reduced,3.268297,0.764108,23117,0,192,192,24544,True,2,True,32319,114,114,11698
Reduced,3.270913,0.766723,23118,0,192,192,24544,True,2,True,32319,114,114,11698
Reduced,3.273524,0.769335,23119,0,192,192,24544,True,2,True,32319,114,114,11698
Reduced,3.276114,0.771924,23120,0,192,192,24544,True,2,True,32707,114,114,11698
Reduced,3.278600,0.774411,23121,0,192,192,24544,True,2,True,32319,114,114,11698
Reduced,3.281551,0.777361,23122,0,192,192,24544,True,2,True,32319,114,114,11698
Reduced,3.284230,0.780040,23123,0,192,192,24544,True,2,True,32319,114,114,11698
Reduced,3.286739,0.782549,23124,0,192,192,24544,True,2,True,32319,114,114,11698
Reduced,3.289382,0.785193,23125,0,192,192,24544,True,2,True,32319,114,114,11698
Reduced,3.291975,0.787786,23126,0,192,192,24544,True,2,True,32319,114,114,11698
Reduced,3.294513,0.790324,23127,0,192,192,24544,True,2,True,32319,114,114,11698
Reduced,3.297142,0.792952,23128,0,192,192,24544,True,2,True,32319,114,114,11698
Reduced,3.300199,0.796009,23129,0,192,192,24544,True,2,True,32319,114,114,11698
Reduced,3.302929,0.798740,23130,0,192,192,24544,True,2,True,32319,114,114,11698
Reduced,3.305768,0.801579,23131,0,192,192,24544,True,2,True,32319,114,114,11698
Reduced,3.308415,0.804225,23132,0,192,192,24544,True,2,True,32319,114,114,11698
Reduced,3.310972,0.806783,23133,0,192,192,24544,True,2,True,32319,114,114,11698
Reduced,3.313626,0.809436,23134,0,192,192,24544,False,2,True,32319,114,114,11698
Reduced,3.316343,0.812153,23135,0,192,192,24544,False,2,True,32319,114,114,11698
Reduced,3.318775,0.814585,23136,0,192,192,24544,False,2,True,32319,114,114,11698
Reduced,3.321374,0.817184,23137,0,192,192,24544,False,2,True,32319,114,114,11698
Reduced,3.324148,0.819958,23138,0,192,192,24544,False,2,True,32319,114,114,11698
Reduced,3.326772,0.822583,23139,0,192,192,24544,False,2,True,32319,114,114,11698
Reduced,3.329471,0.825281,23140,0,192,192,24544,False,2,True,32319,114,114,11698
Reduced,3.332176,0.827987,23141,0,192,192,24544,False,2,True,32319,114,114,11698
Reduced,3.334792,0.830602,23142,0,192,192,24544,False,2,True,32319,114,114,11698
Reduced,3.337946,0.833756,23143,0,192,192,24544,False,2,True,40675,114,114,11698
Reduced,3.341050,0.836860,23144,0,192,192,24544,False,2,True,39131,114,114,11698
Reduced,3.343949,0.839759,23145,0,192,192,24544,False,2,True,32319,114,114,11698
Reduced,3.347192,0.843003,23146,0,192,192,24544,False,2,True,32319,114,114,11698
Reduced,3.350167,0.845978,23147,0,192,192,24544,False,2,True,32319,114,114,11698
Reduced,3.352864,0.848674,23148,0,192,192,24544,False,2,True,32319,114,114,11698
Reduced,3.355692,0.851502,23149,0,192,192,24544,False,2,True,32319,114,114,11698
Reduced,3.358444,0.854255,23150,0,192,192,24544,False,2,True,32319,114,114,11698
Reduced,3.361009,0.856820,23151,0,192,192,24544,False,2,True,32319,114,114,11698
Reduced,3.363524,0.859334,23152,0,192,192,24544,False,2,True,32319,114,114,11698
Reduced,3.366159,0.861970,23153,0,192,192,24544,False,2,True,32319,114,114,11698
Reduced,3.368592,0.864403,23154,0,192,192,24544,False,2,True,32319,114,114,11698
Reduced,3.371254,0.867065,23155,0,192,192,24544,False,2,True,32319,114,114,11698
Reduced,3.374244,0.870054,23156,0,192,192,24544,False,2,True,32319,114,114,11698
Reduced,3.376857,0.872668,23157,0,192,192,24544,False,2,True,32319,114,114,11698
Reduced,3.379566,0.875377,23158,0,192,192,24544,False,2,True,32319,114,114,11698
Reduced,3.382749,0.878560,23159,0,192,192,24544,False,2,True,32319,114,114,11698
Reduced,3.385568,0.881378,23160,0,192,192,24544,False,2,True,32319,114,114,11698
Reduced,3.388376,0.884187,23161,0,192,192,24544,False,2,True,32319,114,114,11698
Reduced,3.391171,0.886982,23162,0,192,192,24544,False,2,True,32319,114,114,11698
Reduced,3.393591,0.889402,23163,0,192,192,24544,False,2,True,32319,114,114,11698
Reduced,3.396401,0.892211,23164,0,192,192,24544,False,2,True,32707,114,114,11698
Reduced,3.399242,0.895053,23165,0,192,192,24544,False,2,True,32319,115,115,11700
Reduced,3.401885,0.897696,23166,0,192,192,24544,False,2,True,32319,115,115,11700
Reduced,3.404539,0.900349,23167,0,192,192,24544,False,2,True,32319,115,115,11700
Reduced,3.407440,0.903251,23168,0,192,192,24544,False,2,True,32319,115,115,11700
Reduced,3.410200,0.906011,23169,0,192,192,24544,False,2,True,32319,115,115,11700
Reduced,3.413148,0.908958,23170,0,192,192,24544,False,2,True,32319,115,115,11700
Reduced,3.415829,0.911640,23171,0,192,192,24544,False,2,True,32319,115,115,11700
Reduced,3.419022,0.914833,23172,0,192,192,24544,False,2,True,32319,115,115,11700
Reduced,3.422115,0.917925,23173,0,192,192,24544,False,2,True,32319,115,115,11700
Reduced,3.425167,0.920978,23174,0,192,192,24544,False,2,True,32319,115,115,11700
Reduced,3.427980,0.923790,23175,0,192,192,24544,False,2,True,32319,115,115,11700
Reduced,3.430670,0.926480,23176,0,192,192,24544,False,2,True,32319,115,115,11700
Reduced,3.433517,0.929328,23177,0,192,192,24544,False,2,True,32319,115,115,11700
Reduced,3.435901,0.931712,23178,0,192,192,24544,False,2,True,32987,115,115,11700
Reduced,3.438459,0.934269,23179,0,192,192,24544,False,2,True,32319,115,115,11700
Reduced,3.441041,0.936852,23180,0,192,192,24544,False,2,True,32371,115,115,11700
Reduced,3.443792,0.939602,23181,0,192,192,24544,False,2,True,32319,115,115,11700
Reduced,3.446672,0.942482,23182,0,192,192,24544,False,2,True,32793,115,115,11700
Reduced,3.449617,0.945428,23183,0,192,192,24544,False,2,True,32319,115,115,11700
Reduced,3.452473,0.948283,23184,0,192,192,24544,False,2,True,32319,115,115,11700
Reduced,3.455173,0.950983,23185,0,192,192,24544,False,2,True,32319,115,115,11700
Reduced,3.458042,0.953853,23186,0,192,192,24544,False,2,True,32319,115,115,11700
Reduced,3.460723,0.956534,23187,0,192,192,24544,False,2,True,32319,115,115,11700
Reduced,3.463447,0.959257,23188,0,192,192,24544,False,2,True,32319,115,115,11700
Reduced,3.466091,0.961902,23189,0,192,192,24544,False,2,True,32319,115,115,11700
Reduced,3.468559,0.964370,23190,0,192,192,24544,False,2,True,32319,115,115,11700
Reduced,3.471145,0.966956,23191,0,192,192,24544,False,2,True,32319,115,115,11700
Reduced,3.473951,0.969761,23192,0,192,192,24544,False,2,True,32319,115,115,11700
Reduced,3.476807,0.972617,23193,0,192,192,24544,False,2,True,32319,115,115,11700
Reduced,3.479545,0.975355,23194,0,192,192,24544,False,2,True,32319,115,115,11700
Reduced,3.482132,0.977943,23195,0,192,192,24544,False,2,True,32319,115,115,11700
Reduced,3.484707,0.980518,23196,0,192,192,24544,False,2,True,32319,115,115,11700
Reduced,3.487473,0.983284,23197,0,192,192,24544,False,2,True,32319,115,115,11700
Reduced,3.491044,0.986855,23198,0,192,192,24544,False,2,True,40675,115,115,11700
Reduced,3.494055,0.989865,23199,0,192,192,24544,False,2,True,39131,115,115,11700
Reduced,3.496748,0.992559,23200,0,192,192,24544,False,2,True,32319,115,115,11700
Reduced,3.499373,0.995184,23201,0,192,192,24544,False,2,True,32319,115,115,11700
Reduced,3.501822,0.997633,23202,0,192,192,24544,False,2,True,32319,115,115,11700
Reduced,3.504456,1.000267,23203,0,192,192,24544,False,2,True,32319,115,115,11700
Reduced,3.507244,1.003054,23204,0,192,192,24544,False,2,True,32319,115,115,11700
Reduced,3.509935,1.005746,23205,0,192,192,24544,False,2,True,32319,115,115,11700
Reduced,3.512716,1.008527,23206,0,192,192,24544,False,2,True,32319,114,114,11698
Reduced,3.515466,1.011277,23207,0,192,192,24544,False,2,True,32319,114,114,11698
Reduced,3.518203,1.014014,23208,0,192,192,24544,False,2,True,32707,114,114,11698
Reduced,3.520992,1.016802,23209,0,192,192,24544,False,2,True,32319,114,114,11698
Reduced,3.524314,1.020125,23210,0,192,192,24544,False,2,True,32319,114,114,11698
Reduced,3.527277,1.023088,23211,0,192,192,24544,False,2,True,32319,114,114,11698
Reduced,3.530060,1.025871,23212,0,192,192,24544,False,2,True,32319,114,114,11698
Reduced,3.532997,1.028808,23213,0,192,192,24544,False,2,True,32319,114,114,11698
Reduced,3.535676,1.031487,23214,0,192,192,24544,False,2,True,32319,114,114,11698
Reduced,3.538310,1.034121,23215,0,192,192,24544,False,2,True,32319,114,114,11698
Reduced,3.541148,1.036958,23216,0,192,192,24544,False,2,True,32319,114,114,11698
Reduced,3.543746,1.039557,23217,0,192,192,24544,False,2,True,32319,114,114,11698
Reduced,3.546543,1.042354,23218,0,192,192,24544,False,2,True,32319,114,114,11698
Reduced,3.549339,1.045149,23219,0,192,192,24544,False,2,True,32319,114,114,11698
Reduced,3.552125,1.047936,23220,0,192,192,24544,False,2,True,32319,114,114,11698
Reduced,3.554987,1.050797,23221,0,192,192,24544,False,2,True,32319,114,114,11698
Reduced,3.557724,1.053534,23222,0,192,192,24544,False,2,True,32319,114,114,11698
Reduced,3.560272,1.056083,23223,0,192,192,24544,False,2,True,32319,114,114,11698
Reduced,3.562928,1.058738,23224,0,192,192,24544,False,2,True,32319,114,114,11698
Reduced,3.565453,1.061264,23225,0,192,192,24544,False,2,True,32319,114,114,11698
Reduced,3.568072,1.063883,23226,0,192,192,24544,False,2,True,32319,114,114,11698
Reduced,3.570711,1.066522,23227,0,192,192,24544,False,2,True,32319,114,114,11698
Reduced,3.573529,1.069340,23228,0,192,192,24544,False,2,True,32319,114,114,11698
Reduced,3.576151,1.071961,23229,0,192,192,24544,False,2,True,32319,114,114,11698
Reduced,3.578623,1.074434,23230,0,192,192,24544,False,2,True,32319,114,114,11698
Reduced,3.581398,1.077209,23231,0,192,192,24544,False,2,True,32319,114,114,11698
Reduced,3.584253,1.080063,23232,0,192,192,24544,False,2,True,32319,114,114,11698
Reduced,3.586888,1.082698,23233,0,192,192,24544,False,2,True,32319,114,114,11698
Reduced,3.589650,1.085461,23234,0,192,192,24544,False,2,True,32319,114,114,11698
Reduced,3.592358,1.088168,23235,0,192,192,24544,False,2,True,32319,114,114,11698
Reduced,3.594976,1.090787,23236,0,192,192,24544,False,2,True,32319,114,114,11698
Reduced,3.597666,1.093476,23237,0,192,192,24544,False,2,True,32319,114,114,11698
Reduced,3.600231,1.096041,23238,0,192,192,24544,False,2,True,32319,114,114,11698
Reduced,3.602720,1.098530,23239,0,192,192,24544,False,2,True,32319,114,114,11698
Reduced,3.605247,1.101057,23240,0,192,192,24544,False,2,True,32319,114,114,11698
Reduced,3.608501,1.104312,23241,0,192,192,24544,False,2,True,32319,114,114,11698
Reduced,3.611047,1.106858,23242,0,192,192,24544,False,2,True,32319,114,114,11698
Reduced,3.613630,1.109441,23243,0,192,192,24544,False,2,True,32319,114,114,11698
Reduced,3.616351,1.112161,23244,0,192,192,24544,False,2,True,32319,114,114,11698
Reduced,3.619113,1.114924,23245,0,192,192,24544,False,2,True,32319,114,114,11698
Reduced,3.621983,1.117793,23246,0,192,192,24544,False,2,True,32319,114,114,11698
Reduced,3.624855,1.120666,23247,0,192,192,24544,False,2,True,32319,114,114,11698
Reduced,3.627530,1.123341,23248,0,192,192,24544,False,2,True,32319,114,114,11698
Reduced,3.630544,1.126355,23249,0,192,192,24544,False,2,True,32319,114,114,11698
Reduced,3.633527,1.129337,23250,0,192,192,24544,False,2,True,32319,114,114,11698
Reduced,3.636114,1.131925,23251,0,192,192,24544,False,2,True,32707,114,114,11698
Reduced,3.638678,1.134488,23252,0,192,192,24544,False,2,True,32319,114,114,11698
Reduced,3.642119,1.137929,23253,0,192,192,24544,False,2,True,40727,114,114,11698
Reduced,3.645159,1.140969,23254,0,192,192,24544,False,2,True,39179,114,114,11698
Reduced,3.648464,1.144275,23255,0,192,192,24544,False,2,True,39131,113,113,11696
Reduced,3.651281,1.147091,23256,0,192,192,24544,False,2,True,32319,113,113,11696
Reduced,3.654171,1.149982,23257,0,192,192,24544,False,2,True,32319,113,113,11696
Reduced,3.657152,1.152962,23258,0,192,192,24544,False,2,True,32319,113,113,11696
Reduced,3.659852,1.155663,23259,0,192,192,24544,False,2,True,32319,113,113,11696
Reduced,3.662654,1.158464,23260,0,192,192,24544,False,2,True,32319,113,113,11696
Reduced,3.665567,1.161378,23261,0,192,192,24544,False,2,True,32319,113,113,11696
Reduced,3.668101,1.163911,23262,0,192,192,24544,False,2,True,32319,113,113,11696
Reduced,3.670698,1.166508,23263,0,192,192,24544,False,2,True,32319,113,113,11696
Reduced,3.673429,1.169239,23264,0,192,192,24544,False,2,True,32319,113,113,11696
Reduced,3.675997,1.171807,23265,0,192,192,24544,False,2,True,32319,113,113,11696
Reduced,3.678560,1.174371,23266,0,192,192,24544,False,2,True,32319,113,113,11696
Reduced,3.681440,1.177250,23267,0,192,192,24544,False,2,True,32319,113,113,11696
Reduced,3.684017,1.179828,23268,0,192,192,24544,False,2,True,32319,113,113,11696
Reduced,3.686582,1.182393,23269,0,192,192,24544,False,2,True,32319,113,113,11696
Reduced,3.689555,1.185366,23270,0,192,192,24544,False,2,True,32319,112,112,11694
Reduced,3.692333,1.188143,23271,0,192,192,24544,False,2,True,32319,112,112,11694
Reduced,3.694814,1.190625,23272,0,192,192,24544,False,2,True,32319,112,112,11694
Reduced,3.697503,1.193314,23273,0,192,192,24544,False,2,True,32319,112,112,11694
Reduced,3.700239,1.196049,23274,0,192,192,24544,False,2,True,32319,112,112,11694
Reduced,3.702821,1.198632,23275,0,192,192,24544,False,2,True,32319,112,112,11694
Reduced,3.705490,1.201301,23276,0,192,192,24544,False,2,True,32319,112,112,11694
Reduced,3.708073,1.203883,23277,0,192,192,24544,False,2,True,32319,112,112,11694
Reduced,3.710726,1.206537,23278,0,192,192,24544,False,2,True,32319,112,112,11694
Reduced,3.713439,1.209250,23279,0,192,192,24544,False,2,True,32319,112,112,11694
Reduced,3.716145,1.211956,23280,0,192,192,24544,False,2,True,32319,112,112,11694
Reduced,3.718867,1.214678,23281,0,192,192,24544,False,2,True,32319,112,112,11694
Reduced,3.721597,1.217408,23282,0,192,192,24544,False,2,True,32319,112,112,11694
Reduced,3.724328,1.220139,23283,0,192,192,24544,False,2,True,32319,112,112,11694
Reduced,3.726851,1.222661,23284,0,192,192,24544,False,2,True,32319,112,112,11694
Reduced,3.729363,1.225173,23285,0,192,192,24544,False,2,True,32319,112,112,11694
Reduced,3.732136,1.227946,23286,0,192,192,24544,False,2,True,32319,112,112,11694
Reduced,3.734901,1.230711,23287,0,192,192,24544,False,2,True,32319,112,112,11694
Reduced,3.737609,1.233420,23288,0,192,192,24544,False,2,True,32319,112,112,11694
Reduced,3.740252,1.236063,23289,0,192,192,24544,False,2,True,32319,112,112,11694
Reduced,3.742783,1.238593,23290,0,192,192,24544,False,2,True,32319,112,112,11694
Reduced,3.745208,1.241019,23291,0,192,192,24544,False,2,True,32319,112,112,11694
Reduced,3.747849,1.243660,23292,0,192,192,24544,False,2,True,32319,112,112,11694
Reduced,3.750542,1.246353,23293,0,192,192,24544,False,2,True,32319,112,112,11694
Reduced,3.753066,1.248877,23294,0,192,192,24544,False,2,True,32319,112,112,11694
Off,3.755665,0.000000,23295,0,192,192,24544,False,2,False,32707,112,112,11694
Off,3.774083,0.018418,23296,0,192,192,24544,False,2,False,167723,113,113,11696
Off,3.776879,0.021214,23297,0,192,192,24544,False,2,False,32319,113,113,11696
Off,3.779522,0.023857,23298,0,192,192,24544,False,2,False,32319,113,113,11696
Off,3.782354,0.026689,23299,0,192,192,24544,False,2,False,32319,113,113,11696
Off,3.785074,0.029410,23300,0,192,192,24544,False,2,False,32319,113,113,11696
Off,3.787875,0.032210,23301,0,192,192,24544,False,2,False,32319,113,113,11696
Off,3.790789,0.035124,23302,0,192,192,24544,False,2,False,32319,113,113,11696
Off,3.793979,0.038314,23303,0,192,192,24544,False,2,False,40675,113,113,11696
Off,3.797408,0.041743,23304,0,192,192,24544,False,2,False,39131,113,113,11696
Off,3.800410,0.044746,23305,0,192,192,24544,False,2,False,32319,113,113,11696
Off,3.803125,0.047460,23306,0,192,192,24544,False,2,False,32319,113,113,11696
Off,3.805901,0.050236,23307,0,192,192,24544,False,2,False,32319,113,113,11696
Off,3.808962,0.053298,23308,0,192,192,24544,False,2,False,32319,113,113,11696
Off,3.811628,0.055964,23309,0,192,192,24544,False,2,False,32319,113,113,11696
Off,3.814476,0.058811,23310,0,192,192,24544,False,2,False,32319,113,113,11696
Off,3.817094,0.061429,23311,0,192,192,24544,False,2,False,32319,113,113,11696
Off,3.819668,0.064003,23312,0,192,192,24544,False,2,False,32319,113,113,11696
Off,3.822558,0.066893,23313,0,192,192,24544,False,2,False,32319,113,113,11696
Off,3.825388,0.069724,23314,0,192,192,24544,False,2,False,32319,113,113,11696
Off,3.828037,0.072373,23315,0,192,192,24544,False,2,False,32319,113,113,11696
Off,3.830916,0.075251,23316,0,192,192,24544,False,2,False,32319,113,113,11696
Off,3.833569,0.077904,23317,0,192,192,24544,False,2,False,32319,113,113,11696
Off,3.836009,0.080344,23318,0,192,192,24544,False,2,False,32319,113,113,11696
Off,3.838645,0.082980,23319,0,192,192,24544,False,2,False,32319,113,113,11696
Off,3.841375,0.085710,23320,0,192,192,24544,False,2,False,32319,113,113,11696
Off,3.844072,0.088407,23321,0,192,192,24544,False,2,False,32371,113,113,11696
Off,3.846851,0.091186,23322,0,192,192,24544,False,2,False,32319,113,113,11696
Off,3.849673,0.094009,23323,0,192,192,24544,False,2,False,32319,113,113,11696
Off,3.852374,0.096709,23324,0,192,192,24544,False,2,False,32319,113,113,11696
Off,3.855168,0.099503,23325,0,192,192,24544,False,2,False,32319,113,113,11696
Off,3.858029,0.102365,23326,0,192,192,24544,False,3,True,32319,113,113,11696
Off,3.877584,0.121919,23327,0,192,192,24544,False,3,True,314844,113,113,11696
Off,3.880872,0.125208,23328,0,192,192,24544,False,3,True,32707,114,114,11702
Off,3.883745,0.128080,23329,0,192,192,24544,False,3,True,32319,115,115,11704
Off,3.886356,0.130691,23330,0,192,192,24544,False,3,True,32319,115,115,11704
Off,3.889283,0.133618,23331,0,192,192,24544,False,3,True,32319,115,115,11704
Off,3.891987,0.136323,23332,0,192,192,24544,False,3,True,32319,115,115,11704
Off,3.894421,0.138756,23333,0,192,192,24544,False,3,True,32319,115,115,11704
Off,3.896848,0.141183,23334,0,192,192,24544,False,3,True,32319,115,115,11704
Off,3.899882,0.144218,23335,0,192,192,24544,False,3,True,32319,115,115,11704
Off,3.902521,0.146857,23336,0,192,192,24544,False,3,True,32319,115,115,11704
Off,3.905167,0.149502,23337,0,192,192,24544,False,3,True,32319,115,115,11704
Off,3.907744,0.152079,23338,0,192,192,24544,False,3,True,32319,115,115,11704
Off,3.910413,0.154748,23339,0,192,192,24544,False,3,True,32319,115,115,11704
Off,3.913258,0.157593,23340,0,192,192,24544,False,3,True,32319,115,115,11704
Off,3.916975,0.161310,23341,0,192,192,24544,False,3,True,32319,115,115,11704
Off,3.919732,0.164067,23342,0,192,192,24544,False,3,True,32319,115,115,11704
Off,3.922706,0.167041,23343,0,192,192,24544,False,3,True,32319,115,115,11704
Off,3.925629,0.169964,23344,0,192,192,24544,False,3,True,32319,115,115,11704
Off,3.928185,0.172520,23345,0,192,192,24544,False,3,True,32319,115,115,11704
Off,3.930971,0.175306,23346,0,192,192,24544,False,3,True,32319,115,115,11704
Off,3.933922,0.178257,23347,0,192,192,24544,False,3,True,32319,115,115,11704
Off,3.936649,0.180985,23348,0,192,192,24544,False,3,True,32319,115,115,11704
Off,3.939368,0.183704,23349,0,192,192,24544,False,3,True,32319,115,115,11704
Off,3.942343,0.186679,23350,0,192,192,24544,False,3,True,32319,115,115,11704
Off,3.945686,0.190021,23351,0,192,192,24544,False,3,True,40675,115,115,11704
Off,3.948854,0.193189,23352,0,192,192,24544,False,3,True,39131,115,115,11704
Off,3.951547,0.195883,23353,0,192,192,24544,False,3,True,32319,115,115,11704
Off,3.954369,0.198704,23354,0,192,192,24544,False,3,True,32319,115,115,11704
Off,3.957297,0.201632,23355,0,192,192,24544,False,3,True,32319,115,115,11704
Off,3.959966,0.204301,23356,0,192,192,24544,False,3,True,32319,115,115,11704
Off,3.962751,0.207086,23357,0,192,192,24544,False,3,True,32319,115,115,11704
Off,3.965655,0.209990,23358,0,192,192,24544,False,3,True,32319,115,115,11704
Off,3.968207,0.212542,23359,0,192,192,24544,False,3,True,32319,115,115,11704
Off,3.970763,0.215099,23360,0,192,192,24544,False,3,True,32319,115,115,11704
Off,3.973646,0.217981,23361,0,192,192,24544,False,3,True,32319,115,115,11704
Off,3.976349,0.220684,23362,0,192,192,24544,False,3,True,32319,115,115,11704
Off,3.978990,0.223325,23363,0,192,192,24544,False,3,True,32319,115,115,11704
Off,3.981925,0.226260,23364,0,192,192,24544,False,3,True,32319,115,115,11704
Off,3.984584,0.228919,23365,0,192,192,24544,False,3,True,32319,115,115,11704
Off,3.987162,0.231497,23366,0,192,192,24544,False,3,True,32319,115,115,11704
Off,3.989957,0.234292,23367,0,192,192,24544,False,3,True,32319,115,115,11704
Off,3.992932,0.237267,23368,0,192,192,24544,False,3,True,32319,115,115,11704
Off,3.995734,0.240070,23369,0,192,192,24544,False,3,True,32707,115,115,11704
Off,3.998535,0.242871,23370,0,192,192,24544,False,3,True,32319,115,115,11704
Off,4.001100,0.245435,23371,0,192,192,24544,False,3,True,32319,115,115,11704
Off,4.003562,0.247897,23372,0,192,192,24544,False,3,True,32319,115,115,11704
Off,4.006583,0.250918,23373,0,192,192,24544,False,3,True,32319,115,115,11704
Off,4.009332,0.253667,23374,0,192,192,24544,False,3,True,32319,115,115,11704
Off,4.011834,0.256169,23375,0,192,192,24544,False,3,True,32319,115,115,11704
Off,4.014547,0.258882,23376,0,192,192,24544,False,3,True,32319,115,115,11704
Off,4.017310,0.261645,23377,0,192,192,24544,False,3,True,32319,115,115,11704
Off,4.019936,0.264271,23378,0,192,192,24544,False,3,True,32319,115,115,11704
Off,4.022723,0.267058,23379,0,192,192,24544,False,3,True,32319,115,115,11704
Off,4.025440,0.269775,23380,0,192,192,24544,False,3,True,32319,115,115,11704
Off,4.028013,0.272349,23381,0,192,192,24544,False,3,True,32319,115,115,11704
Off,4.030663,0.274998,23382,0,192,192,24544,False,3,True,32319,115,115,11704
Off,4.033511,0.277846,23383,0,192,192,24544,False,3,True,32319,115,115,11704
Off,4.036827,0.281162,23384,0,192,192,24544,False,3,True,62935,115,115,11704
Off,4.039758,0.284093,23385,0,192,192,24544,False,3,True,32319,115,115,11704
Off,4.042327,0.286662,23386,0,192,192,24544,False,3,True,32319,115,115,11704
Off,4.044870,0.289206,23387,0,192,192,24544,False,3,True,32371,115,115,11704
Off,4.047647,0.291982,23388,0,192,192,24544,False,3,True,32319,115,115,11704
Off,4.050375,0.294710,23389,0,192,192,24544,False,3,True,32319,115,115,11704
Off,4.052936,0.297272,23390,0,192,192,24544,False,3,True,32319,115,115,11704
Off,4.055587,0.299922,23391,0,192,192,24544,False,3,True,32319,115,115,11704
Off,4.058401,0.302736,23392,0,192,192,24544,False,3,True,32319,115,115,11704
Off,4.061017,0.305352,23393,0,192,192,24544,False,3,True,32319,115,115,11704
Off,4.063633,0.307969,23394,0,192,192,24544,False,3,True,32319,115,115,11704
Off,4.066366,0.310701,23395,0,192,192,24544,False,3,True,32319,115,115,11704
Off,4.068863,0.313198,23396,0,192,192,24544,False,3,True,32319,115,115,11704
Off,4.071439,0.315774,23397,0,192,192,24544,False,3,True,32319,115,115,11704
Off,4.074223,0.318558,23398,0,192,192,24544,False,3,True,32319,115,115,11704
Off,4.076939,0.321275,23399,0,192,192,24544,False,3,True,32319,115,115,11704
Off,4.079547,0.323882,23400,0,192,192,24544,False,3,True,32319,115,115,11704
Off,4.082227,0.326562,23401,0,192,192,24544,False,3,True,32319,115,115,11704
Off,4.084823,0.329158,23402,0,192,192,24544,False,3,True,32319,115,115,11704
Off,4.087576,0.331911,23403,0,192,192,24544,False,3,True,32319,115,115,11704
Off,4.090328,0.334664,23404,0,192,192,24544,False,3,True,32319,115,115,11704
Off,4.092884,0.337219,23405,0,192,192,24544,False,3,True,32319,115,115,11704
Off,4.096039,0.340374,23406,0,192,192,24544,False,3,True,40675,115,115,11704
Off,4.099557,0.343893,23407,0,192,192,24544,False,3,True,39131,115,115,11704
Off,4.102464,0.346799,23408,0,192,192,24544,False,3,True,32319,115,115,11704
Off,4.105129,0.349464,23409,0,192,192,24544,False,3,True,32319,115,115,11704
Off,4.107745,0.352080,23410,0,192,192,24544,False,3,True,32319,115,115,11704
Off,4.110499,0.354835,23411,0,192,192,24544,False,3,True,32319,115,115,11704
Off,4.113218,0.357553,23412,0,192,192,24544,False,3,True,32319,115,115,11704
Off,4.115840,0.360175,23413,0,192,192,24544,False,3,True,32707,115,115,11704
Off,4.118517,0.362852,23414,0,192,192,24544,False,3,True,32319,115,115,11704
Off,4.121175,0.365510,23415,0,192,192,24544,False,3,True,32319,115,115,11704
Off,4.123957,0.368292,23416,0,192,192,24544,False,3,True,32319,115,115,11704
Off,4.126441,0.370776,23417,0,192,192,24544,False,3,True,32319,115,115,11704
Off,4.129168,0.373503,23418,0,192,192,24544,False,3,True,32319,115,115,11704
Off,4.132189,0.376524,23419,0,192,192,24544,False,3,True,32319,114,114,11702
Off,4.134862,0.379198,23420,0,192,192,24544,False,3,True,32319,114,114,11702
Off,4.137565,0.381900,23421,0,192,192,24544,False,3,True,32319,114,114,11702
Off,4.140275,0.384611,23422,0,192,192,24544,False,3,True,32319,114,114,11702
Off,4.142986,0.387321,23423,0,192,192,24544,False,3,True,32319,114,114,11702
Off,4.145528,0.389863,23424,0,192,192,24544,False,3,True,32319,114,114,11702
Off,4.148330,0.392665,23425,0,192,192,24544,False,3,True,32319,114,114,11702
Off,4.150931,0.395266,23426,0,192,192,24544,False,3,True,32319,114,114,11702
Off,4.153324,0.397659,23427,0,192,192,24544,False,3,True,32319,114,114,11702
Off,4.155842,0.400177,23428,0,192,192,24544,False,3,True,32319,114,114,11702
Off,4.158459,0.402794,23429,0,192,192,24544,False,3,True,32319,114,114,11702
Off,4.160940,0.405276,23430,0,192,192,24544,False,3,True,32319,114,114,11702
Off,4.163665,0.408000,23431,0,192,192,24544,False,3,True,32319,114,114,11702
Off,4.166865,0.411200,23432,0,192,192,24544,False,3,True,32319,114,114,11702
Off,4.169416,0.413751,23433,0,192,192,24544,False,3,True,32319,114,114,11702
Off,4.172090,0.416425,23434,0,192,192,24544,False,3,True,32319,114,114,11702
Off,4.175223,0.419558,23435,0,192,192,24544,False,3,True,32319,114,114,11702
Off,4.177952,0.422287,23436,0,192,192,24544,False,3,True,32319,114,114,11702
Off,4.180564,0.424899,23437,0,192,192,24544,False,3,True,32319,114,114,11702
Off,4.183407,0.427742,23438,0,192,192,24544,False,3,True,32319,114,114,11702
Off,4.186061,0.430396,23439,0,192,192,24544,False,3,True,32319,114,114,11702
Off,4.188748,0.433083,23440,0,192,192,24544,False,3,True,32319,114,114,11702
Off,4.191333,0.435668,23441,0,192,192,24544,False,3,True,32319,114,114,11702
Off,4.193898,0.438234,23442,0,192,192,24544,False,3,True,32319,114,114,11702
Off,4.196710,0.441045,23443,0,192,192,24544,False,3,True,32319,114,114,11702
Off,4.199675,0.444010,23444,0,192,192,24544,False,3,True,32319,114,114,11702
Off,4.202738,0.447073,23445,0,192,192,24544,False,3,True,32319,114,114,11702
Off,4.205311,0.449646,23446,0,192,192,24544,False,3,True,32319,114,114,11702
Off,4.207962,0.452297,23447,0,192,192,24544,False,3,True,32319,114,114,11702
Off,4.210444,0.454779,23448,0,192,192,24544,False,3,True,32319,114,114,11702
Off,4.213047,0.457382,23449,0,192,192,24544,False,3,True,32319,114,114,11702
Off,4.215829,0.460165,23450,0,192,192,24544,False,3,True,32319,114,114,11702
Off,4.218495,0.462831,23451,0,192,192,24544,False,3,True,32319,114,114,11702
Off,4.221161,0.465497,23452,0,192,192,24544,False,3,True,32319,114,114,11702
Off,4.223731,0.468066,23453,0,192,192,24544,False,3,True,32319,114,114,11702
Off,4.226261,0.470596,23454,0,192,192,24544,False,3,True,32319,114,114,11702
Off,4.228746,0.473081,23455,0,192,192,24544,False,3,True,32319,114,114,11702
Off,4.231339,0.475674,23456,0,192,192,24544,False,3,True,32319,114,114,11702
Off,4.233742,0.478077,23457,0,192,192,24544,False,3,True,32319,114,114,11702
Off,4.236228,0.480563,23458,0,192,192,24544,False,3,True,32707,114,114,11702
Off,4.239105,0.483440,23459,0,192,192,24544,False,3,True,32319,114,114,11702
Off,4.242030,0.486365,23460,0,192,192,24544,False,3,True,32319,114,114,11702
Off,4.244830,0.489165,23461,0,192,192,24544,False,3,True,32319,114,114,11702
Off,4.248149,0.492484,23462,0,192,192,24544,False,3,True,40727,114,114,11702
Off,4.251125,0.495461,23463,0,192,192,24544,False,3,True,39131,114,114,11702
Off,4.253627,0.497962,23464,0,192,192,24544,False,3,True,32319,114,114,11702
Off,4.256347,0.500682,23465,0,192,192,24544,False,3,True,32319,114,114,11702
Off,4.258993,0.503328,23466,0,192,192,24544,False,3,True,32319,114,114,11702
Off,4.261543,0.505878,23467,0,192,192,24544,False,3,True,32319,114,114,11702
Off,4.264250,0.508585,23468,0,192,192,24544,False,3,True,32319,114,114,11702
Off,4.266949,0.511284,23469,0,192,192,24544,False,3,True,32319,114,114,11702
Off,4.269541,0.513876,23470,0,192,192,24544,False,3,True,32319,114,114,11702
Off,4.272276,0.516611,23471,0,192,192,24544,False,3,True,32319,114,114,11702
Off,4.275062,0.519397,23472,0,192,192,24544,False,3,True,32319,114,114,11702
Off,4.277621,0.521956,23473,0,192,192,24544,False,3,True,32319,114,114,11702
Off,4.280220,0.524555,23474,0,192,192,24544,False,3,True,32319,114,114,11702
Off,4.282859,0.527194,23475,0,192,192,24544,False,3,True,32319,114,114,11702
Off,4.285348,0.529683,23476,0,192,192,24544,False,3,True,32319,114,114,11702
Off,4.288063,0.532398,23477,0,192,192,24544,False,3,True,32319,114,114,11702
Off,4.290730,0.535065,23478,0,192,192,24544,False,3,True,32319,114,114,11702
Off,4.293297,0.537633,23479,0,192,192,24544,False,3,True,32319,114,114,11702
Off,4.295969,0.540304,23480,0,192,192,24544,False,3,True,32319,114,114,11702
Off,4.298728,0.543064,23481,0,192,192,24544,False,3,True,32319,114,114,11702
Off,4.301252,0.545587,23482,0,192,192,24544,False,3,True,32319,114,114,11702
Off,4.303782,0.548118,23483,0,192,192,24544,False,3,True,32319,114,114,11702
Off,4.306768,0.551103,23484,0,192,192,24544,False,3,True,32319,114,114,11702
Off,4.309570,0.553905,23485,0,192,192,24544,False,3,True,32319,114,114,11702
Off,4.312160,0.556495,23486,0,192,192,24544,False,3,True,32319,114,114,11702
Off,4.314767,0.559102,23487,0,192,192,24544,False,3,True,32319,114,114,11702
Off,4.317234,0.561569,23488,0,192,192,24544,False,3,True,32319,114,114,11702
Off,4.319638,0.563973,23489,0,192,192,24544,False,3,True,32319,114,114,11702
Off,4.322448,0.566783,23490,0,192,192,24544,False,3,True,32319,114,114,11702
Off,4.325316,0.569651,23491,0,192,192,24544,False,3,True,32319,114,114,11702
Off,4.327934,0.572269,23492,0,192,192,24544,False,3,True,32319,114,114,11702
Off,4.330758,0.575094,23493,0,192,192,24544,False,3,True,32319,114,114,11702
Off,4.333474,0.577809,23494,0,192,192,24544,False,3,True,32319,114,114,11702
Off,4.336113,0.580448,23495,0,192,192,24544,False,3,True,32319,114,114,11702
Off,4.338843,0.583178,23496,0,192,192,24544,False,3,True,32319,114,114,11702
Off,4.341843,0.586179,23497,0,192,192,24544,False,3,True,32319,114,114,11702
Off,4.344442,0.588777,23498,0,192,192,24544,False,3,True,32319,114,114,11702
Off,4.347040,0.591376,23499,0,192,192,24544,False,3,True,32319,114,114,11702
Off,4.349655,0.593990,23500,0,192,192,24544,False,3,True,32319,114,114,11702
Off,4.352219,0.596554,23501,0,192,192,24544,False,3,True,32319,114,114,11702
Off,4.354859,0.599194,23502,0,192,192,24544,False,3,True,32319,114,114,11702
Off,4.357652,0.601987,23503,0,192,192,24544,False,3,True,32707,114,114,11702
Off,4.360165,0.604500,23504,0,192,192,24544,False,3,True,32319,115,115,11704
Off,4.362771,0.607106,23505,0,192,192,24544,False,3,True,32319,115,115,11704
Off,4.365520,0.609855,23506,0,192,192,24544,False,3,True,32319,115,115,11704
Off,4.368092,0.612427,23507,0,192,192,24544,False,3,True,32319,115,115,11704
Off,4.370655,0.614991,23508,0,192,192,24544,False,3,True,32319,115,115,11704
Off,4.373227,0.617562,23509,0,192,192,24544,False,3,True,32319,115,115,11704
Off,4.375837,0.620173,23510,0,192,192,24544,False,3,True,32319,115,115,11704
Off,4.378337,0.622673,23511,0,192,192,24544,False,3,True,32319,115,115,11704
Off,4.380981,0.625316,23512,0,192,192,24544,False,3,True,32319,115,115,11704
Off,4.383694,0.628030,23513,0,192,192,24544,False,3,True,32319,115,115,11704
Off,4.386226,0.630561,23514,0,192,192,24544,False,3,True,32319,115,115,11704
Off,4.388853,0.633188,23515,0,192,192,24544,False,3,True,32319,115,115,11704
Off,4.391696,0.636031,23516,0,192,192,24544,False,3,True,32319,115,115,11704
Off,4.394222,0.638557,23517,0,192,192,24544,False,3,True,32319,115,115,11704
Off,4.396825,0.641161,23518,0,192,192,24544,False,3,True,32319,115,115,11704
Off,4.400159,0.644495,23519,0,192,192,24544,False,3,True,40675,115,115,11704
Off,4.403015,0.647350,23520,0,192,192,24544,False,3,True,39131,115,115,11704
Off,4.405528,0.649863,23521,0,192,192,24544,False,3,True,32319,115,115,11704
Off,4.408410,0.652746,23522,0,192,192,24544,False,3,True,32319,115,115,11704
Off,4.410927,0.655262,23523,0,192,192,24544,False,3,True,32319,115,115,11704
Off,4.413418,0.657753,23524,0,192,192,24544,False,3,True,32319,115,115,11704
Off,4.416001,0.660336,23525,0,192,192,24544,False,3,True,32319,115,115,11704
Off,4.418557,0.662892,23526,0,192,192,24544,False,3,True,32319,115,115,11704
Off,4.421267,0.665602,23527,0,192,192,24544,False,3,True,32319,115,115,11704
Off,4.424256,0.668591,23528,0,192,192,24544,False,3,True,32319,115,115,11704
Off,4.426997,0.671332,23529,0,192,192,24544,False,3,True,32319,115,115,11704
Off,4.429752,0.674087,23530,0,192,192,24544,False,3,True,32319,115,115,11704
Off,4.432589,0.676924,23531,0,192,192,24544,False,3,True,32319,115,115,11704
Off,4.435286,0.679621,23532,0,192,192,24544,False,3,True,32319,115,115,11704
Off,4.438193,0.682529,23533,0,192,192,24544,False,3,True,32319,115,115,11704
Off,4.440924,0.685259,23534,0,192,192,24544,False,3,True,32319,115,115,11704
Off,4.443596,0.687931,23535,0,192,192,24544,False,3,True,32319,115,115,11704
Off,4.446252,0.690587,23536,0,192,192,24544,False,3,True,32319,115,115,11704
Off,4.449115,0.693450,23537,0,192,192,24544,False,3,True,32371,115,115,11704
Off,4.451677,0.696012,23538,0,192,192,24544,False,3,True,40479,115,115,11704
Off,4.454274,0.698609,23539,0,192,192,24544,False,3,True,32319,115,115,11704
Off,4.457079,0.701414,23540,0,192,192,24544,False,3,True,32319,115,115,11704
Off,4.459688,0.704023,23541,0,192,192,24544,False,3,True,32319,115,115,11704
Off,4.462255,0.706590,23542,0,192,192,24544,False,3,True,32319,115,115,11704
Off,4.465177,0.709513,23543,0,192,192,24544,False,3,True,32319,115,115,11704
Off,4.467954,0.712290,23544,0,192,192,24544,False,3,True,32319,115,115,11704
Off,4.470595,0.714930,23545,0,192,192,24544,False,3,True,32319,115,115,11704
Off,4.473332,0.717667,23546,0,192,192,24544,False,3,True,32319,115,115,11704
Off,4.476038,0.720373,23547,0,192,192,24544,False,3,True,32707,115,115,11704
Off,4.478535,0.722870,23548,0,192,192,24544,False,3,True,32319,114,114,11698
Off,4.481120,0.725455,23549,0,192,192,24544,False,3,True,32319,114,114,11698
Off,4.483615,0.727951,23550,0,192,192,24544,False,3,True,32319,114,114,11698
Off,4.486139,0.730474,23551,0,192,192,24544,False,3,True,32319,114,114,11698
Off,4.488554,0.732890,23552,0,192,192,24544,False,3,True,32319,114,114,11698
Off,4.491230,0.735565,23553,0,192,192,24544,False,3,True,32319,114,114,11698
Off,4.493850,0.738185,23554,0,192,192,24544,False,3,True,32319,114,114,11698
Off,4.496440,0.740775,23555,0,192,192,24544,False,3,True,32319,114,114,11698
Off,4.498923,0.743258,23556,0,192,192,24544,False,3,True,32319,114,114,11698
Off,4.501462,0.745797,23557,0,192,192,24544,False,3,True,32319,114,114,11698
Off,4.504066,0.748401,23558,0,192,192,24544,False,3,True,32319,114,114,11698
Off,4.506759,0.751095,23559,0,192,192,24544,False,3,True,32319,114,114,11698
Off,4.509390,0.753725,23560,0,192,192,24544,False,3,True,32319,114,114,11698
Off,4.511934,0.756269,23561,0,192,192,24544,False,3,True,32319,114,114,11698
Off,4.514542,0.758877,23562,0,192,192,24544,False,3,True,32319,114,114,11698
Off,4.517579,0.761914,23563,0,192,192,24544,False,3,True,32319,114,114,11698
Off,4.520132,0.764467,23564,0,192,192,24544,False,3,True,32319,114,114,11698
Off,4.522837,0.767172,23565,0,192,192,24544,False,3,True,32319,114,114,11698
Off,4.525382,0.769717,23566,0,192,192,24544,False,3,True,32319,114,114,11698
Off,4.527958,0.772293,23567,0,192,192,24544,False,3,True,32319,114,114,11698
Off,4.530644,0.774979,23568,0,192,192,24544,False,3,True,32319,114,114,11698
Off,4.533387,0.777722,23569,0,192,192,24544,False,3,True,32319,114,114,11698
Off,4.535919,0.780254,23570,0,192,192,24544,False,3,True,32319,114,114,11698
Off,4.538447,0.782782,23571,0,192,192,24544,False,3,True,32319,114,114,11698
Off,4.540922,0.785257,23572,0,192,192,24544,False,3,True,32543,114,114,11698
Off,4.543376,0.787711,23573,0,192,192,24544,False,3,True,32319,114,114,11698
Off,4.545940,0.790275,23574,0,192,192,24544,False,3,True,32319,114,114,11698
Off,4.548542,0.792878,23575,0,192,192,24544,False,3,True,32319,114,114,11698
Off,4.551515,0.795850,23576,0,192,192,24544,False,3,True,40675,114,114,11698
Off,4.554440,0.798775,23577,0,192,192,24544,False,3,True,39131,114,114,11698
Off,4.557138,0.801474,23578,0,192,192,24544,False,3,True,32319,114,114,11698
Off,4.559701,0.804036,23579,0,192,192,24544,False,3,True,32319,114,114,11698
Off,4.562283,0.806618,23580,0,192,192,24544,False,3,True,32319,114,114,11698
Off,4.564928,0.809263,23581,0,192,192,24544,False,3,True,32319,114,114,11698
Off,4.567410,0.811746,23582,0,192,192,24544,False,3,True,32319,114,114,11698
Off,4.569957,0.814293,23583,0,192,192,24544,False,3,True,32319,114,114,11698
Off,4.572642,0.816977,23584,0,192,192,24544,False,3,True,32319,114,114,11698
Off,4.575195,0.819530,23585,0,192,192,24544,False,3,True,32319,114,114,11698
Off,4.577715,0.822050,23586,0,192,192,24544,False,3,True,32319,114,114,11698
Off,4.580149,0.824484,23587,0,192,192,24544,False,3,True,32319,114,114,11698
Off,4.582730,0.827065,23588,0,192,192,24544,False,3,True,32319,114,114,11698
Off,4.585191,0.829526,23589,0,192,192,24544,False,3,True,32319,114,114,11698
Off,4.587889,0.832224,23590,0,192,192,24544,False,3,True,32319,114,114,11698
Off,4.590457,0.834792,23591,0,192,192,24544,False,3,True,32319,114,114,11698
Off,4.592896,0.837232,23592,0,192,192,24544,False,3,True,32319,114,114,11698
Off,4.595326,0.839661,23593,0,192,192,24544,False,3,True,32707,114,114,11698
Off,4.598163,0.842498,23594,0,192,192,24544,False,3,True,32319,115,115,11700
Off,4.600989,0.845325,23595,0,192,192,24544,False,3,True,32319,115,115,11700
Off,4.603519,0.847854,23596,0,192,192,24544,False,3,True,32319,115,115,11700
Off,4.606153,0.850488,23597,0,192,192,24544,False,3,True,32319,115,115,11700
Off,4.608785,0.853120,23598,0,192,192,24544,False,3,True,32319,115,115,11700
Off,4.611356,0.855691,23599,0,192,192,24544,False,3,True,32319,115,115,11700
Off,4.613931,0.858266,23600,0,192,192,24544,False,3,True,32319,115,115,11700
Off,4.616706,0.861041,23601,0,192,192,24544,False,3,True,32319,115,115,11700
Off,4.619121,0.863456,23602,0,192,192,24544,False,3,True,32319,115,115,11700
Off,4.621995,0.866331,23603,0,192,192,24544,False,3,True,32319,115,115,11700
Off,4.624619,0.868954,23604,0,192,192,24544,False,3,True,32319,115,115,11700
Off,4.627099,0.871434,23605,0,192,192,24544,False,3,True,32319,115,115,11700
Off,4.629734,0.874069,23606,0,192,192,24544,False,3,True,32319,115,115,11700
Off,4.632256,0.876591,23607,0,192,192,24544,False,3,True,32319,115,115,11700
Off,4.634761,0.879096,23608,0,192,192,24544,False,3,True,32319,115,115,11700
Off,4.637249,0.881584,23609,0,192,192,24544,False,3,True,32319,115,115,11700
Off,4.639847,0.884182,23610,0,192,192,24544,False,3,True,32319,115,115,11700
Off,4.642475,0.886810,23611,0,192,192,24544,False,3,True,32319,115,115,11700
Off,4.644921,0.889256,23612,0,192,192,24544,False,3,True,32319,115,115,11700
Off,4.647419,0.891754,23613,0,192,192,24544,False,3,True,32319,115,115,11700
Off,4.650027,0.894362,23614,0,192,192,24544,False,3,True,32371,115,115,11700
Off,4.652550,0.896886,23615,0,192,192,24544,False,3,True,32319,115,115,11700
Off,4.655021,0.899356,23616,0,192,192,24544,False,3,True,32319,115,115,11700
Off,4.657635,0.901970,23617,0,192,192,24544,False,3,True,32319,115,115,11700
Off,4.660098,0.904433,23618,0,192,192,24544,False,3,True,32319,115,115,11700
Off,4.662791,0.907126,23619,0,192,192,24544,False,3,True,32319,115,115,11700
Off,4.665687,0.910023,23620,0,192,192,24544,False,3,True,32319,115,115,11700
Off,4.668386,0.912721,23621,0,192,192,24544,False,3,True,32319,115,115,11700
Off,4.671149,0.915484,23622,0,192,192,24544,False,3,True,32319,115,115,11700
Off,4.673891,0.918227,23623,0,192,192,24544,False,3,True,32511,115,115,11700
Off,4.676649,0.920984,23624,0,192,192,24544,False,3,True,32319,115,115,11700
Off,4.679345,0.923680,23625,0,192,192,24544,False,3,True,32319,115,115,11700
Off,4.682042,0.926377,23626,0,192,192,24544,False,3,True,32319,115,115,11700
Off,4.684943,0.929278,23627,0,192,192,24544,False,3,True,32319,115,115,11700
Off,4.687850,0.932185,23628,0,192,192,24544,False,3,True,32319,115,115,11700
Off,4.690517,0.934852,23629,0,192,192,24544,False,3,True,32319,115,115,11700
Off,4.693036,0.937371,23630,0,192,192,24544,False,3,True,32319,115,115,11700
Off,4.695536,0.939871,23631,0,192,192,24544,False,3,True,32319,115,115,11700
Off,4.698156,0.942491,23632,0,192,192,24544,False,3,True,32319,115,115,11700
Off,4.700677,0.945012,23633,0,192,192,24544,False,3,True,32319,115,115,11700
Off,4.703641,0.947977,23634,0,192,192,24544,False,3,True,40675,115,115,11700
Off,4.706759,0.951095,23635,0,192,192,24544,False,3,True,39131,115,115,11700
Off,4.709442,0.953778,23636,0,192,192,24544,False,3,True,32319,115,115,11700
Off,4.712081,0.956416,23637,0,192,192,24544,False,3,True,32319,115,115,11700
Off,4.714859,0.959194,23638,0,192,192,24544,False,3,True,32319,115,115,11700
Off,4.717754,0.962089,23639,0,192,192,24544,False,3,True,32707,115,115,11700
Off,4.720440,0.964775,23640,0,192,192,24544,False,3,True,32319,115,115,11700
Off,4.723351,0.967686,23641,0,192,192,24544,False,3,True,32319,115,115,11700
Off,4.726419,0.970754,23642,0,192,192,24544,False,3,True,32319,115,115,11700
Off,4.729075,0.973410,23643,0,192,192,24544,False,3,True,32319,115,115,11700
Off,4.731827,0.976162,23644,0,192,192,24544,False,3,True,32319,115,115,11700
Off,4.734407,0.978743,23645,0,192,192,24544,False,3,True,32319,115,115,11700
Off,4.736987,0.981322,23646,0,192,192,24544,False,3,True,32319,115,115,11700
Off,4.739883,0.984218,23647,0,192,192,24544,False,3,True,32319,115,115,11700
Off,4.742503,0.986838,23648,0,192,192,24544,False,3,True,32319,115,115,11700
Off,4.745024,0.989360,23649,0,192,192,24544,False,3,True,32319,115,115,11700
Off,4.747838,0.992173,23650,0,192,192,24544,False,3,True,32319,115,115,11700
Off,4.750487,0.994822,23651,0,192,192,24544,False,3,True,32319,115,115,11700
Off,4.752919,0.997254,23652,0,192,192,24544,False,3,True,32319,115,115,11700
Off,4.755685,1.000020,23653,0,192,192,24544,False,3,True,32319,115,115,11700
Off,4.758419,1.002754,23654,0,192,192,24544,False,3,True,32319,115,115,11700
Off,4.761063,1.005399,23655,0,192,192,24544,False,3,True,32319,115,115,11700
Off,4.763954,1.008289,23656,0,192,192,24544,False,3,True,32319,115,115,11700
Off,4.766765,1.011100,23657,0,192,192,24544,False,3,True,32319,115,115,11700
Off,4.769343,1.013678,23658,0,192,192,24544,False,3,True,32319,115,115,11700
Off,4.772179,1.016514,23659,0,192,192,24544,False,3,True,32319,115,115,11700
Off,4.775078,1.019413,23660,0,192,192,24544,False,3,True,32319,115,115,11700
Off,4.777629,1.021965,23661,0,192,192,24544,False,3,True,32319,115,115,11700
Off,4.780346,1.024681,23662,0,192,192,24544,False,3,True,32319,115,115,11700
Off,4.783067,1.027402,23663,0,192,192,24544,False,3,True,32319,115,115,11700
Off,4.785680,1.030015,23664,0,192,192,24544,False,3,True,32319,115,115,11700
Off,4.788436,1.032771,23665,0,192,192,24544,False,3,True,32319,115,115,11700
Off,4.791142,1.035477,23666,0,192,192,24544,False,3,True,32319,115,115,11700
Off,4.793796,1.038132,23667,0,192,192,24544,False,3,True,32319,115,115,11700
Off,4.796436,1.040771,23668,0,192,192,24544,False,3,True,32319,115,115,11700
Off,4.799119,1.043455,23669,0,192,192,24544,False,3,True,32319,115,115,11700
Off,4.801688,1.046023,23670,0,192,192,24544,False,3,True,32319,115,115,11700
Off,4.804280,1.048615,23671,0,192,192,24544,False,3,True,32319,115,115,11700
Off,4.806970,1.051305,23672,0,192,192,24544,False,3,True,32319,115,115,11700
Off,4.809631,1.053967,23673,0,192,192,24544,False,3,True,32319,115,115,11700
Off,4.812236,1.056572,23674,0,192,192,24544,False,3,True,32319,115,115,11700
Off,4.814986,1.059321,23675,0,192,192,24544,False,3,True,32319,115,115,11700
Off,4.817779,1.062114,23676,0,192,192,24544,False,3,True,32319,115,115,11700
Off,4.820555,1.064890,23677,0,192,192,24544,False,3,True,32319,115,115,11700
Off,4.823496,1.067831,23678,0,192,192,24544,False,3,True,32319,115,115,11700
Off,4.826315,1.070650,23679,0,192,192,24544,False,3,True,32319,115,115,11700
Off,4.829197,1.073532,23680,0,192,192,24544,False,3,True,32319,115,115,11700
Off,4.832123,1.076458,23681,0,192,192,24544,False,3,True,32319,115,115,11700
Off,4.834694,1.079029,23682,0,192,192,24544,False,3,True,32319,115,115,11700
Off,4.837345,1.081680,23683,0,192,192,24544,False,3,True,32707,115,115,11700
Off,4.840050,1.084386,23684,0,192,192,24544,False,3,True,32319,116,116,11702
Off,4.842594,1.086929,23685,0,192,192,24544,False,3,True,32319,116,116,11702
Off,4.845155,1.089490,23686,0,192,192,24544,False,3,True,32319,116,116,11702
Off,4.848039,1.092374,23687,0,192,192,24544,False,3,True,32319,116,116,11702
Off,4.850859,1.095194,23688,0,192,192,24544,False,3,True,32371,116,116,11702
Off,4.854125,1.098460,23689,0,192,192,24544,False,3,True,40675,116,116,11702
Off,4.857110,1.101445,23690,0,192,192,24544,False,3,True,39131,116,116,11702
Off,4.859652,1.103987,23691,0,192,192,24544,False,3,True,32623,116,116,11702
Off,4.862047,1.106383,23692,0,192,192,24544,False,3,True,32319,116,116,11702
Off,4.864756,1.109092,23693,0,192,192,24544,False,3,True,32319,115,115,11700
Off,4.867486,1.111821,23694,0,192,192,24544,False,3,True,32319,115,115,11700
Off,4.870055,1.114390,23695,0,192,192,24544,False,3,True,32319,115,115,11700
Off,4.872833,1.117168,23696,0,192,192,24544,False,3,True,32319,115,115,11700
Off,4.875235,1.119570,23697,0,192,192,24544,False,3,True,32319,115,115,11700
Off,4.877582,1.121917,23698,0,192,192,24544,False,3,True,32319,115,115,11700
Off,4.880303,1.124638,23699,0,192,192,24544,False,3,True,32319,115,115,11700
Off,4.882818,1.127154,23700,0,192,192,24544,False,3,True,32319,115,115,11700
Off,4.885178,1.129513,23701,0,192,192,24544,False,3,True,32319,115,115,11700
Off,4.887663,1.131998,23702,0,192,192,24544,False,3,True,32319,115,115,11700
Off,4.890384,1.134719,23703,0,192,192,24544,False,3,True,32319,115,115,11700
Off,4.893001,1.137337,23704,0,192,192,24544,False,3,True,32319,115,115,11700
Off,4.895585,1.139920,23705,0,192,192,24544,False,3,True,32319,115,115,11700
Off,4.898326,1.142661,23706,0,192,192,24544,False,3,True,32319,115,115,11700
Off,4.900829,1.145164,23707,0,192,192,24544,False,3,True,32319,115,115,11700
Off,4.903201,1.147537,23708,0,192,192,24544,False,3,True,32319,115,115,11700
Off,4.905773,1.150108,23709,0,192,192,24544,False,3,True,32319,115,115,11700
Off,4.908710,1.153045,23710,0,192,192,24544,False,3,True,32319,115,115,11700
Off,4.911258,1.155593,23711,0,192,192,24544,False,3,True,32319,115,115,11700
Off,4.913859,1.158194,23712,0,192,192,24544,False,3,True,32319,115,115,11700
Off,4.916742,1.161077,23713,0,192,192,24544,False,3,True,32319,113,113,11696
Off,4.919325,1.163661,23714,0,192,192,24544,False,3,True,32319,113,113,11696
Off,4.921960,1.166295,23715,0,192,192,24544,False,3,True,32319,113,113,11696
Off,4.924501,1.168836,23716,0,192,192,24544,False,3,True,32319,113,113,11696
Off,4.926988,1.171323,23717,0,192,192,24544,False,3,True,32319,113,113,11696
Off,4.929761,1.174097,23718,0,192,192,24544,False,3,True,32319,113,113,11696
Off,4.932381,1.176717,23719,0,192,192,24544,False,3,True,32319,113,113,11696
Off,4.935294,1.179629,23720,0,192,192,24544,False,3,True,32319,113,113,11696
Off,4.938091,1.182426,23721,0,192,192,24544,False,3,True,32319,113,113,11696
Off,4.940939,1.185274,23722,0,192,192,24544,False,3,True,32319,113,113,11696
Off,4.943753,1.188088,23723,0,192,192,24544,False,3,True,32319,113,113,11696
Off,4.946547,1.190883,23724,0,192,192,24544,False,3,True,32319,113,113,11696
Off,4.949326,1.193661,23725,0,192,192,24544,False,3,True,32319,113,113,11696
Off,4.951963,1.196298,23726,0,192,192,24544,False,3,True,32319,113,113,11696
Off,4.954676,1.199011,23727,0,192,192,24544,False,3,True,32319,113,113,11696
Off,4.957653,1.201988,23728,0,192,192,24544,False,3,True,32707,113,113,11696
Off,4.960471,1.204806,23729,0,192,192,24544,False,3,True,32319,114,114,11698
Off,4.963372,1.207707,23730,0,192,192,24544,False,3,True,32319,114,114,11698
Off,4.966407,1.210742,23731,0,192,192,24544,False,3,True,32319,114,114,11698
Off,4.969421,1.213756,23732,0,192,192,24544,False,3,True,32319,114,114,11698
Off,4.972481,1.216816,23733,0,192,192,24544,False,3,True,32319,114,114,11698
Off,4.975519,1.219854,23734,0,192,192,24544,False,3,True,32319,114,114,11698
Off,4.978100,1.222435,23735,0,192,192,24544,False,3,True,32319,114,114,11698
Off,4.980972,1.225307,23736,0,192,192,24544,False,3,True,32319,114,114,11698
Off,4.983761,1.228096,23737,0,192,192,24544,False,3,True,32319,114,114,11698
Off,4.986653,1.230988,23738,0,192,192,24544,False,3,True,32319,114,114,11698
Off,4.989539,1.233874,23739,0,192,192,24544,False,3,True,32359,114,114,11698
Off,4.992331,1.236666,23740,0,192,192,24544,False,3,True,32319,114,114,11698
Off,4.995220,1.239555,23741,0,192,192,24544,False,3,True,32319,114,114,11698
Off,4.998708,1.243043,23742,0,192,192,24544,False,3,True,32319,114,114,11698
Off,5.001762,1.246097,23743,0,192,192,24544,False,3,True,32319,114,114,11698
Off,5.005034,1.249370,23744,0,192,192,24544,False,3,True,40675,114,114,11698
