phase,unity_frame,wall_seconds,unscaled_delta,tick,native_meshes,allocated_views,zone_renderer,input,main_thread,gc_bytes,draw_calls,triangles
0,3121,28.712904421435375,0.003200666,20,0,384,1033750,13958,3098459,29923,228,671225
0,3122,28.731909838435378,0.00708787562,20,0,384,4533500,13291,7006875,48301,228,671225
0,3123,28.735892963435376,0.0194826666,20,0,384,5279792,17000,19440959,173047,228,671225
0,3124,28.73938396343538,0.0036012542,20,0,384,980334,18625,3635583,29883,229,671229
0,3125,28.743110880435374,0.00363770546,20,0,384,996667,12500,3592125,29819,229,671229
0,3126,28.746632338435376,0.003461168,20,0,384,1029334,21541,3496666,29755,229,671229
0,3127,28.750043880435378,0.003694083,20,0,384,1084375,17542,3603416,29883,229,671229
0,3128,28.753104005435375,0.0029676233,20,0,384,940083,11667,3112584,29871,229,671229
0,3129,28.756564171435379,0.003349752,20,0,384,998250,13667,3278625,29755,229,671229
0,3130,28.760013755435374,0.00356637617,20,0,384,1084209,17791,3583334,29883,229,671229
0,3131,28.76353608843538,0.00345508079,20,0,384,957917,17125,3354166,29819,229,671229
0,3132,28.767095130435379,0.00360537833,20,0,384,993792,12250,3641584,29755,229,671229
0,3133,28.77093354643538,0.00381170632,20,0,384,989334,17625,3729541,29883,229,671229
0,3134,28.774418213435375,0.00344233285,20,0,384,986583,13542,3466750,30207,229,671229
0,3135,28.777927213435376,0.0034911707,20,0,384,1023709,19625,3566833,29755,230,671231
0,3136,28.781163005435374,0.00328032882,20,0,384,1041208,19375,3317083,29883,230,671231
0,3137,28.784617005435379,0.00341200386,20,0,384,1032042,17417,3386459,29819,230,671231
0,3138,28.787878671435379,0.00326011912,20,0,384,985958,18917,3319666,29755,230,671231
0,3139,28.791282005435377,0.00350479735,20,0,384,1079666,12916,3378417,29883,230,671231
0,3140,28.794619921435377,0.00331741082,20,0,384,985834,12375,3396167,29819,230,671231
0,3141,28.797746255435378,0.00311354175,20,0,384,1008125,17375,3187833,29755,230,671231
0,3142,28.801259255435376,0.00358433253,20,0,384,1067042,13750,3299834,29883,230,671231
0,3143,28.805426088435375,0.004046294,20,0,384,985167,12875,4272500,40261,230,671231
0,3144,28.809155671435377,0.003912833,20,0,384,1055875,10083,3910708,38035,230,671231
0,3145,28.812189296435378,0.0029174604,20,0,384,954084,10792,2881042,29883,230,671231
0,3146,28.81531775543538,0.00292266859,20,0,384,1006959,16292,3016875,29819,230,671231
0,3147,28.819115171435378,0.004147371,20,0,384,1176833,15125,4045833,29755,230,671231
0,3148,28.822627505435378,0.003370713,20,0,384,938083,11292,3253250,29883,230,671231
0,3149,28.825888921435379,0.00320045347,20,0,384,1006542,12833,3288125,29819,230,671231
0,3150,28.82885192143538,0.00304562785,20,0,384,968416,16750,3142542,29755,230,671231
0,3151,28.832057838435375,0.00311870757,20,0,384,1026917,12500,3052333,29883,230,671231
0,3152,28.835584171435379,0.003410211,20,0,384,1038541,14500,3352083,29819,230,671231
0,3153,28.838990171435377,0.00357345515,20,1,384,1124875,20000,3542291,29755,230,671231
0,3154,28.84228858843538,0.00333408453,20,1,384,984083,19917,3375333,29883,230,671231
0,3155,28.845725713435378,0.00324762613,20,1,384,981750,19166,3243584,29819,231,671251
0,3156,28.849365671435379,0.003735041,20,5,384,1054125,19084,3573416,29755,231,671251
0,3157,28.852781838435376,0.003502707,20,5,384,1029333,21083,3605792,29883,231,671251
0,3158,28.856397171435376,0.00345846079,20,5,384,989208,12667,3466792,29819,235,671289
0,3159,28.859901338435378,0.00357241347,20,7,384,1095959,19833,3577625,29755,235,671289
0,3160,28.864159588435378,0.00425104145,20,7,384,1065541,13916,4246250,40033,235,671289
0,3161,28.867659338435374,0.00351429288,20,7,384,1046333,12250,3460834,29819,237,671361
0,3162,28.870914088435377,0.00319100055,20,7,384,1024208,19125,3349292,29883,237,671361
0,3163,28.874293796435374,0.00353720947,20,7,384,1097541,16417,3337875,29883,237,671365
0,3164,28.877645088435379,0.003321953,20,7,384,987583,13291,3390625,29819,237,671365
0,3165,28.881131755435376,0.003342836,20,7,384,1003542,17125,3390750,29755,237,671365
0,3166,28.88458613043538,0.00353878969,20,7,384,1131500,15416,3499291,29883,237,671365
0,3167,28.888023796435377,0.00345708616,20,7,384,992500,13333,3279375,29819,237,671365
0,3168,28.89152650543538,0.00348458043,20,7,384,985666,21792,3627750,29755,237,671365
0,3169,28.89473742143538,0.003272626,20,7,384,977250,18334,3314041,30271,237,671365
0,3170,28.897971963435374,0.00319183664,20,7,384,968708,19250,3166333,29819,238,671367
0,3171,28.900994921435377,0.0030610403,20,7,384,1029667,22167,3182375,29755,238,671367
0,3172,28.904467546435377,0.00338324835,20,7,384,1017125,18167,3211167,29883,238,671367
0,3173,28.907859296435376,0.00350824837,20,7,384,973667,20750,3508000,29819,238,671367
0,3174,28.911003588435378,0.00316204643,20,7,384,965834,20375,3204875,29755,238,671367
0,3175,28.914190630435378,0.00312482985,20,7,384,996750,11334,3173458,29883,238,671367
0,3176,28.917672421435377,0.003492999,20,7,384,1037375,15625,3400000,29819,238,671367
0,3177,28.921078963435377,0.00337312929,20,7,384,993708,20792,3381959,29755,238,671367
0,3178,28.924623546435377,0.003515455,20,7,384,1052542,14250,3414834,29883,238,671367
0,3179,28.927836130435374,0.0033129605,20,8,384,986417,14333,3435333,29819,238,671367
0,3180,28.931094130435376,0.00316974916,20,8,384,985584,16083,3239292,29755,238,671367
0,3181,28.934452463435377,0.00345908455,20,8,384,1084000,12333,3305208,29883,239,671387
0,3182,28.937833255435379,0.00328657869,20,9,384,959291,18250,3298291,29819,238,671385
0,3183,28.941147838435377,0.00332604884,20,9,384,1034791,12791,3377583,29755,238,671385
0,3184,28.94456738043538,0.003439789,20,9,384,1031875,13667,3364708,29883,239,671405
0,3185,28.947816255435377,0.003263081,20,10,384,965250,11375,3329333,29819,239,671405
0,3186,28.951257588435375,0.00337324967,20,10,384,1039708,10167,3308375,29755,239,671401
0,3187,28.95510271343538,0.004017503,20,10,384,1053125,17458,3853083,29935,240,671421
0,3188,28.959284046435378,0.0041486253,20,11,384,960292,11417,4331208,40261,240,671421
0,3189,28.963040713435376,0.00384787424,20,11,384,981917,12917,3903041,38035,240,671421
0,3190,28.966274463435376,0.003065377,20,11,384,930375,9208,2991292,29883,241,671441
0,3191,28.969609713435375,0.00331108272,20,12,384,956750,11250,3279041,29819,241,671441
0,3192,28.972733421435379,0.00314233266,20,12,384,989834,27167,3291416,29755,241,671441
0,3193,28.97577788043538,0.00315862382,20,12,384,1030916,11167,3096500,29883,242,671461
0,3194,28.978590630435377,0.002805754,20,12,384,972917,9375,2841417,29819,242,671461
0,3195,28.981608046435376,0.0028089995,20,12,384,994500,8041,2754917,29755,242,671461
0,3196,28.98490217143538,0.003412578,20,12,384,1092583,24750,3399500,29883,242,671461
0,3197,28.987750796435378,0.00292821,20,12,384,937542,16041,2977375,29819,242,671461
0,3198,28.991111796435376,0.00323650078,20,12,384,985333,9083,3122917,29755,242,671461
0,3199,28.994350255435378,0.00339408312,20,12,384,1005375,20042,3371666,29883,242,671461
0,3200,28.997401921435376,0.00299033453,20,19,384,927209,12625,3127000,29819,242,671461
0,3201,29.000624380435376,0.00321400235,20,19,384,1011500,8667,3184083,29755,242,671461
0,3202,29.003523171435376,0.002868998,20,19,384,1012459,11625,2904166,29883,249,671503
0,3203,29.00648204643538,0.00294249575,20,19,384,938375,14375,2897750,29819,249,671503
0,3204,29.009763088435378,0.00326050166,20,19,384,1052042,9959,3275959,29755,249,671503
0,3205,29.013054130435378,0.00333645823,20,19,384,1027041,15833,3184000,29883,249,671503
0,3206,29.016422088435377,0.00332233566,20,19,384,938916,15250,3322750,30207,249,671503
0,3207,29.019816671435379,0.00337987533,20,23,384,1010458,16875,3447666,29883,250,671505
0,3208,29.023356588435377,0.0034487457,20,23,384,1048000,18083,3345458,29883,250,671509
0,3209,29.02683071343538,0.003537833,20,23,384,1063208,15666,3593084,29819,254,671589
0,3210,29.030231671435374,0.00348538114,20,23,384,984041,19333,3485000,29755,254,671589
0,3211,29.034238171435376,0.003987996,20,23,384,980333,19042,4004417,29883,254,671589
0,3212,29.037809505435376,0.00355362822,20,23,384,1000541,12042,3512792,29819,254,671589
0,3213,29.041158546435376,0.00338779064,20,23,384,1015458,13791,3357459,29755,254,671589
0,3214,29.04436829643538,0.003140788,20,23,384,989917,14625,3232459,29883,254,671589
0,3215,29.047531088435377,0.00323946285,20,23,384,950667,16625,3269958,29819,254,671589
0,3216,29.050797713435379,0.00322445435,20,23,384,1015917,13208,3091916,29755,254,671589
0,3217,29.054251588435378,0.00347754383,20,23,384,1012542,17541,3412708,29883,254,671589
0,3218,29.057738255435375,0.00352028781,20,23,384,1037041,11125,3589667,29819,254,671589
0,3219,29.06085571343538,0.00304892287,20,23,384,960375,18792,3219291,29755,254,671589
0,3220,29.065049921435374,0.00403078925,20,23,384,1032625,26125,3273375,29883,254,671589
0,3221,29.06823075543538,0.00339904334,20,23,384,1076292,12583,4079625,37979,254,671589
0,3222,29.071499088435374,0.003248037,20,23,384,1069208,7959,3123542,29755,254,671589
0,3223,29.075089421435379,0.00364445872,20,23,384,999333,18084,3575250,29883,254,671589
0,3224,29.07832004643538,0.00313796056,20,23,384,969250,12250,3284250,29819,254,671589
0,3225,29.081609088435378,0.00313291536,20,23,384,1057667,10959,3204500,29755,254,671589
0,3226,29.085017338435378,0.00354858278,20,23,384,1171291,13500,3396250,29883,254,671589
0,3227,29.088379463435381,0.003459793,20,23,384,957666,14167,3449292,29819,254,671589
0,3228,29.091879671435379,0.00343383639,20,23,384,952333,14250,3450083,29755,253,671587
0,3229,29.095291838435379,0.003439959,20,23,384,992500,19375,3452000,29883,253,671587
0,3230,29.099074046435376,0.00383916521,20,23,384,979958,17958,3538833,29819,253,671587
0,3231,29.102527005435377,0.003446372,20,23,384,960125,13083,3675667,29755,253,671583
0,3232,29.105935921435375,0.0032830853,20,23,384,946834,13625,3303208,29883,253,671583
0,3233,29.109788796435375,0.004026956,20,23,384,977167,11458,4080250,40261,253,671583
0,3234,29.113414505435379,0.00363191613,20,23,384,941500,9875,3645125,38035,253,671583
0,3235,29.116681213435378,0.00319375,20,23,384,935666,9667,3156625,29883,253,671583
0,3236,29.119661380435375,0.00300287688,20,23,384,937541,18625,3062208,29819,253,671583
0,3237,29.122847296435374,0.00315858144,20,23,384,985917,10166,3136917,29755,253,671583
0,3238,29.12618000543538,0.00334425317,20,23,384,1013666,12167,3291167,29883,253,671583
0,3239,29.12926883843538,0.003062996,20,23,384,892750,11292,3098916,29819,253,671583
0,3240,29.132639588435374,0.00330413133,20,23,384,1006667,13792,3203125,29755,253,671583
0,3241,29.135909421435379,0.00342045771,20,23,384,951500,20625,3440167,30271,253,671583
0,3242,29.139063296435374,0.003136912,20,23,384,912042,11917,3241333,29819,254,671585
0,3243,29.142391380435377,0.00321500143,20,23,384,965125,8750,3182750,29755,254,671585
0,3244,29.145623588435377,0.00316795637,20,23,384,1026416,13542,3155250,29883,254,671585
0,3245,29.149085921435379,0.00363946287,20,23,384,1007875,11625,3358000,29819,254,671585
0,3246,29.152427171435377,0.00331203942,20,23,384,945500,11625,3546666,29755,254,671585
0,3247,29.155596963435379,0.0031271684,20,23,384,933584,16833,3115666,29935,253,671583
0,3248,29.158673463435377,0.00316653913,20,23,384,950208,17542,3217750,29819,253,671583
0,3249,29.16147113043538,0.002811834,20,23,384,937250,10166,2855125,29755,253,671583
0,3250,29.164512421435376,0.002806583,20,23,384,944125,11666,2826084,29883,253,671583
0,3251,29.167374380435376,0.00308404188,20,23,384,944125,21083,3108542,29819,253,671583
0,3252,29.17013367143538,0.00277825259,20,23,384,932875,13625,2764750,29819,253,671583
0,3253,29.172982671435378,0.00281816185,20,23,384,948917,10458,2716959,29883,253,671585
0,3254,29.176081921435376,0.00311991922,20,23,384,977625,11917,3103250,29819,253,671585
0,3255,29.178724505435376,0.002662415,20,23,384,917125,13583,2794458,29755,253,671585
0,3256,29.181553880435374,0.00264421059,20,23,384,931000,13084,2589250,29883,253,671585
0,3257,29.184795005435376,0.00331454072,20,23,384,1067000,12083,3203708,29819,253,671585
0,3258,29.187607463435377,0.00289696013,20,23,384,905333,15583,3010667,29755,253,671585
0,3259,29.190624338435377,0.00301095517,20,23,384,954250,11166,2779542,29883,253,671585
0,3260,29.193890505435377,0.003396379,20,23,384,897750,11292,3528292,29819,253,671585
0,3261,29.196543796435378,0.00259637181,20,23,384,857458,7541,2658583,29755,253,671585
0,3262,29.199609630435376,0.002994416,20,23,384,895750,9875,2905542,29883,253,671585
0,3263,29.202497838435377,0.00284642144,20,23,384,887292,15666,2903666,29819,253,671585
0,3264,29.205620380435377,0.00296799885,20,23,384,966125,11500,2969417,29755,253,671585
0,3265,29.208992796435375,0.00356316613,20,23,384,993583,12042,3410000,29883,253,671585
0,3266,29.212006130435377,0.00297025219,20,23,384,924625,10334,3092125,29819,253,671585
0,3267,29.215386171435377,0.00329791661,20,21,384,977042,13542,3199417,29755,253,671585
0,3268,29.21915746343538,0.00392095372,20,16,384,975875,21750,3904042,29883,253,671585
0,3269,29.222270380435376,0.00303670624,20,16,384,936458,10542,3077375,29819,251,671545
0,3270,29.225921296435374,0.00325333769,20,16,384,948167,14833,3274875,29755,246,671455
0,3271,29.229424546435375,0.00391033152,20,16,384,1131000,20333,3767083,29883,246,671455
0,3272,29.232624213435379,0.003134127,20,16,384,968958,11000,3237916,29819,246,671455
0,3273,29.235606088435375,0.00306432834,20,16,384,1003209,13875,3148083,29755,246,671455
0,3274,29.238514755435375,0.00293646543,20,16,384,980125,10625,2931625,29883,246,671455
0,3275,29.241719671435376,0.00315357861,20,16,384,959500,12208,3029875,29819,246,671455
0,3276,29.244908005435377,0.00304467115,20,16,384,950542,16375,3143500,29755,246,671455
0,3277,29.248168588435377,0.0032874574,20,16,384,988916,19667,3222958,29883,246,671455
0,3278,29.25155846343538,0.00343895261,20,11,384,1012750,19834,3392917,29819,246,671453
0,3279,29.254927588435379,0.00348883937,20,11,384,960958,19375,3366541,30143,245,671451
0,3280,29.258125255435374,0.00322045782,20,11,384,948375,11250,3223917,29883,241,671353
0,3281,29.261854838435376,0.00374849769,20,11,384,903500,10500,3939833,40261,241,671353
0,3282,29.265481713435378,0.00348208612,20,11,384,911667,9584,3350417,38035,241,671353
0,3283,29.269036213435378,0.0037177084,20,11,384,932833,12084,3781959,29883,241,671353
0,3284,29.27216038043538,0.00293207914,20,11,384,901250,11042,3001167,29819,241,671353
0,3285,29.275361296435378,0.00331491628,20,11,384,1020750,13958,3206458,29755,241,671353
0,3286,29.278476630435378,0.00310704368,20,11,384,954250,13083,3131500,29883,241,671353
0,3287,29.281409296435378,0.002863584,20,11,384,931375,16125,2949917,29819,240,671351
0,3288,29.284669963435377,0.00325558381,20,11,384,1026500,12333,3106791,29755,240,671351
0,3289,29.287786755435377,0.00313670631,20,11,384,898875,16792,3150125,29883,240,671351
0,3290,29.290932505435379,0.0032143353,20,11,384,975375,17959,3229208,29819,240,671351
0,3291,29.294005713435375,0.00303249713,20,11,384,926083,13458,3113917,29755,240,671351
0,3292,29.297112671435379,0.00312054274,20,11,384,970042,13666,3075541,29883,240,671351
0,3293,29.300274546435375,0.00315808528,20,11,384,940709,16792,3155791,29819,240,671351
0,3294,29.302986213435375,0.00275662565,20,11,384,971875,13583,2881458,29755,239,671349
0,3295,29.305910338435375,0.00285512325,20,11,384,967125,12208,2760250,29883,239,671349
0,3296,29.309181796435375,0.00327378837,20,11,384,928791,12708,3198917,29819,239,671349
0,3297,29.312036338435377,0.002902296,20,11,384,977750,19750,2960917,29755,239,671349
0,3298,29.314967755435376,0.0028810373,20,11,384,983917,10333,2835084,29883,239,671349
0,3299,29.31798029643538,0.00306687923,20,11,384,934083,19959,3097208,29819,239,671349
0,3300,29.320819713435377,0.00284149661,20,11,384,952500,10541,2906875,29883,239,671349
0,3301,29.323680130435378,0.00271754526,20,11,384,977583,11500,2667875,29883,239,671351
0,3302,29.327397588435375,0.003956583,20,11,384,957542,17417,3831084,29819,239,671351
0,3303,29.330037213435375,0.00261220941,20,11,384,911250,8500,2771791,29755,239,671351
0,3304,29.332888546435377,0.002824667,20,11,384,926792,9834,2698000,29883,239,671351
0,3305,29.335667338435378,0.00280491076,20,11,384,879292,16416,2869667,29819,239,671351
0,3306,29.338393130435378,0.00269804429,20,11,384,904167,7042,2729417,29755,239,671351
0,3307,29.341621213435374,0.00319312653,20,11,384,905333,9708,3094583,29883,239,671351
0,3308,29.344500505435377,0.00279533025,20,11,384,910625,17167,2850958,29819,239,671351
0,3309,29.34772188043538,0.00325812772,20,11,384,916084,15000,3234250,29755,239,671351
0,3310,29.351053546435374,0.00336516439,20,11,384,990459,12125,3293292,29883,239,671351
0,3311,29.35478267143538,0.003605499,20,11,384,900792,15959,3580709,29819,239,671351
0,3312,29.358215588435378,0.003526545,20,11,384,969417,20500,3517000,29807,239,671351
0,3313,29.361250755435378,0.0030636692,20,11,384,947667,18459,3151292,29883,239,671351
0,3314,29.364484213435375,0.003062833,20,11,384,921709,15208,3039209,29819,239,671351
0,3315,29.367623588435379,0.00325687369,20,11,384,950625,22333,3292000,29755,239,671351
0,3316,29.370840213435379,0.00316733285,20,11,384,981750,15959,3069083,29883,239,671351
0,3317,29.374117838435374,0.00334258075,20,11,384,980000,15792,3315709,30207,239,671351
0,3318,29.377299088435379,0.00322696287,20,11,384,916667,18292,3327958,29755,240,671353
0,3319,29.38057433843538,0.00321033155,20,11,384,919958,15458,3166709,29883,240,671353
0,3320,29.383770588435375,0.00313729444,20,11,384,949708,19042,3088834,29819,240,671353
0,3321,29.386861505435377,0.00314512476,20,7,384,935125,16500,3239167,29755,240,671353
0,3322,29.390358046435374,0.003549164,20,7,384,996375,14125,3373000,29883,240,671353
0,3323,29.394385046435374,0.003929372,20,0,384,945791,12917,3905291,29819,235,671271
0,3324,29.397912588435375,0.003449419,20,0,384,1059250,12208,3584875,31597,235,671271
0,3325,29.401250921435377,0.00349220517,20,0,384,1060417,14875,3390084,29883,228,671229
0,3326,29.404479421435376,0.0031069587,20,0,384,950542,11667,3194500,29819,228,671225
0,3327,29.407629088435378,0.00323533872,20,0,384,1000750,16917,3179250,29755,228,671225
0,3328,29.410744755435374,0.00320528634,20,0,384,956583,20125,3190958,29883,228,671225
0,3329,29.41462888043538,0.003833879,20,0,384,915167,15958,3906708,40261,228,671225
0,3330,29.419257130435376,0.00470529357,20,0,384,995916,9375,4655875,38035,228,671225
0,3331,29.422328421435374,0.0029833687,20,0,384,912833,10667,3026500,29883,228,671225
0,3332,29.425937005435379,0.003501793,20,0,384,954125,15542,3415958,29819,228,671225
0,3333,29.42900008843538,0.00316091976,20,0,384,955417,14500,3218667,29755,228,671225
0,3334,29.43248838043538,0.003534375,20,0,384,997417,9250,3282500,29883,228,671225
0,3335,29.435627046435378,0.003095961,20,0,384,946083,13875,3366042,29819,228,671225
0,3336,29.438867630435375,0.00318303565,20,0,384,958792,16458,3103208,29755,228,671225
0,3337,29.442081296435376,0.00329279341,20,0,384,993250,14416,3293625,29883,228,671225
0,3338,29.445064796435375,0.002949915,20,0,384,932416,16042,3043333,29819,228,671225
0,3339,29.447854838435376,0.0028970025,20,0,384,909833,14666,2951792,29755,228,671225
0,3340,29.450821713435374,0.002936997,20,0,384,947625,8916,2792792,29883,228,671225
0,3341,29.45357471343538,0.00273475051,20,0,384,905291,16167,2843541,29819,228,671225
0,3342,29.456216255435379,0.00263837865,20,0,384,971417,10125,2658916,29755,228,671225
0,3343,29.459179130435381,0.00299216271,20,0,384,981625,11459,2889250,29883,228,671225
0,3344,29.462011380435378,0.002837337,20,0,384,938625,12959,2880833,29819,228,671225
0,3345,29.464931213435378,0.00266145845,20,0,384,969792,8458,2709250,29755,228,671225
0,3346,29.467859380435378,0.00317762187,20,0,384,987250,12500,3097542,29883,228,671225
0,3347,29.470884796435378,0.002908709,20,0,384,960792,10292,2961709,29947,228,671225
0,3348,29.473972088435374,0.00317062787,20,0,384,1033125,12459,3020834,29755,228,671229
0,3349,29.477143838435374,0.00334375,20,0,384,947500,12500,3449333,29883,228,671229
0,3350,29.479704588435375,0.002488081,20,0,384,860292,8417,2543500,29819,228,671229
0,3351,29.482635463435379,0.002840795,20,0,384,911875,8291,2627417,29755,228,671229
0,3352,29.485560713435376,0.00291974912,20,0,384,915709,18208,3047958,29883,228,671229
0,3353,29.488397213435377,0.00288016582,20,0,384,883250,11000,2920583,29819,228,671229
0,3354,29.491416880435374,0.002900914,20,0,384,931042,10291,2802667,29755,228,671229
0,3355,29.494455296435376,0.0031625,20,0,384,948625,13750,3181417,30271,228,671229
0,3356,29.49749171343538,0.00301754544,20,0,384,893292,16209,3035125,29819,229,671231
0,3357,29.500647213435379,0.00310808537,20,0,384,946167,10667,3062666,29755,229,671231
0,3358,29.503722338435374,0.0030047053,20,0,384,962750,11209,3048500,29883,229,671231
0,3359,29.506849630435376,0.003191539,20,0,384,943750,13709,3143833,29819,229,671231
0,3360,29.510872963435375,0.004069671,20,0,384,945708,12916,3972083,29755,229,671231
0,3361,29.514010546435379,0.00312999566,20,0,384,929417,10667,3214125,29883,229,671231
0,3362,29.517012255435375,0.002972045,20,0,384,911792,17417,3083625,29819,229,671231
0,3363,29.51983733843538,0.00286837434,20,0,384,958542,13292,2837750,29755,229,671231
0,3364,29.522882421435376,0.003034956,20,0,384,952083,12125,2876041,29883,229,671231
0,3365,29.526091838435377,0.00315571134,20,0,384,943000,10417,3186667,29819,229,671231
0,3366,29.529108255435375,0.00305512338,20,0,384,886041,16459,3116833,29755,229,671231
0,3367,29.532377463435374,0.00328187365,20,0,384,968875,8833,3087792,29883,229,671231
0,3368,29.535365546435379,0.00298687653,20,0,384,929000,13958,3144458,29819,229,671231
0,3369,29.538336921435381,0.002933872,20,0,384,949041,14000,3011000,29755,229,671231
0,3370,29.54176517143538,0.003424667,20,0,384,995125,12250,3309542,29883,229,671231
0,3371,29.544917963435374,0.00306987669,20,0,384,944917,17875,3137916,29819,229,671231
0,3372,29.548286630435378,0.00332774944,20,0,384,951500,15042,3164416,29755,229,671231
0,3373,29.551496421435374,0.0033316256,20,0,384,1031333,17916,3400708,29883,229,671227
0,3374,29.554655630435377,0.0032134566,20,0,384,931083,15916,3183709,29819,229,671227
0,3375,29.557851921435379,0.003131583,20,0,384,922250,12166,3182917,29807,229,671227
0,3376,29.561002921435374,0.00325646251,20,0,384,976750,13250,3097208,29883,229,671227
0,3377,29.56526454643538,0.00406408031,20,0,384,910292,12708,4225833,40261,229,671227
0,3378,29.569262713435378,0.004140547,20,0,384,1017750,12417,4119041,38035,229,671227
0,3379,29.572468296435375,0.0032785784,20,0,384,965334,11125,3169167,29883,229,671227
0,3380,29.575634338435378,0.003080251,20,0,384,883458,11667,3191125,29819,229,671227
0,3381,29.578617421435375,0.00293191615,20,0,384,925417,16583,3029125,29755,229,671227
0,3382,29.581734671435377,0.00302704074,20,0,384,1017416,10542,2944667,29883,229,671227
0,3383,29.58494742143538,0.003305669,20,0,384,1037916,14250,3210417,29819,229,671227
0,3384,29.587714505435379,0.00287441886,20,0,384,894792,12292,3027375,29755,229,671227
0,3385,29.590522255435374,0.00279191462,20,0,384,929042,10958,2666833,29883,229,671227
0,3386,29.59385621343538,0.00348537415,20,0,384,892708,16375,3511500,29819,229,671227
0,3387,29.596698130435378,0.00265425164,20,0,384,840417,8459,2668125,29755,229,671227
0,3388,29.599485130435376,0.00287670782,20,0,384,947541,11334,2874542,29883,229,671227
0,3389,29.601990796435381,0.002534375,20,0,384,899583,10500,2610000,29819,229,671227
0,3390,29.604649255435376,0.00256329356,20,0,384,883791,8834,2514250,29755,229,671227
0,3391,29.607374213435378,0.00260428712,20,0,384,865625,10167,2591041,29883,229,671227
0,3392,29.610569630435378,0.003396712,20,0,384,1016209,13791,3336084,29819,229,671227
0,3393,29.613125338435374,0.00253803865,20,0,384,834375,7167,2641208,30143,229,671227
0,3394,29.616072588435379,0.00295791519,20,0,384,906042,10584,2802083,29883,230,671229
0,3395,29.618880505435378,0.00274858274,20,0,384,859708,9875,2793208,29819,230,671229
0,3396,29.621643213435377,0.00279858266,20,0,384,932583,15333,2890709,29819,230,671229
0,3397,29.624510463435378,0.00278596231,20,0,384,905125,11167,2694583,29883,230,671231
0,3398,29.627147255435375,0.0027507937,20,0,384,850791,14000,2814166,29819,230,671231
0,3399,29.629860255435375,0.00271412265,20,0,384,891250,8917,2691416,29755,230,671231
0,3400,29.632677463435378,0.00273200125,20,0,384,900667,9166,2683875,29883,230,671231
0,3401,29.635620963435379,0.00292745885,20,0,384,920750,14709,2981291,29819,230,671231
0,3402,29.638663005435376,0.00304412562,20,0,384,934167,10250,3025416,29755,230,671231
0,3403,29.641923963435374,0.0033024163,20,0,384,961834,11625,3195000,29883,230,671231
0,3404,29.644904130435378,0.00285895681,20,0,384,894292,15666,2959459,29819,230,671231
0,3405,29.647989171435377,0.00304696,20,0,384,915750,15750,3033708,29755,230,671231
0,3406,29.651115921435377,0.00324550038,20,0,384,1033833,16083,3190375,29883,230,671231
0,3407,29.654088380435375,0.00296787126,20,0,384,912458,14292,2993458,29819,230,671231
0,3408,29.657180463435374,0.00299829221,20,0,384,966916,9000,2901292,29755,230,671231
0,3409,29.660619130435379,0.00365366344,20,0,384,937625,19791,3724458,29883,230,671231
0,3410,29.663594046435378,0.002788088,20,0,384,870125,10208,2849500,29819,230,671231
0,3411,29.666739130435374,0.003218417,20,0,384,925083,13333,3099000,29755,230,671231
0,3412,29.669648130435377,0.00296608568,20,0,384,932292,10875,3023959,29883,230,671231
0,3413,29.67269596343538,0.00295645557,20,0,384,874542,14792,3005833,29819,230,671231
0,3414,29.675809255435375,0.003102877,20,0,384,972667,11292,3058709,29755,230,671231
0,3415,29.679207838435374,0.00346220238,20,0,384,976833,13333,3270875,29883,229,671229
0,3416,29.682440380435374,0.00310741924,20,0,384,925250,12750,3143750,29819,229,671229
0,3417,29.68562929643538,0.00314771128,20,0,384,976000,19458,3285083,29755,229,671229
0,3418,29.688825838435378,0.00322320731,20,0,384,948875,15166,3185792,29883,229,671229
0,3419,29.691929046435376,0.0032506662,20,0,384,964792,22084,3204292,29819,229,671229
0,3420,29.694933463435376,0.00292987539,20,0,384,912917,15958,3057250,29755,229,671229
0,3421,29.698178796435379,0.00317462441,20,0,384,996292,13458,3037041,29883,229,671229
0,3422,29.701541921435378,0.00342675019,20,0,384,1016917,14667,3386000,29819,229,671229
0,3423,29.705010463435379,0.00337324967,20,0,384,923125,22625,3389208,29755,229,671227
0,3424,29.708581630435376,0.00367371039,20,0,384,939208,13791,3605084,30075,229,671227
0,3425,29.711665296435378,0.00312024518,20,0,384,973750,12417,3170250,29819,229,671227
0,3426,29.715766255435376,0.004055669,20,0,384,918791,17083,3958458,40197,229,671227
0,3427,29.719350588435375,0.00373883219,20,0,384,985333,14417,3914708,38355,229,671227
0,3428,29.722491338435375,0.00298391446,20,0,384,881625,10750,2937375,29819,229,671227
0,3429,29.725883046435378,0.003331172,20,0,384,951583,18292,3262875,29755,229,671227
0,3430,29.728955088435377,0.00310212583,20,0,384,913750,18791,3182916,30075,229,671227
0,3431,29.732149880435379,0.00312050036,20,0,384,977166,17250,3021333,29819,229,671227
0,3432,29.735573755435375,0.00355466269,20,0,384,945084,21500,3599458,30143,229,671227
0,3433,29.738831296435379,0.00328574982,20,0,384,940625,16084,3191375,29883,230,671229
0,3434,29.742168588435376,0.003308879,20,0,384,926167,13375,3391666,30011,230,671229
0,3435,29.745287380435379,0.003013499,20,0,384,943250,18250,3090625,29755,230,671229
0,3436,29.748493546435377,0.00320008514,20,0,384,976167,17500,3109625,29883,230,671229
0,3437,29.752479713435378,0.004181994,20,0,384,1000875,24917,4172333,30011,230,671229
0,3438,29.755737296435377,0.00315700122,20,0,384,899250,11417,3203458,29755,229,671227
0,3439,29.758921588435378,0.00321945851,20,0,384,966667,11291,3185416,29935,229,671227
0,3440,29.761967088435377,0.00298904488,20,0,384,931125,17667,3008833,29819,229,671227
0,3441,29.765272546435376,0.00312637468,20,0,384,960917,14834,3095667,29947,229,671227
0,3442,29.769127171435379,0.00411828933,20,0,384,928209,21792,4140083,29883,229,671227
0,3443,29.772447088435378,0.0032470806,20,0,384,942542,11708,3260292,29947,229,671227
0,3444,29.775654171435377,0.00326320855,20,0,384,951583,15958,3187750,29947,229,671231
0,3445,29.778801838435378,0.00313125,20,0,384,926791,14541,3146833,29883,229,671231
0,3446,29.781886296435374,0.00302479439,20,0,384,927166,19667,3130416,29819,229,671231
0,3447,29.784745963435377,0.00284000137,20,0,384,1023334,12792,2885167,29755,229,671231
0,3448,29.78763350543538,0.00296708476,20,0,384,978584,12667,2844666,30075,229,671231
0,3449,29.790614880435378,0.00294579077,20,0,384,910250,16459,2883958,29819,229,671231
0,3450,29.793900338435378,0.00347637478,20,0,384,936833,13666,3507834,29755,229,671231
0,3451,29.796731963435377,0.00268424745,20,0,384,877083,9208,2675791,29883,229,671231
0,3452,29.799959796435374,0.00318812369,20,0,384,922375,14000,3122625,30011,229,671231
0,3453,29.802714880435374,0.00286654616,20,0,384,947667,17750,3004292,29755,229,671231
0,3454,29.805529296435374,0.00275608,20,0,384,911917,10500,2747917,29883,229,671231
0,3455,29.808644588435378,0.0031536282,20,0,384,853000,14459,3110959,30011,229,671231
0,3456,29.811256546435374,0.00265924749,20,0,384,906375,9458,2710042,29755,229,671231
0,3457,29.814085505435379,0.00279262336,20,0,384,892000,10000,2779875,29883,229,671231
0,3458,29.816932880435374,0.00283833616,20,0,384,883750,14791,2880125,29819,229,671231
0,3459,29.819486171435379,0.002634127,20,0,384,902000,13167,2660875,29947,229,671231
0,3460,29.822174755435377,0.00262604165,20,0,384,869834,8042,2536083,29883,229,671231
0,3461,29.825263046435374,0.00295787281,20,0,384,915792,7958,2921542,29819,229,671231
0,3462,29.828189921435374,0.00290991366,20,0,384,897333,16667,2980709,29755,229,671231
0,3463,29.831452088435377,0.003247711,20,0,384,1025417,11792,3101042,30075,229,671231
0,3464,29.834725005435374,0.00332616922,20,0,384,982125,12208,3291583,29819,229,671231
0,3465,29.838366671435374,0.00356633356,20,0,384,921542,19208,3467833,29755,229,671231
0,3466,29.841701505435374,0.00342087587,20,0,384,1001584,15875,3516291,29883,228,671229
0,3467,29.844931088435374,0.00314391288,20,0,384,916375,16916,3193417,30011,228,671229
0,3468,29.848277005435378,0.00335629261,20,0,384,961292,17208,3306541,29755,228,671229
0,3469,29.851514130435376,0.00324000139,20,0,384,982750,15125,3289709,29883,228,671229
0,3470,29.854913213435374,0.00347645977,20,0,384,927458,16083,3341792,30399,228,671225
0,3471,29.858208463435375,0.003270791,20,0,384,964375,13666,3338709,29755,229,671227
0,3472,29.861403296435377,0.00321554,20,0,384,962667,11458,3245083,29883,229,671227
0,3473,29.864738088435374,0.00319766859,20,0,384,920875,17334,3144666,29819,229,671227
0,3474,29.869260005435379,0.00477099651,20,0,384,984500,19375,4779042,40389,229,671227
0,3475,29.873481755435378,0.00385787268,20,0,384,886125,10916,3819834,38163,229,671227
0,3476,29.87661758843538,0.00334546482,20,0,384,1168541,15667,3487292,30011,229,671227
0,3477,29.879941963435378,0.00342320721,20,0,384,1047250,9291,3298417,29755,229,671227
0,3478,29.883355463435379,0.00331328646,20,0,384,879125,19583,3295250,29883,229,671227
0,3479,29.886574630435376,0.00323975342,20,0,384,905250,13292,3316458,29819,229,671227
0,3480,29.890007796435377,0.0033624575,20,0,384,961625,17458,3295500,29947,229,671227
0,3481,29.89354129643538,0.003677544,20,0,384,981375,20250,3471084,29883,229,671227
0,3482,29.896666796435376,0.00310366345,20,0,384,936417,11750,3312750,29819,229,671227
0,3483,29.900151005435376,0.00342304423,20,0,384,910833,18125,3389292,29947,229,671227
0,3484,29.903520421435374,0.00328537426,20,0,384,945459,18750,3287666,29883,229,671227
0,3485,29.907062255435378,0.00350116915,20,0,384,970084,12834,3395750,29819,229,671227
0,3486,29.91092829643538,0.004070911,20,0,384,1009083,26667,4103500,29755,229,671227
0,3487,29.914077338435376,0.003034545,20,0,384,946709,10875,3168167,29883,229,671227
0,3488,29.917440046435374,0.00340403919,20,0,384,952167,21209,3315417,29819,229,671227
0,3489,29.920578796435379,0.00314091542,20,0,384,940833,18583,3220083,30011,229,671227
0,3490,29.92390504643538,0.00313133514,20,0,384,983125,14083,3058875,29883,229,671229
0,3491,29.92741283843538,0.00385625,20,0,384,966416,13583,3821625,29819,229,671229
0,3492,29.930368005435376,0.0028044146,20,0,384,886875,10541,2959166,29755,229,671229
0,3493,29.93431213043538,0.003932171,20,0,384,948000,15583,3689417,31071,229,671229
0,3494,29.937656171435378,0.00333278766,20,0,384,979292,16833,3448292,29819,229,671229
0,3495,29.941127713435378,0.00343908719,20,0,384,989958,17084,3367458,29755,229,671229
0,3496,29.944359213435376,0.00327816745,20,0,384,949708,20708,3411250,30187,229,671229
0,3497,29.947455171435379,0.00308999442,20,0,384,894417,13875,3064208,29819,229,671229
0,3498,29.950933005435374,0.00348004536,20,0,384,1006166,11417,3405458,29755,229,671229
0,3499,29.953967338435376,0.0030355372,20,0,384,959500,19583,3111667,29883,229,671229
0,3500,29.956741130435375,0.00274866773,20,0,384,962083,17084,2865167,29819,229,671229
0,3501,29.959692755435377,0.00296067167,20,0,384,1053292,7958,2896667,29807,229,671229
0,3502,29.96276475543538,0.003100666,20,0,384,989209,21000,2967667,29883,229,671229
0,3503,29.966127171435375,0.003287996,20,0,384,973542,16625,3143792,29819,229,671229
0,3504,29.969258463435374,0.00322891865,20,0,384,948958,12458,3410333,29755,229,671229
0,3505,29.972548088435374,0.00324800168,20,0,384,958209,10750,3272375,29883,229,671229
0,3506,29.975862463435377,0.00330058113,20,0,384,917792,17750,3193709,30207,229,671229
0,3507,29.978998713435374,0.0031807893,20,0,384,970208,19291,3274208,29755,230,671231
0,3508,29.982046588435374,0.0029260416,20,0,384,999167,9167,2911833,29883,230,671231
0,3509,29.98549300543538,0.003462089,20,0,384,1059125,13250,3398666,29819,230,671231
0,3510,29.98880279643538,0.00338203646,20,0,384,943791,16334,3393375,29755,230,671231
0,3511,29.99219388043538,0.00343087432,20,0,384,993792,11125,3408000,29883,230,671231
0,3512,29.995199338435377,0.00296987663,20,0,384,954916,15916,3061709,29819,230,671231
0,3513,29.998325505435375,0.00293871178,20,0,384,1016042,11291,2914292,29755,230,671231
0,3514,30.001557630435379,0.00342208054,20,0,384,1090916,27333,3296917,29883,230,671229
0,3515,30.005934380435377,0.004298292,20,0,384,950000,20250,4374625,51872,230,671229
0,3516,30.00938233843538,0.00358912279,20,0,384,969791,13000,3533333,29755,230,671229
0,3517,30.012480796435376,0.00304287835,20,0,384,905709,15916,3111458,29883,230,671229
0,3518,30.015911171435377,0.00338695431,20,0,384,968750,19166,3170916,29819,230,671229
0,3519,30.019750963435378,0.003979627,20,0,384,955875,15750,4211250,40197,230,671229
0,3520,30.02382258843538,0.0037590845,20,0,384,928000,9875,3683958,38163,230,671229
0,3521,30.027543421435375,0.003997959,20,0,384,1092250,13708,3933292,29819,230,671229
0,3522,30.030941421435379,0.00320537132,20,0,384,946541,12583,3346042,29755,230,671229
0,3523,30.034512088435378,0.00367033738,20,0,384,1089625,13875,3495292,29883,229,671227
0,3524,30.03783617143538,0.00328791817,20,0,384,961791,20250,3383917,29819,229,671227
0,3525,30.041413921435378,0.00361737539,20,0,384,1045833,17000,3599291,29755,229,671227
0,3526,30.044976296435379,0.00344470656,20,0,384,985667,16791,3358417,29883,229,671227
0,3527,30.048488088435377,0.00358229177,20,0,384,1027500,12166,3642583,29819,229,671227
0,3528,30.052545463435379,0.00419487664,20,0,384,999833,22125,4192208,29755,229,671227
0,3529,30.055646796435376,0.003003869,20,0,384,952916,11583,2992209,29883,229,671227
0,3530,30.058879005435379,0.0032973357,20,0,384,1016875,12542,3308042,29819,229,671227
0,3531,30.061767755435376,0.00283787563,20,0,384,948459,15333,2964958,29755,229,671227
0,3532,30.065092338435377,0.00312850066,20,0,384,1022584,11500,2926291,29883,228,671225
0,3533,30.068371213435377,0.00347932964,20,0,384,1000500,16042,3513167,29819,228,671225
0,3534,30.071452796435381,0.00315841846,20,0,384,963625,19250,3237584,29883,228,671225
0,3535,30.074476046435379,0.003024504,20,0,384,906458,22750,2934667,29883,228,671229
0,3536,30.077459296435379,0.00297383079,20,0,384,909750,11375,3087750,29819,228,671229
0,3537,30.080818713435377,0.00328537426,20,0,384,966209,8791,3110416,29755,228,671229
0,3538,30.083920796435379,0.00310704368,20,0,384,967791,14625,3279958,29883,228,671229
0,3539,30.08683329643538,0.00294116349,20,0,384,906750,14250,2952792,29819,228,671229
0,3540,30.08986688043538,0.00289908587,20,0,384,1007291,10583,2837417,29755,228,671229
0,3541,30.092745630435374,0.00310608,20,0,384,1045625,19167,3096083,29883,228,671229
0,3542,30.095374963435376,0.00267512747,20,0,384,879208,10208,2779791,30207,228,671229
0,3543,30.098108630435377,0.00254871021,20,0,384,894042,9667,2517583,29755,229,671231
0,3544,30.101016588435378,0.00307808258,20,0,384,1008583,12500,2997041,29883,229,671231
0,3545,30.103974296435375,0.00272241351,20,0,384,883125,13583,2762792,29819,229,671231
0,3546,30.107287796435379,0.00337595656,20,0,384,1000333,15291,3243583,29755,229,671231
0,3547,30.110642338435376,0.00357025233,20,0,384,959125,16250,3586500,29883,229,671231
0,3548,30.113423005435379,0.0027,20,0,384,869291,9208,2783583,29819,229,671231
0,3549,30.116549213435377,0.003058957,20,0,384,919167,11417,3000041,29755,229,671231
0,3550,30.11993658843538,0.00330141722,20,0,384,969334,11625,3195542,29883,229,671231
0,3551,30.123537546435379,0.00363270985,20,0,384,977166,15875,3698083,29819,229,671231
0,3552,30.126708755435374,0.00320183532,20,0,384,901958,12708,3190709,29755,229,671231
0,3553,30.130358630435374,0.00355625,20,0,384,988792,10417,3493875,29883,229,671231
0,3554,30.134160963435377,0.003961579,20,0,384,992625,18000,4020042,29819,229,671231
0,3555,30.137613338435379,0.003399922,20,0,384,913959,11125,3366084,29755,229,671231
0,3556,30.141067213435377,0.00339520257,20,0,384,933834,16875,3383750,29883,229,671231
0,3557,30.144321546435378,0.00322058541,20,0,384,968458,18166,3287000,29819,229,671231
0,3558,30.147776338435378,0.00350283436,20,0,384,962417,18500,3425167,29755,229,671231
0,3559,30.151023046435377,0.00333317043,20,0,384,947625,19208,3375084,29883,229,671231
0,3560,30.15477758843538,0.003347619,20,0,384,925959,18209,3286750,29819,229,671227
0,3561,30.158312380435376,0.00389779615,20,0,384,1190958,23916,3897417,29755,229,671227
0,3562,30.161394755435374,0.0030672478,20,0,384,938834,18208,3144875,29935,229,671227
0,3563,30.164978880435378,0.00338833616,20,0,384,938750,18333,3358083,29819,229,671227
0,3564,30.168254838435374,0.00345537136,20,0,384,1021125,19416,3392334,29755,229,671227
0,3565,30.172457380435375,0.004172293,20,0,384,979250,14709,4209208,40325,229,671227
0,3566,30.176707963435376,0.0044042943,20,0,384,1048167,11417,4431209,38099,229,671227
0,3567,30.179975880435379,0.00314866775,20,0,384,901666,10375,3058458,29755,229,671227
0,3568,30.183565796435374,0.00350266439,20,0,384,943291,16625,3492500,29883,229,671227
0,3569,30.186895171435374,0.00342553854,20,0,384,963875,13166,3490167,29819,229,671227
0,3570,30.190286088435379,0.00311329355,20,0,384,955625,19459,3195125,29755,229,671227
0,3571,30.194075880435378,0.00421512173,20,0,384,1204041,18000,4131375,29883,229,671227
0,3572,30.197344505435375,0.003171209,20,0,384,888625,11834,3163166,29819,229,671227
0,3573,30.200553171435374,0.00319875288,20,0,384,911125,16667,3277209,29755,229,671227
0,3574,30.203894380435379,0.00322324969,20,0,384,956125,13209,3121125,29883,229,671227
0,3575,30.207105963435374,0.003271627,20,0,384,969333,12625,3205000,29819,229,671227
0,3576,30.210765755435375,0.00377987535,20,0,384,945833,20541,3822834,29755,229,671227
0,3577,30.213949171435374,0.00301354169,20,0,384,886333,11000,3027458,30271,229,671227
0,3578,30.217239046435374,0.003365207,20,0,384,990667,19959,3318500,29819,230,671229
0,3579,30.220374380435381,0.003109708,20,0,384,943791,17459,3219250,29883,230,671229
0,3580,30.223657630435376,0.00313895964,20,0,384,1011084,13083,3064000,29883,230,671233
0,3581,30.227505255435375,0.00409375,20,0,384,1018875,14166,4058292,29819,230,671233
0,3582,30.231124213435379,0.00319512468,20,0,384,932458,11083,3225875,29755,230,671233
0,3583,30.23490500543538,0.00414833473,20,0,384,1219667,19834,3997042,29883,230,671233
0,3584,30.238280130435378,0.00340803573,20,0,384,943166,14458,3478791,29819,230,671233
0,3585,30.24162396343538,0.0032609622,20,0,384,912083,10708,3304209,29755,230,671233
0,3586,30.244984630435376,0.00332608423,20,0,384,968208,19542,3318750,29883,230,671233
0,3587,30.248280630435374,0.003179287,20,0,384,959250,14042,3256916,29819,230,671233
0,3588,30.251646088435379,0.0034982923,20,0,384,1130125,16500,3403250,29755,230,671233
0,3589,30.254859963435379,0.00327758654,20,0,384,987375,15375,3223083,29883,230,671233
0,3590,30.25845763043538,0.00361962151,20,0,384,930208,11667,3582458,29819,230,671233
0,3591,30.261664005435378,0.00313020824,20,0,384,944667,13041,3246792,29755,230,671233
0,3592,30.265077921435378,0.00327587873,20,0,384,1024917,10167,3250542,29883,230,671233
0,3593,30.268238630435377,0.00335266441,20,0,384,1007667,15209,3387125,29819,230,671233
0,3594,30.271035088435376,0.00284900074,20,0,384,981208,9625,2954458,29755,230,671233
0,3595,30.274264713435379,0.00320866634,20,0,384,952666,10292,2859000,29883,230,671233
0,3596,30.27739921343538,0.00308770547,20,0,384,931166,11667,3304042,29819,230,671233
0,3597,30.280470838435377,0.0031183816,20,0,384,923084,19833,3042083,29755,230,671233
0,3598,30.284056046435374,0.003596705,20,0,384,920792,15500,3643583,29883,230,671233
0,3599,30.28685979643538,0.00286892,20,0,384,896583,9458,2876625,29819,230,671233
0,3600,30.289499171435374,0.00253291521,20,0,384,880167,13333,2645375,29755,230,671233
0,3601,30.292555171435374,0.00310078659,20,0,384,998666,7250,2932333,29883,230,671233
0,3602,30.295406255435374,0.00285750418,20,0,384,918959,16083,2972916,29819,230,671233
0,3603,30.298122130435374,0.00267024525,20,0,384,951833,8000,2709667,29755,230,671233
0,3604,30.301023380435375,0.00301337871,20,0,384,986250,11042,2890167,29883,230,671229
0,3605,30.30370050543538,0.0025383716,20,0,384,867000,15542,2699042,29819,230,671229
0,3606,30.306362130435375,0.00273125,20,0,384,933000,10500,2696625,29755,230,671229
0,3607,30.313469588435375,0.00297350483,20,0,384,964000,11792,2790458,29883,230,671229
0,3608,30.330612963435378,0.00762470951,20,0,384,4787375,14292,7586167,57293,230,671229
0,3609,30.335242755435374,0.01812366,20,0,384,3908959,10834,18093208,157921,230,671247
0,3610,30.339272088435379,0.004149589,20,0,384,946333,13083,4274708,40713,229,671215
0,3611,30.343183546435377,0.0039424533,20,0,384,963334,10458,3928833,38099,230,671217
0,3612,30.346755713435378,0.003408213,20,0,384,934917,10584,3312959,29755,230,671217
0,3613,30.350075005435379,0.00344824977,20,0,384,935208,14042,3479833,29883,230,671217
0,3614,30.353205546435376,0.0031102465,20,0,384,927709,16250,3187750,29819,230,671217
0,3615,30.356316963435376,0.00303324824,20,0,384,965042,9583,3000875,29755,230,671217
0,3616,30.359698796435374,0.0035220026,20,0,384,1049750,13708,3395792,29883,230,671217
0,3617,30.36265725543538,0.00292266859,20,0,384,908708,11375,3054500,29871,230,671217
0,3618,30.366019463435379,0.00326762325,20,0,384,968500,8583,3133750,29755,230,671217
0,3619,30.368968255435377,0.003092503,20,0,384,891500,17417,3228500,29883,230,671217
0,3620,30.371692796435376,0.002763662,20,0,384,929584,12625,2757708,29819,230,671217
0,3621,30.374789213435378,0.00302879116,20,0,384,905000,10833,3006417,29755,230,671217
0,3622,30.377694255435379,0.00293625286,20,0,384,919458,10417,2967750,29883,230,671217
0,3623,30.380343421435377,0.002708461,20,0,384,918917,13875,2800542,29819,230,671217
0,3624,30.383953671435378,0.00357649522,20,0,384,935750,5084,3409792,29755,230,671217
0,3625,30.386725380435379,0.00268704654,20,0,384,862583,9125,2717292,29883,230,671217
0,3626,30.389744963435376,0.003022371,20,0,384,969250,8584,3026375,29819,230,671217
0,3627,30.39256463043538,0.00288875424,20,0,384,980125,9041,2936416,29755,230,671217
0,3628,30.39526079643538,0.00270087156,20,0,384,893125,15667,2648625,29883,230,671217
0,3629,30.39821579643538,0.00295662554,20,0,384,912500,12958,2969334,29819,230,671217
0,3630,30.400869838435376,0.00268521113,20,0,384,907125,14625,2771750,29755,230,671217
0,3631,30.404042671435377,0.00309032737,20,0,384,925125,5250,2869958,29883,230,671217
0,3632,30.406719130435377,0.00264979457,20,0,384,872000,11209,2823417,29819,230,671217
0,3633,30.409849838435377,0.00322637474,20,0,384,1002125,8042,3111333,29755,230,671217
0,3634,30.412659588435375,0.00270753959,20,0,384,896917,9750,2765875,29883,230,671217
0,3635,30.415755255435379,0.00311262766,20,0,384,1007500,8208,2929542,29819,230,671217
0,3636,30.419167255435376,0.00340303988,20,0,384,926750,16584,3356334,29755,230,671217
0,3637,30.422451171435377,0.00327633228,20,0,384,959000,13583,3320000,29883,230,671217
0,3638,30.42526008843538,0.0027482498,20,0,384,913084,17875,2975125,29819,230,671217
0,3639,30.428560338435375,0.003294005,20,0,384,961208,12833,3106959,29755,230,671217
0,3640,30.431865838435378,0.003262833,20,0,384,986875,17792,3291708,29883,230,671217
0,3641,30.434835588435377,0.00309428852,20,0,384,985167,19625,3191333,29819,230,671217
0,3642,30.438150171435375,0.003192836,20,0,384,930875,18250,3003167,29755,230,671217
0,3643,30.441482296435375,0.00342987524,20,0,384,996375,18667,3500042,29883,230,671217
0,3644,30.444552755435375,0.00298341829,20,0,384,927917,20500,3012959,29819,230,671217
0,3645,30.447795588435376,0.00327949971,20,0,384,954584,18666,3374708,29755,230,671217
0,3646,30.451051338435377,0.00336428569,20,0,384,1024500,13750,3209708,29883,230,671217
0,3647,30.454094421435379,0.002943502,20,0,384,868291,16667,3027792,30207,230,671217
0,3648,30.457443255435379,0.003413421,20,0,384,1029125,12042,3174625,29755,231,671219
0,3649,30.46070763043538,0.00335282739,20,0,384,929583,12333,3439958,29883,231,671219
0,3650,30.46417192143538,0.00318008778,20,0,384,888417,10750,3229167,29819,231,671219
0,3651,30.467505921435375,0.0035149164,20,8,384,991833,15250,3490500,29755,231,671219
0,3652,30.471019630435379,0.003611919,20,8,384,956792,19083,3630167,40033,231,671219
0,3653,30.474028796435377,0.00278682681,20,8,384,901000,11750,2842875,29819,239,671267
0,3654,30.477432588435377,0.00355950254,20,8,384,1042959,16708,3447000,29755,239,671267
0,3655,30.480736505435374,0.00327504263,20,8,384,948833,11125,3264375,29883,239,671267
0,3656,30.484093671435375,0.00328446,20,8,384,969875,11417,3376792,29819,239,671267
0,3657,30.487264630435376,0.00316737522,20,8,384,930500,22292,3136084,29755,239,671267
0,3658,30.491389463435375,0.00419624429,20,8,384,1020167,18042,4172458,40325,239,671267
0,3659,30.495130505435377,0.00373813068,20,8,384,982417,11500,3793291,38099,239,671267
0,3660,30.498156005435376,0.00296658161,20,10,384,996167,10000,2997583,29755,239,671267
0,3661,30.50160763043538,0.003609793,20,10,384,1054667,10000,3391292,29883,239,671267
0,3662,30.50503004643538,0.00328112254,20,10,384,901417,11166,3285417,29819,241,671339
0,3663,30.50857458843538,0.00352125149,20,12,384,960792,11250,3601292,29755,241,671339
0,3664,30.511742463435375,0.003244579,20,12,384,997958,18167,3240333,29883,241,671339
0,3665,30.514813296435378,0.002975,20,12,384,966958,14167,3053917,29819,243,671411
0,3666,30.518078171435377,0.0032567957,20,12,384,1063750,9750,3273125,29755,243,671411
0,3667,30.521213255435377,0.00318937073,20,12,384,1034625,19708,3140166,29883,243,671411
0,3668,30.524628463435377,0.00338054844,20,12,384,1002708,14292,3273333,29819,243,671411
0,3669,30.527767088435375,0.00317462441,20,14,384,947542,12958,3335958,29755,243,671411
0,3670,30.531007130435377,0.003203954,20,14,384,1022792,14416,3144291,30107,243,671411
0,3671,30.534222338435377,0.00327662984,20,14,384,1030000,19458,3283750,29819,245,671483
0,3672,30.537268005435379,0.002997038,20,14,384,957375,14625,2991959,29755,245,671483
0,3673,30.540486380435375,0.00311070727,20,14,384,1044041,9791,3114292,29883,245,671483
0,3674,30.544422421435378,0.003911501,20,14,384,1087042,19500,3750250,29819,245,671483
0,3675,30.54807621343538,0.003700914,20,14,384,1018583,16209,3837958,29755,245,671483
0,3676,30.55149675543538,0.00353225623,20,14,384,1088459,16750,3486959,29883,245,671483
0,3677,30.555205380435375,0.0035987033,20,14,384,973542,19667,3429250,29819,245,671483
0,3678,30.558908130435377,0.003630251,20,14,384,1085959,15583,3673458,29755,245,671483
0,3679,30.56288508843538,0.004032462,20,14,384,1097834,21125,3965959,29883,245,671483
0,3680,30.566533171435374,0.00367399375,20,14,384,1095667,16833,3816041,29871,245,671483
0,3681,30.569760505435376,0.0033077097,20,14,384,970541,14625,3300166,29755,245,671483
0,3682,30.573153088435376,0.003215129,20,14,384,964583,16166,3277458,29883,245,671483
0,3683,30.57658925543538,0.00358874723,20,14,384,1103625,11208,3517875,30207,245,671483
0,3684,30.580187546435376,0.00354866777,20,14,384,985292,19500,3472458,29755,246,671485
0,3685,30.583863713435377,0.00371445576,20,14,384,1048625,15125,3732667,29883,246,671485
0,3686,30.587237255435376,0.003339463,20,14,384,988584,11125,3431708,29819,246,671485
0,3687,30.590778463435377,0.00352979032,20,14,384,1038458,22042,3338875,29755,246,671485
0,3688,30.594531796435376,0.00364328944,20,14,384,1052333,20000,3767458,29883,246,671485
0,3689,30.598461421435374,0.0039432114,20,14,384,991458,13250,3931875,29819,246,671485
0,3690,30.602515880435377,0.00437254133,20,14,384,1055167,18625,4398333,29755,246,671485
0,3691,30.60557067143538,0.002936919,20,14,384,934042,10083,2980583,29883,246,671485
0,3692,30.608475921435378,0.003025411,20,14,384,913583,13750,3084875,30245,246,671485
0,3693,30.611056505435378,0.0026045423,20,14,384,917625,11334,2661959,29755,246,671485
0,3694,30.613896671435377,0.0027524163,20,14,384,905000,11750,2630792,29883,246,671485
0,3695,30.617013338435378,0.00312900357,20,14,384,1005292,10625,3192459,29819,246,671485
0,3696,30.61980133843538,0.00285299751,20,14,384,972250,12583,2895208,29755,246,671485
0,3697,30.622668713435374,0.002794834,20,14,384,930291,10333,2707417,29883,246,671485
0,3698,30.625935838435375,0.003161664,20,14,384,983959,9333,3108125,29819,246,671485
0,3699,30.628777130435374,0.00287996023,20,14,384,935125,18250,2984125,29755,246,671485
0,3700,30.631728713435379,0.002937004,20,14,384,1027208,16583,2887667,29883,246,671485
0,3701,30.634683630435376,0.00303116487,20,14,384,1033167,14375,2997375,29819,246,671485
0,3702,30.637666046435378,0.0029120394,20,14,384,961708,12500,2862042,29755,246,671485
0,3703,30.641517130435375,0.004001793,20,14,384,996584,14166,4042959,40325,246,671485
0,3704,30.644793713435377,0.003281831,20,14,384,896042,10542,3345209,38099,246,671485
0,3705,30.64767850543538,0.002688166,20,14,384,847167,7708,2637167,29755,246,671485
0,3706,30.650827338435377,0.0032541242,20,14,384,1045459,13417,3208375,29883,246,671485
0,3707,30.654076755435376,0.00322971237,20,14,384,921833,15125,3211709,29819,246,671485
0,3708,30.657175880435375,0.00291062216,20,14,384,931250,14917,2868458,29755,246,671485
0,3709,30.660702588435377,0.00386933819,20,14,384,1075958,18292,3844042,29883,246,671485
0,3710,30.663557380435378,0.00271970662,20,14,384,870917,9416,2837542,29819,246,671485
0,3711,30.666771088435375,0.003252792,20,14,384,890917,13875,3211083,29755,246,671485
0,3712,30.669725005435374,0.00287070568,20,14,384,924250,10833,2887750,29883,246,671485
0,3713,30.673391505435376,0.00347641716,20,14,384,964958,13917,3302250,29819,246,671485
0,3714,30.677712046435374,0.004529294,20,14,384,1071916,25958,4551667,29755,246,671485
0,3715,30.681035005435376,0.003334871,20,14,384,988208,12459,3345291,29883,246,671485
0,3716,30.684478880435378,0.00330758933,20,14,384,956167,12292,3278208,29819,246,671485
0,3717,30.687459921435376,0.003116036,20,14,384,954333,16459,3283292,29755,246,671485
0,3718,30.690661546435379,0.00294412556,20,14,384,980291,13209,2897292,29883,246,671485
0,3719,30.69413704643538,0.00372404326,20,14,384,1118083,11125,3639750,30207,246,671485
0,3720,30.697945630435377,0.00354774669,20,14,384,938375,15209,3473084,29755,247,671487
0,3721,30.701379130435377,0.00363079645,20,14,384,1101166,22458,3698250,29883,247,671487
0,3722,30.704965463435379,0.00345445727,20,14,384,978500,19667,3340750,29819,247,671487
0,3723,30.708590588435378,0.003657164,20,14,384,1056500,12875,3720542,29755,247,671487
0,3724,30.712023130435377,0.00355625,20,14,384,1069000,16417,3578292,29883,247,671487
0,3725,30.715726921435376,0.003611168,20,14,384,988500,13375,3547167,29819,247,671487
0,3726,30.719337880435376,0.00362346228,20,14,384,1021791,21417,3608125,29755,247,671487
0,3727,30.723284463435377,0.003824915,20,14,384,1009916,23041,3743459,29883,247,671487
0,3728,30.72781004643538,0.004645961,20,14,384,1091916,23416,4799500,29965,247,671487
0,3729,30.731767546435378,0.003920621,20,14,384,1020500,12167,3703125,29755,247,671487
0,3730,30.735455338435379,0.00379829225,20,14,384,1027334,24584,3913250,29883,247,671487
0,3731,30.739332255435379,0.00374845532,20,12,384,1006250,12875,3773542,29819,247,671487
0,3732,30.742951921435377,0.00370808528,20,12,384,1054916,16666,3686917,29755,247,671487
0,3733,30.746680796435378,0.00360928988,20,12,384,1012167,18542,3537458,29883,245,671415
0,3734,30.750457213435375,0.003896464,20,12,384,1022708,14750,3951791,29819,245,671415
0,3735,30.75406033843538,0.003556746,20,12,384,1000417,11917,3601333,29755,245,671415
0,3736,30.75771192143538,0.00362737384,20,12,384,1046708,18750,3576583,29883,245,671415
0,3737,30.761250880435377,0.003621542,20,12,384,1028375,19334,3663042,29819,244,671413
0,3738,30.765254546435379,0.00383049878,20,12,384,991292,21042,3827750,29755,244,671413
0,3739,30.769441588435377,0.00435841829,20,12,384,1031125,25750,4265875,29935,244,671413
0,3740,30.773014338435374,0.00343779055,20,12,384,1043916,13125,3527750,29819,244,671413
0,3741,30.77657054643538,0.00361471088,20,12,384,1072167,24417,3584708,29755,244,671413
0,3742,30.78045429643538,0.003992418,20,12,384,1064250,15083,3912084,29883,244,671413
0,3743,30.784422963435375,0.00387870613,20,12,384,1008625,12875,3858792,29819,244,671413
0,3744,30.787915380435379,0.00354858278,20,12,384,1006500,12708,3548041,29755,244,671413
0,3745,30.792473296435375,0.00455950247,20,12,384,993417,19458,4676542,40325,244,671413
0,3746,30.796618921435375,0.00421187654,20,12,384,1067000,12125,4214667,38099,244,671413
0,3747,30.800222088435376,0.00354583329,20,12,384,998708,11500,3474833,29755,244,671413
0,3748,30.803909630435378,0.0036947492,20,12,384,981541,19583,3652209,29883,244,671413
0,3749,30.807377630435376,0.00333346077,20,12,384,959333,13292,3332792,29819,244,671413
0,3750,30.811042838435377,0.00374624436,20,12,384,1080792,18042,3795584,29755,244,671413
0,3751,30.814430005435376,0.003427544,20,12,384,986584,17542,3480042,30271,244,671413
0,3752,30.817833046435375,0.00335999858,20,10,384,993542,18625,3387041,29819,245,671415
0,3753,30.821823296435376,0.00401804131,20,10,384,1062666,15042,3738708,29755,245,671415
0,3754,30.825618630435379,0.00376400235,20,10,384,1041375,17542,3952500,29883,243,671343
0,3755,30.828849088435376,0.00327620469,20,10,384,981208,15875,3299500,29819,243,671343
0,3756,30.832217213435378,0.003410374,20,10,384,1023292,17000,3293916,34751,243,671343
0,3757,30.835455963435379,0.00326875,20,10,384,981000,16959,3383083,29883,243,671343
0,3758,30.838534755435376,0.00305725634,20,10,384,958708,17375,3104625,29819,243,671343
0,3759,30.842006463435375,0.00340524386,20,10,384,1018416,13500,3310541,29755,243,671343
0,3760,30.845826588435379,0.003594168,20,10,384,1000250,20542,3458125,29883,243,671343
0,3761,30.84987883843538,0.0041988804,20,10,384,1164709,14791,4236584,29819,243,671343
0,3762,30.853562171435378,0.00368108,20,10,384,1069583,15416,3751167,29755,243,671343
0,3763,30.857314838435379,0.003831498,20,10,384,1074250,19292,3644250,29883,243,671343
0,3764,30.861069046435375,0.003721294,20,10,384,1047333,13000,3805625,29819,243,671343
0,3765,30.865196046435379,0.00382750132,20,10,384,1072834,15250,3867541,29755,243,671343
0,3766,30.86941138043538,0.00465212576,20,10,384,1076917,18500,4629125,29883,243,671343
0,3767,30.873181921435375,0.00355170784,20,10,384,969125,12291,3559083,29819,243,671343
0,3768,30.877819963435378,0.004765207,20,10,384,1093708,15709,4786917,29755,243,671343
0,3769,30.88143138043538,0.003594331,20,10,384,1030292,15750,3587791,29883,243,671343
0,3770,30.885610130435374,0.003940129,20,10,384,1016833,20209,3905208,29819,243,671343
0,3771,30.889832671435379,0.004368417,20,10,384,1095750,20458,4113875,29755,243,671343
0,3772,30.893521213435378,0.00373303564,20,10,384,1122083,14417,3965666,29883,243,671343
0,3773,30.897264130435374,0.0037493764,20,10,384,1038125,21834,3732959,29819,243,671343
0,3774,30.901045921435376,0.003652714,20,10,384,1042458,15416,3760250,29755,243,671343
0,3775,30.905840963435374,0.00446295366,20,10,384,1148875,16833,4129417,29883,243,671343
0,3776,30.90992325543538,0.004368254,20,10,384,1249875,27625,4657916,29819,243,671343
0,3777,30.91455842143538,0.004541291,20,10,384,1175959,19792,4377834,29755,242,671341
0,3778,30.918892921435379,0.004677161,20,0,384,1233250,21875,4627750,29883,242,671341
0,3779,30.92241054643538,0.00345375575,20,0,384,1025625,15000,3668750,31659,242,671341
0,3780,30.926186296435375,0.00374174467,20,0,384,1062584,18584,3704667,29755,232,671219
0,3781,30.929789963435375,0.00376287545,20,0,384,970209,21625,3611875,29883,232,671219
0,3782,30.93328217143538,0.00347108836,20,0,384,957291,13333,3573000,30207,232,671219
0,3783,30.936469296435376,0.0031191255,20,0,384,963833,17875,3263792,29755,233,671221
0,3784,30.940053713435375,0.003550078,20,0,384,1026083,14958,3313250,29883,233,671221
0,3785,30.944323255435378,0.004329918,20,0,384,1033708,17584,4507292,40261,232,671219
0,3786,30.948365838435379,0.00401429273,20,0,384,988042,12458,3986667,38035,232,671219
0,3787,30.95176942143538,0.003521124,20,0,384,1029917,12959,3320292,29883,232,671219
0,3788,30.955180630435379,0.00331342127,20,0,384,966792,12208,3453833,29819,232,671219
0,3789,30.958486255435375,0.00335162273,20,0,384,988375,14292,3420334,29755,232,671219
0,3790,30.96236504643538,0.00370720658,20,0,384,998375,14208,3420291,29883,232,671219
0,3791,30.966434213435377,0.00420999853,20,0,384,1112666,17458,4284625,29819,232,671219
0,3792,30.969779921435375,0.00335283438,20,0,384,948583,11917,3543750,29807,232,671219
0,3793,30.973524171435379,0.00363837858,20,0,384,990125,14417,3539000,29883,232,671219
0,3794,30.977599921435377,0.0042087445,20,0,384,1029458,16000,4275459,29819,232,671219
0,3795,30.980970046435374,0.00327229314,20,0,384,976334,13250,3309667,29755,232,671219
0,3796,30.984414588435378,0.003506002,20,0,384,1026292,15084,3396250,29883,232,671219
0,3797,30.98774179643538,0.003314874,20,0,384,942708,12208,3374459,29819,232,671219
0,3798,30.991111505435377,0.00335679553,20,0,384,1004416,15709,3407542,29755,232,671219
0,3799,30.994636046435375,0.003652955,20,0,384,1037417,14542,3417500,29883,232,671219
0,3800,30.998066588435378,0.00322708325,20,0,384,945459,13167,3387833,29819,232,671219
0,3801,31.001524755435376,0.00361041678,20,0,384,1040292,19792,3588833,29755,232,671219
0,3802,31.005112463435374,0.003526247,20,0,384,980375,14834,3426917,29883,232,671219
0,3803,31.008661630435377,0.00357687776,20,0,384,964542,12334,3666542,29819,232,671219
0,3804,31.011859921435374,0.00322045782,20,0,384,962875,20792,3291875,29755,232,671219
0,3805,31.01526396343538,0.00323012332,20,0,384,999958,11500,3188250,29883,232,671219
0,3806,31.019099130435379,0.004093041,20,0,384,1028625,20708,4120417,29819,232,671219
0,3807,31.022454671435376,0.00319474912,20,0,384,939875,11292,3174958,29755,232,671219
0,3808,31.025784838435378,0.00335787982,20,0,384,1059167,13750,3286959,29883,232,671219
0,3809,31.02884750543538,0.003094501,20,0,384,923166,11583,3182708,29819,232,671219
0,3810,31.03209504643538,0.003187245,20,0,384,1022166,11291,3119875,29755,232,671219
0,3811,31.035193171435374,0.00325125433,20,0,384,1027417,16833,3285041,29883,231,671217
0,3812,31.038309255435379,0.00306186941,20,0,384,901750,16791,3005291,29819,231,671217
0,3813,31.041779838435374,0.00341138034,20,0,384,942958,15958,3398083,29755,231,671217
0,3814,31.045117505435378,0.00332941464,20,0,384,971542,20417,3366667,29883,230,671215
0,3815,31.048319130435374,0.00314150378,20,0,384,960875,11208,3208417,29819,230,671215
0,3816,31.051523171435377,0.00324566336,20,0,384,1073958,14834,3189541,29755,230,671215
0,3817,31.054890463435378,0.00351970666,20,0,384,1006459,13708,3421167,30271,230,671215
0,3818,31.058193630435376,0.00320591684,20,0,384,917375,12125,3228708,29819,231,671217
0,3819,31.061672671435375,0.00334095815,20,0,384,957542,19125,3326375,29755,231,671217
0,3820,31.065864630435378,0.00432942156,20,0,384,1072458,20583,3631167,29883,230,671215
0,3821,31.069208088435374,0.00333837164,20,0,384,960417,10667,4101458,37979,230,671215
0,3822,31.072648630435374,0.00342100346,20,0,384,1015750,15375,3385375,29755,230,671215
0,3823,31.075885338435377,0.00331024663,20,0,384,990375,20875,3288292,29883,230,671215
0,3824,31.078873880435374,0.00301116775,20,0,384,938042,16000,3091500,29819,230,671215
0,3825,31.082066796435377,0.003149001,20,0,384,977333,9333,3092375,29755,230,671215
0,3826,31.085230880435375,0.00306953653,20,0,384,985042,11708,3113833,29883,230,671215
0,3827,31.088470546435374,0.00336641865,20,0,384,960875,17708,3287959,29819,230,671215
0,3828,31.091875880435374,0.00332838017,20,0,384,927958,17083,3197541,29755,230,671215
0,3829,31.096008296435379,0.0041831634,20,0,384,977292,13125,4259666,40325,230,671215
0,3830,31.100084046435377,0.004074667,20,0,384,978459,12083,4115542,38099,230,671215
0,3831,31.102924463435379,0.0029125,20,0,384,996917,9792,3029375,29755,230,671215
0,3832,31.106033213435374,0.002981831,20,0,384,974791,9084,2864333,29883,230,671215
0,3833,31.109416130435378,0.00342033734,20,0,384,941750,18000,3403959,29819,230,671215
0,3834,31.11255171343538,0.00312070572,20,0,384,960792,18083,3166375,29755,230,671215
0,3835,31.115811838435377,0.00325992075,20,0,384,1013708,13667,3131625,29883,230,671215
0,3836,31.119057546435378,0.00328258215,20,0,384,972250,12083,3378125,29819,230,671215
0,3837,31.123344130435378,0.004000581,20,0,384,958417,18000,3607792,29755,230,671215
0,3838,31.127752088435379,0.0046756235,20,0,384,1106417,21167,5023000,29883,230,671215
0,3839,31.131211505435374,0.003391043,20,0,384,952500,11625,3279417,29819,230,671215
0,3840,31.134522213435375,0.00335500273,20,0,384,986500,16250,3444208,29755,230,671215
0,3841,31.137806463435375,0.00322232861,20,0,384,1015125,13750,3229625,29883,230,671215
0,3842,31.141141505435378,0.00330374856,20,0,384,1034750,21292,3290125,29819,230,671215
0,3843,31.144611421435378,0.00342362537,20,0,384,1031791,18459,3458583,29755,230,671215
0,3844,31.14774746343538,0.003298838,20,0,384,1009042,20250,3299084,29883,230,671215
0,3845,31.151067296435379,0.00330270687,20,0,384,1006417,11000,3208625,29819,230,671215
0,3846,31.15438608843538,0.00335091422,20,0,384,966125,19000,3367333,29755,230,671215
0,3847,31.157812921435379,0.00345804286,20,0,384,956542,14875,3340042,29883,230,671215
0,3848,31.161034963435377,0.00314587587,20,0,384,951833,12417,3338959,29819,230,671215
0,3849,31.164346255435376,0.0031801234,20,0,384,1012750,10750,3220709,29755,230,671215
0,3850,31.167577713435378,0.00343637331,20,0,384,1037167,16458,3314167,29883,230,671215
0,3851,31.170856171435375,0.00307125133,20,0,384,925959,20042,3085791,29871,230,671215
0,3852,31.174671880435376,0.003913251,20,0,384,1080750,17917,3816125,30143,230,671215
0,3853,31.177917838435377,0.00322512747,20,0,384,968875,12791,3329042,29883,231,671217
0,3854,31.181760130435379,0.00381378969,20,0,384,1003167,18875,3657875,29819,231,671217
0,3855,31.185483546435378,0.0038365433,20,0,384,1018417,17000,3870875,29755,230,671215
0,3856,31.188870630435375,0.00340241636,20,0,384,920208,12708,3403541,29883,230,671215
0,3857,31.192400213435377,0.00353108,20,0,384,950833,12667,3602209,29819,230,671215
0,3858,31.195730088435376,0.003352381,20,0,384,957666,18084,3372542,29755,229,671213
0,3859,31.199233338435377,0.00340158027,20,0,384,921375,17875,3319542,29883,229,671213
0,3860,31.202446588435379,0.00328887464,20,0,384,999417,17750,3365208,29819,229,671213
0,3861,31.205794463435375,0.00324554276,20,0,384,959292,18625,3226584,29755,229,671213
0,3862,31.209173088435378,0.00341662415,20,0,384,952833,17625,3379375,29883,229,671213
0,3863,31.212538921435375,0.00338316336,20,0,384,984375,19459,3386625,29819,229,671213
0,3864,31.216332255435375,0.00353833614,20,0,384,1002375,18291,3411458,29755,229,671213
0,3865,31.220363921435379,0.0043019983,20,0,384,1118292,28334,4193875,29883,229,671213
0,3866,31.22388963043538,0.00340825529,20,0,384,977958,13875,3508208,29819,229,671213
0,3867,31.22742154643538,0.00380012044,20,0,384,960916,15250,3884541,29755,229,671213
0,3868,31.230395338435379,0.002911253,20,0,384,903125,10083,2991917,29883,229,671213
0,3869,31.234011838435379,0.00369528774,20,0,384,925375,15750,3641542,29819,229,671213
0,3870,31.236682796435375,0.002657334,20,0,384,899417,11208,2800000,30423,229,671213
0,3871,31.239485588435379,0.00272404333,20,0,384,903500,9458,2639583,29883,229,671213
0,3872,31.242589630435376,0.00307745882,20,0,384,976042,13916,2988542,29819,229,671213
0,3873,31.246795213435377,0.004154372,20,0,384,981375,11708,4172791,40197,229,671213
0,3874,31.25080146343538,0.004083043,20,0,384,962458,12125,4117625,38637,229,671213
0,3875,31.253785296435375,0.00294354442,20,0,384,965208,11583,3012459,29819,229,671213
0,3876,31.257040921435376,0.00311724772,20,0,384,1032667,8375,2986958,29755,229,671213
0,3877,31.260727796435376,0.003907334,20,0,384,1048417,14167,3954208,29883,229,671213
0,3878,31.264119588435378,0.00309058256,20,0,384,934459,9917,3029291,29819,229,671213
0,3879,31.267428130435377,0.00350966561,20,0,384,1016833,17000,3497042,29755,229,671213
0,3880,31.270816046435378,0.00336137321,20,0,384,985125,12417,3336166,29883,229,671213
0,3881,31.274059046435376,0.003193084,20,0,384,999375,11416,3165750,29819,229,671213
0,3882,31.277480296435378,0.00359199964,20,0,384,997166,21791,3527250,29755,229,671213
0,3883,31.280636963435377,0.003081583,20,0,384,938125,10584,3234292,29883,229,671213
0,3884,31.28400600543538,0.00323312776,20,0,384,939250,18250,3208417,29819,229,671213
0,3885,31.287333255435378,0.00338008069,20,0,384,963041,20166,3395500,29755,229,671213
0,3886,31.291185005435381,0.00388712436,20,0,384,1017250,13500,3687958,29883,229,671213
0,3887,31.294301421435378,0.003172293,20,0,384,960708,12625,3337166,30207,229,671213
0,3888,31.29742883843538,0.00312196,20,0,384,952250,16917,3153625,29755,230,671215
0,3889,31.300905255435374,0.00350433681,20,0,384,999500,12458,3406834,29883,230,671215
0,3890,31.304068005435376,0.00305324537,20,0,384,924292,15833,3121667,29819,230,671215
0,3891,31.307406713435377,0.00338829355,20,0,384,953916,17417,3275958,29755,230,671215
0,3892,31.310743005435377,0.00343278772,20,0,384,959625,18792,3433709,29883,230,671215
0,3893,31.313904213435379,0.003071464,20,0,384,936375,11292,3138042,29819,230,671215
0,3894,31.31779438043538,0.00383720943,20,0,384,967000,16166,3699250,29755,230,671215
0,3895,31.32120263043538,0.00344045484,20,0,384,982459,18375,3498291,29883,230,671215
0,3896,31.32453467143538,0.00332362531,20,0,384,972000,12625,3385834,29819,230,671215
0,3897,31.327808755435377,0.00329182972,20,0,384,933875,18875,3297958,29755,230,671215
0,3898,31.331194796435376,0.00331787835,20,0,384,996791,17208,3291542,29883,230,671215
0,3899,31.334627046435379,0.00349529483,20,0,384,1001750,22000,3487708,29819,230,671215
0,3900,31.33785463043538,0.00326349912,20,0,384,1001500,16042,3270584,29755,230,671215
0,3901,31.34140638043538,0.00352391577,20,0,384,1002125,11584,3432917,29883,230,671215
0,3902,31.34474713043538,0.00325266435,20,0,384,971458,12958,3360458,29819,230,671215
0,3903,31.347972338435376,0.00327512762,20,0,384,975875,19333,3320625,29755,230,671215
0,3904,31.351431171435379,0.00355441472,20,0,384,1057375,12166,3411042,29883,230,671215
0,3905,31.354764505435377,0.003311919,20,0,384,915458,18500,3292208,29819,230,671215
0,3906,31.357949088435376,0.0031798752,20,0,384,968084,13500,3284917,29755,230,671215
0,3907,31.360883130435376,0.002987663,20,0,384,979666,10959,3015417,29883,230,671215
0,3908,31.364250213435376,0.00317958486,20,0,384,935750,14583,3186584,29819,230,671215
0,3909,31.367543796435378,0.003438414,20,0,384,964041,19333,3398375,29755,230,671215
0,3910,31.370580255435378,0.00303679146,20,0,384,955000,11125,3007958,29935,230,671215
0,3911,31.373547796435375,0.00286287558,20,0,384,956625,17875,2967666,29819,230,671215
0,3912,31.376792421435376,0.00337700546,20,0,384,1044500,14917,3115208,29755,230,671215
0,3913,31.37959929643538,0.00280479016,20,0,384,912250,15334,2985625,29883,230,671215
0,3914,31.382709880435378,0.00310029043,20,0,384,963125,10709,3035583,29819,230,671215
0,3915,31.385540546435379,0.00282145687,20,0,384,925500,13708,2938125,29755,230,671215
0,3916,31.388328713435378,0.00286291819,20,0,384,895167,14042,2808917,29883,230,671215
0,3917,31.391235713435378,0.00285529345,20,0,384,922333,13958,2816292,29819,230,671215
0,3918,31.394106505435374,0.00291837449,20,0,384,937208,13625,2873917,29755,230,671215
0,3919,31.397425921435378,0.00337008224,20,0,384,935042,11042,3502000,40325,230,671215
0,3920,31.400605838435375,0.003238832,20,0,384,916250,7459,3205459,38099,230,671215
0,3921,31.403178171435378,0.00250150217,20,0,384,844542,9291,2543500,29755,230,671215
0,3922,31.405994963435376,0.002731746,20,0,384,892458,10500,2648250,29883,230,671215
0,3923,31.409099921435377,0.00311666657,20,0,384,883916,12083,3101541,29819,230,671215
0,3924,31.411887130435375,0.00279533723,20,0,384,913625,11000,2926792,29755,230,671215
0,3925,31.414610671435376,0.00276083476,20,0,384,901041,13167,2639958,30271,230,671215
0,3926,31.417509963435378,0.00286570285,20,0,384,918500,8542,2849417,29819,230,671215
0,3927,31.420532463435379,0.002928791,20,0,384,948333,9333,3013250,29993,230,671215
0,3928,31.423708921435377,0.00304304133,20,0,384,1012416,14708,2933584,29883,230,671215
0,3929,31.427763505435379,0.004172669,20,0,384,922166,13333,3939958,29819,230,671215
0,3930,31.431134463435377,0.00338441762,20,0,384,1007833,14625,3553417,29755,230,671215
0,3931,31.434342463435378,0.00320216827,20,0,384,1001541,16250,3191041,29883,230,671215
0,3932,31.437558005435378,0.00318966131,20,0,384,942959,19792,3236833,29819,230,671215
0,3933,31.440920421435379,0.00332616922,20,0,384,993209,19584,3258791,29755,230,671215
0,3934,31.444234880435374,0.0033985828,20,0,384,1018333,14667,3371417,29883,230,671215
0,3935,31.447404963435375,0.00310216844,20,0,384,920541,10625,3128417,29819,230,671215
0,3936,31.450748255435379,0.00346121029,20,0,384,981291,21167,3496750,29755,230,671215
0,3937,31.453783588435378,0.002996875,20,0,384,920292,17834,3035583,29883,230,671215
0,3938,31.457094588435375,0.00323253963,20,0,384,942875,14292,3151792,29819,230,671215
0,3939,31.460830588435378,0.00387666514,20,0,384,981041,22208,3810625,29755,230,671215
0,3940,31.46439283843538,0.00335471239,20,0,384,939833,11750,3373292,29883,230,671215
0,3941,31.467642671435378,0.00341383228,20,0,384,980708,14042,3401666,29819,230,671215
0,3942,31.47080504643538,0.00312300166,20,0,384,932458,16958,3232334,29755,230,671215
0,3943,31.474123338435376,0.00340357842,20,0,384,1023292,9666,3250458,29883,229,671213
0,3944,31.477418463435377,0.00327446149,20,0,384,927417,10792,3268291,29819,229,671213
0,3945,31.480691296435374,0.00321012619,20,0,384,957250,11167,3312041,29755,229,671213
0,3946,31.48442208843538,0.00351532735,20,0,384,992291,10958,3482458,29883,229,671213
0,3947,31.487733421435379,0.0034964215,20,0,384,1036292,14708,3489041,29819,229,671213
0,3948,31.491352880435379,0.003549249,20,0,384,993375,17042,3325000,29755,229,671213
0,3949,31.494613255435375,0.00340145966,20,0,384,992916,20542,3657750,29883,229,671213
0,3950,31.498147088435374,0.00332441181,20,0,384,937417,18875,3235875,29819,229,671213
0,3951,31.501605880435378,0.00361654628,20,0,384,1068333,23833,3591458,29755,229,671213
0,3952,31.504880380435374,0.00331245759,20,0,384,953542,20667,3317083,29883,229,671213
0,3953,31.508417588435378,0.00344716548,20,0,384,929000,10417,3503791,29819,229,671213
0,3954,31.511922755435378,0.00359396264,20,0,384,1003500,20292,3539875,29755,229,671213
0,3955,31.515010005435379,0.00300578936,20,0,384,936042,20584,3113708,29883,229,671213
0,3956,31.518322671435378,0.00338166812,20,0,384,990583,20125,3303333,29819,229,671213
0,3957,31.521427838435379,0.00315266429,20,0,384,935542,19125,3149125,29755,229,671213
0,3958,31.524761546435379,0.00326150074,20,0,384,917375,16209,3220375,29883,229,671213
0,3959,31.527661630435375,0.00294732861,20,0,384,917125,11375,3059625,29819,229,671213
0,3960,31.53064838043538,0.00298137753,20,0,384,960542,9833,3037375,30795,229,671213
0,3961,31.53405679643538,0.00340500288,20,0,384,958792,11667,3293542,30271,229,671213
0,3962,31.53728729643538,0.00316545484,20,0,384,939667,19708,3132833,29819,230,671215
0,3963,31.54037200543538,0.00292412844,20,0,384,1008834,17875,3048959,29755,230,671215
0,3964,31.544216671435379,0.00405862369,20,0,384,1095416,23583,3876167,29883,230,671215
0,3965,31.54845179643538,0.003980336,20,0,384,932875,12042,4032292,40261,230,671215
0,3966,31.552483130435377,0.004353954,20,0,384,1202958,9875,4395834,38035,230,671215
0,3967,31.55554675543538,0.00299829221,20,0,384,937541,10917,2980166,29883,230,671215
0,3968,31.559140463435376,0.00361733278,20,0,384,967083,19917,3515792,29819,230,671215
0,3969,31.562204630435374,0.00300266431,20,0,384,942792,11333,3119167,29755,230,671215
0,3970,31.565783838435379,0.003483709,20,0,384,1032416,14458,3255750,29883,230,671215
0,3971,31.569118213435374,0.00355883641,20,0,384,1004208,13250,3606750,29819,230,671215
0,3972,31.572264421435378,0.00303245476,20,0,384,921667,12208,3089959,29807,230,671215
0,3973,31.575661588435381,0.00345892156,20,0,384,971583,18292,3481916,29883,230,671215
0,3974,31.578621838435375,0.00293966127,20,0,384,932458,11541,3023584,29819,230,671215
0,3975,31.581930130435374,0.00318833627,20,0,384,981459,10500,2978916,29755,230,671215
0,3976,31.585374338435379,0.003518587,20,0,384,1010000,23042,3624541,29883,230,671215
0,3977,31.588513880435379,0.003108702,20,0,384,928167,11042,3151041,29819,230,671215
0,3978,31.591716213435376,0.00323888171,20,0,384,1035125,11209,3204583,29755,230,671215
0,3979,31.594892296435376,0.003259375,20,0,384,986500,12417,3199333,29883,230,671215
0,3980,31.598520546435374,0.00336008356,20,0,384,935542,13083,3398083,29819,230,671215
0,3981,31.602462380435377,0.00423995173,20,0,384,1092166,22917,4283667,29755,230,671215
0,3982,31.605622005435379,0.003011586,20,0,384,914500,11709,2997541,29883,229,671213
0,3983,31.609139213435377,0.00356650376,20,0,384,943667,10834,3515125,29819,229,671213
0,3984,31.612332755435375,0.003149915,20,0,384,949042,15625,3209000,29755,229,671213
0,3985,31.615206130435375,0.00291600055,20,0,384,1034292,16334,2960834,29883,229,671213
0,3986,31.618209630435381,0.00312316464,20,0,384,966167,11875,3011500,29819,229,671213
0,3987,31.620802130435379,0.002600836,20,0,384,848458,12417,2793500,29755,229,671213
0,3988,31.623840505435375,0.00279182964,20,0,384,894250,15416,2631000,29883,229,671213
0,3989,31.627386546435375,0.00378291518,20,0,384,941708,15583,3733750,29819,229,671213
0,3990,31.630205421435377,0.00279208482,20,0,384,926750,9833,2908125,29755,229,671213
0,3991,31.633264171435378,0.00306870742,20,0,384,942500,9500,3011959,29883,229,671213
0,3992,31.635870505435378,0.002650503,20,0,384,888666,17125,2746916,29819,229,671213
0,3993,31.63851921343538,0.00255437219,20,0,384,897334,10541,2532125,29755,229,671213
0,3994,31.641718171435379,0.00328283734,20,0,384,963708,9083,3104792,29883,229,671213
0,3995,31.644525671435375,0.0027031675,20,0,384,855583,15375,2845333,29819,229,671213
0,3996,31.647170421435376,0.002787245,20,0,384,872042,15583,2840625,29755,229,671213
0,3997,31.650319088435374,0.00300817029,20,0,384,880584,8583,2809709,29883,229,671213
0,3998,31.653155755435378,0.00290357857,20,0,384,914166,12792,2988875,30207,229,671213
0,3999,31.655861630435375,0.00269141863,20,0,384,921500,15667,2800625,29755,230,671215
0,4000,31.65888500543538,0.00304666953,20,0,384,933584,13459,2886542,29883,230,671215
0,4001,31.66164313043538,0.00269745616,20,0,384,863583,15250,2794416,29819,230,671215
0,4002,31.664977130435375,0.003094664,20,0,384,955875,11042,2908583,29755,230,671215
0,4003,31.668295046435375,0.003583794,20,0,384,1036833,17250,3600042,29883,230,671215
0,4004,31.671477130435377,0.00310824835,20,0,384,910375,12250,3115750,29819,229,671213
0,4005,31.674995421435376,0.00350108417,20,0,384,953916,17208,3460875,29755,229,671213
0,4006,31.678128296435375,0.00316524948,20,0,384,970708,16125,3252542,47587,229,671213
0,4007,31.681238671435381,0.003107249,20,0,384,935625,17500,3153166,29819,229,671213
0,4008,31.684688421435375,0.003367751,20,0,384,1001209,11708,3292625,29755,229,671213
0,4009,31.687911463435377,0.0032768778,20,0,384,948541,17166,3282333,29883,229,671213
0,4010,31.691306338435375,0.00341812638,20,0,384,980958,17375,3399792,29819,229,671213
0,4011,31.694562171435379,0.00323108,20,0,384,945333,19709,3201334,29755,229,671213
0,4012,31.698681296435375,0.00394567056,20,0,384,957500,17500,3993959,40325,229,671213
0,4013,31.702358921435376,0.003985828,20,0,384,1129333,11666,4014917,38099,229,671213
0,4014,31.705391213435377,0.00285171485,20,0,384,908958,9750,2867792,29755,229,671213
0,4015,31.708878713435375,0.003576162,20,0,384,966125,15458,3495333,29923,229,671213
0,4016,31.711965088435377,0.003068587,20,0,384,930125,17583,3123458,29819,229,671213
0,4017,31.715154588435375,0.00298224925,20,0,384,969583,18791,3064000,29755,229,671213
0,4018,31.719048838435377,0.00422504265,20,0,384,1100834,16958,4110416,29883,229,671213
0,4019,31.721861921435377,0.00277637481,20,0,384,888916,10458,2865209,29819,229,671213
0,4020,31.725232588435375,0.00321495882,20,0,384,929500,15208,3120750,29755,229,671213
0,4021,31.728559588435374,0.00341133075,20,0,384,928958,17666,3321625,29883,229,671213
0,4022,31.731963046435375,0.00328962575,20,0,384,954375,12125,3275417,29819,229,671213
0,4023,31.735173838435379,0.00329528772,20,0,384,1002125,21000,3362208,29755,229,671213
0,4024,31.738799630435381,0.00360850338,20,0,384,975083,10958,3521917,29883,229,671213
0,4025,31.742426296435376,0.003653373,20,0,384,976709,14083,3702166,29819,229,671213
0,4026,31.745798963435377,0.00322570861,20,0,384,947542,18834,3282042,29755,229,671213
0,4027,31.74918454643538,0.00358392159,20,0,384,1000042,19125,3387500,29883,229,671213
0,4028,31.752255463435375,0.00308857718,20,0,384,913625,12500,3277416,29819,229,671213
0,4029,31.755352005435377,0.00304421061,20,0,384,909959,16416,3024417,29755,229,671213
0,4030,31.758845546435374,0.003538081,20,0,384,972500,10125,3502667,29883,229,671213
0,4031,31.761778213435377,0.00290087867,20,0,384,910083,11250,2976459,29819,229,671213
0,4032,31.764901421435376,0.00283895968,20,0,384,970208,10083,2907375,29755,229,671213
0,4033,31.76936613043538,0.004782412,20,0,384,1114209,11791,4483541,29883,229,671213
0,4034,31.772754630435379,0.00307791959,20,0,384,927083,13792,3216208,29871,229,671213
0,4035,31.77606942143538,0.00351341418,20,0,384,1021666,16041,3480375,30143,229,671213
0,4036,31.779145880435379,0.00311775086,20,0,384,991875,13208,3188083,29883,230,671215
0,4037,31.782532921435376,0.00331454072,20,0,384,981208,15041,3045459,29819,230,671215
0,4038,31.786007963435374,0.0034769203,20,0,384,996750,17917,3686666,29755,230,671215
0,4039,31.78929808843538,0.00325420918,20,0,384,962250,17792,3248000,29883,230,671215
0,4040,31.792952255435374,0.0037283306,20,0,384,1042459,19500,3628625,29819,230,671215
0,4041,31.796453213435377,0.00355783012,20,0,384,978375,17250,3630292,29755,230,671215
0,4042,31.799901963435374,0.00346450531,20,0,384,937834,18542,3430875,29883,230,671215
0,4043,31.802896380435378,0.00301491632,20,0,384,931375,19375,3080750,29819,229,671213
0,4044,31.806317505435381,0.00314774667,20,0,384,959792,12167,3196875,29755,229,671213
0,4045,31.809598463435378,0.00355362822,20,0,384,1108459,11333,3412833,29883,229,671213
0,4046,31.812756255435374,0.00313312071,20,0,384,895583,20458,3216250,29819,229,671213
0,4047,31.816314505435379,0.00346967112,20,0,384,952333,15167,3370042,29755,229,671213
0,4048,31.81982938043538,0.00351412268,20,0,384,989583,18250,3549333,29883,229,671213
0,4049,31.822983463435378,0.00318045635,20,0,384,1014958,12417,3244833,29819,229,671213
0,4050,31.826264255435376,0.003291709,20,0,384,1030875,10667,3201417,29755,229,671213
0,4051,31.829323505435376,0.0030186295,20,0,384,906166,17792,3094583,29883,229,671213
0,4052,31.833272755435374,0.004012415,20,0,384,1014417,17541,3809500,29819,229,671213
0,4053,31.83671225543538,0.00340495328,20,0,384,989708,13417,3538375,29755,229,671213
0,4054,31.840528880435379,0.00372884073,20,0,384,965250,22042,3635667,29883,229,671213
0,4055,31.844456713435378,0.00389899383,20,0,384,1024583,16875,3919500,29819,229,671213
0,4056,31.848086838435378,0.003655669,20,0,384,1009291,12875,3567333,29755,229,671213
0,4057,31.852757796435377,0.0048041665,20,0,384,1026584,23500,4888333,40325,229,671213
0,4058,31.857178046435379,0.00413283,20,0,384,982875,12916,4192458,38099,229,671213
0,4059,31.860908046435377,0.0040717544,20,0,384,1216125,13750,3946250,29755,229,671213
0,4060,31.864615713435377,0.00344462157,20,0,384,933833,11333,3543375,29883,229,671213
0,4061,31.868217588435378,0.00364100048,20,0,384,1053125,14750,3687958,29819,229,671213
0,4062,31.872304046435374,0.00413991651,20,0,384,1069000,19959,3931542,29755,229,671213
0,4063,31.875970380435376,0.00376079232,20,0,384,1015000,14750,3851708,29883,229,671213
0,4064,31.879346338435376,0.00343266735,20,0,384,943708,20750,3469083,29819,229,671213
0,4065,31.882683421435374,0.00327621168,20,0,384,915042,14834,3240875,29755,229,671213
0,4066,31.886054880435374,0.00328728743,20,0,384,948958,19875,3327208,29883,229,671213
0,4067,31.889625421435376,0.003571542,20,0,384,988041,12334,3560875,29819,229,671213
0,4068,31.893185546435376,0.003533376,20,0,384,992583,21459,3493041,29755,229,671213
0,4069,31.89660625543538,0.00365804275,20,0,384,973583,19084,3625167,30271,229,671213
0,4070,31.899938546435379,0.00317158457,20,0,384,908209,11500,3190000,29819,230,671215
0,4071,31.903120421435375,0.003262833,20,0,384,969292,20750,3312375,29755,230,671215
0,4072,31.906277630435376,0.003074497,20,0,384,968792,14667,3144833,29883,230,671215
0,4073,31.913651796435374,0.003403295,20,0,384,960875,16833,3317291,29819,229,671213
0,4074,31.93471163043538,0.0077243764,20,0,384,4882708,18417,7652292,48399,229,671213
0,4075,31.93879658843538,0.021338705,20,0,384,4835791,20750,21225833,359170,229,671213
0,4076,31.94233554643538,0.00360700116,20,0,384,979667,11625,3770875,29819,229,671209
0,4077,31.945516838435374,0.00313983136,20,0,384,959125,16042,3241000,29755,229,671209
0,4078,31.949114213435379,0.00362287415,20,0,384,948875,17916,3453042,29883,229,671209
0,4079,31.95239113043538,0.00328508369,20,0,384,976833,19500,3391083,29819,229,671209
0,4080,31.955277088435381,0.003031753,20,0,384,980416,19833,3104250,29755,229,671209
0,4081,31.95825075543538,0.002909205,20,0,384,902583,11584,2786792,29883,229,671209
0,4082,31.961663130435376,0.003337004,20,0,384,938000,13875,3306667,29819,229,671209
0,4083,31.964959421435374,0.00315908436,20,0,384,970833,16125,3283417,29755,229,671209
0,4084,31.968212630435374,0.00350803579,20,0,384,1036958,17209,3307291,29883,229,671209
0,4085,31.971171588435375,0.00280413125,20,0,384,921875,11042,3005958,29819,229,671209
0,4086,31.974372255435377,0.003145791,20,0,384,1055208,16167,3069084,29807,229,671209
0,4087,31.977658213435376,0.00345379114,20,0,384,1053792,16709,3378041,29883,229,671209
0,4088,31.980437671435375,0.00280432962,20,0,384,930542,11500,2917333,29819,229,671209
0,4089,31.984090755435375,0.00360787986,20,0,384,919583,11792,3520583,29755,229,671209
0,4090,31.986961296435375,0.00298187369,20,0,384,913084,10750,2954458,29883,229,671209
0,4091,31.98990863043538,0.00275029056,20,0,384,877625,10791,2829584,29819,229,671209
0,4092,31.993092880435377,0.003291872,20,0,384,1001875,16750,3195541,29755,229,671209
0,4093,31.996075088435376,0.0030142928,20,0,384,928333,16333,3095167,29883,229,671209
0,4094,31.999478130435378,0.00334791676,20,0,384,931541,12833,3085833,29819,229,671209
0,4095,32.003682338435375,0.00401116768,20,0,384,920291,17417,4260750,40197,229,671209
0,4096,32.00822967143538,0.00466329372,20,0,384,1081166,14209,4543166,38163,229,671209
0,4097,32.011451338435378,0.003200418,20,0,384,1015250,13792,3343208,29819,229,671209
0,4098,32.014628546435375,0.00317691336,20,0,384,1021708,8625,3135750,30143,229,671209
0,4099,32.017973630435378,0.003459878,20,0,384,1066166,12542,3310416,29883,230,671211
0,4100,32.021309005435377,0.003256498,20,0,384,938667,12583,3289291,29819,230,671211
0,4101,32.024870380435374,0.00346362661,20,0,384,996458,17375,3486500,29755,230,671211
0,4102,32.028144463435375,0.003425163,20,0,384,981417,20625,3434500,29883,230,671211
0,4103,32.031465755435377,0.00321954372,20,0,384,947666,14792,3274500,29819,230,671211
0,4104,32.03464754643538,0.00318145542,20,0,384,1034541,18750,3260834,29755,230,671211
0,4105,32.038082963435379,0.00358567177,20,0,384,1077959,9417,3356459,29883,230,671211
0,4106,32.041287713435381,0.00316220243,20,0,384,942042,12167,3256541,29819,230,671211
0,4107,32.044476380435377,0.00311712734,20,0,384,960333,18333,3161708,29755,230,671211
0,4108,32.047683796435379,0.00323466561,20,0,384,927333,18208,3220625,29883,230,671211
0,4109,32.051241546435378,0.00360775227,20,0,384,987000,17083,3512291,29819,229,671209
0,4110,32.054306213435375,0.00303233415,20,0,384,942792,17583,3141458,29755,229,671209
0,4111,32.057661338435381,0.00335920486,20,0,384,1006125,13500,3235167,29883,229,671209
0,4112,32.060796546435377,0.00315625,20,0,384,959000,19500,3223208,29819,229,671209
0,4113,32.06407533843538,0.00313854171,20,0,384,982583,13750,3151833,29755,229,671209
0,4114,32.067551171435376,0.00364421052,20,0,384,992834,19542,3525292,29883,229,671209
0,4115,32.070531505435376,0.00298112235,20,0,384,932458,13000,3127625,29819,229,671209
0,4116,32.073804296435377,0.00304071,20,0,384,964625,12792,3068625,29755,229,671209
0,4117,32.076927463435375,0.00340520823,20,0,384,1115041,19750,3282833,29883,229,671209
0,4118,32.080212755435376,0.00319708767,20,0,384,902542,17708,3203625,29819,229,671209
0,4119,32.084212296435375,0.003999539,20,0,384,946916,16875,4005750,29755,229,671209
0,4120,32.087953921435378,0.00384499715,20,0,384,939542,11666,3766459,40033,229,671209
0,4121,32.091300463435374,0.003256668,20,0,384,926167,11625,3306750,29819,228,671207
0,4122,32.094363630435375,0.00303516863,20,0,384,939209,19167,3109125,29755,228,671207
0,4123,32.097597046435375,0.00322216563,20,0,384,1016834,15084,3177250,29883,228,671207
0,4124,32.100730921435378,0.00322424877,20,0,384,967375,17167,3215583,29819,228,671207
0,4125,32.103752338435378,0.00284266588,20,0,384,928959,15584,2942875,29755,228,671207
0,4126,32.107142796435376,0.00335291959,20,0,384,999708,13667,3218958,29883,228,671207
0,4127,32.110818713435378,0.003924752,20,0,384,1044000,19333,3819833,29819,228,671207
0,4128,32.11443042143538,0.0033041595,20,0,384,935875,10708,3381416,29755,228,671207
0,4129,32.117685838435378,0.00350612961,20,0,384,1112333,18750,3477250,29883,228,671207
0,4130,32.120930046435376,0.003110622,20,0,384,944333,18084,3139167,29819,228,671207
0,4131,32.124554338435374,0.0036330428,20,0,384,1039958,32542,3556708,29755,228,671207
0,4132,32.12760942143538,0.00318291527,20,3,384,942625,16917,3296375,29883,228,671207
0,4133,32.13100208843538,0.00316608557,20,3,384,935167,16208,3099083,29819,228,671207
0,4134,32.134325296435378,0.00347208045,20,3,384,1013291,19709,3487833,30143,231,671255
0,4135,32.137548755435375,0.00322908862,20,5,384,1010250,17417,3231333,29883,232,671257
0,4136,32.141009546435377,0.00342699839,20,5,384,1005917,18375,3353083,29819,232,671257
0,4137,32.144172213435375,0.00314058247,20,5,384,1005291,18750,3243000,29755,234,671283
0,4138,32.147410630435374,0.0033006235,20,12,384,954875,15708,3265959,29883,234,671283
0,4139,32.150779338435377,0.00335812778,20,14,384,987958,15750,3286834,29819,234,671283
0,4140,32.154709380435378,0.00396295357,20,14,384,976083,17792,4074250,40197,241,671337
0,4141,32.158567588435375,0.0038852538,20,16,384,997041,8792,3815208,38163,243,671353
0,4142,32.161567255435379,0.002928961,20,16,384,992833,10584,3043542,29819,243,671353
0,4143,32.165164630435378,0.00331712025,20,16,384,1098500,7292,3158959,29755,245,671385
0,4144,32.169216213435377,0.004440958,20,22,384,1050625,23917,4460292,29923,245,671385
0,4145,32.172662588435379,0.00325642014,20,22,384,959792,10375,3232625,29819,245,671385
0,4146,32.176032796435379,0.00347633217,20,22,384,1032125,22000,3486125,29807,251,671551
0,4147,32.179198588435376,0.00313545926,20,31,384,1014458,12167,3179583,29883,251,671551
0,4148,32.182549005435376,0.00329649937,20,31,384,1025917,15500,3129709,29819,251,671551
0,4149,32.185981463435375,0.003431831,20,31,384,1040125,18458,3577500,29755,260,671653
0,4150,32.189398130435379,0.00345500279,20,33,384,965542,18833,3310791,29883,260,671653
0,4151,32.19265667143538,0.00327312225,20,33,384,1025750,17375,3357166,29819,260,671653
0,4152,32.19623771343538,0.00359567045,20,33,384,1023917,11958,3581000,29755,262,671693
0,4153,32.19972875543538,0.00348203653,20,35,384,986875,20042,3513292,29883,262,671693
0,4154,32.202891380435375,0.00315783732,20,35,384,989208,18791,3175667,29819,262,671693
0,4155,32.206161505435375,0.00311670918,20,35,384,1025375,16000,3215750,29755,264,671745
0,4156,32.209592005435375,0.00363828661,20,35,384,1093917,12500,3499834,29883,264,671745
0,4157,32.212887296435376,0.003175673,20,35,384,958166,17792,3146250,29819,264,671745
0,4158,32.216289088435374,0.00343591277,20,35,384,1076250,17833,3534292,29755,264,671745
0,4159,32.219900296435377,0.00358195859,20,35,384,1068333,13083,3471292,29883,264,671745
0,4160,32.223326338435378,0.00333175319,20,35,384,1048667,14666,3340167,29819,264,671745
0,4161,32.22789008843538,0.00465662545,20,35,384,1077125,26084,4524167,29755,264,671745
0,4162,32.231375963435376,0.00347520551,20,35,384,1031042,12167,3646541,29883,264,671745
0,4163,32.234993421435377,0.00369774667,20,35,384,1071125,17500,3597583,29819,264,671745
0,4164,32.238545588435379,0.00341108977,20,35,384,981583,20125,3356750,29755,264,671745
0,4165,32.242465796435376,0.003961997,20,35,384,1039667,20208,4029667,29883,264,671745
0,4166,32.245967296435374,0.00343604013,20,35,384,1070334,20291,3493000,29819,264,671745
0,4167,32.249631005435376,0.0037968324,20,35,384,1073458,17708,3706292,29755,264,671745
0,4168,32.252984338435375,0.0033440406,20,35,384,997167,19375,3385500,29883,264,671745
0,4169,32.256594130435374,0.00350121176,20,35,384,975709,17125,3509500,30207,264,671745
0,4170,32.261082671435375,0.004689413,20,35,384,1122583,19208,4545625,29755,265,671747
0,4171,32.264795713435376,0.00352012482,20,35,384,1013583,11000,3636500,29883,265,671747
0,4172,32.268137046435378,0.00343087432,20,35,384,1062250,12458,3481583,29819,265,671747
0,4173,32.271599421435376,0.003536919,20,35,384,1066458,14292,3396209,29755,265,671747
0,4174,32.275213630435374,0.00357725332,20,35,384,987166,13292,3602250,29883,265,671747
0,4175,32.278451505435378,0.00324033457,20,35,384,1002208,16334,3336750,29819,265,671747
0,4176,32.281980088435375,0.00338253961,20,35,384,1033125,17083,3278000,29755,265,671747
0,4177,32.285661838435374,0.00369137619,20,35,384,1088666,22125,3691792,29883,265,671747
0,4178,32.28894646343538,0.00343012321,20,35,384,1010708,12208,3482208,29819,265,671747
0,4179,32.291993296435379,0.00311312359,20,35,384,975042,18959,3180125,29755,265,671747
0,4180,32.294799921435377,0.00283062644,20,35,384,1000834,10417,2851583,29883,265,671747
0,4181,32.297760546435377,0.002905832,20,35,384,973583,10083,2929458,29819,265,671747
0,4182,32.300914671435379,0.00318137766,20,35,384,1041750,9833,3010458,29755,265,671747
0,4183,32.304896880435379,0.00396279059,20,35,384,957417,11583,4016584,40325,265,671747
0,4184,32.308542005435378,0.003772123,20,35,384,928458,12709,3801875,38099,265,671747
0,4185,32.311589296435379,0.00283913,20,35,384,916500,11083,2854958,29755,265,671747
0,4186,32.314740963435376,0.003180832,20,35,384,1071250,12084,3110084,29883,265,671747
0,4187,32.317849921435375,0.00321678724,20,35,384,1015833,16625,3204083,29819,265,671747
0,4188,32.32071017143538,0.00289458618,20,35,384,932750,14708,2983708,29755,265,671747
0,4189,32.323772505435379,0.00282254117,20,35,384,949292,10000,2803042,29883,265,671747
0,4190,32.32700288043538,0.00340946,20,35,384,958084,17875,3385333,29819,265,671747
0,4191,32.33016196343538,0.00316724763,20,35,384,961667,10375,3112917,29755,265,671747
0,4192,32.333568338435377,0.00331591559,20,35,384,951167,13667,3199125,29883,265,671747
0,4193,32.337114046435374,0.003554457,20,35,384,1000458,14083,3636125,29819,265,671747
0,4194,32.34061146343538,0.003428125,20,35,384,992709,18584,3347333,29755,265,671747
0,4195,32.344223463435377,0.00366462581,20,35,384,1013042,19416,3718583,29883,265,671747
0,4196,32.34741792143538,0.003231838,20,35,384,1000125,10584,3352916,29819,265,671747
0,4197,32.351232838435379,0.00376354158,20,35,384,1015500,13084,3617708,29755,265,671747
0,4198,32.355000880435377,0.003559871,20,35,384,1013375,19417,3564125,29883,265,671747
0,4199,32.358470338435374,0.00372142158,20,35,384,1167000,17833,3760083,29819,265,671747
0,4200,32.361676130435377,0.00318870461,20,35,384,975459,17042,3208375,29755,265,671747
0,4201,32.365076046435377,0.00324508222,20,35,384,1017833,12500,3238917,29883,265,671747
0,4202,32.369438421435376,0.00450612931,20,35,384,1057083,21833,4348667,30057,265,671747
0,4203,32.373167838435378,0.00355204078,20,35,384,1046542,12583,3651375,29755,265,671747
0,4204,32.376504171435379,0.0035916667,20,35,384,1093958,18458,3578291,30323,265,671747
0,4205,32.37973154643538,0.00313003827,20,35,384,941000,19500,3212042,29819,266,671749
0,4206,32.383338588435379,0.00360595947,20,35,384,1057750,15084,3484000,29755,266,671749
0,4207,32.387010546435377,0.00353732985,20,35,384,1014375,18333,3547667,29883,266,671749
0,4208,32.39073000543538,0.00364658446,20,32,384,1005958,21250,3633750,29819,266,671749
0,4209,32.394563630435378,0.003934212,20,32,384,1140333,17291,3941708,29755,266,671749
0,4210,32.397833796435378,0.00337604177,20,32,384,1072583,21875,3452334,29883,263,671663
0,4211,32.401300713435376,0.00346429273,20,32,384,1049833,16833,3400166,29819,263,671663
0,4212,32.404728463435376,0.00337008224,20,32,384,1024416,18583,3368916,29755,263,671663
0,4213,32.408072213435375,0.00341470377,20,32,384,1003625,18000,3420167,29883,263,671663
0,4214,32.411292505435377,0.0032197563,20,32,384,1019667,17334,3296625,29819,263,671663
0,4215,32.414614546435381,0.00331182685,20,32,384,1043458,10708,3308000,29755,263,671663
0,4216,32.417974088435379,0.003425,20,26,384,1072292,9417,3294500,29883,263,671663
0,4217,32.421253380435374,0.0032082554,20,26,384,978667,12833,3308375,29819,263,671663
0,4218,32.424986463435374,0.00369983,20,26,384,1079792,11750,3586958,29755,257,671629
0,4219,32.42829525543538,0.00336617068,20,18,384,988417,13375,3451292,29883,257,671629
0,4220,32.431686713435376,0.00325237378,20,18,384,1016709,19084,3239125,29819,257,671629
0,4221,32.435032255435374,0.00352724642,20,18,384,1154458,14000,3479584,29755,249,671517
0,4222,32.438490963435378,0.00342562352,20,18,384,986667,11958,3429875,29883,249,671517
0,4223,32.441952963435376,0.00343796052,20,18,384,984417,17875,3457791,29819,249,671517
0,4224,32.445654421435378,0.00360966544,20,18,384,1026792,12000,3544917,29755,249,671517
0,4225,32.449212296435377,0.00359924883,20,18,384,1021042,14250,3541042,29883,249,671517
0,4226,32.45267842143538,0.00360350055,20,18,384,1028708,21750,3593292,29819,249,671517
0,4227,32.456721380435376,0.003862585,20,18,384,950958,12500,4004375,40197,249,671517
0,4228,32.460853380435374,0.00432166969,20,12,384,1154167,10709,4305875,38163,249,671517
0,4229,32.464271921435376,0.003228706,20,12,384,978875,11041,3203625,29819,249,671517
0,4230,32.467707630435378,0.00358037837,20,12,384,1012292,13750,3574625,29755,243,671385
0,4231,32.470897338435378,0.00316878548,20,12,384,1002625,13250,3194041,29883,243,671385
0,4232,32.474058296435381,0.00314617343,20,12,384,1029041,16667,3131834,29819,243,671385
0,4233,32.477189171435377,0.00319083058,20,12,384,985667,20625,3252166,29755,243,671385
0,4234,32.480351880435379,0.003240873,20,12,384,1012291,13958,3119458,29883,243,671385
0,4235,32.484241171435379,0.00374862528,20,12,384,913375,10208,3636167,29819,243,671385
0,4236,32.487402421435377,0.003169416,20,12,384,974625,12375,3372958,29755,243,671385
0,4237,32.49070108843538,0.00319125573,20,12,384,1061208,14500,3037583,29883,243,671385
0,4238,32.494145963435379,0.0036515377,20,12,384,1035625,20791,3629916,30207,243,671385
0,4239,32.497447046435376,0.00324637885,20,12,384,966833,11333,3385250,29755,244,671387
0,4240,32.500969963435374,0.00353878969,20,12,384,1008292,10250,3399000,29883,244,671387
0,4241,32.50438133843538,0.00325228879,20,12,384,951750,18459,3337459,29819,244,671387
0,4242,32.507922546435374,0.00369304139,20,12,384,1034625,19125,3645875,29755,244,671387
0,4243,32.510981088435379,0.00310899946,20,12,384,967417,17334,3146500,29883,244,671387
0,4244,32.514184171435375,0.00313679129,20,12,384,932417,15542,3155083,29819,244,671387
0,4245,32.517557255435378,0.00332266861,20,12,384,979583,15375,3294750,29755,244,671387
0,4246,32.520988255435377,0.0033888747,20,12,384,998916,17417,3245084,29883,244,671387
0,4247,32.524681171435375,0.00368875428,20,12,384,1040625,13417,3739625,29819,244,671385
0,4248,32.528022838435376,0.00336658163,20,12,384,987791,13875,3437084,29755,244,671385
0,4249,32.531600880435377,0.00348074688,20,12,384,1007250,17750,3458625,30075,243,671383
0,4250,32.535058463435377,0.00357329217,20,12,384,1078042,20000,3495292,29819,243,671383
0,4251,32.538693838435378,0.00365179288,20,12,384,996458,17958,3701583,29755,243,671383
0,4252,32.542205255435377,0.003550248,20,12,384,982750,18125,3582458,30075,243,671383
0,4253,32.545606796435379,0.00321466848,20,12,384,949000,17208,3218500,29819,243,671383
0,4254,32.54925821343538,0.00369508215,20,12,384,1065458,19208,3573708,29755,243,671383
0,4255,32.55263088043538,0.003528125,20,12,384,1045166,22708,3591958,30075,242,671381
0,4256,32.555903671435374,0.00324229035,20,12,384,964333,17958,3294375,29819,242,671381
0,4257,32.559245755435377,0.00335429423,20,12,384,1012458,17916,3326667,29755,242,671381
0,4258,32.562541880435376,0.003240292,20,12,384,983375,12667,3246042,30075,242,671381
0,4259,32.566095338435375,0.0035035857,20,12,384,1031625,17375,3413583,29819,242,671381
0,4260,32.569315963435379,0.00331095513,20,0,384,982875,15417,3440417,29755,242,671381
0,4261,32.572599296435378,0.00332050025,20,0,384,1030625,11833,3257708,31941,242,671381
0,4262,32.576088671435379,0.00339875277,20,0,384,978417,13125,3336792,29819,230,671211
0,4263,32.579364630435379,0.00333528919,20,0,384,1027084,17125,3398292,29807,229,671209
0,4264,32.582601671435377,0.0032971655,20,0,384,987875,15583,3242292,29883,229,671209
0,4265,32.585784463435374,0.003038499,20,0,384,910458,20917,3148250,30011,229,671209
0,4266,32.589164046435378,0.00343383639,20,0,384,961209,18625,3333084,29755,229,671209
0,4267,32.592687671435378,0.00356403762,20,0,384,1035833,11833,3508916,29883,229,671209
0,4268,32.596116755435375,0.00347492215,20,0,384,964916,13083,3522500,30011,229,671209
0,4269,32.599549546435377,0.0033420776,20,0,384,934417,18291,3264750,29755,229,671209
0,4270,32.603101546435376,0.003571627,20,0,384,988709,16792,3548458,29883,229,671209
0,4271,32.607409713435381,0.004246081,20,0,384,991209,12792,4244375,40453,229,671209
0,4272,32.611373505435374,0.0040307967,20,0,384,965125,15250,4129584,38035,229,671209
0,4273,32.614744546435375,0.00331220939,20,0,384,988625,10625,3347458,30271,229,671209
0,4274,32.618068963435377,0.00332283159,20,0,384,1062541,19292,3292291,30011,230,671211
0,4275,32.621927046435374,0.003799582,20,0,384,1032667,14250,3700541,29755,230,671211
0,4276,32.625520130435376,0.00367283169,20,0,384,1018625,18500,3703916,29883,230,671211
0,4277,32.628855213435379,0.003350666,20,0,384,978375,12583,3378459,29819,230,671211
0,4278,32.632193046435376,0.00335642,20,0,384,1034708,16250,3316875,29947,230,671211
0,4279,32.635910963435379,0.00367258373,20,0,384,985042,17667,3666625,29883,230,671211
0,4280,32.639349421435377,0.00338212168,20,0,384,1036667,14625,3409250,29819,230,671211
0,4281,32.642951630435377,0.00365216844,20,0,384,1058416,21084,3593000,29947,230,671211
0,4282,32.646329380435375,0.00331162848,20,0,384,1009041,19458,3389792,29883,230,671211
0,4283,32.64987900543538,0.00366945867,20,0,384,995584,12958,3613041,29819,230,671211
0,4284,32.653061588435378,0.00322545343,20,0,384,994083,17208,3273083,29947,230,671211
0,4285,32.656439838435375,0.003339541,20,0,384,991584,12708,3325042,29883,230,671211
0,4286,32.65966308843538,0.00325112673,20,0,384,960459,20959,3285792,29819,230,671211
0,4287,32.66260550543538,0.00295562646,20,0,384,975458,11417,3036500,29755,230,671211
0,4288,32.666128005435375,0.003433957,20,0,384,997458,12333,3143708,30075,230,671211
0,4289,32.669421171435374,0.00335496035,20,0,384,964250,12791,3513375,29819,230,671211
0,4290,32.672802630435378,0.003261919,20,0,384,963167,18708,3277209,29755,230,671211
0,4291,32.676098046435378,0.00348428986,20,0,384,1084375,18125,3401334,30075,230,671211
0,4292,32.679239838435379,0.003027374,20,0,384,932750,16167,3085792,29819,230,671211
0,4293,32.68239563043538,0.00307750143,20,0,384,1043459,10500,3098959,29755,230,671211
0,4294,32.685678505435376,0.00339487661,20,0,384,1066917,16333,3358375,29883,230,671211
0,4295,32.688860213435376,0.0032576248,20,0,384,927750,11666,3244792,30011,230,671211
0,4296,32.692023796435379,0.00311312359,20,0,384,937167,16458,3187792,29755,230,671211
0,4297,32.694933921435378,0.002965207,20,0,384,1013041,12375,2933417,29883,230,671211
0,4298,32.698222171435376,0.00317958486,20,0,384,961334,16750,3160042,30011,230,671211
0,4299,32.701595255435379,0.00349595374,20,0,384,1054458,15125,3401791,29755,230,671211
0,4300,32.705034255435379,0.0033131307,20,0,384,900042,20000,3281750,29883,230,671211
0,4301,32.708671088435381,0.0036708687,20,0,384,999833,12291,3707083,29819,230,671211
0,4302,32.712019963435374,0.00331896264,20,0,384,975583,21500,3301916,29947,230,671211
0,4303,32.715358421435376,0.003252792,20,0,384,996875,21541,3268500,29883,230,671211
0,4304,32.719172630435381,0.004029918,20,0,384,1052833,22209,3972375,29819,230,671211
0,4305,32.722452005435379,0.00314708054,20,0,384,944083,11583,3216667,29947,230,671211
0,4306,32.725979130435377,0.0035167092,20,0,384,1050125,14959,3492792,29883,230,671211
0,4307,32.729204796435376,0.00323878974,20,0,384,947750,18042,3257333,29819,230,671211
0,4308,32.732691005435377,0.00347133656,20,0,384,1033417,17292,3353458,29755,230,671211
0,4309,32.735896588435381,0.00331162126,20,0,384,976250,17708,3436125,30271,230,671211
0,4310,32.739129380435379,0.00310487533,20,0,384,940000,18125,3132541,29819,231,671213
0,4311,32.742193421435374,0.00317016733,20,0,384,1035542,18833,3207416,29755,231,671213
0,4312,32.745292796435379,0.0030124574,20,0,384,979625,12792,2945459,29883,231,671213
0,4313,32.748546421435378,0.00329920626,20,0,384,960208,18208,3280084,29819,231,671213
0,4314,32.752316255435375,0.00395987835,20,0,384,985667,14500,3957417,30059,231,671213
0,4315,32.755477463435376,0.00308696134,20,0,384,882208,10208,2902458,29883,231,671213
0,4316,32.759198880435378,0.00375662558,20,0,384,915334,12250,3987416,40261,231,671213
0,4317,32.762704463435377,0.003449582,20,0,384,904333,9916,3434167,38035,231,671213
0,4318,32.766119005435378,0.00332362531,20,0,384,931042,10333,3068167,29883,231,671213
0,4319,32.769132963435375,0.00309178722,20,0,384,965375,11125,3318208,29819,231,671213
0,4320,32.772089380435375,0.00292108837,20,0,384,963000,9708,2953125,29755,231,671213
0,4321,32.77545042143538,0.003390455,20,0,384,992042,12958,3294542,29883,231,671213
0,4322,32.778473630435379,0.00300941756,20,0,384,932750,18042,3053125,29819,231,671213
0,4323,32.781519546435376,0.00303295767,20,0,384,978875,11625,3055958,29807,231,671213
0,4324,32.784714088435379,0.003105088,20,0,384,969875,10792,3077959,29883,231,671213
0,4325,32.78782071343538,0.003124497,20,0,384,939542,17916,3140875,29819,231,671213
0,4326,32.791040255435377,0.00331121031,20,0,384,1038000,10250,3259042,29755,231,671213
0,4327,32.793971130435381,0.002976247,20,0,384,968000,10958,3046167,29883,230,671211
0,4328,32.797220005435378,0.00310549885,20,0,384,934542,11333,2941125,29819,230,671211
0,4329,32.80031192143538,0.00312867062,20,0,384,1004416,16000,3293958,29755,230,671211
0,4330,32.803705630435374,0.003387663,20,0,384,1013750,16750,3274167,29883,230,671211
0,4331,32.806715505435378,0.002905832,20,0,384,938750,12292,3016083,29819,230,671211
0,4332,32.809971921435377,0.00336804148,20,0,384,1079000,13958,3298333,29755,230,671211
0,4333,32.813326338435374,0.00343737961,20,0,384,1008708,15000,3299458,29883,230,671211
0,4334,32.816350255435374,0.00299820723,20,0,384,930916,10542,3078208,29819,230,671211
0,4335,32.819469796435378,0.00306704221,20,0,384,971875,9917,3117666,29755,230,671211
0,4336,32.822717505435378,0.00328524667,20,0,384,1016958,12500,3281458,29883,230,671211
0,4337,32.825931213435375,0.00313221361,20,0,384,960792,16667,3106709,29819,230,671211
0,4338,32.829015213435376,0.00315175019,20,0,384,943208,19000,3148250,29755,230,671211
0,4339,32.832191130435376,0.003134786,20,0,384,983166,9375,3053667,29883,230,671211
0,4340,32.835466088435375,0.00332054286,20,0,384,973791,13584,3376208,29819,230,671211
0,4341,32.838526796435374,0.00302767148,20,0,384,954166,18917,3095209,29755,230,671211
0,4342,32.841645130435374,0.00317224348,20,0,384,1000584,14000,3089666,29883,230,671211
0,4343,32.844772755435379,0.00295416662,20,0,384,942792,15792,3029416,29819,230,671211
0,4344,32.848107755435379,0.00334583339,20,0,384,979167,19000,3357750,29755,230,671211
0,4345,32.85159125543538,0.00352521264,20,0,384,1128500,15250,3317541,29883,230,671211
0,4346,32.855231463435381,0.00373687642,20,0,384,979416,15708,3692458,30207,230,671211
0,4347,32.858928630435379,0.003602792,20,0,384,961417,13167,3703417,29755,231,671213
0,4348,32.862375588435377,0.00346361962,20,0,384,1017917,20916,3475875,29883,231,671213
0,4349,32.866338588435376,0.00392692024,20,0,384,1037083,14042,3712250,29819,230,671211
0,4350,32.869579005435376,0.00336908316,20,0,384,985167,13250,3627791,29755,230,671211
0,4351,32.872618713435379,0.003018417,20,0,384,969875,9458,3049334,29883,230,671211
0,4352,32.875989588435374,0.00337699824,20,0,384,1013250,13042,3299291,29819,230,671211
0,4353,32.879275255435374,0.00323266722,20,0,384,955083,15291,3207250,29755,230,671211
0,4354,32.882874671435374,0.00362932961,20,0,384,1024375,18875,3489375,29883,230,671211
0,4355,32.886180088435374,0.003205506,20,0,384,995458,12625,3391417,29819,230,671211
0,4356,32.890004296435379,0.003837833,20,0,384,959875,21542,3702917,29755,230,671211
0,4357,32.89457688043538,0.00455037551,20,0,384,990667,23833,4448542,29883,230,671211
0,4358,32.898097463435377,0.00354533014,20,0,384,1068167,16500,3625250,29819,230,671211
0,4359,32.901518380435377,0.003491539,20,0,384,1012042,19792,3491583,29755,230,671211
0,4360,32.905136005435381,0.003571875,20,0,384,966416,20041,3584708,29883,230,671211
0,4361,32.908607005435378,0.0035422123,20,0,384,957125,12250,3512625,29819,230,671211
0,4362,32.912403046435379,0.003868247,20,0,384,948042,17500,4008833,40197,230,671211
0,4363,32.915954463435376,0.00349216978,20,0,384,964958,10458,3489375,38163,230,671211
0,4364,32.91890963043538,0.00303429,20,0,384,983834,11042,3107625,29819,230,671211
0,4365,32.921693171435379,0.002777792,20,0,384,970375,6708,2771708,29755,230,671211
0,4366,32.924836755435379,0.00301912567,20,0,384,944042,11750,2887625,29883,230,671211
0,4367,32.927672880435374,0.00298112235,20,0,384,925584,15500,3074375,29819,230,671211
0,4368,32.930491630435377,0.00279683247,20,0,384,928125,7666,2836875,29755,230,671211
0,4369,32.934056838435374,0.00359071,20,0,384,965125,10167,3389500,29883,230,671211
0,4370,32.936945463435379,0.00286650378,20,0,384,919167,12125,2981000,29819,230,671211
0,4371,32.939621588435379,0.00268945587,20,0,384,946542,9084,2801083,29755,230,671211
0,4372,32.94264229643538,0.00298333331,20,0,384,986333,6125,2802167,29883,230,671211
0,4373,32.945489921435374,0.00281408732,20,0,384,913125,14792,2912709,29819,229,671209
0,4374,32.948168505435376,0.00273633073,20,0,384,913500,14292,2767959,29755,229,671209
0,4375,32.951195546435379,0.00294858287,20,0,384,975625,11000,2813959,29883,229,671209
0,4376,32.954113255435374,0.002890625,20,0,384,982166,16167,2977208,29819,229,671209
0,4377,32.957213046435378,0.00313829374,20,0,384,1036083,9792,3021625,29755,229,671209
0,4378,32.960679463435376,0.00352920219,20,0,384,956208,18250,3533333,29883,229,671209
0,4379,32.963855963435378,0.003006002,20,0,384,942542,11916,3034083,29819,229,671209
0,4380,32.967033380435375,0.00323083182,20,0,384,956250,18041,3289209,29755,229,671209
0,4381,32.970180671435379,0.00314392,20,0,384,1005500,14666,3075958,29883,229,671209
0,4382,32.974760171435378,0.00446220953,20,0,384,933875,18375,4142250,30207,229,671209
0,4383,32.978216505435377,0.00360253686,20,0,384,1126209,14542,3919250,29755,230,671211
0,4384,32.981626755435379,0.00328554423,20,0,384,1039375,9125,3249708,29883,230,671211
0,4385,32.985311630435376,0.00370717118,20,0,384,1025833,20333,3494833,29871,230,671211
0,4386,32.988851463435374,0.003598618,20,0,384,945958,14167,3798416,29755,230,671211
0,4387,32.992410880435379,0.00359033444,20,0,384,1011083,15750,3501667,29883,230,671211
0,4388,32.995899921435374,0.00324221235,20,0,384,964833,16792,3304792,29819,230,671211
0,4389,32.999569171435375,0.00386108272,20,0,384,1176958,21000,3788000,29755,230,671211
0,4390,33.002925421435378,0.003451162,20,0,384,963917,25875,3513708,29883,230,671211
0,4391,33.006601963435379,0.00348638045,20,0,384,941084,13292,3508042,29819,230,671211
0,4392,33.009853171435374,0.00338870473,20,0,384,1006875,22667,3348916,29755,230,671211
0,4393,33.013200838435374,0.00328291534,20,0,384,987834,12917,3333958,29883,230,671211
0,4394,33.016761921435375,0.00367725338,20,0,384,1053625,19625,3560834,29819,230,671211
0,4395,33.020000380435377,0.003184871,20,0,384,945750,20292,3307375,29755,230,671211
0,4396,33.023243338435378,0.00321179838,20,0,384,1038041,10791,3185292,29883,230,671211
0,4397,33.026712505435377,0.003406661,20,0,384,1028167,16833,3300084,29819,230,671211
0,4398,33.030081171435377,0.0035132512,20,0,384,969875,16125,3564833,29755,230,671211
0,4399,33.033455755435376,0.003427211,20,0,384,951583,16750,3328042,29883,230,671211
0,4400,33.036771880435374,0.003253621,20,0,384,943458,12500,3306875,29819,230,671211
0,4401,33.04018338043538,0.00318567175,20,0,384,943500,19209,3181000,29755,230,671211
0,4402,33.043729880435379,0.003739704,20,0,384,1103917,21750,3676208,29883,230,671211
0,4403,33.046848505435378,0.003199419,20,0,384,938709,12666,3322458,29819,230,671211
0,4404,33.049936130435377,0.00299041253,20,0,384,934959,16542,3063583,29755,230,671211
0,4405,33.052941255435378,0.00311246468,20,0,384,1006167,14708,3069833,29883,230,671211
0,4406,33.05646821343538,0.00320829079,20,0,384,917792,18583,3032375,29819,230,671211
0,4407,33.060642255435376,0.00445208326,20,0,384,1110375,22625,4333208,29755,230,671211
0,4408,33.064941838435381,0.004129039,20,0,384,953625,13042,4363500,40325,230,671211
0,4409,33.069700005435379,0.004971875,20,0,384,1029084,13375,4448666,38099,230,671211
0,4410,33.073422088435379,0.00349503965,20,0,384,939708,11125,3929833,37915,230,671211
0,4411,33.076828921435379,0.00364204217,20,0,384,1045500,25375,3495583,29883,230,671211
0,4412,33.080204338435379,0.00329467119,20,0,384,929875,11709,3404667,29819,230,671211
0,4413,33.084292463435375,0.004058957,20,0,384,972250,12333,4142875,29755,230,671211
0,4414,33.087656380435376,0.00323854177,20,0,384,965333,11375,3331667,29883,230,671211
0,4415,33.091374130435376,0.00380899943,20,0,384,1111250,11875,3509708,29819,230,671211
0,4416,33.09465400543538,0.00331362663,20,0,384,994250,14333,3527875,30143,230,671211
0,4417,33.098067546435374,0.00326658157,20,0,384,1008625,16708,3244000,29883,231,671213
0,4418,33.101421130435376,0.003540292,20,0,384,1123916,20417,3495708,29819,231,671213
0,4419,33.10468163043538,0.00308008073,20,0,384,972833,17459,3160041,29755,231,671213
0,4420,33.108286130435374,0.00385063072,20,0,384,1048042,17292,3649833,29883,231,671213
0,4421,33.111244046435374,0.00291153626,20,0,384,946833,12333,3112375,29819,231,671213
0,4422,33.114106796435379,0.0028925878,20,0,384,982584,8750,2961500,29755,231,671213
0,4423,33.117075213435378,0.00299591129,20,0,384,980167,8292,2892083,29883,231,671213
0,4424,33.119751713435377,0.00268341834,20,0,384,947958,9542,2771875,29819,231,671213
0,4425,33.12262263043538,0.002845876,20,0,384,961542,9250,2841500,29755,231,671213
0,4426,33.125899255435378,0.00318025076,20,0,384,987708,9000,2986583,29883,231,671213
0,4427,33.128876213435376,0.00307349768,20,0,384,921750,13375,3197959,29819,230,671211
0,4428,33.13183404643538,0.00272725336,20,0,384,949250,12375,2794208,29755,230,671211
0,4429,33.134860671435376,0.00326195429,20,0,384,1105750,15375,3184833,31053,230,671211
0,4430,33.137511755435376,0.00270795776,20,0,384,933417,9584,2728541,29819,230,671211
0,4431,33.140338130435374,0.00267808954,20,0,384,921666,10500,2693667,29755,230,671211
0,4432,33.143814755435379,0.00361279049,20,0,384,1044042,12958,3443542,29883,230,671211
0,4433,33.146460380435379,0.0026512472,20,0,384,886000,8417,2824834,29819,230,671211
0,4434,33.149446463435375,0.00293608266,20,0,384,925667,11000,2790209,29755,230,671211
0,4435,33.15219408843538,0.00279496168,20,0,384,936375,10834,2922917,29883,230,671211
0,4436,33.154969088435379,0.00268937065,20,0,384,929333,8791,2671750,29819,230,671211
0,4437,33.158297463435375,0.00327225053,20,0,384,992542,11667,3206875,29755,230,671211
0,4438,33.161500380435378,0.00327991787,20,0,384,1022375,10500,3200375,29883,230,671211
0,4439,33.164744796435379,0.002981002,20,0,384,931042,11541,3109792,29819,230,671211
0,4440,33.168013130435376,0.00342258369,20,0,384,1035458,19917,3367875,29755,230,671211
0,4441,33.171319213435375,0.00331087015,20,0,384,1031834,15917,3305833,29883,230,671211
0,4442,33.174920963435376,0.00365454215,20,0,384,1023792,15750,3501834,29819,230,671211
0,4443,33.178176380435374,0.00321833184,20,0,384,968625,15375,3341625,29755,230,671211
0,4444,33.18161038043538,0.00332554569,20,0,384,1001500,16583,3242208,30145,230,671211
0,4445,33.185047796435377,0.00351762329,20,0,384,1016833,16333,3499250,29819,230,671211
0,4446,33.188293421435375,0.00333933532,20,0,384,932125,14625,3383041,29807,230,671211
0,4447,33.19164904643538,0.00330812065,20,0,384,923125,19125,3290250,29883,230,671211
0,4448,33.195082046435374,0.00344783883,20,0,384,963875,21500,3476959,29819,230,671211
0,4449,33.197879546435374,0.00284320442,20,0,384,978584,19958,2999542,30017,230,671211
0,4450,33.20111221343538,0.00326575246,20,0,384,1026375,6291,3023833,29883,230,671211
0,4451,33.204249046435379,0.00303628831,20,0,384,919084,10750,3123167,29819,230,671211
0,4452,33.207634546435379,0.00338458759,20,0,384,927458,16708,3186625,29755,230,671211
0,4453,33.210891296435378,0.0032900793,20,0,384,1005708,14000,3420167,29883,230,671211
0,4454,33.21466021343538,0.00373508362,20,0,384,931208,10667,3839125,40649,230,671211
0,4455,33.218102588435379,0.00361267,20,0,384,1052334,9042,3599625,38035,231,671213
0,4456,33.221012171435376,0.00278346078,20,0,384,905333,10375,2802042,29883,231,671213
0,4457,33.224271171435376,0.00317053567,20,0,384,992292,14875,3013291,29819,231,671213
0,4458,33.227246713435378,0.00308358832,20,0,384,958875,13250,3232000,29755,231,671213
0,4459,33.23041183843538,0.003154287,20,0,384,989542,11792,3030791,29883,231,671213
0,4460,33.23405788043538,0.00372867053,20,0,384,933542,17250,3762500,29819,231,671213
0,4461,33.236870380435377,0.00274933386,20,0,384,927584,17541,2828292,29755,231,671213
0,4462,33.239843421435374,0.00293533155,20,0,384,996958,11542,2900500,29883,231,671213
0,4463,33.243116421435374,0.00328378682,20,0,384,1005667,15291,3189667,29819,231,671213
0,4464,33.246575255435374,0.00337237818,20,0,384,967209,17583,3270417,29755,231,671213
0,4465,33.249946296435375,0.00346879242,20,0,384,966750,11625,3521500,29883,231,671213
0,4466,33.252962296435378,0.003018084,20,0,384,937583,12708,3114458,29819,231,671213
0,4467,33.256271546435379,0.00330304,20,0,384,954667,17292,3280917,29755,231,671213
0,4468,33.259374963435377,0.00312054274,20,0,384,975125,15125,3076417,29883,231,671213
0,4469,33.262682630435378,0.003240292,20,0,384,934417,16500,3260833,29819,231,671213
0,4470,33.266080630435376,0.003381165,20,0,384,1008250,14000,3344292,29755,231,671213
0,4471,33.269218713435379,0.00323254685,20,0,384,933791,16792,3226292,29883,231,671213
0,4472,33.27228571343538,0.003047208,20,0,384,921708,12333,3159209,29819,231,671213
0,4473,33.275418171435376,0.00312245614,20,0,384,985084,10125,3097917,29755,231,671213
0,4474,33.278314255435376,0.002927041,20,0,384,994791,13167,2934000,29883,231,671213
0,4475,33.281515796435379,0.00306887762,20,0,384,958125,15458,2966334,29819,231,671213
0,4476,33.28504992143538,0.00340520823,20,0,384,1001125,18250,3487958,29755,231,671213
0,4477,33.288552421435377,0.00376928854,20,0,384,1042041,20875,3602333,29883,231,671213
0,4478,33.29189150543538,0.00331870746,20,0,384,935625,13208,3394583,29819,231,671213
0,4479,33.295111796435378,0.003178295,20,0,384,938875,17875,3219333,29755,231,671213
0,4480,33.298262963435377,0.00307225063,20,0,384,1002666,13375,3054625,29883,231,671213
0,4481,33.301373755435378,0.003203536,20,0,384,1016083,18875,3291458,29819,231,671213
0,4482,33.304576088435375,0.003180669,20,0,384,991375,12667,3005709,29755,231,671213
0,4483,33.307877588435375,0.00335021247,20,0,384,926250,11417,3302417,29883,231,671213
0,4484,33.311007046435378,0.003093665,20,0,384,949250,13917,3234917,29819,230,671211
0,4485,33.31406829643538,0.00298583484,20,0,384,994375,11209,3038500,29755,230,671211
0,4486,33.317418255435378,0.0034956208,20,0,384,1065583,16166,3310834,29883,230,671211
0,4487,33.320360296435375,0.00290112663,20,0,384,929709,11625,3037875,29819,230,671211
0,4488,33.323655296435376,0.00307091838,20,0,384,991209,11375,3052125,29755,230,671211
0,4489,33.326936130435378,0.003499667,20,0,384,1000916,20375,3436625,29883,230,671211
0,4490,33.330049713435379,0.00307016727,20,0,384,921125,18375,3043000,29819,230,671211
0,4491,33.333367546435376,0.00331536983,20,0,384,944375,15833,3394708,30143,230,671211
0,4492,33.336501380435379,0.00316691468,20,0,384,1016166,13958,3134208,29883,231,671213
0,4493,33.33951800543538,0.00295595941,20,0,384,951459,17750,3074125,29819,231,671213
0,4494,33.34292892143538,0.00349083752,20,0,384,1059500,13500,3291334,29755,231,671213
0,4495,33.346350088435379,0.00343654328,20,0,384,942709,17458,3383709,29883,231,671213
0,4496,33.349469713435376,0.00311212451,20,0,384,896709,9291,3196875,29819,231,671213
0,4497,33.352353796435381,0.00288941315,20,0,384,954459,16209,3045250,29755,231,671213
0,4498,33.355253671435378,0.00294246036,20,0,384,969000,14541,2838917,29883,231,671213
0,4499,33.358673671435376,0.00338162552,20,0,384,934458,14917,3315875,29819,231,671213
0,4500,33.361877088435378,0.00315045356,20,0,384,930209,16458,3139250,29755,231,671213
0,4501,33.366659671435379,0.00450967252,20,0,384,990000,19125,4455125,40325,231,671213
0,4502,33.371033088435375,0.004536373,20,0,384,1050375,27958,4616875,38099,231,671213
0,4503,33.37462354643538,0.00361633371,20,0,384,1111292,12625,3570542,29755,231,671213
0,4504,33.378125130435379,0.00353358127,20,0,384,1016375,18000,3477125,29883,231,671213
0,4505,33.381630380435375,0.00337704085,20,0,384,1011625,12958,3409125,29819,231,671213
0,4506,33.38540958843538,0.00372341974,20,0,384,1032209,22000,3728709,29755,231,671213
0,4507,33.389224213435376,0.00397199532,20,0,384,1047416,23000,3957375,29935,231,671213
0,4508,33.392807130435379,0.00345500279,20,0,384,1017958,18792,3492292,29819,231,671213
0,4509,33.396510088435377,0.003812748,20,0,384,1114375,14625,3677750,29755,231,671213
0,4510,33.400028213435377,0.00366787845,20,0,384,981458,23542,3714875,29883,231,671213
0,4511,33.403308630435376,0.00317533314,20,0,384,943166,11583,3262792,29819,231,671213
0,4512,33.406697255435375,0.00323154056,20,0,384,1049750,16208,3332167,29755,231,671213
0,4513,33.410251588435379,0.00382241351,20,0,384,1061334,18042,3527708,29883,231,671213
0,4514,33.413646171435374,0.00335479737,20,0,384,962750,12458,3558041,29819,231,671213
0,4515,33.41685517143538,0.003200411,20,0,384,957541,18708,3292000,29755,231,671213
0,4516,33.420044838435381,0.00322342,20,0,384,984292,14875,3070833,29883,231,671213
0,4517,33.423358255435375,0.00313287275,20,0,384,942833,19583,3134417,29819,231,671213
0,4518,33.426885546435379,0.00353908725,20,0,384,1074500,20917,3558417,29755,231,671213
0,4519,33.43036088043538,0.003631328,20,0,384,966792,16167,3536209,29883,231,671213
0,4520,33.434200255435378,0.00387371029,20,0,384,960916,13333,3869417,29819,231,671213
0,4521,33.437317546435381,0.00303012319,20,0,384,954375,12959,3149166,29755,231,671213
0,4522,33.440429963435378,0.00306779332,20,0,384,1029333,11250,3023583,29883,231,671213
0,4523,33.443812463435378,0.00334716542,20,0,384,1020625,14209,3379541,29819,231,671213
0,4524,33.447180380435377,0.0034267928,20,0,384,990083,18750,3347250,29755,231,671213
0,4525,33.450195171435375,0.00310554146,20,0,384,986791,16375,3186000,29883,231,671213
0,4526,33.453025421435377,0.0028301233,20,0,384,946375,8166,2879542,30207,231,671213
0,4527,33.455859005435379,0.0028900865,20,0,384,979166,9417,2899917,29755,232,671215
0,4528,33.459045338435381,0.00316704228,20,0,384,952125,10000,3010625,29883,232,671215
0,4529,33.461782963435375,0.00270770979,20,0,384,914875,15250,2850208,29819,232,671215
0,4530,33.464863838435377,0.00283154054,20,0,384,996791,9917,2837042,29755,231,671213
0,4531,33.468102838435378,0.00345270685,20,0,384,1053459,13792,3308583,29883,231,671213
0,4532,33.471270880435377,0.00324212736,20,0,384,941791,19708,3276417,29819,231,671213
0,4533,33.474158296435377,0.00280833337,20,0,384,918542,15167,2905167,29755,231,671213
0,4534,33.476876505435378,0.002876162,20,0,384,966334,17375,2862791,29883,231,671213
0,4535,33.479378421435378,0.002488251,20,0,384,894167,8417,2532917,29819,231,671213
0,4536,33.482368505435375,0.00281892018,20,0,384,881667,11000,2699459,29755,231,671213
0,4537,33.48526525543538,0.00295787281,20,0,384,989750,20041,3011042,29883,231,671213
0,4538,33.487876088435378,0.00271404488,20,0,384,898833,12417,2675084,29819,231,671213
0,4539,33.490647421435376,0.00267091137,20,0,384,896792,9666,2686375,29755,231,671213
0,4540,33.493684546435375,0.00307662971,20,0,384,934416,13708,2912667,29883,231,671213
0,4541,33.496848421435381,0.00312037277,20,0,384,912292,13458,3200208,29819,230,671211
0,4542,33.500218171435378,0.00332337734,20,0,384,929583,15375,3296417,29755,230,671211
0,4543,33.503438630435376,0.00316624856,20,0,384,973584,17125,3209250,29883,230,671211
0,4544,33.506689505435375,0.00317108142,20,0,384,964208,13333,3166042,29819,230,671211
0,4545,33.516591546435379,0.0033095025,20,0,384,1095459,17292,3299209,29755,230,671211
0,4546,33.535872630435378,0.0101455,20,0,384,4967875,15542,9994959,56871,230,671211
0,4547,33.540707046435379,0.0205216277,20,0,384,4630292,12458,20561708,422825,230,671217
0,4548,33.544640546435375,0.004087663,20,0,384,970709,22584,4188208,38035,230,671173
0,4549,33.547944380435375,0.00326750288,20,0,384,973167,10417,3225500,29883,230,671173
0,4550,33.551030421435378,0.00321487384,20,0,384,996125,21625,3203625,29819,230,671173
0,4551,33.553741671435375,0.00271995459,20,0,384,955833,9208,2863584,29755,230,671173
0,4552,33.556795588435378,0.00294100051,20,0,384,962250,11916,2839083,29883,230,671173
0,4553,33.560156838435375,0.003425,20,0,384,1011083,17167,3361917,29819,230,671173
0,4554,33.563515588435379,0.00325804274,20,0,384,942084,16709,3228250,29755,230,671173
0,4555,33.566901671435375,0.00346979173,20,0,384,937416,11292,3493708,29883,230,671173
0,4556,33.570214255435374,0.00325833331,20,0,384,953875,18792,3289167,29819,230,671173
0,4557,33.573130463435376,0.00289270841,20,0,384,983042,15792,2980833,30143,230,671173
0,4558,33.576411380435374,0.00340358564,20,0,384,1055750,18083,3216792,29883,231,671175
0,4559,33.57960604643538,0.00319208484,20,0,384,924709,13625,3273000,29819,231,671175
0,4560,33.58295646343538,0.00328878965,20,0,384,927958,16791,3229292,29755,231,671175
0,4561,33.586200671435378,0.003205584,20,0,384,953459,19417,3231583,29883,231,671175
0,4562,33.589437505435377,0.0032065406,20,0,384,938292,11041,3242583,29871,231,671175
0,4563,33.592786005435379,0.00345849642,20,0,384,1077958,10208,3402542,29755,231,671175
0,4564,33.59580108843538,0.0029984198,20,0,384,962083,13417,3070958,29883,231,671175
0,4565,33.599054421435376,0.003253706,20,0,384,970541,16083,3033166,29819,231,671175
0,4566,33.602232005435376,0.00315404614,20,0,384,968916,13083,3314208,29755,231,671175
0,4567,33.605651588435379,0.00336999726,20,0,384,1003250,12167,3269334,29883,231,671175
0,4568,33.60899996343538,0.0033861252,20,0,384,968083,11875,3480958,29819,231,671175
0,4569,33.612100838435374,0.00305225351,20,0,384,1004459,17333,3132625,29755,231,671175
0,4570,33.615338338435379,0.00321949413,20,0,384,1066750,14209,3056584,29883,231,671175
0,4571,33.618786546435381,0.00349237537,20,0,384,991292,19708,3539125,29819,231,671175
0,4572,33.621983088435378,0.00322463154,20,0,384,970000,17416,3250250,29755,231,671175
0,4573,33.625503296435376,0.003475411,20,0,384,1014708,11208,3307083,29883,231,671175
0,4574,33.628879880435377,0.00337949977,20,0,384,960083,11875,3526750,29819,231,671175
0,4575,33.632270963435374,0.003365377,20,0,384,998667,20000,3263083,29755,231,671175
0,4576,33.636191088435375,0.003847626,20,0,384,992750,19000,3678500,29883,231,671175
0,4577,33.639674296435381,0.00355316745,20,0,384,1093291,20833,3716250,29819,231,671175
0,4578,33.643093255435375,0.00344829215,20,0,384,1028917,16459,3570834,29755,231,671175
0,4579,33.646597588435377,0.0034275013,20,0,384,1030000,15458,3248917,29883,231,671175
0,4580,33.650122130435378,0.00361691462,20,0,384,992333,19083,3679084,29819,231,671175
0,4581,33.653435713435378,0.00331704225,20,0,384,986166,18250,3381916,29755,231,671175
0,4582,33.656958880435376,0.0034486677,20,0,384,993417,17542,3290500,29883,231,671175
0,4583,33.660311588435377,0.003472123,20,0,384,1028416,18208,3595625,29819,231,671175
0,4584,33.663575421435375,0.00311312359,20,0,384,970167,16875,3183833,29755,231,671175
0,4585,33.667138588435378,0.00367583614,20,0,384,1002875,21333,3490667,29883,231,671175
0,4586,33.67082446343538,0.00357108144,20,0,384,965708,18042,3579084,29819,231,671175
0,4587,33.674848046435379,0.00426641852,20,0,384,1069833,16083,4417875,40197,231,671175
0,4588,33.678670546435377,0.00372945727,20,0,384,944958,9375,3660917,38163,231,671175
0,4589,33.681845921435375,0.00306524942,20,0,384,1025125,11292,3139541,29819,231,671175
0,4590,33.685251338435378,0.003445082,20,0,384,1077292,16709,3397583,29755,230,671173
0,4591,33.688560421435376,0.00336070731,20,0,384,945750,19542,3289792,29883,230,671173
0,4592,33.692657546435377,0.00391329359,20,0,384,959834,10875,3698875,29819,230,671173
0,4593,33.696380130435379,0.00377371022,20,0,384,1082084,15875,4019083,30143,230,671173
0,4594,33.700415255435381,0.004268828,20,0,384,1087541,22667,4274875,40033,231,671175
0,4595,33.70352383843538,0.002847874,20,0,384,950292,11125,2910250,29819,231,671175
0,4596,33.706999046435378,0.00355471228,20,0,384,1053250,11625,3453917,29755,231,671175
0,4597,33.710358588435376,0.00345882936,20,0,384,1048209,15292,3484875,29883,231,671175
0,4598,33.713849380435377,0.00344146113,20,0,384,963417,17375,3329583,29819,231,671175
0,4599,33.717288463435381,0.00341758085,20,0,384,1001375,13750,3489250,29755,231,671175
0,4600,33.720424088435379,0.0031570862,20,0,384,1026250,18125,3215708,29883,231,671175
0,4601,33.723698838435375,0.00307529047,20,0,384,1014375,18958,3064167,29819,231,671175
0,4602,33.726977088435376,0.00353042083,20,0,384,1014459,22084,3469291,29755,231,671175
0,4603,33.730283421435381,0.00333641586,20,3,384,988834,17041,3233916,29883,231,671175
0,4604,33.73414646343538,0.00388803845,20,3,384,952333,13083,3984291,29819,231,671175
0,4605,33.737014880435375,0.00289850472,20,3,384,977542,12333,3000416,29755,234,671273
0,4606,33.739850380435378,0.00271741068,20,3,384,943125,10125,2683792,29883,234,671273
0,4607,33.742904796435376,0.00307825254,20,3,384,955042,13167,3042000,29819,234,671273
0,4608,33.745920255435379,0.002862996,20,3,384,978292,10708,2985000,29755,234,671273
0,4609,33.748931630435379,0.00316220941,20,3,384,1041000,12208,2961917,29883,234,671273
0,4610,33.751746421435378,0.00287304423,20,7,384,968625,17458,3054584,29819,234,671273
0,4611,33.754624255435374,0.00289816479,20,7,384,959417,10542,2761584,29755,234,671273
0,4612,33.75778213043538,0.003142255,20,7,384,948208,13458,3086375,29883,238,671397
0,4613,33.760592588435379,0.002828458,20,7,384,939208,13583,2922208,29819,238,671397
0,4614,33.763351255435374,0.00268066186,20,7,384,963458,8916,2751667,29755,238,671397
0,4615,33.766296421435378,0.003015795,20,7,384,951166,9958,2906917,29883,238,671397
0,4616,33.768942546435376,0.00265946,20,7,384,919667,14166,2772042,29819,237,671395
0,4617,33.77153842143538,0.002622952,20,8,384,950125,11125,2599750,29755,237,671395
0,4618,33.77456808843538,0.00294804433,20,8,384,936750,8667,2821625,29883,237,671395
0,4619,33.777448963435376,0.002966128,20,8,384,951417,15542,3085042,29819,238,671421
0,4620,33.780277880435378,0.00270899944,20,11,384,930833,10750,2695584,29755,238,671421
0,4621,33.783374755435375,0.003107412,20,11,384,998042,12875,3009125,29883,238,671421
0,4622,33.786306046435378,0.00292050024,20,11,384,906667,16917,3029250,29819,241,671519
0,4623,33.78936871343538,0.00304888049,20,11,384,1017459,11250,3060125,29807,241,671519
0,4624,33.792544255435381,0.00323983142,20,11,384,1029666,13583,3093291,29883,241,671519
0,4625,33.795536088435377,0.00292916666,20,11,384,926125,22375,2972000,29819,241,671519
0,4626,33.79898100543538,0.00340091414,20,11,384,1020208,11000,3259583,29755,241,671519
0,4627,33.802219380435375,0.003330669,20,15,384,1004417,19625,3425209,29883,241,671519
0,4628,33.805629630435376,0.003199752,20,15,384,947334,16958,3114000,29819,241,671519
0,4629,33.808667130435374,0.00324041233,20,15,384,974792,22125,3401667,29755,245,671643
0,4630,33.811774296435374,0.003062167,20,15,384,996000,12292,3015875,29883,245,671643
0,4631,33.815147088435374,0.00323054148,20,15,384,954667,17791,3189542,30207,245,671643
0,4632,33.818527838435379,0.0035465844,20,15,384,1093625,20791,3536584,29755,246,671645
0,4633,33.821800671435376,0.00329862535,20,17,384,991958,12333,3147542,29883,246,671645
0,4634,33.825839713435379,0.00399195729,20,17,384,950250,12167,4195833,40261,246,671645
0,4635,33.829468588435375,0.00367333484,20,17,384,960917,9792,3601500,38035,248,671717
0,4636,33.832704921435379,0.00322274654,20,17,384,994042,15791,3167291,29883,248,671717
0,4637,33.83597750543538,0.00325520826,20,17,384,947750,17833,3301625,29819,248,671717
0,4638,33.839111296435377,0.003090129,20,17,384,992084,16333,3189500,29755,248,671717
0,4639,33.842645171435379,0.00354016433,20,17,384,1055125,10709,3310292,29883,248,671717
0,4640,33.84621888043538,0.00345216831,20,17,384,981917,15916,3534500,29819,248,671717
0,4641,33.849888255435374,0.00378078944,20,17,384,1041667,10666,3753209,29755,248,671717
0,4642,33.853039296435377,0.003189463,20,17,384,1005333,16875,3249417,29883,248,671717
0,4643,33.856342880435378,0.003262578,20,17,384,987250,15500,3242333,29819,248,671717
0,4644,33.859613130435378,0.003281753,20,17,384,1048917,16417,3288125,29755,248,671717
0,4645,33.862730796435379,0.00313125,20,17,384,1034541,14125,3146791,29883,248,671717
0,4646,33.866160005435376,0.00340175023,20,17,384,1011000,16583,3255458,29819,248,671717
0,4647,33.869267588435378,0.00316370465,20,17,384,954291,12083,3254208,29755,248,671717
0,4648,33.872512255435375,0.003200255,20,17,384,1002917,13500,3217583,29883,248,671717
0,4649,33.876032046435377,0.00351478881,20,17,384,1005750,17875,3441167,29819,248,671717
0,4650,33.879522046435376,0.00357867056,20,17,384,991333,18791,3452667,29755,248,671717
0,4651,33.88313558843538,0.00356658152,20,17,384,963291,13917,3607166,29883,248,671717
0,4652,33.887209505435379,0.00375241647,20,17,384,999583,13500,3772542,29819,248,671717
0,4653,33.890767255435378,0.00375841837,20,17,384,1131458,16459,3703750,29755,248,671717
0,4654,33.894127713435374,0.00351395272,20,17,384,1052458,14000,3645833,29883,248,671717
0,4655,33.897619630435379,0.003350418,20,17,384,952541,17291,3344167,29819,248,671717
0,4656,33.900912630435379,0.00342179,20,17,384,1044209,22292,3405875,29755,247,671715
0,4657,33.904007338435378,0.00296566752,20,17,384,979667,16708,3067333,29883,247,671715
0,4658,33.907268796435375,0.003202629,20,17,384,1015292,15667,3208750,29819,247,671715
0,4659,33.91049475543538,0.00343270972,20,17,384,1142167,15959,3374708,29755,247,671715
0,4660,33.913883713435375,0.00337354024,20,17,384,997334,9750,3149625,29883,247,671715
0,4661,33.917065588435378,0.00317225046,20,17,384,993625,12875,3374708,29819,247,671715
0,4662,33.920276255435375,0.003152622,20,17,384,994333,11666,3200833,29755,247,671715
0,4663,33.923590588435374,0.00314771128,20,17,384,1065875,12375,3092083,29883,247,671715
0,4664,33.927196421435376,0.00372079085,20,17,384,968833,17250,3623083,29819,247,671715
0,4665,33.930912755435379,0.0036769982,20,17,384,1022625,22208,3666584,29755,247,671715
0,4666,33.934434005435378,0.00357800443,20,17,384,979209,14584,3589708,30271,247,671715
0,4667,33.937978671435374,0.00350524369,20,17,384,991125,20250,3513417,29819,248,671717
0,4668,33.941316671435381,0.0034426304,20,17,384,1054416,20459,3471750,29755,248,671717
0,4669,33.944482255435375,0.00310350046,20,17,384,997500,12542,3166500,29883,248,671717
0,4670,33.947803463435378,0.00324550038,20,17,384,977458,17375,3237542,29819,248,671717
0,4671,33.951249921435377,0.003597286,20,17,384,1127375,14458,3489875,29755,248,671717
0,4672,33.954391338435379,0.00307300175,20,17,384,994958,16791,3158375,29883,248,671717
0,4673,33.957804921435375,0.0033916242,20,17,384,1060916,17500,3226375,29819,248,671717
0,4674,33.961430338435378,0.003681002,20,17,384,1027834,20333,3746125,29755,248,671717
0,4675,33.965187505435374,0.00340979313,20,17,384,976333,16458,3448667,29883,248,671717
0,4676,33.969231546435374,0.00421733269,20,17,384,1172333,19000,4148166,29819,248,671717
0,4677,33.973013255435376,0.00386166386,20,17,384,1116334,14333,3636291,29755,248,671717
0,4678,33.97710913043538,0.00430629263,20,17,384,1122750,13334,4628250,40325,248,671717
0,4679,33.980946796435376,0.00371712726,20,17,384,958666,9458,3669292,38099,248,671717
0,4680,33.984249338435376,0.003320082,20,17,384,1037667,13042,3293708,29755,248,671717
0,4681,33.987117546435378,0.002978954,20,17,384,944917,16000,3048500,30551,248,671717
0,4682,33.990148296435379,0.00285846088,20,17,384,936625,16000,2849208,29871,248,671717
0,4683,33.993648338435378,0.00357716833,20,17,384,1045292,12375,3506167,29755,248,671717
0,4684,33.996890213435378,0.00326429284,20,17,384,981958,19375,3260458,29883,248,671717
0,4685,34.000571421435374,0.00363941328,20,17,384,959500,21083,3621541,30293,248,671717
0,4686,34.003916755435377,0.0032302083,20,17,384,983750,22667,3300500,29755,248,671717
0,4687,34.007673755435377,0.003855669,20,17,384,996541,20333,3505542,29883,248,671717
0,4688,34.011003671435375,0.00332570868,20,17,384,1050375,13625,3604125,29819,248,671717
0,4689,34.014300880435378,0.003296294,20,17,384,995125,20334,3348542,29755,248,671717
0,4690,34.017686296435379,0.00342299463,20,17,384,1064750,14125,3298834,29883,248,671717
0,4691,34.020970588435375,0.00324737816,20,17,384,966416,19000,3319416,29819,248,671717
0,4692,34.024528046435378,0.00348608266,20,17,384,1035875,15292,3380000,29755,248,671717
0,4693,34.027931880435375,0.00358304288,20,17,384,997458,14292,3578958,29883,248,671717
0,4694,34.031193588435379,0.0031640802,20,17,384,946250,13083,3310875,29819,248,671717
0,4695,34.034521880435378,0.00327058532,20,17,384,1045125,15084,3272333,29755,248,671717
0,4696,34.038025546435378,0.00345958048,20,17,384,1077458,13500,3369375,29883,248,671717
0,4697,34.041481296435379,0.00356533448,20,13,384,1085916,16292,3541917,29819,248,671717
0,4698,34.044701880435376,0.003075248,20,13,384,995833,18041,3202709,29755,248,671717
0,4699,34.04805213043538,0.003521875,20,13,384,1039500,18500,3489208,29883,244,671693
0,4700,34.05168108843538,0.00352645968,20,13,384,996417,15333,3392375,29819,244,671693
0,4701,34.054938963435376,0.0033923327,20,13,384,983167,20709,3390250,30143,244,671693
0,4702,34.058350921435377,0.00336129544,20,13,384,954542,14000,3394291,29883,245,671695
0,4703,34.061537338435379,0.003222123,20,13,384,991041,17125,3237458,29819,245,671695
0,4704,34.064730505435378,0.00303554418,20,13,384,966167,18041,3140750,29755,245,671695
0,4705,34.068099046435378,0.003543665,20,13,384,1087291,12375,3409875,29883,245,671695
0,4706,34.071157963435375,0.00298599782,20,13,384,947542,17625,3079708,29819,245,671695
0,4707,34.074571796435379,0.00342437648,20,13,384,1064042,11792,3317083,29755,245,671695
0,4708,34.077600588435381,0.00311729033,20,13,384,982459,16167,3203542,29883,245,671695
0,4709,34.080798588435378,0.0030954578,20,13,384,953208,14333,3020375,29819,245,671695
0,4710,34.084054171435376,0.0032443807,20,13,384,985667,21959,3321542,29755,245,671695
0,4711,34.08690650543538,0.00296970666,20,13,384,959791,13333,2935042,29883,245,671695
0,4712,34.089744088435374,0.00282362523,20,13,384,952666,13625,2899792,29819,245,671695
0,4713,34.092700255435375,0.00298633077,20,13,384,1020875,9208,2984625,29755,245,671695
0,4714,34.095323588435377,0.00271337875,20,13,384,935375,10792,2702958,29883,245,671695
0,4715,34.098212005435379,0.002640873,20,13,384,907542,6667,2596792,29819,245,671695
0,4716,34.101126963435377,0.00311341416,20,13,384,1054958,12375,3187459,29755,245,671695
0,4717,34.103896796435379,0.00269645685,20,13,384,959875,6500,2666500,29883,245,671695
0,4718,34.106742505435378,0.00282395841,20,13,384,887416,14458,2785334,29819,245,671695
0,4719,34.109721296435374,0.00303754257,20,13,384,959000,11542,3054583,29755,245,671695
0,4720,34.112396546435377,0.002715129,20,13,384,961500,10042,2743958,29883,245,671695
0,4721,34.115519588435376,0.00300949556,20,13,384,951875,10083,2755167,29819,245,671695
0,4722,34.118571755435376,0.0030354592,20,13,384,942584,21584,3221000,29755,245,671695
0,4723,34.12179229643538,0.00327566615,20,5,384,1033875,13750,3155500,29883,245,671695
0,4724,34.125310046435381,0.00338020828,20,5,384,933875,16375,3309375,29819,245,671695
0,4725,34.129413296435381,0.00427937927,20,5,384,991209,13791,4349625,40197,237,671325
0,4726,34.13414883843538,0.00470608,20,5,384,950916,10208,4695833,38163,237,671325
0,4727,34.137342880435376,0.00307446136,20,5,384,943500,10166,3195791,29819,237,671325
0,4728,34.140864505435374,0.00345587451,20,1,384,1083916,15708,3248375,29755,236,671323
0,4729,34.144243546435376,0.00349316886,20,1,384,1027250,19875,3557208,29883,236,671323
0,4730,34.147342588435379,0.00316437078,20,1,384,928000,12334,3306083,29819,232,671219
0,4731,34.150637088435374,0.00325471233,20,1,384,980958,13291,3121542,29755,232,671219
0,4732,34.15367721343538,0.00309116347,20,1,384,950625,16625,3134042,29883,232,671219
0,4733,34.156988505435379,0.00321904058,20,1,384,933875,15083,3149625,29819,232,671219
0,4734,34.160205796435378,0.00324479165,20,1,384,974584,21708,3340083,29755,232,671219
0,4735,34.163400380435377,0.00317329215,20,1,384,1005333,14416,3132416,29883,232,671219
0,4736,34.166690255435377,0.00335329515,20,1,384,940291,10625,3307417,29819,232,671219
0,4737,34.169630255435379,0.00296387472,20,1,384,940208,15666,3020208,29755,232,671219
0,4738,34.173318296435376,0.003468665,20,1,384,971167,8042,3375958,29883,232,671219
0,4739,34.176587588435375,0.003440377,20,1,384,986833,15708,3484791,30207,232,671219
0,4740,34.180203463435376,0.00342495739,20,1,384,945125,18208,3211042,29755,233,671221
0,4741,34.184318046435379,0.00427804,20,1,384,1083209,20792,4491083,29883,233,671221
0,4742,34.187617421435377,0.00329387747,20,1,384,971333,10208,3280375,29819,233,671221
0,4743,34.19067383843538,0.0030531676,20,1,384,964708,18416,3078417,29807,233,671221
0,4744,34.19391167143538,0.003247286,20,1,384,985083,15417,3226333,29883,233,671221
0,4745,34.19705804643538,0.00315092131,20,1,384,969666,19708,3112875,29819,233,671221
0,4746,34.200528880435378,0.00343595515,20,1,384,968000,28584,3465125,29755,233,671221
0,4747,34.204050671435375,0.00339570572,20,1,384,1032458,11083,3277250,29883,232,671219
0,4748,34.207753630435377,0.00381038128,20,1,384,1056500,14292,3799083,29819,232,671219
0,4749,34.211246671435376,0.00342374574,20,1,384,1001333,18375,3536750,29755,232,671219
0,4750,34.214559421435375,0.00344525231,20,1,384,1088375,12917,3375083,29883,232,671219
0,4751,34.217888880435375,0.00330441468,20,1,384,984000,17959,3301333,29819,232,671219
0,4752,34.221348088435377,0.00342708337,20,0,384,1011666,17292,3376708,29755,232,671219
0,4753,34.224759088435377,0.003461168,20,0,384,1017208,19125,3397833,31721,232,671219
0,4754,34.22787467143538,0.00312083331,20,0,384,956708,11459,3321750,29819,231,671173
0,4755,34.230814963435378,0.00297462451,20,0,384,1003084,10500,3060583,29755,231,671173
0,4756,34.23426325543538,0.003440044,20,0,384,995125,13709,3198083,29883,231,671173
0,4757,34.237389546435381,0.003091121,20,0,384,958917,11958,3170167,29819,231,671173
0,4758,34.240609338435377,0.00327204517,20,0,384,987375,15458,3052791,29755,231,671173
0,4759,34.244156338435374,0.003493417,20,0,384,936834,12667,3585958,29883,231,671173
0,4760,34.247316546435378,0.00309649948,20,0,384,942500,10750,3280250,29819,230,671171
0,4761,34.250523588435378,0.003308043,20,0,384,1046334,16083,3189792,29755,230,671171
0,4762,34.253674796435376,0.00315720658,20,0,384,978417,13917,3230583,29883,230,671171
0,4763,34.256795505435377,0.002984127,20,0,384,939500,19000,3057000,29819,230,671171
0,4764,34.260086046435376,0.00339408312,20,0,384,1128708,13209,3192334,29755,230,671171
0,4765,34.263824796435379,0.003655995,20,0,384,963042,16583,3611250,29883,230,671171
0,4766,34.266947463435379,0.00324554276,20,0,384,971583,14958,3380209,29819,230,671171
0,4767,34.269861755435379,0.00292512751,20,0,384,973625,10250,3033042,29755,230,671171
0,4768,34.272891796435374,0.002974497,20,0,384,983125,11000,2861667,29883,230,671171
0,4769,34.276332630435377,0.00350233843,20,0,384,1013833,13875,3310000,29819,230,671171
0,4770,34.280130213435378,0.00386920362,20,0,384,953125,12334,4076500,40197,230,671171
0,4771,34.284071838435381,0.003837089,20,0,384,929291,9792,3878000,38163,230,671171
0,4772,34.287070838435376,0.00292824558,20,0,384,939000,10833,2904375,29819,230,671171
0,4773,34.290641296435375,0.00351879257,20,0,384,1081167,13750,3388250,29755,230,671171
0,4774,34.29372533843538,0.00321333623,20,0,384,1003125,13792,3299292,30271,230,671171
0,4775,34.297390171435374,0.00361979171,20,0,384,954917,15708,3516000,29819,231,671173
0,4776,34.30063983843538,0.00323320576,20,0,384,964292,12708,3386666,29755,231,671173
0,4777,34.303767171435375,0.00308062648,20,0,384,1013042,15958,3034541,29883,231,671173
0,4778,34.307037588435378,0.00319487671,20,0,384,981333,10958,3166583,29819,231,671173
0,4779,34.310561130435374,0.003683454,20,0,384,1045583,15083,3595375,29755,231,671173
0,4780,34.313814005435376,0.00321687921,20,0,384,953334,17750,3276959,29883,231,671173
0,4781,34.317368171435376,0.0035572066,20,0,384,1016458,10959,3516458,29819,231,671173
0,4782,34.320648963435374,0.00325208344,20,0,384,972666,18125,3267667,29755,231,671173
0,4783,34.324573963435377,0.003948788,20,0,384,997792,14208,3909916,29883,231,671173
0,4784,34.327605796435378,0.0030961663,20,0,384,934625,13166,3177833,29819,231,671173
0,4785,34.330813630435379,0.00312833767,20,0,384,971250,10709,3123041,29755,231,671173
0,4786,34.334056505435377,0.003319331,20,0,384,1036500,15084,3284209,29883,231,671173
0,4787,34.337098338435375,0.0030000424,20,0,384,946958,17791,3039458,29819,231,671173
0,4788,34.340309755435378,0.00307045784,20,0,384,1008083,12208,3059041,29755,231,671173
0,4789,34.343705171435374,0.00349787413,20,0,384,1072000,15208,3371166,29883,231,671173
0,4790,34.346958338435378,0.00327566615,20,0,384,962334,12792,3320500,29819,231,671173
0,4791,34.350692255435376,0.00370899937,20,0,384,987958,18292,3691334,29755,231,671173
0,4792,34.35446071343538,0.00380454212,20,0,384,1032167,15417,3644583,29883,231,671173
0,4793,34.357860963435378,0.00344908587,20,0,384,975042,17792,3553333,29819,231,671173
0,4794,34.360938880435377,0.00307866349,20,0,384,951500,14333,3195083,29755,231,671173
0,4795,34.364296838435379,0.003087167,20,0,384,991291,9792,3078417,29883,231,671173
0,4796,34.367589546435376,0.003518332,20,0,384,1066833,21208,3407750,29819,231,671173
0,4797,34.371297921435378,0.00369862537,20,0,384,972292,20917,3568166,29755,231,671173
0,4798,34.37482917143538,0.00350125437,20,0,384,992916,13291,3609042,29883,231,671173
0,4799,34.378246171435379,0.00339966686,20,0,384,993000,19958,3411834,29819,231,671173
0,4800,34.381634505435379,0.00328587019,20,0,384,1019250,19041,3278917,29755,231,671173
0,4801,34.385214546435378,0.00369371451,20,0,384,1052875,18334,3588708,29883,231,671173
0,4802,34.388667088435376,0.003481661,20,0,384,943791,14750,3605416,29819,231,671173
0,4803,34.392161880435374,0.00343720941,20,0,384,980083,20375,3490167,29807,231,671173
0,4804,34.395568880435377,0.003383213,20,0,384,1070042,14500,3352917,29883,231,671173
0,4805,34.399058296435378,0.00364237535,20,0,384,1069333,20750,3357458,29819,231,671173
0,4806,34.402454213435377,0.00333779049,20,0,384,974000,12833,3599834,29755,230,671171
0,4807,34.405896546435379,0.00333620328,20,0,384,1002042,17750,3362791,29883,230,671171
0,4808,34.409097880435375,0.00335850334,20,0,384,1006375,11458,3301958,29819,230,671171
0,4809,34.411980421435381,0.0028795423,20,0,384,965708,10292,3020084,29755,230,671171
0,4810,34.414861005435377,0.00282208039,20,0,384,959250,11917,2763416,30271,230,671171
0,4811,34.41790492143538,0.00314854016,20,0,384,1004709,11625,3111125,29819,231,671173
0,4812,34.420634463435377,0.00276983413,20,0,384,939416,12541,2839209,29755,231,671173
0,4813,34.424028421435381,0.00328737963,20,0,384,939708,9208,2958292,29883,231,671173
0,4814,34.427033713435378,0.003087911,20,0,384,927500,11625,3273500,29819,231,671173
0,4815,34.43058617143538,0.00352479448,20,0,384,927416,13542,3623667,40197,231,671173
0,4816,34.434020463435374,0.003570706,20,0,384,955209,12667,3572084,38163,231,671173
0,4817,34.436743296435374,0.00259866775,20,0,384,877083,8583,2603709,29819,231,671173
0,4818,34.439519005435379,0.002807249,20,0,384,960625,8708,2898750,29755,231,671173
0,4819,34.442713130435379,0.00317529752,20,0,384,961334,8083,2991167,29883,231,671173
0,4820,34.445708796435376,0.00289358,20,0,384,903458,16750,2929750,29819,231,671173
0,4821,34.448786880435378,0.00295762462,20,0,384,930000,14333,2971708,29755,231,671173
0,4822,34.451848671435378,0.00331679429,20,0,384,1054666,24750,3285875,29883,231,671173
0,4823,34.45458654643538,0.00271328655,20,0,384,868042,14750,2698167,29819,231,671173
0,4824,34.457703880435375,0.00307117356,20,0,384,926917,8792,3000833,29755,231,671173
0,4825,34.46067100543538,0.00299978745,20,0,384,934208,17542,3108250,29883,231,671173
0,4826,34.463802838435377,0.00296804146,20,0,384,910167,13750,2987041,29819,231,671173
0,4827,34.467165921435374,0.00335141714,20,0,384,978375,17417,3283042,29755,231,671173
0,4828,34.470304796435379,0.00331708486,20,0,384,1042250,15625,3240875,29883,231,671173
0,4829,34.473232213435381,0.00276733283,20,0,384,921250,12833,2949834,29819,231,671173
0,4830,34.476392713435381,0.003269083,20,0,384,1073416,12375,3111792,29755,231,671173
0,4831,34.479855171435375,0.00348812365,20,0,384,967792,11500,3422125,29883,231,671173
0,4832,34.483099171435377,0.0032303785,20,0,384,967875,11917,3254500,29819,231,671173
0,4833,34.486140671435379,0.002940873,20,0,384,937208,17625,3043875,29755,231,671173
0,4834,34.489357838435375,0.00324033457,20,0,384,930292,15875,3246709,29883,231,671173
0,4835,34.492840963435377,0.00344895828,20,0,384,1040208,10667,3311916,29819,231,671173
0,4836,34.496222921435375,0.00332666514,20,0,384,990292,19500,3356708,29755,231,671173
0,4837,34.499944338435377,0.003837748,20,0,384,1092916,16792,3820750,29883,231,671173
0,4838,34.503029213435376,0.00308883935,20,0,384,948292,20583,3186166,29819,231,671173
0,4839,34.506317213435381,0.00307516288,20,0,384,1004333,10625,3012375,29755,231,671173
0,4840,34.509431921435379,0.00337283174,20,0,384,1037416,21291,3375125,29883,230,671171
0,4841,34.512405421435375,0.00292654475,20,0,384,955667,15792,2998834,29819,230,671171
0,4842,34.51590571343538,0.0034638748,20,0,384,1025625,12334,3300250,29755,230,671171
0,4843,34.519125921435375,0.00327374577,20,0,384,988750,19958,3340209,29883,230,671171
0,4844,34.522340213435378,0.00320700114,20,0,384,955375,19792,3269583,29819,230,671171
0,4845,34.525754005435374,0.003337167,20,0,384,1001625,16333,3297458,29755,230,671171
0,4846,34.528714630435374,0.00307546067,20,0,384,956834,17542,3098417,29883,230,671171
0,4847,34.532245213435374,0.00334450114,20,0,384,952750,16542,3205042,29819,230,671171
0,4848,34.535502505435375,0.00338695431,20,0,384,987000,20333,3462625,30143,230,671171
0,4849,34.538658463435375,0.00317733851,20,0,384,1005000,12042,3191125,29883,231,671173
0,4850,34.542126546435377,0.00345324539,20,0,384,971916,17542,3395917,29819,231,671173
0,4851,34.545289630435377,0.00303762755,20,0,384,992667,16042,3159083,29755,231,671173
0,4852,34.548485088435378,0.00317866355,20,0,384,1008250,19250,3131750,29883,231,671173
0,4853,34.551763963435377,0.00344921346,20,0,384,1088084,16084,3293500,29819,231,671173
0,4854,34.554906713435379,0.00312774954,20,0,384,948375,19250,3211667,29755,231,671173
0,4855,34.558053463435378,0.00317949965,20,0,384,970708,17958,3183375,29883,231,671173
0,4856,34.561033796435375,0.00298987376,20,0,384,943667,15250,3046500,29819,231,671173
0,4857,34.564171713435378,0.00296828942,20,0,384,961625,12416,3048625,29755,231,671173
0,4858,34.567341713435376,0.003296457,20,0,384,1034583,12667,3093625,29883,231,671173
0,4859,34.570651838435374,0.003224752,20,0,384,963667,14750,3302250,29819,231,671173
0,4860,34.574049171435377,0.00337366783,20,0,384,1044916,17500,3298875,29755,231,671173
0,4861,34.57744046343538,0.00357945729,20,0,384,1035625,12834,3448041,29883,231,671173
0,4862,34.581156171435374,0.00373287266,20,0,384,921834,11167,3943208,40261,231,671173
0,4863,34.584587171435381,0.00333975349,20,0,384,953750,9125,3384417,38035,231,671173
0,4864,34.587840130435374,0.00332429144,20,0,384,939959,12042,3061667,29883,231,671173
0,4865,34.591151213435374,0.00322721084,20,0,384,916958,12208,3332708,29819,231,671173
0,4866,34.594421630435377,0.00318574975,20,0,384,956000,17292,3281500,29807,231,671173
0,4867,34.597753296435378,0.003337415,20,0,384,1055583,15875,3314209,29883,231,671173
0,4868,34.600979671435375,0.00337249856,20,0,384,1006541,23000,3298250,29819,231,671173
0,4869,34.604287171435381,0.00312728877,20,0,384,913625,14916,3173667,29755,231,671173
0,4870,34.607712088435377,0.00357196014,20,0,384,1006750,12083,3500667,29883,230,671171
0,4871,34.610704713435375,0.00298849912,20,0,384,934416,18333,3089208,29819,230,671171
0,4872,34.614383671435377,0.0033052084,20,0,384,980042,10750,3207209,29755,230,671171
0,4873,34.617831838435379,0.003793502,20,0,384,1216834,24666,3786875,29883,230,671171
0,4874,34.621164213435378,0.00333679141,20,0,384,941875,19041,3319458,29819,230,671171
0,4875,34.624681588435379,0.00337354024,20,0,384,970333,16667,3362250,29755,230,671171
0,4876,34.627869421435378,0.00333312782,20,0,384,995125,18708,3376917,29883,230,671171
0,4877,34.63120063043538,0.00324871042,20,0,384,941334,18875,3244209,29819,230,671171
0,4878,34.634484630435381,0.00338112237,20,0,384,1023584,18792,3386667,29755,230,671171
0,4879,34.63756808843538,0.00304812216,20,0,384,995417,11333,3099750,29883,230,671171
0,4880,34.641017171435379,0.00348671339,20,0,384,1018500,17125,3300875,29819,230,671171
0,4881,34.644262921435377,0.003093665,20,0,384,981333,10792,3280542,29755,230,671171
0,4882,34.647587505435375,0.00345853879,20,0,384,1000000,17500,3383667,29883,230,671171
0,4883,34.650821838435377,0.00319742062,20,0,384,962791,17458,3202708,29819,230,671171
0,4884,34.654035005435375,0.00318220654,20,0,384,990417,11125,3254916,30143,230,671171
0,4885,34.657314005435374,0.00325441477,20,0,384,1036917,10500,3042667,29883,231,671173
0,4886,34.660680463435376,0.00343950535,20,0,384,1016000,20750,3506417,29819,231,671173
0,4887,34.66414633843538,0.0033167447,20,0,384,973375,17708,3381125,29755,231,671173
0,4888,34.667347921435379,0.00340712862,20,0,384,977459,20958,3398041,29883,231,671173
0,4889,34.670444880435376,0.00304004387,20,0,384,944750,17375,3085709,29819,231,671173
0,4890,34.673833713435378,0.00326758088,20,0,384,1029250,10750,3119750,29755,231,671173
0,4891,34.67699908843538,0.00332962722,20,0,384,1001084,28250,3427125,29883,231,671173
0,4892,34.679941880435379,0.00295483274,20,0,384,954417,15792,3022166,29819,231,671173
0,4893,34.683143296435375,0.0031207907,20,0,384,985917,13000,3012041,29755,231,671173
0,4894,34.686490838435375,0.00329758367,20,0,384,1028500,11375,3287833,29883,231,671173
0,4895,34.68994088043538,0.00345233129,20,0,384,977875,12083,3408584,29819,231,671173
0,4896,34.692942005435377,0.00311466842,20,0,384,999167,20750,3276542,29755,231,671173
0,4897,34.696057171435378,0.003033043,20,0,384,1008875,13625,2969291,29883,231,671173
0,4898,34.699567505435375,0.00356945163,20,0,384,1067333,11291,3444625,29819,231,671173
0,4899,34.702820296435377,0.00317142159,20,0,384,944125,16875,3272500,29755,231,671173
0,4900,34.706390588435376,0.003530917,20,0,384,1032958,11833,3420625,29883,231,671173
0,4901,34.709689088435375,0.00340137468,20,0,384,994250,12125,3406459,29819,231,671173
0,4902,34.712919255435381,0.00327066332,20,0,384,981959,16667,3262209,29795,231,671173
0,4903,34.716407880435376,0.00344987959,20,0,384,947541,17458,3399708,30127,231,671173
0,4904,34.719590213435374,0.00316441315,20,0,384,962958,13625,3280542,29819,231,671173
0,4905,34.722666630435377,0.0031069587,20,0,384,1000000,13333,3199250,29755,231,671173
0,4906,34.726477630435376,0.00356354169,20,0,384,1036833,9417,3312625,29883,231,671173
0,4907,34.730143796435378,0.00397804,20,0,384,1050500,20166,3874083,29819,231,671173
0,4908,34.734110921435381,0.003965377,20,0,384,960709,11291,4206500,40197,231,671173
0,4909,34.737724380435374,0.00357825262,20,0,384,941333,10500,3607834,39627,231,671173
0,4910,34.740955005435374,0.00324900076,20,0,384,932708,20625,3086583,30177,231,671173
0,4911,34.744086671435376,0.002959708,20,0,384,935167,13584,3154917,29755,230,671171
0,4912,34.747686713435378,0.003671542,20,0,384,1004209,15375,3423708,29883,230,671171
0,4913,34.750882921435377,0.003309035,20,0,384,977083,14583,3455959,29819,230,671171
0,4914,34.753736380435377,0.002743502,20,0,384,936542,12166,2880583,29755,230,671171
0,4915,34.757019046435374,0.003228543,20,0,384,1076084,10208,3041250,29883,230,671171
0,4916,34.76042204643538,0.003463081,20,0,384,1029958,21708,3413542,30247,230,671171
0,4917,34.764188838435381,0.00358609,20,0,384,973291,16209,3600542,29755,230,671171
0,4918,34.767259296435377,0.00333441049,20,0,384,965125,15958,3372792,29883,230,671171
0,4919,34.770651130435375,0.00332962722,20,0,384,951292,15958,3297334,29819,230,671171
0,4920,34.774637505435379,0.003924334,20,0,384,920084,18709,3738292,30387,230,671171
0,4921,34.77822696343538,0.00372966263,20,0,384,1009292,16459,3811750,29883,231,671173
0,4922,34.781681921435379,0.00339304842,20,0,384,937000,13625,3399958,29819,231,671173
0,4923,34.78533308843538,0.00346079213,20,0,384,957750,11708,3432708,29999,231,671173
0,4924,34.788882671435374,0.00372749427,20,0,384,1026291,24000,3796459,29883,231,671173
0,4925,34.792391838435378,0.00349824969,20,0,384,973667,12458,3506875,29819,231,671173
0,4926,34.795971005435376,0.00348333339,20,0,384,971667,19292,3498083,29807,231,671173
0,4927,34.799692588435377,0.00384917087,20,0,384,1052750,21750,3781750,30347,231,671173
0,4928,34.803010338435378,0.00327553856,20,0,384,971792,13084,3344666,29819,231,671173
0,4929,34.806851671435375,0.0035890874,20,0,384,993834,16667,3559042,39915,231,671173
0,4930,35.401426505435374,0.5881554,20,0,384,1068958,15334,3468958,35866,231,671173
0,4931,35.424015130435379,0.0138542941,20,0,384,5595708,20333,598279708,1328772,231,671173
0,4932,35.428589755435375,0.0199763328,20,0,384,3955209,11500,20237667,293426,230,671181
0,4933,35.43193104643538,0.00331616355,20,0,384,974917,10834,3374166,29883,230,671157
0,4934,35.435357296435377,0.00349170924,20,0,384,985000,14000,3450125,29819,230,671157
0,4935,35.43905858843538,0.00353845675,20,0,384,968958,15417,3544292,29755,230,671157
0,4936,35.44263125543538,0.003768835,20,0,384,1054750,15750,3594916,29883,230,671157
0,4937,35.446124630435378,0.003386749,20,0,384,962333,11583,3544208,29819,230,671157
0,4938,35.449496088435374,0.003424001,20,0,384,1045375,17333,3332958,29755,230,671157
0,4939,35.452589963435379,0.00315908436,20,0,384,971375,18834,3280291,29883,230,671157
0,4940,35.455637171435377,0.00296437787,20,0,384,941875,15875,2997791,29819,230,671157
0,4941,35.459404130435381,0.00364883081,20,0,384,1039500,11917,3516208,29755,230,671157
0,4942,35.46260154643538,0.00338621042,20,0,384,987375,19666,3405208,29883,230,671157
0,4943,35.465841546435378,0.003212996,20,0,384,989625,16750,3181917,29819,230,671157
0,4944,35.468876671435375,0.00301141571,20,0,384,967292,18333,3168000,29755,230,671157
0,4945,35.471983630435375,0.00320375571,20,0,384,1023334,14625,3134166,29883,230,671157
0,4946,35.475630921435375,0.0035554138,20,0,384,924125,14875,3398791,29819,230,671157
0,4947,35.479177588435377,0.00337546063,20,0,384,984500,12666,3487500,29755,230,671157
0,4948,35.482635880435375,0.003587578,20,0,384,1045583,18167,3401917,29883,230,671157
0,4949,35.486289046435374,0.00375083624,20,0,384,1022000,16625,3743125,29819,230,671157
0,4950,35.489600671435376,0.00307900365,20,0,384,977000,12959,3320166,29755,230,671157
0,4951,35.493573463435375,0.00416658167,20,0,384,1159250,14750,3802917,29883,230,671157
0,4952,35.497025671435381,0.00341758085,20,0,384,1003500,13417,3603334,29819,230,671157
0,4953,35.500852338435379,0.003720082,20,0,384,996083,14417,3795125,29755,230,671157
0,4954,35.504270588435375,0.00350075122,20,0,384,987959,18792,3440458,29883,230,671157
0,4955,35.50798933843538,0.003676084,20,0,384,1021416,11041,3547250,29819,230,671157
0,4956,35.511318171435377,0.00339362235,20,0,384,1029791,13125,3577000,30143,230,671157
0,4957,35.514840880435379,0.00339829223,20,0,384,1011042,15958,3398125,29883,231,671159
0,4958,35.518225213435379,0.003493672,20,0,384,1111875,16833,3407791,29819,231,671159
0,4959,35.52118533843538,0.00303449552,20,0,384,951292,11042,3139208,29755,231,671159
0,4960,35.524733755435378,0.00346879242,20,0,384,993000,13500,3340500,29883,230,671157
0,4961,35.527985505435375,0.00330616487,20,0,384,988875,12250,3407084,29819,230,671157
0,4962,35.531466046435376,0.003336756,20,0,384,971334,18542,3297166,29755,230,671157
0,4963,35.53525421343538,0.003934538,20,0,384,1134833,15292,3695416,29883,230,671157
0,4964,35.539098296435377,0.00361945853,20,0,384,1027042,10292,3794834,29819,230,671157
0,4965,35.54291038043538,0.003953543,20,0,384,1035333,14792,3902583,29755,230,671157
0,4966,35.54627904643538,0.00339537277,20,0,384,1007666,17833,3444500,29883,230,671157
0,4967,35.550798088435378,0.00460391864,20,3,384,1035625,15000,4641041,40261,230,671157
0,4968,35.55461096343538,0.00383712444,20,3,384,1017625,11417,3845458,38035,229,671155
0,4969,35.558520130435376,0.00377016724,20,3,384,995125,13083,3642375,29883,232,671223
0,4970,35.562200296435378,0.003784623,20,3,384,1026500,10625,3761791,29819,232,671223
0,4971,35.566045255435377,0.00376303867,20,3,384,983291,13208,3630583,29755,232,671223
0,4972,35.569801796435378,0.00370604452,20,3,384,1027292,14708,3770000,29883,232,671223
0,4973,35.573291838435381,0.00349467131,20,3,384,1076458,19166,3696833,29819,232,671223
0,4974,35.576643713435381,0.00348070427,20,3,384,1069625,12417,3408792,29755,232,671223
0,4975,35.579948463435379,0.003182419,20,9,384,972042,17083,3252000,29883,232,671223
0,4976,35.583533671435376,0.00363557972,20,9,384,989375,12542,3535750,29819,232,671223
0,4977,35.586918088435375,0.00338567188,20,9,384,1009375,17417,3418666,29755,238,671379
0,4978,35.590219046435379,0.0032557894,20,9,384,1021208,17625,3268750,29883,238,671379
0,4979,35.594267880435375,0.00400321,20,9,384,1009167,19500,3894833,29819,238,671379
0,4980,35.597744505435379,0.00352704083,20,9,384,1035042,23083,3603458,29755,238,671379
0,4981,35.602429005435376,0.004676495,20,12,384,1035333,19958,4709042,71603,238,671379
0,4982,35.606086963435381,0.00360391871,20,12,384,1008625,16709,3582042,29819,238,671379
0,4983,35.609838338435381,0.00379962451,20,12,384,1086542,20750,3686583,29755,241,671487
0,4984,35.613570713435379,0.00351391733,20,12,384,1028250,20500,3524833,29935,241,671487
0,4985,35.617402505435379,0.004098498,20,12,384,1235375,14250,4163042,29819,241,671487
0,4986,35.620869880435379,0.00340612954,20,12,384,996166,20833,3428375,29755,241,671487
0,4987,35.624440046435375,0.00361087732,20,12,384,997375,21167,3465375,29883,241,671487
0,4988,35.627677880435378,0.0032672903,20,12,384,1002792,21708,3487542,29819,241,671487
0,4989,35.631126630435375,0.00337020983,20,18,384,1012750,10333,3298042,30143,241,671487
0,4990,35.634580463435377,0.00356928864,20,18,384,1109083,13250,3496500,29883,242,671489
0,4991,35.637591588435377,0.00304008648,20,18,384,964667,12833,3173584,29819,248,671525
0,4992,35.640828921435379,0.00300787273,20,18,384,1031625,8083,2934708,29755,248,671525
0,4993,35.644165921435381,0.00363895972,20,18,384,1071417,17583,3552000,29883,248,671525
0,4994,35.647409130435378,0.00310220383,20,18,384,933500,11458,3141417,29819,248,671525
0,4995,35.650640755435376,0.003317999,20,18,384,1001459,18875,3378500,29755,248,671525
0,4996,35.653412046435378,0.00284921355,20,18,384,979792,10333,2911625,29883,248,671525
0,4997,35.656062588435375,0.00261195446,20,18,384,915959,9917,2661875,29819,248,671525
0,4998,35.659315296435381,0.00310833333,20,18,384,977166,10625,3005583,29755,248,671525
0,4999,35.662434088435376,0.00322366785,20,18,384,959417,17500,3149375,29883,248,671525
0,5000,35.665828130435379,0.00325791514,20,18,384,942541,18209,3227958,29819,248,671525
0,5001,35.669111796435381,0.00333995884,20,18,384,1078792,17917,3379000,29755,248,671525
0,5002,35.672622796435377,0.003496379,20,18,384,1024208,11458,3436833,29883,248,671525
0,5003,35.67604954643538,0.00347407884,20,18,384,1035083,11250,3528334,29819,248,671525
0,5004,35.679532921435374,0.00335237384,20,18,384,985625,16792,3257459,29755,248,671525
0,5005,35.683180171435374,0.003778628,20,18,384,997166,15625,3788375,29883,248,671525
0,5006,35.686621755435375,0.003159793,20,18,384,1012000,12292,3203250,29819,248,671525
0,5007,35.690381755435375,0.00394937629,20,18,384,1165292,26875,3896542,29755,248,671525
0,5008,35.693580463435374,0.00334695284,20,18,384,1024208,19875,3415667,29883,248,671525
0,5009,35.69692158843538,0.00332979742,20,18,384,937083,15584,3169500,29819,248,671525
0,5010,35.701432505435378,0.004344664,20,18,384,959916,12000,4493708,40197,248,671525
0,5011,35.705474380435376,0.004196209,20,18,384,1054500,11708,4211167,38163,248,671525
0,5012,35.709228880435376,0.00368541665,20,18,384,1014459,11000,3584292,29819,248,671525
0,5013,35.712836963435379,0.00368120754,20,18,384,986917,18042,3538708,29755,248,671525
0,5014,35.716649296435378,0.003709375,20,18,384,992542,11959,3829000,29883,248,671525
0,5015,35.720178546435378,0.00339124864,20,18,384,1031583,12250,3470958,29819,248,671525
0,5016,35.723860838435378,0.003756165,20,18,384,1067625,12125,3610875,29755,248,671525
0,5017,35.727558296435376,0.0037167517,20,18,384,1067750,18334,3710000,29883,248,671525
0,5018,35.731138296435375,0.00354328938,20,18,384,1077584,14959,3591750,29819,248,671525
0,5019,35.734644630435376,0.00358754257,20,18,384,1080083,21375,3685875,29755,248,671525
0,5020,35.738030380435376,0.00331725483,20,18,384,1068791,14542,3255625,29883,248,671525
0,5021,35.741730005435379,0.00363095244,20,18,384,1052542,20083,3635708,29819,248,671525
0,5022,35.74556538043538,0.00401883526,20,18,384,1063209,24000,3908125,29755,248,671525
0,5023,35.74900008843538,0.00337346224,20,18,384,984458,12291,3382959,30271,248,671525
0,5024,35.752456046435377,0.00350966561,20,18,384,1033208,21291,3613708,29819,249,671527
0,5025,35.755981713435375,0.00342987524,20,18,384,1001042,17458,3390583,29755,249,671527
0,5026,35.759325088435375,0.00343041378,20,18,384,1050083,19292,3479333,29883,249,671527
0,5027,35.762336088435376,0.00310166529,20,18,384,955416,16750,3130042,29819,249,671527
0,5028,35.765262838435376,0.00279183662,20,18,384,985833,13625,2875750,29755,249,671527
0,5029,35.768464005435376,0.00337529043,20,18,384,1081917,15333,3245334,29883,249,671527
0,5030,35.77142338043538,0.00294441613,20,18,384,930041,11875,2954625,29819,249,671527
0,5031,35.77468229643538,0.00320987822,20,18,384,954958,10458,3188333,29755,249,671527
0,5032,35.777913755435378,0.00310620759,20,18,384,955208,15042,3139208,29883,249,671527
0,5033,35.781169421435379,0.00330587453,20,18,384,1045750,19041,3266542,29819,249,671527
0,5034,35.784358546435378,0.00328862667,20,18,384,985500,14500,3274083,29755,249,671527
0,5035,35.78724529643538,0.00288291532,20,18,384,969666,10875,2947917,29883,249,671527
0,5036,35.790365713435378,0.00299733551,20,18,384,976500,14709,2990542,29819,249,671527
0,5037,35.793231338435376,0.00304970238,20,18,384,1042042,12916,3086292,29755,249,671527
0,5038,35.795874921435377,0.00259158877,20,18,384,952750,9500,2649375,29883,249,671527
0,5039,35.799361630435378,0.00342545356,20,18,384,966875,9667,3124833,30963,249,671527
0,5040,35.802183963435375,0.00288583478,20,18,384,919750,11584,3157792,29755,249,671527
0,5041,35.805638380435376,0.00333767012,20,18,384,981708,11875,3025000,29883,249,671527
0,5042,35.809019171435381,0.003449582,20,18,384,1052834,13834,3591375,29819,249,671527
0,5043,35.812193005435375,0.00308654341,20,18,384,976208,14625,3180333,29755,249,671527
0,5044,35.815549755435377,0.00330712157,20,18,384,1107416,13125,3199167,29935,249,671527
0,5045,35.819406963435377,0.00381349912,20,18,384,1044000,22709,3741375,29819,249,671527
0,5046,35.82292513043538,0.00356037426,20,18,384,1069250,13958,3554625,29755,249,671527
0,5047,35.826359213435374,0.00360537833,20,18,384,1069792,22000,3598250,29883,249,671527
0,5048,35.829618963435379,0.00317970524,20,15,384,946458,13625,3225750,29819,249,671527
0,5049,35.832892213435379,0.00332083344,20,15,384,1037917,11625,3359625,29755,249,671527
0,5050,35.835863255435378,0.003031916,20,15,384,978791,19708,3080416,29883,246,671459
0,5051,35.838900255435377,0.00291442033,20,15,384,949250,13916,2986208,29819,246,671459
0,5052,35.842101171435381,0.00329795922,20,15,384,1004667,9667,3215417,29755,246,671459
0,5053,35.844976755435376,0.00290295482,20,15,384,1008333,11292,2927375,29883,246,671459
0,5054,35.847953546435377,0.00289270841,20,15,384,972583,12667,2862542,29819,246,671459
0,5055,35.851923838435376,0.00406137342,20,15,384,1056000,11500,4023625,40197,246,671459
0,5056,35.855602463435375,0.00360429427,20,15,384,956417,9667,3577125,38163,246,671459
0,5057,35.858957755435377,0.00328125,20,15,384,1040833,10916,3282917,29819,246,671459
0,5058,35.862020046435376,0.00315833325,20,15,384,965208,16709,3204041,29755,246,671459
0,5059,35.865385171435378,0.00311345654,20,15,384,1017791,8958,2997625,29883,246,671459
0,5060,35.868737755435376,0.0036153344,20,15,384,1069541,18625,3589500,30207,246,671459
0,5061,35.872168255435376,0.00326758786,20,15,384,961791,17041,3306292,29755,247,671461
0,5062,35.875519171435378,0.00341124577,20,15,384,1079250,19750,3378834,29883,247,671461
0,5063,35.87929121343538,0.00360720675,20,15,384,1023167,20166,3575667,29819,247,671461
0,5064,35.882715505435378,0.00362258358,20,15,384,1056792,19125,3618959,29755,247,671461
0,5065,35.886056463435381,0.00338621042,20,15,384,1022334,18625,3455292,29883,247,671461
0,5066,35.889574171435378,0.00338408444,20,15,384,972875,14042,3362208,29819,247,671461
0,5067,35.892974130435377,0.003449582,20,15,384,1057625,21292,3565834,29755,247,671461
0,5068,35.896256296435375,0.00330383354,20,15,384,1062375,17500,3187250,29883,247,671461
0,5069,35.900013338435379,0.003718998,20,15,384,1047583,14209,3625458,29819,247,671461
0,5070,35.903217880435378,0.00325063057,20,15,384,1012375,11959,3366084,29755,247,671461
0,5071,35.906700171435375,0.00341112539,20,15,384,1044167,11334,3302458,29883,247,671461
0,5072,35.910156546435374,0.00361461868,20,15,384,1037709,19625,3499958,29819,247,671461
0,5073,35.913191963435381,0.00299263047,20,15,384,960167,12083,3278125,29755,247,671461
0,5074,35.91666375543538,0.00348012336,20,15,384,1016667,15917,3307500,29883,247,671461
0,5075,35.920028796435375,0.00323570729,20,15,384,965000,17250,3338583,29819,247,671461
0,5076,35.923287421435376,0.00325642014,20,15,384,1033500,19083,3258125,29755,247,671461
0,5077,35.926571213435381,0.00342183257,20,15,384,1067500,15708,3392583,29883,247,671461
0,5078,35.929934255435377,0.00333012338,20,15,384,997334,15333,3351209,29819,247,671461
0,5079,35.933395505435378,0.003452792,20,15,384,994125,16750,3354125,29755,246,671459
0,5080,35.936581421435378,0.00321670924,20,15,384,997333,16667,3299834,29883,246,671459
0,5081,35.939811796435379,0.00308499858,20,15,384,989458,17583,3085916,29819,246,671459
0,5082,35.94337138043538,0.00356303854,20,15,384,1029750,16167,3497625,29755,246,671459
0,5083,35.94701013043538,0.00386996171,20,15,384,1091792,20500,3745750,29883,246,671459
0,5084,35.950393963435374,0.00329771126,20,15,384,941042,11125,3440750,29819,246,671459
0,5085,35.953773338435376,0.00330829085,20,15,384,1003084,15958,3308291,29755,246,671459
0,5086,35.95722917143538,0.00356137333,20,15,384,1049167,18417,3386625,29883,246,671459
0,5087,35.960366296435375,0.002984375,20,15,384,975083,13584,3249333,29819,246,671459
0,5088,35.963609755435378,0.003358957,20,15,384,1008917,18208,3246750,29755,246,671459
0,5089,35.966992255435379,0.00344158174,20,15,384,976750,18792,3392125,29883,246,671459
0,5090,35.970226338435374,0.00313204364,20,15,384,951041,12291,3201708,29819,246,671459
0,5091,35.973340380435374,0.00317520555,20,15,384,1051500,15250,3271125,29755,246,671459
0,5092,35.97652092143538,0.00315129687,20,15,384,1037458,7750,3010375,29883,246,671459
0,5093,35.97988700543538,0.00335316756,20,15,384,989875,17625,3351917,29819,246,671459
0,5094,35.98323304643538,0.0033625,20,15,384,946375,11250,3336083,29755,246,671459
0,5095,35.986673671435376,0.00341645419,20,15,384,996167,17000,3412958,29883,246,671459
0,5096,35.989831838435379,0.00304562785,20,15,384,979708,11583,3176417,30207,246,671459
0,5097,35.993362755435378,0.00343145547,20,15,384,1160333,12833,3297083,29755,247,671461
0,5098,35.997470838435376,0.00424979441,20,15,384,1178708,15917,4135834,29883,247,671461
0,5099,36.001350546435376,0.00377441174,20,15,384,1063417,14083,3762208,29819,247,671461
0,5100,36.00612871343538,0.004755754,20,15,384,1053542,15542,4889167,40197,247,671461
0,5101,36.01073154643538,0.00477766432,20,0,384,1207084,15291,4735291,38211,247,671461
0,5102,36.014839255435376,0.004057795,20,0,384,1033291,14667,4045542,39931,246,671459
0,5103,36.018287338435378,0.00342045771,20,0,384,1090459,13250,3503083,29807,231,671157
0,5104,36.022500380435375,0.004022959,20,0,384,1124625,15375,3782375,29883,231,671157
0,5105,36.026027463435376,0.003838414,20,0,384,1202500,15834,3921833,29819,231,671157
0,5106,36.029616796435377,0.00366429286,20,0,384,981875,14417,3668625,29755,231,671157
0,5107,36.033186630435381,0.00348825124,20,0,384,924666,13750,3496625,29883,231,671157
0,5108,36.036440588435376,0.00328078936,20,0,384,971000,16875,3369833,29819,231,671157
0,5109,36.039813796435375,0.00315537839,20,0,384,969250,16125,3227291,29755,231,671157
0,5110,36.043263921435376,0.00369391288,20,0,384,1092250,18833,3502583,29883,231,671157
0,5111,36.046402338435378,0.00315533578,20,0,384,975292,11292,3198833,29819,231,671157
0,5112,36.049371005435376,0.00294683245,20,0,384,944208,11792,3064959,29755,231,671157
0,5113,36.052378880435377,0.00305257947,20,0,384,965125,12917,3019000,29883,231,671157
0,5114,36.05519346343538,0.00287266867,20,0,384,931792,14209,2899750,29819,231,671157
0,5115,36.058304005435375,0.00290862378,20,0,384,912250,8500,2982334,29755,231,671157
0,5116,36.061138463435377,0.00299929129,20,0,384,968542,11792,2929500,29883,231,671157
0,5117,36.063994380435375,0.0027728742,20,0,384,942458,9417,2810167,29819,231,671157
0,5118,36.066981713435375,0.00299467123,20,0,384,993417,12084,2941500,29755,231,671157
0,5119,36.06975171343538,0.002838669,20,0,384,978916,13459,2844416,29883,231,671157
0,5120,36.072554130435378,0.0028142503,20,0,384,954875,11000,2870750,29819,231,671157
0,5121,36.075525921435379,0.00295412424,20,0,384,957917,9208,2895750,29755,231,671157
0,5122,36.078421755435379,0.00284550036,20,0,384,951083,10667,2785000,29883,230,671155
0,5123,36.081012213435379,0.002654039,20,0,384,912000,9833,2793791,29819,229,671153
0,5124,36.084004255435374,0.0029464995,20,0,384,981041,8959,2805042,29755,229,671153
0,5125,36.08663746343538,0.0026951672,20,0,384,970833,10292,2756041,29883,229,671153
0,5126,36.089502630435376,0.00281187636,20,0,384,945875,7541,2747375,29819,229,671153
0,5127,36.092437380435378,0.00291607855,20,0,384,965708,8166,2978709,29755,229,671153
0,5128,36.095202630435381,0.00281575252,20,0,384,947583,16541,2784000,29883,229,671153
0,5129,36.098547255435378,0.003056498,20,0,384,935833,13958,2919917,29819,229,671153
0,5130,36.101735838435374,0.00341025367,20,0,384,989041,16583,3451333,29755,229,671153
0,5131,36.105104713435381,0.00328854169,20,0,384,979334,10667,3231083,29883,229,671153
0,5132,36.10837796343538,0.003302544,20,0,384,942917,16416,3286042,30207,228,671151
0,5133,36.111591046435379,0.00324132643,20,0,384,972000,21416,3342875,29755,229,671153
0,5134,36.114699005435376,0.00306687923,20,0,384,993667,11500,3048458,29883,229,671153
0,5135,36.117897088435377,0.0032566255,20,0,384,1044500,12417,3210667,29819,229,671153
0,5136,36.121464296435377,0.00347599923,20,0,384,970583,17500,3382250,29755,229,671153
0,5137,36.12471650543538,0.0033817885,20,0,384,979250,12583,3401875,29883,229,671153
0,5138,36.127702130435381,0.00299270824,20,0,384,929209,14584,3111625,29819,229,671153
0,5139,36.131032338435375,0.003230251,20,0,384,947000,13416,3173625,29755,229,671153
0,5140,36.134105088435376,0.00316375424,20,0,384,1021750,12375,3207083,29883,229,671153
0,5141,36.137031463435378,0.00291745318,20,0,384,926667,16791,2931792,29819,229,671153
0,5142,36.140070588435378,0.00286967121,20,0,384,986958,9583,2946917,29755,229,671153
0,5143,36.143388046435376,0.00346162124,20,0,384,1039125,14167,3314334,29883,229,671153
0,5144,36.146495213435379,0.00315746176,20,0,384,950917,19667,3191208,29819,229,671153
0,5145,36.14971746343538,0.00315383356,20,0,384,921459,14792,3082833,29755,229,671153
0,5146,36.152872463435379,0.00324661983,20,0,384,975500,11500,3203208,29883,229,671153
0,5147,36.156967005435376,0.00394183677,20,0,384,915041,11250,3994041,40261,229,671153
0,5148,36.16084075543538,0.003937252,20,0,384,1027000,12333,3990708,38035,229,671153
0,5149,36.16411796343538,0.00325933238,20,0,384,950500,10083,3195917,29883,229,671153
0,5150,36.167371505435376,0.00327591412,20,0,384,949333,17708,3299291,29819,229,671153
0,5151,36.170405296435376,0.00299392012,20,0,384,954542,16750,3071209,29755,229,671153
0,5152,36.173607796435377,0.00318399933,20,0,384,1032875,12667,3032000,29883,229,671153
0,5153,36.177062005435374,0.00349783152,20,0,384,955709,19417,3543334,29819,229,671153
0,5154,36.180263921435376,0.00317003974,20,0,384,957500,18083,3236666,29755,229,671153
0,5155,36.184110255435378,0.00395374838,20,0,384,944167,16750,3767500,29883,229,671153
0,5156,36.187136796435375,0.00301141571,20,0,384,963375,11333,3170083,29819,229,671153
0,5157,36.190003505435378,0.00276304572,20,0,384,970375,12667,2848084,29755,229,671153
0,5158,36.193186005435379,0.00328767,20,0,384,1054625,17917,3093542,29883,229,671153
0,5159,36.196381505435376,0.003081413,20,0,384,919250,17417,3053750,29819,229,671153
0,5160,36.199698505435379,0.00322174747,20,0,384,1032666,14583,3326083,29755,229,671153
0,5161,36.202792130435377,0.003312089,20,0,384,993208,18583,3248083,29883,229,671153
0,5162,36.206141671435375,0.0032785784,20,0,384,930750,16583,3362666,29819,229,671153
0,5163,36.209401213435378,0.00330513041,20,0,384,1010667,16125,3193459,29755,229,671153
0,5164,36.21248042143538,0.003013577,20,0,384,956958,16083,3068042,29883,229,671153
0,5165,36.21563813043538,0.00321204658,20,0,384,1000333,18250,3132000,29819,229,671153
0,5166,36.218606505435375,0.00290033314,20,0,384,954041,18042,3076667,29807,229,671153
0,5167,36.221769505435375,0.00326824677,20,0,384,948459,9334,3008209,29883,229,671153
0,5168,36.225193421435378,0.003281753,20,0,384,926542,12292,3382209,29819,229,671153
0,5169,36.228227005435379,0.00313825114,20,0,384,968083,17667,3217709,30143,229,671153
0,5170,36.231370380435379,0.00301099778,20,0,384,978625,10167,2981125,29883,230,671155
0,5171,36.234678421435376,0.00345846079,20,0,384,1044666,19500,3389583,29819,230,671155
0,5172,36.237838005435378,0.00309149665,20,0,384,972375,14667,3120042,29755,230,671155
0,5173,36.241216463435379,0.00340321,20,0,384,1009958,13583,3285250,29883,230,671155
0,5174,36.244296505435379,0.00308962585,20,0,384,932542,11792,3242750,29819,230,671155
0,5175,36.248053880435378,0.00365625,20,0,384,996625,10875,3548917,29755,230,671155
0,5176,36.251322880435374,0.00336762331,20,0,384,1028709,17250,3375875,29883,230,671155
0,5177,36.254502005435377,0.00318674883,20,0,384,963042,16083,3154209,29819,230,671155
0,5178,36.25781613043538,0.00329008652,20,0,384,942917,19667,3347417,29755,230,671155
0,5179,36.261288171435375,0.00343786855,20,0,384,980208,12083,3315333,29883,230,671155
0,5180,36.264654171435375,0.0033315476,20,0,384,971583,10333,3478208,29819,229,671153
0,5181,36.268115171435376,0.00345812086,20,0,384,1050542,17584,3397708,29755,229,671153
0,5182,36.272434296435378,0.00431371154,20,0,384,1048334,17375,4133875,29883,229,671153
0,5183,36.27590221343538,0.00355512323,20,0,384,1066333,11792,3747250,29819,229,671153
0,5184,36.27930604643538,0.00314879534,20,0,384,950042,20959,3231292,29755,229,671153
0,5185,36.282817505435375,0.00380787277,20,0,384,1081666,19375,3552875,29883,229,671153
0,5186,36.286250838435379,0.003394331,20,0,384,945500,12125,3526958,29819,229,671153
0,5187,36.289399380435377,0.00311758788,20,0,384,962625,17250,3256750,29755,229,671153
0,5188,36.292736088435376,0.00341124577,20,0,384,1069250,10167,3210417,29883,229,671153
0,5189,36.295875296435376,0.00301828934,20,0,384,933792,15333,3118500,29819,229,671153
0,5190,36.299382838435378,0.0034593395,20,0,384,1045750,9375,3285125,29755,229,671153
0,5191,36.30280563043538,0.003591036,20,0,384,986208,12416,3587000,29883,229,671153
0,5192,36.306431880435376,0.00353679131,20,0,384,950541,13250,3596042,29819,229,671153
0,5193,36.310566255435376,0.004210339,20,0,384,1014458,13291,4309084,40197,229,671153
0,5194,36.314359755435376,0.00377258356,20,0,384,981375,10709,3765792,38163,229,671153
0,5195,36.317550171435379,0.00314528774,20,0,384,1003500,11375,3102333,29819,229,671153
0,5196,36.320940838435376,0.003255754,20,0,384,975875,20375,3282834,29755,229,671153
0,5197,36.324611630435378,0.00376729015,20,0,384,1020625,25917,3602625,29883,229,671153
0,5198,36.328546421435377,0.003803543,20,0,384,1047417,12458,3822500,29819,229,671153
0,5199,36.332248838435376,0.00369049748,20,0,384,1060750,13709,3763875,29755,229,671153
0,5200,36.335585588435379,0.00364370737,20,0,384,1118584,19375,3599000,29883,229,671153
0,5201,36.338531796435376,0.002834212,20,0,384,909083,13209,2992958,29819,229,671153
0,5202,36.341794463435377,0.00326795643,20,0,384,943792,12334,3205417,29755,229,671153
0,5203,36.344769838435376,0.003049582,20,0,384,981208,12084,3090750,29883,229,671153
0,5204,36.34773588043538,0.00279416819,20,0,384,911833,15625,2787875,30207,229,671153
0,5205,36.350966880435379,0.00337333465,20,0,384,1062708,19166,3307083,29755,230,671155
0,5206,36.353893338435377,0.00297682825,20,0,384,967416,9709,3025458,29883,230,671155
0,5207,36.356803880435379,0.00280691613,20,0,384,924750,13583,2870417,29819,229,671153
0,5208,36.359923421435376,0.00305162976,20,0,384,1041667,12792,2983917,29755,229,671153
0,5209,36.362630380435377,0.00288462313,20,0,384,964125,13334,2958166,29883,229,671153
0,5210,36.365566755435374,0.00286316616,20,0,384,937959,10125,2651417,29819,229,671153
0,5211,36.368590380435379,0.00302779186,20,0,384,960500,17250,3205250,29755,229,671153
0,5212,36.37165167143538,0.00308129261,20,0,384,996000,10875,2873000,29883,229,671153
0,5213,36.374593671435377,0.00295508071,20,0,384,922500,16084,3089209,29819,229,671153
0,5214,36.377249921435379,0.002738499,20,0,384,960083,12625,2852291,29755,229,671153
0,5215,36.38022688043538,0.00282946439,20,0,384,905125,9541,2747334,29883,229,671153
0,5216,36.383420713435378,0.00320108421,20,0,384,926167,14917,3102209,29819,229,671153
0,5217,36.386824463435374,0.0033473284,20,0,384,978042,19917,3371708,29755,229,671153
0,5218,36.390227546435376,0.00339816464,20,0,384,1035250,18750,3311708,29883,229,671153
0,5219,36.393638088435381,0.00356667372,20,0,384,990791,21125,3522209,29819,229,671153
0,5220,36.396737255435376,0.00295949541,20,0,384,940500,10708,3066375,29755,229,671153
0,5221,36.400309463435377,0.00359812914,20,0,384,1027542,19250,3508167,29883,229,671153
0,5222,36.403394713435375,0.00307424879,20,0,384,956334,11709,3230125,29819,229,671153
0,5223,36.407191046435379,0.003690788,20,0,384,1053500,9916,3455250,29755,229,671153
0,5224,36.410627755435378,0.00358246174,20,0,384,1004041,21041,3664625,29883,229,671153
0,5225,36.414131755435378,0.00338237663,20,0,384,956292,16000,3337291,29819,229,671153
0,5226,36.417759296435378,0.0036628684,20,0,384,1022542,15833,3689958,29755,229,671153
0,5227,36.421361088435376,0.003547463,20,0,384,1011708,20542,3570791,29935,229,671153
0,5228,36.424952171435379,0.003680832,20,0,384,977875,19291,3606333,29819,229,671153
0,5229,36.428601671435381,0.00364191458,20,0,384,986791,17250,3714000,29755,229,671153
0,5230,36.432019546435377,0.00343600474,20,0,384,989416,19208,3401875,29883,229,671153
0,5231,36.43545896343538,0.00339158159,20,0,384,968417,27083,3459500,29819,229,671153
0,5232,36.43917792143538,0.00358854164,20,0,384,1024792,19125,3502000,29755,229,671153
0,5233,36.442815630435376,0.003828706,20,0,384,1048167,23542,3802375,29883,229,671153
0,5234,36.446497588435378,0.00362562365,20,0,384,993625,11959,3628417,29819,229,671153
0,5235,36.44993163043538,0.00353246182,20,0,384,1034333,14250,3553083,29755,228,671151
0,5236,36.453001296435374,0.003086997,20,0,384,958250,17250,3159750,29883,228,671151
0,5237,36.456927505435381,0.00379054,20,0,384,923084,17375,3554208,29819,228,671151
0,5238,36.461243963435379,0.0043665464,20,0,384,1048000,16250,4584042,40435,228,671151
0,5239,36.46540871343538,0.00400403934,20,0,384,981666,10875,3985834,38163,228,671151
0,5240,36.468660088435378,0.003439874,20,0,384,1121250,15375,3531083,30207,228,671151
0,5241,36.47181825543538,0.00318325544,20,0,384,1038459,17167,3063125,29755,229,671153
0,5242,36.475218463435375,0.00339224772,20,0,384,966333,17708,3387666,29883,229,671153
0,5243,36.478476671435381,0.00317362533,20,0,384,953417,20667,3240042,29819,229,671153
0,5244,36.482186588435376,0.0036480797,20,0,384,969500,15750,3470959,29755,229,671153
0,5245,36.485889546435381,0.0038437075,20,0,384,1067791,21167,3855292,29883,229,671153
0,5246,36.489547838435378,0.00355275651,20,0,384,987208,12375,3625292,29819,229,671153
0,5247,36.492984088435378,0.00355787273,20,0,384,1043083,21333,3493583,29755,229,671153
0,5248,36.496354338435374,0.00346649671,20,0,384,964542,17417,3461875,29883,229,671153
0,5249,36.499864130435377,0.00322175445,20,0,384,942500,9667,3310291,29819,228,671151
0,5250,36.503296713435375,0.00358295767,20,0,384,1026792,20333,3537834,29755,228,671151
0,5251,36.506715588435377,0.00328608276,20,0,384,991000,15042,3275917,29883,228,671151
0,5252,36.510183755435378,0.00362371025,20,0,384,1057875,16084,3615125,29819,228,671151
0,5253,36.513513088435374,0.003362082,20,0,384,949667,17625,3362042,29755,228,671151
0,5254,36.516862546435377,0.00329337432,20,0,384,968625,15750,3293083,29883,228,671151
0,5255,36.520164463435378,0.0032424177,20,0,384,983708,20291,3310458,29819,228,671151
0,5256,36.523457213435378,0.00325474772,20,0,384,964333,15959,3178000,29755,228,671151
0,5257,36.526950588435376,0.0036868765,20,0,384,1052875,17584,3594541,29883,228,671151
0,5258,36.530004963435374,0.00300608,20,0,384,958208,11000,3192042,29819,228,671151
0,5259,36.534307921435378,0.003970713,20,0,384,1006292,13500,3690917,29755,228,671151
0,5260,36.538045671435377,0.00399699528,20,0,384,1240375,18958,4136959,29883,228,671151
0,5261,36.541515088435375,0.00345508778,20,0,384,1044541,18791,3472500,29819,228,671151
0,5262,36.544712338435374,0.003259538,20,0,384,950333,11750,3332250,29755,228,671151
0,5263,36.548084255435377,0.00327479444,20,0,384,1022125,11167,3161250,29883,228,671151
0,5264,36.551302421435381,0.00335412426,20,0,384,1019291,15041,3385000,29819,228,671151
0,5265,36.55446313043538,0.00317241345,20,0,384,979959,12167,3153167,29755,228,671151
0,5266,36.557785671435376,0.00324733555,20,0,384,938625,16750,3224416,29883,228,671151
0,5267,36.561017213435377,0.00318316324,20,0,384,1003042,17083,3293542,29819,228,671151
0,5268,36.564444463435379,0.00336854439,20,0,384,951291,18167,3308833,29755,228,671151
0,5269,36.567766546435379,0.0034295423,20,0,384,1118250,19333,3391833,29883,228,671151
0,5270,36.571324796435377,0.00345449965,20,0,384,993917,17959,3457042,29819,228,671151
0,5271,36.575082921435374,0.00390958739,20,0,384,1063375,18958,3764042,29755,228,671151
0,5272,36.578528671435379,0.00328061939,20,0,384,962875,11333,3431917,29883,228,671151
0,5273,36.581988046435377,0.00350504532,20,0,384,985250,13292,3420500,29819,228,671151
0,5274,36.585258630435376,0.00334170926,20,0,384,1021500,19583,3423000,29755,228,671151
0,5275,36.588264005435377,0.00311804144,20,0,384,995917,12666,3163834,30271,228,671151
0,5276,36.591708088435375,0.00339345937,20,0,384,912292,14333,3305709,29819,229,671153
0,5277,36.594612421435379,0.00289586885,20,0,384,948792,16000,3041583,29755,229,671153
0,5278,36.598054130435379,0.00326991919,20,0,384,994042,11875,3046208,29883,229,671153
0,5279,36.601721213435376,0.003643998,20,0,384,1062125,15333,3696875,29819,229,671153
0,5280,36.605244713435376,0.00353366649,20,0,384,1001125,17083,3523125,29755,229,671153
0,5281,36.609674630435379,0.004495876,20,0,384,1076583,19750,4168125,29883,229,671153
0,5282,36.613895713435376,0.004273838,20,0,384,1075333,12625,4651583,40261,229,671153
0,5283,36.617595130435376,0.003824334,20,0,384,1079375,11584,3833667,38035,229,671153
0,5284,36.620612963435377,0.00287808245,20,0,384,947542,10791,2877416,29935,229,671153
0,5285,36.62372850543538,0.00305099925,20,0,384,959917,11083,3118042,29819,229,671153
0,5286,36.626844963435374,0.003280584,20,0,384,1088959,13208,3213208,31401,229,671153
0,5287,36.629726838435374,0.002902374,20,0,384,985417,12500,2875042,30551,229,671153
0,5288,36.632712838435374,0.00295391865,20,0,384,951041,9208,2887875,29819,229,671153
0,5289,36.635804005435375,0.00304962439,20,0,384,962000,15875,3169958,29755,229,671153
0,5290,36.63931296343538,0.00336574554,20,0,384,1035833,18042,3221750,29883,229,671153
0,5291,36.642611838435379,0.00345333759,20,0,384,982292,16000,3496208,30293,229,671153
0,5292,36.645809255435374,0.00319199963,20,0,384,985333,19875,3216333,29755,229,671153
0,5293,36.649092296435377,0.00331620616,20,0,384,1043250,9792,3259625,29883,229,671153
0,5294,36.652169713435377,0.003081335,20,0,384,944542,19583,3154834,29819,229,671153
0,5295,36.655802755435374,0.00337899663,20,0,384,985833,10292,3237583,29755,229,671153
0,5296,36.659233421435374,0.0036012968,20,0,384,1107583,16084,3613375,29883,229,671153
0,5297,36.662565755435381,0.00332954223,20,0,384,955875,12125,3390417,29819,229,671153
0,5298,36.665889380435381,0.00335208327,20,0,384,1026000,15250,3278791,29755,229,671153
0,5299,36.66902213043538,0.00321532739,20,0,384,968459,21750,3309167,29883,229,671153
0,5300,36.672500755435379,0.00335841835,20,0,384,925584,16750,3210958,29819,229,671153
0,5301,36.675788505435378,0.00336575252,20,0,384,1015875,24083,3482125,29755,229,671153
0,5302,36.679089713435374,0.00312949973,20,0,384,987542,11250,3157458,29883,229,671153
0,5303,36.682818088435376,0.00378266722,20,0,384,1028625,14833,3539750,29819,229,671153
0,5304,36.686267005435376,0.00353508373,20,0,384,1018209,22042,3715541,29755,229,671153
0,5305,36.689694421435377,0.00341499434,20,0,384,996250,18000,3367375,29883,229,671153
0,5306,36.693041713435377,0.003402629,20,0,384,1036625,12625,3384375,29819,229,671153
0,5307,36.696310088435375,0.00324187218,20,0,384,950292,16375,3244542,29755,229,671153
0,5308,36.69983300543538,0.00345400372,20,0,384,987208,17500,3359208,29883,229,671153
0,5309,36.70316658843538,0.00336024654,20,0,384,1013125,11708,3495667,29819,229,671153
0,5310,36.70650279643538,0.003200588,20,0,384,1018834,24584,3273416,29755,229,671153
0,5311,36.714334255435375,0.00356141571,20,0,384,1122667,16583,3405875,30271,229,671153
0,5312,36.731403505435381,0.008247874,20,0,384,4988459,12542,8098000,74073,230,671155
0,5313,36.735338463435376,0.01704183,20,0,384,3121542,16917,17192917,154631,230,671201
0,5314,36.738952713435374,0.00366550451,20,0,384,996375,16875,3686375,29883,230,671213
0,5315,36.742326755435379,0.00346378959,20,0,384,971417,14291,3502500,29819,230,671211
0,5316,36.74560779643538,0.00326145836,20,0,384,1020875,16916,3242042,29755,230,671211
0,5317,36.74901013043538,0.00349920639,20,0,384,1035875,19292,3252292,29883,230,671211
0,5318,36.752199130435379,0.00315546338,20,0,384,948917,12791,3409083,29819,230,671211
0,5319,36.755173005435374,0.0029894982,20,0,384,981875,16500,3062625,29755,230,671211
0,5320,36.758571296435377,0.00328895985,20,0,384,983208,12583,3109541,29883,230,671211
0,5321,36.761789546435381,0.00325516588,20,0,384,969459,11333,3296708,29819,230,671211
0,5322,36.765739463435381,0.00402774941,20,0,384,988333,17750,4088125,40197,230,671211
0,5323,36.769405088435377,0.00374791678,20,0,384,956958,10541,3747250,38163,230,671211
0,5324,36.772383630435378,0.002885204,20,0,384,931125,9084,2945500,29819,230,671211
0,5325,36.775406630435377,0.00302933669,20,0,384,1028542,10000,2998583,29755,230,671211
0,5326,36.778331296435375,0.002875496,20,0,384,985208,11625,2897834,29883,230,671211
0,5327,36.781122380435377,0.00287470943,20,0,384,960042,13709,2877125,29819,229,671209
0,5328,36.784081380435374,0.0029667092,20,0,384,971375,12833,2913000,29755,229,671209
0,5329,36.786877338435374,0.002799334,20,0,384,958167,12292,2822875,29883,229,671209
0,5330,36.789678255435376,0.002771372,20,0,384,936917,11541,2797625,29819,229,671209
0,5331,36.792678046435377,0.00304520968,20,0,384,1006208,9666,2961208,29755,229,671209
0,5332,36.795329380435376,0.00267216563,20,0,384,954542,10916,2770291,29883,229,671209
0,5333,36.798102421435381,0.002677381,20,0,384,943667,9125,2673541,29819,229,671209
0,5334,36.80113375543538,0.003019083,20,0,384,1043750,8209,2946000,29755,229,671209
0,5335,36.803910463435379,0.00291428575,20,0,384,920167,9375,2885667,29883,229,671209
0,5336,36.806746421435378,0.0026617134,20,0,384,874750,13250,2759042,29819,229,671209
0,5337,36.810238088435376,0.003688747,20,0,384,1030375,12709,3599084,39809,229,671209
0,5338,36.813119838435377,0.002828125,20,0,384,897500,9000,2766042,29883,229,671209
0,5339,36.81612683843538,0.00291712722,20,0,384,914000,9417,2875417,29819,229,671209
0,5340,36.819177796435376,0.00294083054,20,0,384,975541,16959,3110083,29755,229,671209
0,5341,36.82247596343538,0.0033676303,20,0,384,991083,10667,3290167,29935,229,671209
0,5342,36.826304588435377,0.00352979032,20,0,384,984750,17166,3405042,29819,229,671209
0,5343,36.829435005435379,0.00361607852,20,0,384,1085750,24791,3738417,30143,229,671209
0,5344,36.832696921435378,0.003109708,20,0,384,898750,7542,3023000,29883,230,671211
0,5345,36.836018296435377,0.003270713,20,0,384,947000,17875,3296041,29819,230,671211
0,5346,36.839275088435379,0.003137833,20,0,384,993083,17125,3204625,29755,230,671211
0,5347,36.842669671435381,0.00362483,20,0,384,1049000,12333,3403083,29883,230,671211
0,5348,36.84574054643538,0.0029358773,20,0,384,930708,11291,3096708,29819,230,671211
0,5349,36.849091963435377,0.0033607923,20,0,384,1051834,17542,3274500,29755,230,671211
0,5350,36.852664505435378,0.00364246033,20,0,384,989208,15750,3562209,29883,230,671211
0,5351,36.855847088435375,0.003200666,20,0,384,984542,13167,3345500,29819,230,671211
0,5352,36.859176963435381,0.003196457,20,1,384,949208,17250,3199292,29755,230,671211
0,5353,36.862180130435377,0.0031085813,20,1,384,940916,20167,3141792,29883,230,671211
0,5354,36.865403421435374,0.00313346088,20,1,384,965959,14042,3053000,29819,231,671387
0,5355,36.868848463435377,0.00353820855,20,2,384,998833,20125,3509542,29755,231,671387
0,5356,36.872109921435374,0.00323650078,20,2,384,986750,14875,3264750,29883,231,671387
0,5357,36.875491421435378,0.0033875,20,2,384,979750,19000,3396709,29819,232,671493
0,5358,36.878641838435378,0.003013662,20,2,384,970709,12292,3115292,29755,232,671493
0,5359,36.881876505435379,0.00329121319,20,2,384,1038834,12375,3175375,29883,232,671493
0,5360,36.885118921435378,0.00335187069,20,2,384,1020000,18083,3379584,29819,232,671493
0,5361,36.888564796435375,0.00323112961,20,3,384,985209,10417,3122208,29755,232,671493
0,5362,36.892120755435378,0.00379395555,20,3,384,1082250,21291,3691333,29883,232,671493
0,5363,36.895303713435375,0.0031085813,20,3,384,958000,11958,3305250,29819,233,671589
0,5364,36.89872550543538,0.00320754666,20,3,384,1017667,16667,3075333,29755,233,671589
0,5365,36.902057338435377,0.003591702,20,3,384,1047125,22916,3608459,29883,233,671589
0,5366,36.905313880435379,0.00321588013,20,3,384,962750,12208,3281084,29819,233,671589
0,5367,36.90911983843538,0.00375291239,20,3,384,1014666,16167,3708125,29755,233,671589
0,5368,36.912430546435381,0.0033200467,20,3,384,1011708,18167,3262250,29883,233,671589
0,5369,36.916447213435376,0.004104748,20,3,384,1015458,10541,4214750,40261,233,671589
0,5370,36.920080338435376,0.00357716833,20,3,384,982292,10333,3626416,38035,233,671589
0,5371,36.923125463435376,0.003009375,20,3,384,986958,9666,2960333,29883,233,671589
0,5372,36.926544713435376,0.003477126,20,3,384,1073875,15625,3407292,29819,233,671589
0,5373,36.929848088435378,0.003306916,20,3,384,992459,18708,3344875,29755,233,671589
0,5374,36.933282630435379,0.00350733427,20,3,384,979958,16958,3351083,29883,233,671589
0,5375,36.936380088435378,0.0030276645,20,3,384,940291,13125,3203417,29819,233,671589
0,5376,36.939854171435378,0.00328895985,20,3,384,997125,18375,3182917,29755,233,671589
0,5377,36.94308429643538,0.00343028619,20,3,384,1043000,19208,3493000,29883,233,671589
0,5378,36.946212671435376,0.0031041312,20,3,384,942833,17041,3012708,29819,233,671589
0,5379,36.94940250543538,0.00321270549,20,3,384,965084,17375,3279666,30143,233,671589
0,5380,36.952501213435376,0.00312591414,20,3,384,978667,16000,3157584,29883,234,671591
0,5381,36.95573467143538,0.00317512755,20,3,384,933250,18667,3141667,29819,234,671591
0,5382,36.959216838435374,0.00339616649,20,3,384,986292,16875,3385833,29755,234,671591
0,5383,36.962600796435375,0.00343450252,20,3,384,974375,18042,3410167,29883,234,671591
0,5384,36.96601813043538,0.00343754259,20,3,384,1034417,10500,3383750,29819,234,671591
0,5385,36.969264713435379,0.00328203663,20,3,384,987875,18084,3352083,29755,234,671591
0,5386,36.972808755435381,0.003386749,20,3,384,992792,12500,3338084,29883,234,671591
0,5387,36.976099130435379,0.00347616919,20,3,384,1085250,15875,3494208,29819,234,671591
0,5388,36.979305171435378,0.003083624,20,3,384,961166,16458,3122209,29755,234,671591
0,5389,36.982781421435377,0.00363087445,20,3,384,999458,13125,3471000,29883,234,671591
0,5390,36.98580838043538,0.0029755882,20,3,384,949792,12833,3151917,29819,234,671591
0,5391,36.989144338435381,0.003165037,20,3,384,998209,16875,3142250,29755,234,671591
0,5392,36.992361796435375,0.00340274954,20,3,384,1076500,17209,3378792,29883,234,671591
0,5393,36.995689755435379,0.003087089,20,3,384,969708,16208,3076000,29819,234,671591
0,5394,36.999138921435375,0.00348103745,20,3,384,1160750,19625,3510417,29755,234,671591
0,5395,37.002557796435376,0.00361933815,20,3,384,1007083,13166,3510750,29883,234,671591
0,5396,37.005780880435374,0.00322257658,20,5,384,978125,12250,3302458,29819,234,671591
0,5397,37.009274755435378,0.00345145981,20,5,384,976125,17417,3390875,29755,234,671591
0,5398,37.012865213435376,0.003581583,20,5,384,993542,22750,3535959,29883,236,671643
0,5399,37.016486046435375,0.00356704229,20,5,384,1029334,11959,3541500,29819,236,671643
0,5400,37.019930130435377,0.00334470673,20,5,384,1026542,20291,3438083,29755,236,671643
0,5401,37.023519296435374,0.00363004534,20,5,384,1036750,19375,3571416,29935,236,671643
0,5402,37.027107213435379,0.003671875,20,5,384,1054625,17542,3608458,29819,236,671643
0,5403,37.03040221343538,0.00333337579,20,5,384,1007792,12208,3473791,29755,236,671643
0,5404,37.034240755435377,0.00389375,20,7,384,1026584,10042,3742667,29883,236,671643
0,5405,37.037535338435376,0.00322191743,20,7,384,998666,13208,3326125,29819,236,671643
0,5406,37.040952671435377,0.00329708052,20,7,384,1005833,16500,3299334,29755,238,671715
0,5407,37.044069296435374,0.00329221226,20,7,384,1008000,17292,3313667,29883,238,671715
0,5408,37.047226505435376,0.00315175019,20,7,384,960583,15791,3203416,29819,238,671715
0,5409,37.050508421435374,0.003268332,20,7,384,1011333,9500,3188542,29755,237,671713
0,5410,37.054051838435377,0.00345645542,20,7,384,1024375,12583,3378042,29883,237,671713
0,5411,37.057509380435377,0.00356987678,20,7,384,1033125,13459,3507667,29819,237,671713
0,5412,37.060647296435377,0.00306912558,20,7,384,977916,13042,3227667,29755,237,671713
0,5413,37.063863171435379,0.00339308381,20,7,384,964166,14625,3267000,29883,237,671713
0,5414,37.067696505435379,0.00376641145,20,7,384,911125,10375,3885833,40261,237,671713
0,5415,37.071218463435379,0.003518417,20,7,384,941542,10167,3473250,38471,237,671713
0,5416,37.074986630435376,0.00381592265,20,7,384,957417,8625,3826000,38163,238,671715
0,5417,37.077805505435379,0.002775078,20,7,384,954208,9750,2817375,30041,238,671715
0,5418,37.08088233843538,0.00283066882,20,7,384,987958,10750,2862416,29755,238,671715
0,5419,37.084056505435377,0.003418502,20,7,384,1044250,12500,3297750,29883,238,671715
0,5420,37.086865963435379,0.00278941332,20,7,384,938250,13458,2907709,29819,238,671715
0,5421,37.089608546435379,0.002743254,20,7,384,1022917,9792,2784875,29755,238,671715
0,5422,37.092660255435376,0.00306837447,20,7,384,1036417,8667,2893959,29883,238,671715
0,5423,37.095656463435375,0.0029164115,20,7,384,931000,16667,2993584,29819,238,671715
0,5424,37.098918338435375,0.00329075265,20,7,384,1018125,12750,3025542,29755,238,671715
0,5425,37.101931713435377,0.003077707,20,7,384,908833,11500,3317625,29883,238,671715
0,5426,37.104964505435376,0.002955917,20,7,384,929625,14959,2956125,29819,238,671715
0,5427,37.108321588435381,0.0033966694,20,7,384,1005958,12666,3298334,29755,238,671715
0,5428,37.11146100543538,0.0030831208,20,7,384,950084,15541,3179250,29883,238,671715
0,5429,37.114711880435379,0.003172208,20,7,384,992500,16459,3147000,29819,238,671715
0,5430,37.118057505435381,0.003427459,20,7,384,1091625,18708,3362958,29755,238,671715
0,5431,37.121674713435375,0.00355050317,20,7,384,1003959,17791,3454917,29883,238,671715
0,5432,37.125133088435376,0.00349854026,20,7,384,1023875,11333,3619000,29819,238,671715
0,5433,37.128484838435377,0.00335504534,20,7,384,1034834,11917,3339500,29755,238,671715
0,5434,37.132179963435377,0.00362916663,20,7,384,1033625,16375,3465167,29883,238,671715
0,5435,37.135598796435374,0.00349916378,20,7,384,1070709,16542,3626291,29819,238,671715
0,5436,37.13928625543538,0.00343341846,20,7,384,970291,18750,3445667,29755,238,671715
0,5437,37.142790921435378,0.00365124713,20,7,384,1037000,21292,3604417,29883,238,671715
0,5438,37.146241463435381,0.0035298327,20,7,384,1087334,17834,3569083,29819,238,671715
0,5439,37.149821130435377,0.0035799602,20,7,384,1024708,19167,3527500,29755,238,671715
0,5440,37.153064588435377,0.00326824677,20,7,384,1023083,17417,3279375,29883,238,671715
0,5441,37.156325421435376,0.00324183679,20,7,384,988708,13666,3316708,29819,238,671715
0,5442,37.159738880435377,0.00335075124,20,7,384,1043792,17000,3290875,29755,238,671715
0,5443,37.163166671435377,0.00362062082,20,7,384,982084,19291,3513459,29883,238,671715
0,5444,37.16653571343538,0.003225418,20,7,384,966875,10959,3270333,29819,238,671715
0,5445,37.169846380435381,0.00331604318,20,7,384,1022416,18333,3385500,29755,238,671715
0,5446,37.173022505435377,0.00316524948,20,7,384,1058375,14666,3193291,29883,238,671715
0,5447,37.176364255435381,0.0034019982,20,7,384,1058542,12875,3306375,29819,238,671715
0,5448,37.179684921435374,0.00320391869,20,7,384,997458,16625,3277625,29755,238,671715
0,5449,37.183038213435374,0.00346837449,20,7,384,989208,18375,3398084,29883,238,671715
0,5450,37.186492213435379,0.003323753,20,7,384,974833,18042,3322167,29819,238,671715
0,5451,37.189659880435379,0.00322395843,20,7,384,975167,15833,3288000,30143,238,671715
0,5452,37.192975338435375,0.00343316328,20,7,384,1081167,9583,3382625,29883,239,671717
0,5453,37.196202838435376,0.0031904194,20,7,384,938250,17042,3127500,29819,239,671717
0,5454,37.199857296435376,0.00348945567,20,7,384,989125,16083,3460375,29755,239,671717
0,5455,37.203138380435377,0.00342346239,20,7,384,991791,19167,3535750,29883,239,671717
0,5456,37.206380255435377,0.00317316479,20,7,384,1003916,18042,3171958,29819,239,671717
0,5457,37.209873713435378,0.00358550181,20,7,384,1087666,15250,3488250,29755,239,671717
0,5458,37.213226338435376,0.00337037281,20,6,384,994459,18583,3338959,29883,239,671717
0,5459,37.216734255435377,0.003519912,20,6,384,1005333,11208,3488250,29819,239,671717
0,5460,37.220801171435376,0.00394050451,20,6,384,940625,16583,4059291,40197,238,671541
0,5461,37.224851671435374,0.004183085,20,6,384,1050584,9291,4190334,38215,238,671541
0,5462,37.227871463435378,0.002964959,20,6,384,994500,12167,3038000,29819,238,671541
0,5463,37.230969713435378,0.00306478888,20,6,384,1045334,8834,3043500,29755,238,671541
0,5464,37.234188338435381,0.00330374856,20,6,384,1063667,12208,3200250,29883,237,671539
0,5465,37.237216463435381,0.00294762617,20,6,384,949250,18625,3040750,29819,237,671539
0,5466,37.24059538043538,0.00311591546,20,6,384,1076041,11333,3051750,29755,236,671537
0,5467,37.244082005435381,0.00384800159,20,6,384,1047625,27084,3690750,29883,236,671537
0,5468,37.247441588435379,0.00322945719,20,6,384,981834,13791,3311875,29819,236,671537
0,5469,37.250827171435375,0.00345625,20,6,384,1026875,18625,3497166,29755,236,671537
0,5470,37.254067755435379,0.003220961,20,5,384,1002459,13542,3182833,29883,236,671537
0,5471,37.257198421435376,0.00301087019,20,5,384,1006792,13917,3090625,29819,235,671535
0,5472,37.260764838435378,0.00359583343,20,5,384,1069458,21459,3525625,29755,234,671429
0,5473,37.264054255435376,0.00346279773,20,5,384,976583,21459,3379083,29883,234,671429
0,5474,37.267476046435377,0.00330812065,20,5,384,960459,10625,3390458,29819,234,671429
0,5475,37.270769713435378,0.00330133224,20,5,384,1016541,24875,3321666,29755,234,671429
0,5476,37.27419933843538,0.003447463,20,4,384,1062875,10250,3278125,29883,234,671429
0,5477,37.277478046435377,0.003322456,20,4,384,990042,12625,3485708,29819,234,671429
0,5478,37.280890963435375,0.003147789,20,4,384,979709,16667,3200083,29755,233,671333
0,5479,37.284132921435379,0.00344804418,20,4,384,1029875,26750,3382917,29883,233,671333
0,5480,37.287500421435375,0.00336174876,20,4,384,1009500,17667,3354500,29819,233,671333
0,5481,37.290818380435375,0.00311670918,20,4,384,1025958,20334,3137792,29755,233,671333
0,5482,37.294262046435378,0.00375116919,20,4,384,1140250,19708,3636375,29883,233,671333
0,5483,37.297540671435378,0.00317624724,20,4,384,951166,11833,3256333,29819,233,671333
0,5484,37.301054963435377,0.00343791815,20,4,384,1058834,12208,3403083,29755,233,671333
0,5485,37.304209380435374,0.00329874572,20,4,384,991334,17958,3292292,29883,233,671333
0,5486,37.307545588435374,0.00323475059,20,4,384,986542,11916,3101792,29819,233,671333
0,5487,37.310801546435378,0.00334117073,20,4,384,972250,26791,3501750,30143,233,671333
0,5488,37.314002588435379,0.00313249719,20,4,384,1013625,11125,3163709,29883,234,671335
0,5489,37.317255671435376,0.00336854439,20,4,384,1073416,15500,3305250,29819,234,671335
0,5490,37.320359088435374,0.002963832,20,4,384,957542,16209,2997125,29755,234,671335
0,5491,37.32344708843538,0.003092836,20,4,384,977416,19875,3084459,29883,234,671335
0,5492,37.326761755435378,0.0033773738,20,4,384,1057000,13791,3210417,29819,234,671335
0,5493,37.329959630435376,0.00321045914,20,4,384,965542,19917,3389375,29755,234,671335
0,5494,37.333523213435377,0.003622038,20,4,384,1011792,14042,3409209,29883,234,671335
0,5495,37.336585796435379,0.00301795639,20,4,384,959208,15000,3213667,29819,233,671333
0,5496,37.339881838435375,0.00293054129,20,4,384,1009750,16708,2959000,29755,232,671331
0,5497,37.343459421435377,0.00404725038,20,4,384,1062458,16542,3706667,29883,232,671331
0,5498,37.346783296435376,0.00313129253,20,4,384,942208,10167,3384541,29819,232,671331
0,5499,37.350205421435376,0.003462337,20,4,384,1061667,25750,3484416,29755,232,671331
0,5500,37.353299921435379,0.00317699835,20,4,384,1020542,15750,3152333,29883,232,671331
0,5501,37.356552213435378,0.00309304148,20,4,384,959667,15833,3066625,29819,232,671331
0,5502,37.360057380435379,0.00343329087,20,4,384,1039875,16459,3476792,29755,232,671331
0,5503,37.363483130435377,0.00372016733,20,4,384,1007750,32084,3574125,29883,232,671331
0,5504,37.366864380435381,0.00326208188,20,4,384,952125,10541,3220584,29819,232,671331
0,5505,37.371205213435374,0.004361005,20,4,384,1010458,16375,4522000,40197,232,671331
0,5506,37.375206463435376,0.004035707,20,4,384,952458,12000,4056334,38163,232,671331
0,5507,37.378353463435374,0.00297349785,20,4,384,971583,10458,3007917,29819,232,671331
0,5508,37.381527796435378,0.00318916515,20,4,384,1032875,10708,3103334,29755,232,671331
0,5509,37.384882296435379,0.00350216846,20,4,384,1067750,14208,3486500,29883,232,671331
0,5510,37.388268213435374,0.00334458612,20,4,384,956292,17250,3281584,29819,232,671331
0,5511,37.391548838435376,0.0032981222,20,4,384,985958,15375,3316875,29755,232,671331
0,5512,37.395017630435376,0.00348458043,20,0,384,1000000,17542,3129541,29883,232,671331
0,5513,37.398287963435379,0.00313700386,20,0,384,1021291,10792,3580083,39811,232,671331
0,5514,37.401735130435377,0.00342233549,20,0,384,1083666,10750,3365166,29755,228,671207
0,5515,37.405275838435379,0.00371104036,20,0,384,1007750,16084,3541875,29883,228,671207
0,5516,37.40928467143538,0.003965788,20,0,384,988375,12875,3754250,29819,228,671207
0,5517,37.412841713435377,0.00349779613,20,0,384,1012875,14750,3727625,29755,228,671207
0,5518,37.416990088435377,0.004128621,20,0,384,1006875,22583,4152000,29883,228,671207
0,5519,37.420667588435379,0.00352404336,20,0,384,1020583,20959,3594542,29819,228,671207
0,5520,37.424425171435381,0.003932497,20,0,384,1105916,14042,3818625,29755,228,671207
0,5521,37.428066130435376,0.0036392503,20,0,384,999791,19250,3699083,29935,228,671207
0,5522,37.431733546435375,0.003543339,20,0,384,988125,13458,3572875,30207,228,671207
0,5523,37.435408630435376,0.00374891586,20,0,384,1068250,24583,3712583,29755,229,671209
0,5524,37.439173130435378,0.00368908024,20,0,384,1034292,20875,3685916,29883,229,671209
0,5525,37.442719005435379,0.003668417,20,0,384,1108583,12792,3697375,29819,229,671209
0,5526,37.446220796435377,0.003490129,20,0,384,998500,23584,3473667,29755,229,671209
0,5527,37.450021880435379,0.00381837436,20,0,384,1057542,16083,3801667,29883,229,671209
0,5528,37.453315671435377,0.00329841278,20,0,384,1035417,17459,3361542,29819,229,671209
0,5529,37.456886380435378,0.00339212734,20,0,384,1040208,17000,3241417,29755,229,671209
0,5530,37.460901005435375,0.004175085,20,0,384,1120042,22792,4140083,29883,229,671209
0,5531,37.464946880435377,0.0038023314,20,0,384,999208,12166,3860833,29819,229,671209
0,5532,37.469625546435374,0.004901084,20,0,384,1127917,19875,4791667,29755,229,671209
0,5533,37.473802880435379,0.004064583,20,0,384,1083000,14208,4091334,29883,229,671209
0,5534,37.47730496343538,0.003750411,20,0,384,1089541,17917,3851542,29819,229,671209
0,5535,37.481026296435381,0.00337183964,20,0,384,943958,19417,3344833,29755,229,671209
0,5536,37.484222005435377,0.003548037,20,0,384,1107708,22875,3669125,29883,229,671209
0,5537,37.487813713435379,0.00337683526,20,0,384,974916,18375,3302417,29819,229,671209
0,5538,37.492041046435375,0.00441999733,20,0,384,1135041,19334,4201083,29755,229,671209
0,5539,37.495257671435375,0.00319050462,20,0,384,987958,12666,3450625,29883,229,671209
0,5540,37.498722338435378,0.00329175172,20,0,384,973167,21083,3238958,29819,229,671209
0,5541,37.502123255435379,0.00354470662,20,0,384,1011958,14750,3495375,29755,229,671209
0,5542,37.505287130435377,0.0032592474,20,0,384,1006208,16167,3277583,29883,229,671209
0,5543,37.508511880435378,0.003165044,20,0,384,957833,11917,3200208,29819,229,671209
0,5544,37.51149454643538,0.00300641288,20,0,384,1018917,13625,3058750,29755,229,671209
0,5545,37.514405380435377,0.00293745752,20,0,384,1008709,9750,2927125,29883,229,671209
0,5546,37.517617546435375,0.00323842117,20,0,384,999000,9000,3097875,29819,229,671209
0,5547,37.521641630435376,0.00370195578,20,0,384,931875,18333,3853375,40197,229,671209
0,5548,37.525623171435377,0.00431737537,20,0,384,1129958,14917,4251958,38163,229,671209
0,5549,37.528506005435375,0.00282016722,20,0,384,972250,10500,2918459,29819,229,671209
0,5550,37.532140088435376,0.00344191468,20,0,384,1036166,10792,3270625,29755,229,671209
0,5551,37.535620171435376,0.00369270844,20,0,384,1077625,23375,3647917,29883,229,671209
0,5552,37.539033880435376,0.003289874,20,0,384,966292,13792,3341250,29819,229,671209
0,5553,37.542272546435377,0.0032699618,20,0,384,974375,12834,3283708,29755,229,671209
0,5554,37.545660880435378,0.00337174744,20,0,384,1044792,10917,3359375,29883,229,671209
0,5555,37.549031755435379,0.003415547,20,0,384,1027458,12333,3339667,30207,229,671209
0,5556,37.552149338435378,0.00315308245,20,0,384,983125,17625,3337958,29755,230,671211
0,5557,37.555461338435379,0.003282079,20,0,384,1014291,13166,3164916,29883,230,671211
0,5558,37.558666630435376,0.00310887885,20,0,384,977125,14834,3173875,29819,230,671211
0,5559,37.561881880435379,0.00330878678,20,0,384,992791,12875,3276583,29755,230,671211
0,5560,37.56481967143538,0.002926963,20,0,384,1045792,10083,3009500,29883,230,671211
0,5561,37.568175421435377,0.00337562361,20,0,384,1070417,11542,3211625,29819,230,671211
0,5562,37.571517380435381,0.00332658016,20,0,384,958542,17084,3312458,29755,230,671211
0,5563,37.574828130435378,0.00342324981,20,0,384,961875,17500,3375500,29883,230,671211
0,5564,37.577831671435376,0.00292371027,20,0,384,948708,12625,3100458,29819,229,671209
0,5565,37.581093046435377,0.00312887621,20,0,384,1007833,11791,3095292,29755,229,671209
0,5566,37.58454504643538,0.00356799876,20,0,384,1036417,14250,3482708,29883,229,671209
0,5567,37.587832046435381,0.003200914,20,0,384,979916,17375,3198250,29819,229,671209
0,5568,37.59113925543538,0.00337554561,20,0,384,1057500,17750,3398375,29755,229,671209
0,5569,37.594297505435378,0.00322025223,20,0,384,1022458,11917,3258292,29883,229,671209
0,5570,37.597562421435377,0.00315170782,20,0,384,960209,15834,3139500,29819,229,671209
0,5571,37.600880171435378,0.00331957918,20,0,384,1001292,19500,3292792,29755,229,671209
0,5572,37.60441988043538,0.003612004,20,0,384,976958,17958,3486834,29883,229,671209
0,5573,37.607591838435376,0.003171457,20,0,384,976417,12458,3217833,29819,229,671209
0,5574,37.610717546435374,0.00311837438,20,0,384,981542,17833,3252833,29755,229,671209
0,5575,37.614174546435379,0.00341316615,20,0,384,1015041,13750,3225000,29883,229,671209
0,5576,37.617379088435378,0.00324058253,20,0,384,1003875,15166,3382792,29819,229,671209
0,5577,37.620624713435376,0.003065462,20,0,384,1025916,14917,3104708,29755,229,671209
0,5578,37.624219546435377,0.003759623,20,0,384,1075584,16041,3492250,29883,229,671209
0,5579,37.627489005435379,0.003328125,20,0,384,1005625,15292,3486292,29819,229,671209
0,5580,37.630608171435377,0.00307666534,20,0,384,958083,16250,3189958,29807,229,671209
0,5581,37.634268088435377,0.00360612944,20,0,384,1034708,13167,3403458,29883,229,671209
0,5582,37.637598130435379,0.00332432683,20,0,384,1010708,21292,3443750,29819,229,671209
0,5583,37.641162088435379,0.003555917,20,0,384,1081292,11833,3442958,29755,229,671209
0,5584,37.644319630435376,0.003284212,20,0,384,969416,15250,3311208,29883,229,671209
0,5585,37.647625088435376,0.003131583,20,0,384,942167,17208,3185791,29819,229,671209
0,5586,37.651000921435376,0.00355104171,20,0,384,1100750,13417,3509291,29755,229,671209
0,5587,37.654043630435375,0.003003543,20,0,384,955416,15708,3076458,29883,229,671209
0,5588,37.657353088435379,0.00323962583,20,0,384,1024583,16208,3009125,29819,228,671207
0,5589,37.660801255435381,0.003391291,20,0,384,1025959,18875,3579750,29755,228,671207
0,5590,37.664134380435378,0.003412833,20,0,384,986291,17042,3388875,29883,228,671207
0,5591,37.667377130435376,0.003212415,20,0,384,1007666,20875,3202959,29819,228,671207
0,5592,37.670587880435377,0.00320875132,20,0,384,1036041,15125,3206791,30143,228,671207
0,5593,37.674770671435375,0.004290292,20,0,384,1092292,14000,4298417,40325,229,671209
0,5594,37.678567005435376,0.00374716544,20,0,384,991209,10833,3763709,38099,229,671209
0,5595,37.681938546435376,0.003352544,20,0,384,986917,8917,3329541,29755,229,671209
0,5596,37.685150963435376,0.00326203951,20,0,384,1011875,17750,3246791,29883,229,671209
0,5597,37.688413005435379,0.003228876,20,0,384,969208,17125,3241750,29819,229,671209
0,5598,37.691737213435374,0.00335599482,20,0,384,1006750,16333,3296750,29755,229,671209
0,5599,37.694803963435376,0.00309438072,20,0,384,975209,15417,3159333,29883,229,671209
0,5600,37.698138713435377,0.00314328936,20,0,384,964958,16291,3125750,29819,229,671209
0,5601,37.701563588435377,0.00347654475,20,0,384,1137625,11125,3490000,29755,229,671209
0,5602,37.705034463435375,0.00355037558,20,0,384,985666,17667,3366500,29883,229,671209
0,5603,37.70852233843538,0.00352545362,20,0,384,1040583,11334,3618500,29819,229,671209
0,5604,37.711643380435376,0.00310195587,20,0,384,973000,17917,3165166,29755,229,671209
0,5605,37.714730005435378,0.00305158738,20,0,384,1013625,13083,3029833,29923,229,671209
0,5606,37.717956505435374,0.00323954085,20,0,384,1019834,14375,3197500,29819,229,671209
0,5607,37.721320213435376,0.00331021124,20,0,384,1036042,11542,3264208,29755,229,671209
0,5608,37.72460167143538,0.0033077097,20,0,384,985000,12834,3312125,29883,229,671209
0,5609,37.727779421435379,0.00323507655,20,0,384,987458,20209,3312333,29819,229,671209
0,5610,37.731052213435376,0.003274922,20,0,384,1011041,15042,3291500,29755,229,671209
0,5611,37.734278421435377,0.00323912269,20,0,384,1038667,11834,3196500,29883,229,671209
0,5612,37.737304130435376,0.00297887623,20,0,384,961042,18083,3014084,29819,229,671209
0,5613,37.740544130435374,0.00307462434,20,0,384,1047541,10417,2984250,29755,229,671209
0,5614,37.743737005435378,0.00343070435,20,0,384,1019875,12834,3425458,29883,229,671209
0,5615,37.746853838435378,0.00310787978,20,0,384,960584,14583,3161375,29819,229,671209
0,5616,37.750077338435375,0.00315283448,20,0,384,979166,14583,3184791,29755,229,671209
0,5617,37.753156630435377,0.003130832,20,0,384,1043375,14792,3108666,29883,229,671209
0,5618,37.756307296435381,0.00310449977,20,0,384,979917,18292,3094708,29819,229,671209
0,5619,37.759815880435376,0.00347841554,20,0,384,1060167,11666,3395625,29755,229,671209
0,5620,37.763071380435377,0.00339462864,20,0,384,950875,19292,3333250,29883,229,671209
0,5621,37.766395046435377,0.00325975055,20,0,384,936416,14167,3261583,29819,229,671209
0,5622,37.769553588435379,0.00314790965,20,0,384,969917,12041,3277042,29755,229,671209
0,5623,37.772859588435381,0.003237089,20,0,384,1007416,10250,3108334,29883,229,671209
0,5624,37.775986630435376,0.00319016445,20,0,384,999666,20708,3289166,29819,229,671209
0,5625,37.779285213435379,0.00318779051,20,0,384,1016292,11417,3163125,29755,229,671209
0,5626,37.782787630435379,0.003573916,20,0,384,1014459,10541,3444750,29883,229,671209
0,5627,37.786008046435377,0.00323946285,20,0,384,982875,19125,3394209,29819,229,671209
0,5628,37.789489005435378,0.00340241636,20,0,384,982792,16292,3273042,30143,229,671209
0,5629,37.792674755435378,0.003312578,20,0,384,1034250,15959,3385375,29883,230,671211
0,5630,37.795999713435378,0.003080088,20,0,384,978458,16791,3128125,29819,230,671211
0,5631,37.799677755435376,0.00382546056,20,0,384,1220459,10416,3673417,29755,230,671211
0,5632,37.802767380435377,0.00322012464,20,0,384,953667,12667,3319625,29883,230,671211
0,5633,37.806068755435376,0.00318107987,20,0,384,939708,17250,3186416,29819,230,671211
0,5634,37.809251046435378,0.00320554129,20,0,384,1002000,20958,3274125,29755,230,671211
0,5635,37.812488588435379,0.0032831633,20,0,384,1030125,18084,3160583,29883,230,671211
0,5636,37.81584546343538,0.00331087736,20,0,384,1004167,16042,3261792,29819,230,671211
0,5637,37.819044088435376,0.00314720813,20,0,384,980041,19292,3258333,29755,230,671211
0,5638,37.822305421435381,0.00339100068,20,0,384,972041,16042,3299208,29883,230,671211
0,5639,37.826302588435375,0.00403696159,20,0,384,963709,16042,4112875,40261,230,671211
0,5640,37.829961421435378,0.00367653766,20,0,384,965458,10208,3661875,38035,230,671211
0,5641,37.833203921435377,0.00320491777,20,0,384,958584,8833,3125292,29935,230,671211
0,5642,37.836257630435377,0.0030382087,20,0,384,949666,14167,3135500,29819,230,671211
0,5643,37.839459963435381,0.00298178848,20,0,384,980000,16333,3020000,29755,230,671211
0,5644,37.842691546435375,0.00344921346,20,0,384,1080250,16000,3321209,29883,230,671211
0,5645,37.84579796343538,0.00305162277,20,0,384,965000,16333,3115750,29819,230,671211
0,5646,37.849001505435375,0.003115795,20,0,384,1040458,11792,3076542,29755,230,671211
0,5647,37.852130838435379,0.00331387483,20,0,384,1070208,14959,3290125,29883,229,671209
0,5648,37.855261463435376,0.0030776218,20,0,384,933292,15792,3110500,29819,229,671209
0,5649,37.858604380435381,0.00319612375,20,0,384,977791,17666,3282667,29755,229,671209
0,5650,37.861660838435377,0.00318849925,20,0,384,1004500,10833,3114167,29883,229,671209
0,5651,37.864856838435379,0.0031324618,20,0,384,980750,16459,3087750,29819,229,671209
0,5652,37.867871505435375,0.00308283023,20,0,384,1005541,21292,3180667,29755,229,671209
0,5653,37.871044421435379,0.00312383776,20,0,384,993417,18417,3058541,29883,229,671209
0,5654,37.874656546435375,0.00358557957,20,0,384,999583,17333,3430209,29819,229,671209
0,5655,37.877976380435378,0.00336112524,20,0,384,1010583,19292,3436083,30161,229,671209
0,5656,37.881416255435376,0.00325612957,20,0,384,986250,19709,3269750,29883,229,671209
0,5657,37.884981463435381,0.00374841271,20,0,384,1074125,21125,3704875,29819,229,671209
0,5658,37.888334088435379,0.00333279488,20,0,384,981500,18750,3247417,29947,229,671209
0,5659,37.891726963435374,0.00338854175,20,0,384,987833,16708,3427167,29883,229,671209
0,5660,37.894998671435374,0.003277537,20,0,384,996625,19042,3393042,29819,229,671209
0,5661,37.898506255435379,0.00331904762,20,0,384,1046000,12667,3194583,29947,229,671209
0,5662,37.90187871343538,0.00365233142,20,0,384,1042375,20917,3660125,29883,229,671209
0,5663,37.905187838435374,0.00318120746,20,0,384,942166,12000,3247583,29819,229,671209
0,5664,37.908700088435374,0.00356666674,20,0,384,976125,17167,3494042,30335,229,671209
0,5665,37.911836255435375,0.00316753821,20,0,384,984292,15375,3244792,29883,230,671211
0,5666,37.915020755435378,0.00304117054,20,0,384,979875,16375,3089166,29819,230,671211
0,5667,37.918572213435375,0.003628288,20,0,384,1072208,12583,3355333,29755,229,671209
0,5668,37.921874588435379,0.0033773738,20,0,384,962958,11833,3486000,30075,229,671209
0,5669,37.925555921435375,0.00340233836,20,0,384,960500,13792,3493959,29819,229,671209
0,5670,37.929084671435376,0.003731165,20,0,384,1149917,20125,3706041,29755,229,671209
0,5671,37.932524796435381,0.003487167,20,0,384,1018333,20875,3383250,30075,229,671209
0,5672,37.93564458843538,0.00312341982,20,0,384,970666,12417,3267125,30845,229,671209
0,5673,37.93911888043538,0.00336799887,20,0,384,991792,17875,3329750,29755,229,671209
0,5674,37.942422588435377,0.003384538,20,0,384,986000,17416,3377875,29883,229,671209
0,5675,37.945754838435377,0.003315377,20,0,384,988167,18375,3281583,30011,229,671209
0,5676,37.94913225543538,0.003269168,20,0,384,1030000,17666,3333625,29755,229,671209
0,5677,37.952372713435381,0.00343441754,20,0,384,1126625,15625,3403959,29883,229,671209
0,5678,37.955746505435378,0.00318779051,20,0,384,945916,15958,3164958,30011,229,671209
0,5679,37.95921171343538,0.00353012327,20,0,384,1090041,20458,3498125,29755,229,671209
0,5680,37.962462963435378,0.003246124,20,0,384,958375,20166,3301875,29883,229,671209
0,5681,37.965804505435379,0.003293417,20,0,384,1037958,16542,3200000,30011,229,671209
0,5682,37.969177838435378,0.00348287262,20,0,384,1034541,25042,3512625,29755,229,671209
0,5683,37.972593921435376,0.00347845815,20,0,384,1016792,11084,3346042,29883,229,671209
0,5684,37.976947046435377,0.00429487647,20,0,384,976792,11500,4412042,40453,229,671209
0,5685,37.980832088435378,0.003856498,20,0,384,1014166,11292,3861292,38035,229,671209
0,5686,37.984076921435374,0.003327629,20,0,384,988834,9958,3296458,29883,229,671209
0,5687,37.987157296435377,0.003044246,20,0,384,936625,15959,3091958,29819,229,671209
0,5688,37.990567880435378,0.003266128,20,0,384,1020917,10291,3300666,29947,229,671209
0,5689,37.993993338435381,0.00364849763,20,0,384,1105459,20125,3422833,29883,229,671209
0,5690,37.997280630435377,0.003156172,20,0,384,945750,12625,3271625,29819,229,671209
0,5691,38.000940005435375,0.00360916252,20,0,384,1024542,17666,3605542,29947,229,671209
0,5692,38.004200880435377,0.00333933532,20,0,384,981084,20250,3324667,29883,229,671209
0,5693,38.007844463435376,0.00367583614,20,0,384,1022417,14292,3567459,29819,229,671209
0,5694,38.011049380435381,0.00317620463,20,0,384,1000125,14167,3307833,29755,229,671209
0,5695,38.01433692143538,0.003266128,20,0,384,1000708,17875,3271334,30075,229,671209
0,5696,38.017790671435378,0.00347874849,20,0,384,1023458,18709,3402708,29819,229,671209
0,5697,38.021046755435378,0.00307841552,20,0,384,988500,17875,3211250,29755,229,671209
0,5698,38.024600046435374,0.00374058238,20,0,384,1082291,19583,3561708,30075,229,671209
0,5699,38.027747255435379,0.003135374,20,0,384,971042,17500,3268875,29819,229,671209
0,5700,38.030744755435379,0.003034793,20,0,384,989625,11708,3116250,30143,229,671209
0,5701,38.034030296435375,0.00331533444,20,0,384,1035583,11000,3143292,29935,230,671211
0,5702,38.03718888043538,0.003112082,20,0,384,941958,11167,3135166,30011,230,671211
0,5703,38.040628588435375,0.00304141873,20,0,384,989250,18542,3148417,29755,230,671211
0,5704,38.044390505435381,0.00421641162,20,0,384,1160000,23917,3975500,29883,230,671211
0,5705,38.047786046435377,0.00327908876,20,0,384,969750,11417,3406917,30011,230,671211
0,5706,38.051331630435378,0.003566709,20,0,384,1025333,18292,3490542,29755,230,671211
0,5707,38.054816713435379,0.00355503825,20,0,384,995000,18125,3557667,29883,230,671211
0,5708,38.058413005435376,0.00344483415,20,0,384,952500,12708,3420292,29819,230,671211
0,5709,38.061803671435378,0.00347662275,20,0,384,1017208,12209,3538208,29947,230,671211
0,5710,38.065059296435379,0.00321658864,20,0,384,1002958,21750,3239500,29883,230,671211
0,5711,38.06853200543538,0.00356895546,20,0,384,1034875,19958,3338166,29819,230,671211
0,5712,38.072320630435378,0.00365562644,20,0,384,956250,14166,3779584,29755,230,671211
0,5713,38.075947963435375,0.0038021612,20,0,384,1028625,20625,3793709,30075,230,671211
0,5714,38.079216088435381,0.00303029339,20,0,384,959875,13583,3120000,29819,230,671211
0,5715,38.082720255435376,0.00364438072,20,0,384,1068625,17125,3554459,29755,230,671211
0,5716,38.085869713435379,0.00319116353,20,0,384,1011125,20500,3293875,29883,230,671211
0,5717,38.089243046435378,0.003338003,20,0,384,963708,17042,3200250,29819,230,671211
0,5718,38.092282796435377,0.00306716259,20,0,384,1004625,18792,3293959,29755,230,671211
0,5719,38.095772005435379,0.003508539,20,0,384,1004125,12792,3270375,29883,230,671211
0,5720,38.099448005435377,0.00330875139,20,0,384,974000,14500,3339417,29819,230,671211
0,5721,38.102789130435376,0.00373662845,20,0,384,1092083,21333,3772750,29755,230,671211
0,5722,38.105828255435377,0.00301858,20,0,384,954792,15209,3102417,30187,230,671211
0,5723,38.109186755435374,0.00335358549,20,0,384,990459,14791,3299542,29819,230,671211
0,5724,38.112207171435379,0.002981413,20,0,384,966167,19167,3083375,29755,230,671211
0,5725,38.115343046435378,0.0031411706,20,0,384,1017417,12792,2999750,29883,230,671211
0,5726,38.118712713435379,0.00336741772,20,0,384,954458,21375,3383625,29819,230,671211
0,5727,38.121534213435375,0.00289116357,20,0,384,918791,17416,3004166,29755,230,671211
0,5728,38.124813046435378,0.0032133786,20,0,384,985458,10542,2991375,29883,230,671211
0,5729,38.128508505435377,0.00382691319,20,0,384,969167,19041,3980542,40261,230,671211
0,5730,38.132331963435377,0.00364754116,20,0,384,941542,8958,3522000,38035,230,671211
0,5731,38.135499838435379,0.00322408578,20,0,384,1006083,12542,3350417,29883,230,671211
0,5732,38.13861638043538,0.00302608428,20,0,384,1014709,13584,3018500,29819,230,671211
0,5733,38.142108255435375,0.003562833,20,0,384,981292,16208,3509291,29755,230,671211
0,5734,38.14513558843538,0.00303012319,20,0,384,1018584,13958,3085958,29883,230,671211
0,5735,38.148340046435379,0.00310975057,20,0,384,985709,15208,3106541,30207,230,671211
0,5736,38.15143542143538,0.003174001,20,0,384,1117209,15792,3191667,29755,231,671213
0,5737,38.154642588435379,0.00334249577,20,0,384,1024750,26917,3158584,29883,231,671213
0,5738,38.157772380435375,0.003048753,20,0,384,912750,14333,3134167,29819,231,671213
0,5739,38.160860921435379,0.00292845815,20,0,384,970458,15875,3036167,29755,231,671213
0,5740,38.164376296435378,0.00356653915,20,0,384,1025459,14292,3462417,29883,231,671213
0,5741,38.167632255435379,0.003368672,20,0,384,1004292,27416,3303625,29819,231,671213
0,5742,38.170577380435375,0.00294683245,20,0,384,984708,15917,3078792,29755,231,671213
0,5743,38.173814171435374,0.00309716561,20,0,384,1016792,12000,2994708,29883,231,671213
0,5744,38.176859380435374,0.00315416674,20,0,384,1012750,26625,3211458,29819,231,671213
0,5745,38.180089421435376,0.00315391854,20,0,384,1004208,14292,3096291,29755,231,671213
0,5746,38.183500880435375,0.003514959,20,0,384,959792,20708,3398583,29883,231,671213
0,5747,38.186724671435378,0.00319683249,20,0,384,981834,15958,3325625,29819,231,671213
0,5748,38.190097046435376,0.00316887046,20,0,384,983875,17708,3162542,29755,231,671213
0,5749,38.193600463435381,0.00372767146,20,0,384,1143666,19333,3616459,29883,231,671213
0,5750,38.196812380435375,0.00312620471,20,0,384,963667,12500,3251709,29819,231,671213
0,5751,38.200502130435375,0.00361683662,20,0,384,1062709,13917,3510625,29755,231,671213
0,5752,38.203786463435378,0.003434453,20,0,384,997667,15125,3414000,29883,231,671213
0,5753,38.207239171435376,0.003341213,20,0,384,973042,16833,3276417,29819,231,671213
0,5754,38.211008713435376,0.00372691336,20,0,384,1014209,18917,3768041,29755,231,671213
0,5755,38.214790046435375,0.0038109622,20,0,384,1037208,23333,3815375,29883,231,671213
0,5756,38.218472505435379,0.00360432966,20,0,384,1053084,14750,3600792,29819,231,671213
0,5757,38.221987005435381,0.00372075546,20,0,384,1025333,20625,3752708,29755,231,671213
0,5758,38.225290088435379,0.00331212441,20,0,384,977208,18167,3328958,29883,231,671213
0,5759,38.228351963435379,0.00302983285,20,0,384,966083,16958,3086917,29819,231,671213
0,5760,38.231521296435375,0.00308949826,20,0,384,1003417,11416,3116375,29755,231,671213
0,5761,38.234739088435376,0.00329182972,20,0,384,1057333,17417,3184875,29935,231,671213
0,5762,38.238404671435376,0.00350733427,20,0,384,988875,15584,3359666,29819,231,671213
0,5763,38.242182713435376,0.00388204376,20,0,384,1046916,12500,4022792,29755,230,671211
0,5764,38.245863421435381,0.003704209,20,0,384,1044791,12458,3555083,29883,230,671211
0,5765,38.24961525543538,0.003730584,20,0,384,1049334,13458,3742750,29819,230,671211
0,5766,38.253015671435378,0.003459623,20,0,384,1005291,16041,3599167,29755,230,671211
0,5767,38.256468380435379,0.00337029481,20,0,384,980625,15583,3401750,29883,230,671211
0,5768,38.260029088435381,0.00355736958,20,0,384,1044417,16541,3395375,29819,230,671211
0,5769,38.263468046435378,0.00350946,20,0,384,969417,13875,3608208,29755,230,671211
0,5770,38.267033296435379,0.00352125149,20,0,384,990333,15208,3479791,29883,230,671211
0,5771,38.27068004643538,0.00364491926,20,0,384,988292,12375,3538083,30207,230,671211
0,5772,38.274228963435377,0.003521124,20,0,384,1035375,16167,3556875,29755,231,671213
0,5773,38.277771588435378,0.00345625,20,0,384,1037917,22417,3458584,29883,231,671213
0,5774,38.282538255435377,0.00483341143,20,0,384,1126125,19166,4821667,40261,231,671213
0,5775,38.286644630435376,0.00419520959,20,0,384,1011166,10667,4344125,38083,231,671213
0,5776,38.290847588435376,0.00421875,20,0,384,1021625,17583,4064584,38163,230,671211
0,5777,38.294024463435377,0.003137337,20,0,384,1003500,14084,3297416,29819,230,671211
0,5778,38.297256588435374,0.00329858274,20,0,384,1072583,15875,3266208,29755,230,671211
0,5779,38.300963046435378,0.00357249868,20,0,384,997208,10667,3404917,29883,230,671211
0,5780,38.304952380435381,0.003999497,20,0,384,1059791,12916,4008458,29819,230,671211
0,5781,38.308543630435381,0.00362366787,20,0,384,1066708,17792,3758666,29755,230,671211
0,5782,38.316352296435376,0.00353837875,20,0,384,1045334,16708,3391709,29883,230,671211
0,5783,38.333536588435379,0.008218205,20,0,384,5283042,13959,8114958,47917,230,671211
0,5784,38.337402046435379,0.0170389172,20,0,384,3169542,13375,17168291,154931,230,671211
0,5785,38.341513796435379,0.00406412967,20,0,384,1062583,13875,4024500,29883,230,671207
0,5786,38.344955463435376,0.00359616638,20,0,384,1025583,13709,3670458,29819,230,671207
0,5787,38.34832400543538,0.00333475065,20,0,384,987167,21125,3316167,29755,230,671207
0,5788,38.35170663043538,0.003543332,20,0,384,1031083,18709,3386709,29883,230,671207
0,5789,38.354843796435375,0.003047371,20,0,384,940084,13167,3209791,29819,230,671207
0,5790,38.358560921435377,0.003587585,20,0,384,980166,17875,3591084,29755,230,671207
0,5791,38.361922046435375,0.003493502,20,0,384,990875,13875,3483916,29883,230,671207
0,5792,38.365270130435377,0.003162748,20,0,384,977875,12250,3190834,29819,230,671207
0,5793,38.368532588435379,0.00344533729,20,0,384,1068500,16208,3411875,29755,230,671207
0,5794,38.371679463435377,0.00317366072,20,0,384,1000791,15583,3184583,29883,230,671207
0,5795,38.375108713435381,0.003370798,20,0,384,940375,17583,3401750,29819,230,671207
0,5796,38.378421838435379,0.00323332613,20,0,384,1005167,13958,3230292,29755,230,671207
0,5797,38.381637921435377,0.00324946153,20,0,384,991166,18375,3262334,29883,230,671207
0,5798,38.385433588435376,0.003606087,20,0,384,1040042,19709,3464500,29819,230,671207
0,5799,38.389372880435374,0.00401682965,20,0,384,1170042,14916,4039250,30143,230,671207
0,5800,38.392652713435375,0.003458872,20,0,384,1077625,27542,3460666,29883,231,671209
0,5801,38.39628958843538,0.00361038116,20,0,384,969042,17250,3520584,29819,231,671209
0,5802,38.400029671435377,0.003621372,20,0,384,996834,13917,3678084,29755,231,671209
0,5803,38.40347592143538,0.003630499,20,0,384,997583,12750,3564875,29883,231,671209
0,5804,38.406760380435379,0.003075,20,0,384,970750,12250,3229666,29819,231,671209
0,5805,38.410214463435381,0.00358875422,20,0,384,1151000,12959,3530834,29755,231,671209
0,5806,38.413558588435379,0.003372371,20,0,384,1006125,20916,3340458,29883,231,671209
0,5807,38.417272005435379,0.0037007085,20,0,384,981458,15125,3707833,29819,231,671209
0,5808,38.42076846343538,0.00326125277,20,0,384,981250,17334,3325791,29755,231,671209
0,5809,38.42507721343538,0.00457316451,20,0,384,1090375,21166,4457833,39937,231,671209
0,5810,38.428336671435375,0.00319441617,20,0,384,991500,10334,3290625,29819,231,671209
0,5811,38.43275579643538,0.004448753,20,0,384,1065791,15792,4410291,40197,230,671207
0,5812,38.436676463435376,0.00396853732,20,0,384,1018458,11375,3995000,38215,230,671207
0,5813,38.440011963435374,0.00318146264,20,0,384,1028292,12042,3181541,29819,230,671207
0,5814,38.44323342143538,0.003287663,20,0,384,1000500,19959,3303334,29755,230,671207
0,5815,38.446600171435378,0.00346533442,20,0,384,1040292,15209,3355792,29883,230,671207
0,5816,38.450003880435375,0.00332891871,20,0,384,953542,12834,3322750,29819,230,671207
0,5817,38.453235880435379,0.003241043,20,0,384,1005709,20291,3351625,29755,230,671207
0,5818,38.456462130435376,0.0031950823,20,0,384,1055750,12375,3151709,29883,230,671207
0,5819,38.459871171435381,0.00341153634,20,0,384,1029542,17458,3390833,29819,230,671207
0,5820,38.462764380435381,0.002978295,20,1,384,951000,18833,3023083,29755,230,671207
0,5821,38.465922213435377,0.00311979163,20,1,384,1013792,8875,2976792,29883,230,671207
0,5822,38.46898558843538,0.00313125,20,1,384,989583,17416,3269917,29819,231,671219
0,5823,38.472115296435376,0.00298253959,20,1,384,993041,10458,3009833,29755,231,671219
0,5824,38.475228546435375,0.0032830853,20,1,384,1084167,14583,3201500,29883,231,671219
0,5825,38.47797746343538,0.00276133069,20,1,384,945459,13792,2872291,29819,231,671219
0,5826,38.480952546435375,0.00281837443,20,1,384,973834,10750,2823667,29755,231,671219
0,5827,38.484108463435376,0.003272548,20,1,384,1027834,8416,3190000,29883,231,671219
0,5828,38.486954255435379,0.002860289,20,1,384,969166,11584,2898625,29819,231,671219
0,5829,38.489888296435375,0.00276954356,20,1,384,993292,10833,2777042,29755,231,671219
0,5830,38.492935921435375,0.003209786,20,1,384,1074750,17708,3124667,29883,231,671219
0,5831,38.495656796435377,0.002737167,20,1,384,936083,16583,2869625,29819,231,671219
0,5832,38.498733296435375,0.00280162971,20,1,384,970958,11875,2608875,29755,231,671219
0,5833,38.501801546435381,0.003367751,20,1,384,982875,25167,3407083,29883,231,671219
0,5834,38.504820546435376,0.00289553567,20,1,384,923459,12250,2905542,29819,231,671219
0,5835,38.508101130435378,0.00327196,20,1,384,942500,16959,3275250,30143,230,671217
0,5836,38.511294588435376,0.003191624,20,1,384,1011958,11667,3151750,29883,231,671219
0,5837,38.514713671435381,0.00338504114,20,1,384,986833,23125,3350875,29819,231,671219
0,5838,38.51792204643538,0.00327629666,20,1,384,1055916,20041,3371584,29755,231,671219
0,5839,38.521130713435376,0.00302241347,20,1,384,988708,12542,2963042,29883,231,671219
0,5840,38.52472021343538,0.00376912556,20,1,384,1060166,22083,3626875,29819,231,671219
0,5841,38.527713963435374,0.00303216418,20,1,384,982625,21583,3238542,29755,231,671219
0,5842,38.530871713435374,0.00305021252,20,1,384,995625,11667,2949125,29883,231,671219
0,5843,38.53429300543538,0.00351049472,20,1,384,1038583,16750,3511500,29819,231,671219
0,5844,38.537628088435376,0.00334487669,20,1,384,1001333,16917,3311458,29755,231,671219
0,5845,38.541033963435375,0.0033587513,20,2,384,969833,17792,3180542,29883,231,671219
0,5846,38.543996088435378,0.00303933537,20,2,384,975000,10709,3276500,29819,231,671219
0,5847,38.546797338435375,0.00284495461,20,2,384,986208,8750,2909167,29755,232,671231
0,5848,38.549931838435377,0.00302421348,20,2,384,984708,9500,2891917,29883,232,671231
0,5849,38.552927796435377,0.003037911,20,4,384,980625,18542,3111208,29819,232,671231
0,5850,38.556047963435375,0.003033709,20,4,384,1011208,8791,2972458,29755,232,671231
0,5851,38.559158338435381,0.00312900357,20,4,384,1038375,15125,3098916,29883,234,671263
0,5852,38.562366630435378,0.0032143353,20,5,384,940458,17875,3228917,29819,234,671263
0,5853,38.565580421435378,0.00319616636,20,5,384,1035042,17375,3076250,29755,234,671263
0,5854,38.568729338435375,0.0031985403,20,5,384,1030500,12791,3328417,29883,235,671275
0,5855,38.572585588435381,0.00350412424,20,6,384,998750,16875,3364416,29819,235,671275
0,5856,38.576105796435378,0.00382541819,20,6,384,1253458,19500,3875500,29755,235,671275
0,5857,38.579683255435377,0.00352937216,20,6,384,1025667,21791,3419542,29883,236,671287
0,5858,38.584033546435379,0.00450400356,20,7,384,990750,13083,4700167,40261,236,671287
0,5859,38.587611755435375,0.00360628543,20,7,384,985625,13791,3603458,38035,236,671287
0,5860,38.591132838435378,0.003418169,20,9,384,951000,9666,3361375,29883,237,671299
0,5861,38.594379463435381,0.00314550032,20,9,384,983875,19625,3232000,29819,237,671299
0,5862,38.597647171435376,0.0032752906,20,9,384,1126708,14917,3166084,29755,239,671331
0,5863,38.60131421343538,0.00364191458,20,11,384,1093875,12541,3593000,29883,239,671331
0,5864,38.604881046435381,0.00373609,20,11,384,1017833,15208,3670375,29819,239,671331
0,5865,38.608240171435376,0.00330111966,20,11,384,1003875,12125,3416500,29755,241,671409
0,5866,38.61146100543538,0.0032732496,20,13,384,1031375,10375,3257000,29883,241,671409
0,5867,38.614805088435375,0.00311904773,20,13,384,979167,15416,3131833,29819,241,671409
0,5868,38.61833363043538,0.00362991076,20,13,384,1147292,13208,3604333,29755,243,671487
0,5869,38.621672796435377,0.00350987818,20,14,384,984750,17333,3411709,29883,243,671487
0,5870,38.624943338435379,0.00315533578,20,14,384,962959,11083,3277959,29819,243,671487
0,5871,38.628301505435381,0.00332074822,20,14,384,993292,18333,3321667,30143,244,671553
0,5872,38.631656588435376,0.00335228886,20,14,384,1085083,15209,3374083,29883,245,671555
0,5873,38.635032588435379,0.00337650231,20,15,384,1047958,19708,3286958,29819,245,671555
0,5874,38.638529755435378,0.00335037545,20,15,384,1050125,15917,3400084,29807,245,671555
0,5875,38.641905005435376,0.00361320865,20,15,384,1048959,22417,3585167,29883,246,671575
0,5876,38.645187963435376,0.003276084,20,15,384,994458,15625,3267167,29819,246,671575
0,5877,38.648301380435377,0.00292612659,20,15,384,973542,16250,3030959,29755,246,671575
0,5878,38.651841338435375,0.00377383083,20,15,384,1116375,17667,3547292,29883,246,671575
0,5879,38.654963005435377,0.00308408448,20,15,384,978375,11166,3148375,29819,246,671575
0,5880,38.658506171435377,0.00338816619,20,15,384,973042,17875,3375000,29755,246,671575
0,5881,38.661764963435381,0.0034022464,20,15,384,1005125,24333,3473041,29883,246,671575
0,5882,38.665151630435375,0.00322213,20,15,384,992667,19708,3230333,29819,246,671575
0,5883,38.668555505435378,0.003569161,20,15,384,1091167,20625,3512167,29755,246,671575
0,5884,38.671629213435381,0.00310204085,20,15,384,1001833,18875,3167958,29883,246,671575
0,5885,38.675070380435379,0.00337004685,20,15,384,990334,15084,3306042,29819,246,671575
0,5886,38.67834017143538,0.00318020838,20,15,384,1013625,18166,3264083,29755,246,671575
0,5887,38.68156396343538,0.00324287126,20,15,384,1040291,13583,3213666,29883,246,671575
0,5888,38.684849463435377,0.00337670767,20,15,384,1084708,11459,3311583,29819,246,671575
0,5889,38.688297880435378,0.00343104452,20,15,384,1007708,18500,3433666,29755,246,671575
0,5890,38.691863838435374,0.0036480017,20,15,384,1005417,18334,3562542,29883,246,671575
0,5891,38.695076046435375,0.003107412,20,15,384,979959,11250,3238375,30303,246,671575
0,5892,38.698461338435379,0.00318833627,20,15,384,1068667,15834,3149750,29755,246,671575
0,5893,38.702131171435376,0.00395425176,20,15,384,1078000,21458,3786709,29883,246,671575
0,5894,38.705463880435374,0.00325670349,20,15,384,996834,12625,3401375,29819,246,671575
0,5895,38.70962663043538,0.00394196436,20,15,384,1015709,14000,3794250,29755,246,671575
0,5896,38.713415880435377,0.00398332626,20,15,384,1162709,21250,3947000,29883,246,671575
0,5897,38.717290921435378,0.00385034014,20,15,384,1028083,13416,3943709,29819,246,671575
0,5898,38.720860630435375,0.00345286983,20,15,384,1028708,14500,3509000,29755,246,671575
0,5899,38.724914796435378,0.004195543,20,15,384,1072458,15125,4066208,29883,246,671575
0,5900,38.728615588435375,0.0036040463,20,15,384,1047292,15041,3717083,29819,246,671575
0,5901,38.732640213435374,0.003957412,20,15,384,1100042,21208,3786750,29755,246,671575
0,5902,38.737272630435378,0.004878373,20,15,384,1126500,21250,5026834,40325,246,671575
0,5903,38.741412713435381,0.004055584,20,15,384,982833,12458,4066083,38099,246,671575
0,5904,38.744475296435375,0.00319183664,20,15,384,1008166,10583,3297708,29755,246,671575
0,5905,38.747889546435374,0.00322604156,20,15,384,1029416,8250,3071541,29883,246,671575
0,5906,38.751180796435378,0.00343608274,20,15,384,1018958,19583,3506041,30207,246,671575
0,5907,38.754592588435379,0.00319545786,20,15,384,1017875,14458,3209542,29755,247,671577
0,5908,38.758500963435381,0.004050709,20,15,384,1147625,18334,3885625,29883,247,671577
0,5909,38.761720671435377,0.00326303858,20,15,384,1012333,12542,3388791,29819,247,671577
0,5910,38.765165921435376,0.00328875426,20,15,384,1018625,16875,3201250,29755,247,671577
0,5911,38.76860892143538,0.00359016447,20,15,384,1093125,21791,3612875,29883,247,671577
0,5912,38.771936421435377,0.003281916,20,15,384,1008541,18916,3292834,29819,247,671577
0,5913,38.775422088435377,0.0035633787,20,15,384,1035208,21291,3585667,29755,247,671577
0,5914,38.778822255435379,0.0032505386,20,15,384,981375,16292,3218166,29883,247,671577
0,5915,38.782092671435379,0.00323258224,20,15,384,1083375,11291,3252666,29819,247,671577
0,5916,38.785327505435376,0.00334970956,20,15,384,1092250,18917,3407791,29755,247,671577
0,5917,38.789170213435376,0.003843084,20,15,384,1066042,14917,3596750,29883,246,671575
0,5918,38.792493255435375,0.00338654337,20,15,384,1064583,15334,3586250,29819,246,671575
0,5919,38.795552046435375,0.0030625,20,15,384,1013708,12125,3161834,29755,246,671575
0,5920,38.79918338043538,0.003484538,20,15,384,1026666,12791,3161041,29883,245,671573
0,5921,38.802596088435379,0.00354520977,20,15,384,1056041,12333,3685583,29819,245,671573
0,5922,38.806187380435375,0.00341237243,20,15,384,989959,17500,3480208,29755,245,671573
0,5923,38.809564796435374,0.00355704362,20,15,384,1108042,28375,3492958,29883,245,671573
0,5924,38.812899671435375,0.00335454219,20,15,384,1000834,18375,3274500,29819,245,671573
0,5925,38.816209005435375,0.003299752,20,15,384,973584,21000,3410333,29755,245,671573
0,5926,38.819381463435377,0.00313812355,20,13,384,1007375,12458,3180291,29883,245,671573
0,5927,38.822640213435378,0.00322391582,20,3,384,971333,18625,3215750,29819,245,671573
0,5928,38.826046630435378,0.00350321014,20,3,384,1070042,13042,3401000,29755,243,671533
0,5929,38.829199546435376,0.00310916244,20,3,384,966875,19042,3190875,29883,233,671405
0,5930,38.832696088435377,0.00341325114,20,3,384,1007542,17750,3290833,29819,233,671405
0,5931,38.836137130435375,0.00350958761,20,3,384,1045958,21000,3575292,29755,233,671405
0,5932,38.839427046435375,0.00322728883,20,3,384,1031125,17209,3309208,29935,233,671405
0,5933,38.842826130435377,0.00344633637,20,3,384,1011375,16750,3308500,29819,233,671405
0,5934,38.846151130435381,0.003283957,20,3,384,998958,18875,3354917,29755,233,671405
0,5935,38.849661963435381,0.003552544,20,3,384,1085250,10875,3424542,30153,233,671405
0,5936,38.853079755435381,0.00344466418,20,3,384,1032875,12125,3548833,29819,233,671405
0,5937,38.85622667143538,0.00311737531,20,3,384,998334,17875,3244042,29755,233,671405
0,5938,38.859693380435381,0.00350995618,20,3,384,1089083,13625,3208334,29883,233,671405
0,5939,38.86307942143538,0.003395961,20,3,384,979708,12417,3526541,29819,233,671405
0,5940,38.866711755435375,0.00348512619,20,3,384,978833,18083,3458417,29755,233,671405
0,5941,38.869981796435376,0.0034162486,20,3,384,1034000,19292,3429583,30271,233,671405
0,5942,38.873221838435377,0.00319474912,20,3,384,1007291,18292,3266875,29819,234,671407
0,5943,38.876496671435376,0.00332417083,20,3,384,1062583,12250,3284208,29755,234,671407
0,5944,38.879724921435376,0.00322966278,20,3,384,1012167,13125,3175584,29883,234,671407
0,5945,38.883118380435377,0.00345966546,20,3,384,970708,8792,3333209,29819,234,671407
0,5946,38.88692513043538,0.003761834,20,3,384,952791,11542,3967917,40197,234,671407
0,5947,38.890920338435379,0.00387729588,20,3,384,1029375,10875,3720292,38163,234,671407
0,5948,38.894215130435377,0.00338841416,20,3,384,1049833,14041,3541417,29819,234,671407
0,5949,38.897672963435376,0.00336633367,20,3,384,1017625,13875,3229917,29755,234,671407
0,5950,38.901083713435376,0.003435289,20,3,384,1038208,18583,3488500,29883,234,671407
0,5951,38.904565505435379,0.003550085,20,3,384,965042,16333,3335417,29819,234,671407
0,5952,38.90806317143538,0.003481498,20,3,384,1001250,15583,3667834,29755,234,671407
0,5953,38.911379796435376,0.00333608268,20,3,384,982417,18500,3297208,29883,234,671407
0,5954,38.914636005435376,0.00317183253,20,3,384,985916,13209,3229584,29819,234,671407
0,5955,38.917970755435377,0.00342375273,20,3,384,1098334,15250,3451542,29755,234,671407
0,5956,38.921174463435378,0.00303929276,20,0,384,1007041,10416,3076417,29883,234,671407
0,5957,38.924771963435376,0.00373270968,20,0,384,1078916,16334,3563875,31659,234,671407
0,5958,38.92805158843538,0.00325695868,20,0,384,995250,12167,3348292,29755,231,671209
0,5959,38.931300046435375,0.003219749,20,0,384,1038208,19500,3193792,29883,229,671205
0,5960,38.934595588435378,0.00333562214,20,0,384,1008042,20500,3303709,29819,229,671205
0,5961,38.938062588435379,0.003546379,20,0,384,1014916,18375,3461042,29755,228,671203
0,5962,38.941418505435379,0.003247038,20,0,384,969375,11916,3314459,29883,228,671203
0,5963,38.94467442143538,0.00332312915,20,0,384,975500,14083,3387708,29819,228,671203
0,5964,38.94795017143538,0.00312662264,20,0,384,972916,17541,3115625,29755,228,671203
0,5965,38.951368546435376,0.003561501,20,0,384,1126917,12500,3487166,29883,228,671203
0,5966,38.954694921435376,0.003393828,20,0,384,971417,21917,3326125,29819,228,671203
0,5967,38.958044130435376,0.00323387887,20,0,384,968291,11958,3259500,29755,228,671203
0,5968,38.96159700543538,0.003484375,20,0,384,1006708,17875,3439250,29883,228,671203
0,5969,38.965537296435379,0.00379841984,20,0,384,1024875,13875,3849666,29819,228,671203
0,5970,38.969096130435375,0.0037916596,20,0,384,1128583,24875,3795083,29755,228,671203
0,5971,38.972741671435379,0.00366550451,20,0,384,975667,20625,3508125,29883,228,671203
0,5972,38.976261963435377,0.003462245,20,0,384,1018500,12542,3622084,29819,228,671203
0,5973,38.97993058843538,0.00360458484,20,0,384,1000250,19708,3604667,29755,228,671203
0,5974,38.983786838435378,0.00406945869,20,0,384,989875,13209,3985041,29883,228,671203
0,5975,38.987007713435375,0.00303720939,20,0,384,964959,11083,3176958,29819,228,671203
0,5976,38.990440213435377,0.00329616643,20,0,384,1046542,17500,3272250,30143,228,671203
0,5977,38.99418625543538,0.00401524967,20,0,384,1162208,18375,3799000,29883,229,671205
0,5978,38.997623796435377,0.0033580428,20,0,384,975333,13584,3502041,29819,229,671205
0,5979,39.001336921435374,0.0036181265,20,0,384,1013792,15042,3590667,29755,229,671205
0,5980,39.004910088435381,0.003785622,20,0,384,997250,14833,3671291,29883,229,671205
0,5981,39.008262588435379,0.0032541242,20,0,384,965375,11125,3405500,29819,229,671205
0,5982,39.011369338435379,0.00313013047,20,0,384,1020666,12292,3206541,29755,229,671205
0,5983,39.014480588435376,0.00307516288,20,0,384,1032625,12792,3072333,29883,229,671205
0,5984,39.018042838435377,0.00351754529,20,0,384,1056500,10041,3316084,29819,229,671205
0,5985,39.021462380435381,0.00353025086,20,0,384,994916,19875,3546583,29755,229,671205
0,5986,39.025408463435376,0.00368262478,20,0,384,921458,10625,3625291,29883,229,671205
0,5987,39.029172546435376,0.00394345261,20,0,384,1109708,14083,3978291,29819,229,671205
0,5988,39.032644380435379,0.00345804286,20,0,384,996708,15417,3526792,29755,229,671205
0,5989,39.035934630435378,0.00342283165,20,0,384,986625,19625,3359583,29883,229,671205
0,5990,39.040359671435375,0.004298129,20,0,384,951625,10958,4334833,40261,229,671205
0,5991,39.04439783843538,0.00407453952,20,0,384,998334,12750,4157000,38087,229,671205
0,5992,39.048103005435379,0.00364762614,20,0,384,1028459,11708,3333416,29883,229,671205
0,5993,39.051806213435377,0.00387070584,20,0,384,1059458,14208,3879083,29819,229,671205
0,5994,39.055133380435379,0.00318762753,20,0,384,953542,11500,3400375,29755,229,671205
0,5995,39.058889255435375,0.00370192039,20,0,384,999417,21667,3685958,29883,229,671205
0,5996,39.062345463435378,0.00352979032,20,0,384,1010792,12500,3507250,29819,229,671205
0,5997,39.065767005435376,0.00340603734,20,0,384,1035000,11833,3388542,29755,229,671205
0,5998,39.06893129643538,0.00324371457,20,0,384,1007042,19417,3377458,29883,228,671203
0,5999,39.072188796435377,0.003128954,20,0,384,968416,15875,3127584,29819,228,671203
0,6000,39.075529171435377,0.00337170484,20,0,384,1058750,17208,3277042,29755,228,671203
0,6001,39.07905321343538,0.003449922,20,0,384,1074625,12791,3503959,29883,228,671203
0,6002,39.082614921435379,0.00372087583,20,0,384,1027125,11250,3601917,29819,228,671203
0,6003,39.085754130435376,0.003102792,20,0,384,983291,13541,3254917,29755,228,671203
0,6004,39.089152505435379,0.00338466559,20,0,384,1024833,14000,3322459,29883,228,671203
0,6005,39.092518796435378,0.003402792,20,0,384,1007125,19791,3398708,29819,228,671203
0,6006,39.095580546435379,0.0030434595,20,0,384,978333,17875,3129667,29755,228,671203
0,6007,39.099251296435376,0.00359916384,20,0,384,1049375,13833,3384459,29883,228,671203
0,6008,39.102472463435376,0.00330058113,20,0,384,1009958,11750,3414459,29819,228,671203
0,6009,39.10572004643538,0.0031783802,20,0,384,989584,17542,3246833,29755,228,671203
0,6010,39.109159713435375,0.003518665,20,0,384,1045333,12416,3399833,30271,228,671203
0,6011,39.112205880435376,0.0030610403,20,0,384,959833,16583,3180041,29819,229,671205
0,6012,39.115580713435378,0.00322553865,20,0,384,1042250,13167,3015417,29755,229,671205
0,6013,39.11911329643538,0.00363754248,20,0,384,1063417,22500,3722792,29883,229,671205
0,6014,39.122439046435375,0.00332371029,20,0,384,962833,11542,3351625,29819,229,671205
0,6015,39.125648296435379,0.00326070725,20,0,384,1036417,12958,3306500,29755,229,671205
0,6016,39.128695463435378,0.003055584,20,0,384,1007042,12292,3056958,29883,229,671205
0,6017,39.13162267143538,0.00283020828,20,0,384,976750,16208,2935375,29819,229,671205
0,6018,39.134761338435375,0.003266128,20,0,384,1071042,14916,3099042,29755,229,671205
0,6019,39.138138963435381,0.0033545848,20,0,384,970875,12125,3255625,29883,229,671205
0,6020,39.141531963435376,0.00334083056,20,0,384,975959,13334,3437667,29819,229,671205
0,6021,39.14452904643538,0.003008128,20,0,384,934834,10791,3103041,29755,229,671205
0,6022,39.14790617143538,0.00325070159,20,0,384,1001250,14375,3072125,29883,229,671205
0,6023,39.15163517143538,0.00382033736,20,0,384,1042584,20541,3813750,29819,229,671205
0,6024,39.15493938043538,0.00335162273,20,0,384,1020209,13959,3426958,29755,229,671205
0,6025,39.158334380435377,0.00334387762,20,0,384,975291,18083,3252541,29883,229,671205
0,6026,39.161499171435381,0.0032136268,20,0,384,952250,11500,3303500,29819,229,671205
0,6027,39.164695588435379,0.00312387338,20,0,384,985875,16875,3098417,29755,228,671203
0,6028,39.168048755435379,0.00339528779,20,0,384,1054875,15458,3384583,29883,228,671203
0,6029,39.171522421435377,0.003508709,20,0,384,1005875,16666,3280500,29819,228,671203
0,6030,39.174849755435375,0.00330883637,20,0,384,977042,14875,3505333,29755,228,671203
0,6031,39.177906213435378,0.00310228881,20,0,384,1009583,15042,3160541,29883,228,671203
0,6032,39.180912671435379,0.0029172122,20,0,384,953167,17708,3015250,29819,228,671203
0,6033,39.184113005435378,0.003293247,20,0,384,1010167,13875,3120834,29755,228,671203
0,6034,39.187262796435377,0.003120876,20,0,384,958125,17584,3080500,29883,228,671203
0,6035,39.19140150543538,0.004131959,20,0,384,980500,12500,4199667,40261,228,671203
0,6036,39.195308213435375,0.00389883085,20,0,384,1008583,12084,3875500,38035,228,671203
0,6037,39.198710213435376,0.003203047,20,0,384,1008708,13958,3125458,29883,228,671203
0,6038,39.20220538043538,0.00365816336,20,0,384,1027750,12625,3702458,29819,228,671203
0,6039,39.206381005435375,0.00379674742,20,0,384,1014458,19667,3675250,29755,228,671203
0,6040,39.210085588435376,0.00421213172,20,0,384,1234375,23667,4110750,29883,228,671203
0,6041,39.21316033843538,0.003000078,20,0,384,926250,12041,3285708,29819,228,671203
0,6042,39.216625755435381,0.00342896115,20,0,384,994000,11542,3309083,29755,228,671203
0,6043,39.219890463435377,0.00322462432,20,0,384,1010750,18042,3339125,29883,228,671203
0,6044,39.223046505435377,0.00314791664,20,0,384,987833,11083,3153792,29819,228,671203
0,6045,39.226599505435381,0.00349162426,20,0,384,1093375,10750,3392875,29755,228,671203
0,6046,39.230214630435377,0.00377658731,20,0,384,1019708,21166,3684416,30271,228,671203
0,6047,39.233963838435379,0.00350208324,20,0,384,998667,12125,3586000,29819,229,671205
0,6048,39.237687380435375,0.00391749572,20,0,384,1131375,17042,3824375,29755,229,671205
0,6049,39.241488755435377,0.00373208616,20,0,384,1021708,12542,3674000,29883,229,671205
0,6050,39.244858963435377,0.00342045771,20,0,384,987667,14792,3581375,29871,229,671205
0,6051,39.248050255435381,0.003091291,20,0,384,988541,18458,3205208,29755,229,671205
0,6052,39.251292755435379,0.003418169,20,0,384,1151208,14625,3284667,29883,229,671205
0,6053,39.254398046435377,0.003053536,20,0,384,956791,17458,3098792,29819,229,671205
0,6054,39.257619546435379,0.00318383635,20,0,384,1014666,10916,3093875,29755,229,671205
0,6055,39.26101733843538,0.00333908014,20,0,384,1039500,18667,3418083,29883,229,671205
0,6056,39.264419213435374,0.00342558813,20,0,384,1001459,15000,3377292,29819,229,671205
0,6057,39.26785750543538,0.0035148738,20,0,384,1069042,17500,3505917,29755,229,671205
0,6058,39.271248255435374,0.0033111677,20,0,384,1005500,17667,3319708,29883,229,671205
0,6059,39.275331130435376,0.004051623,20,0,384,1051542,14167,3870917,29819,229,671205
0,6060,39.278771963435375,0.00339370756,20,0,384,1060208,17291,3578500,29755,229,671205
0,6061,39.282379005435381,0.00378608285,20,0,384,1044917,22417,3687167,29883,229,671205
0,6062,39.28543829643538,0.003107249,20,0,384,978708,18958,3210833,29819,229,671205
0,6063,39.288323671435379,0.00290371315,20,0,384,959000,15042,2998459,29755,229,671205
0,6064,39.291625338435381,0.00320762466,20,0,384,999959,10167,3086209,29883,229,671205
0,6065,39.29463133843538,0.0030716625,20,0,384,1020583,16250,3130667,30487,229,671205
0,6066,39.29790854643538,0.00320620742,20,0,384,1010292,9334,3078500,29755,229,671205
0,6067,39.301206130435375,0.00323433965,20,0,384,1014042,17375,3275583,29883,229,671205
0,6068,39.30440404643538,0.00326208188,20,0,384,977291,20833,3266417,29819,229,671205
0,6069,39.307786213435378,0.0033147037,20,0,384,1025792,10750,3247375,30229,229,671205
0,6070,39.311270713435377,0.0036240858,20,0,384,1045084,16250,3614000,29883,229,671205
0,6071,39.314858921435381,0.003393587,20,0,384,960167,13583,3367500,29819,229,671205
0,6072,39.318349880435377,0.003541369,20,0,384,1069666,20416,3591666,29755,229,671205
0,6073,39.321806921435375,0.00364850485,20,0,384,979041,19667,3539584,29883,229,671205
0,6074,39.325248921435374,0.00329608144,20,0,384,945875,12375,3346625,29819,229,671205
0,6075,39.328623630435381,0.00338796061,20,0,384,1017709,17416,3486167,29755,229,671205
0,6076,39.331999380435377,0.00332753686,20,0,384,1052458,12625,3217500,29883,229,671205
0,6077,39.335420088435377,0.00345808524,20,0,384,1006792,15417,3539333,29819,229,671205
0,6078,39.338930921435377,0.00341162831,20,0,384,1042542,16916,3336958,29755,229,671205
0,6079,39.343077130435375,0.00433779042,20,0,384,1022666,18458,4394750,40325,229,671205
0,6080,39.347186630435381,0.00403770572,20,0,384,992041,11417,4036875,38099,229,671205
0,6081,39.351067505435381,0.00379158161,20,0,384,1003584,10708,3747000,30383,229,671205
0,6082,39.354460963435379,0.00344904326,20,0,384,1064875,13584,3435583,29883,230,671207
0,6083,39.357849005435376,0.00337937917,20,0,384,1015834,18791,3360750,29819,230,671207
0,6084,39.361179255435381,0.00322787,20,0,384,1025583,15125,3385792,29755,230,671207
0,6085,39.364497171435374,0.00348000275,20,0,384,1068167,11291,3403125,29883,230,671207
0,6086,39.36783275543538,0.00335316756,20,0,384,1012083,15917,3308250,29819,230,671207
0,6087,39.370954046435379,0.00304662,20,0,384,990459,21834,3110209,29755,230,671207
0,6088,39.374575421435381,0.00356921065,20,0,384,1055292,13584,3374417,29883,230,671207
0,6089,39.378019796435375,0.00350583182,20,0,384,1110667,12709,3612625,29819,230,671207
0,6090,39.381411255435374,0.00321320863,20,0,384,1017084,15792,3283792,29755,230,671207
0,6091,39.384767755435377,0.00360462721,20,0,384,1088166,17375,3496125,29883,230,671207
0,6092,39.388420171435378,0.00371378963,20,0,384,970166,12791,3526291,29819,230,671207
0,6093,39.391739671435374,0.00321400235,20,0,384,948625,12208,3450375,29755,230,671207
0,6094,39.395407213435377,0.00366699975,20,0,384,1021250,11625,3228459,29883,230,671207
0,6095,39.399049921435378,0.00357412128,20,0,384,1054625,11667,3760292,37979,230,671207
0,6096,39.40246850543538,0.00348538114,20,0,384,985500,11834,3693750,29755,230,671207
0,6097,39.406040338435375,0.00352724642,20,0,384,984333,20042,3507666,29883,230,671207
0,6098,39.409632630435375,0.00371412281,20,0,384,1072834,12500,3392583,29819,230,671207
0,6099,39.41324283843538,0.00352020981,20,0,384,994416,11375,3839375,29755,230,671207
0,6100,39.416629463435378,0.00343212858,20,0,384,1012292,20125,3449708,29883,230,671207
0,6101,39.420027546435378,0.003297038,20,0,384,967625,18542,3265834,29819,230,671207
0,6102,39.423381213435377,0.00335408165,20,0,384,1022083,12875,3424667,29795,230,671207
0,6103,39.42674467143538,0.00354192173,20,0,384,1071708,15417,3287250,29883,230,671207
0,6104,39.430064171435376,0.00318929274,20,0,384,943625,12125,3299375,29819,230,671209
0,6105,39.433817671435378,0.00387945725,20,0,384,1024291,14625,3871500,29755,230,671209
0,6106,39.436916088435375,0.00303991628,20,0,384,975167,11250,3143000,29883,230,671209
0,6107,39.440402046435381,0.00336720515,20,0,384,989084,18833,3257833,29819,230,671209
0,6108,39.443604963435376,0.003221875,20,0,384,997625,11500,3364209,29755,230,671209
0,6109,39.447240796435381,0.00357962726,20,0,384,1058583,15541,3433291,29935,230,671209
0,6110,39.450609046435375,0.0035484978,20,0,384,1012708,21833,3601250,29819,230,671209
0,6111,39.453708880435379,0.003037167,20,0,384,973291,17042,3162458,29755,230,671209
0,6112,39.457120296435377,0.00326970662,20,0,384,1058583,12167,3138583,29883,230,671209
0,6113,39.460726213435379,0.003630173,20,0,384,1086167,18083,3634333,29819,230,671209
0,6114,39.464222171435381,0.0035774943,20,0,384,1000000,14166,3556792,29755,230,671209
0,6115,39.467737796435379,0.00355321,20,0,384,1028916,18500,3491500,29883,230,671209
0,6116,39.470988213435376,0.00319912843,20,0,384,959542,12875,3304250,30207,230,671209
0,6117,39.474616505435378,0.00357149937,20,0,384,1052291,19833,3380208,29755,231,671211
0,6118,39.47810958843538,0.00364503963,20,0,384,1044208,23416,3742542,29883,231,671211
0,6119,39.481449630435378,0.00309904339,20,0,384,971042,14583,3181625,29819,231,671211
0,6120,39.484724505435381,0.00348358136,20,0,384,1076084,22959,3454583,29755,231,671211
0,6121,39.488101713435377,0.00344279339,20,0,384,1017459,11792,3352125,29883,231,671211
0,6122,39.491604838435379,0.00341391726,20,0,384,972042,11375,3337750,29819,231,671211
0,6123,39.49599317143538,0.004307625,20,0,384,989916,19333,4437125,40197,231,671211
0,6124,39.500432671435377,0.004463166,20,0,384,1091250,10584,4463291,38163,231,671211
0,6125,39.503664213435378,0.00329700252,20,0,384,1012000,12334,3375708,29819,231,671211
0,6126,39.506964088435375,0.00329941185,20,0,384,1052083,17750,3104458,29755,231,671211
0,6127,39.510337005435375,0.003388832,20,0,384,1002042,19291,3494291,29883,231,671211
0,6128,39.513442213435376,0.00311921071,20,0,384,992000,20125,3181250,29819,231,671211
0,6129,39.516925463435378,0.00338329072,20,0,384,1031416,13708,3304666,29755,231,671211
0,6130,39.520307796435375,0.00344041944,20,0,384,1046000,12417,3410041,29883,230,671209
0,6131,39.523479546435375,0.00309766154,20,0,384,980209,12042,3218125,29819,230,671209
0,6132,39.526648796435374,0.00335654756,20,0,384,1134584,11583,3166542,29755,230,671209
0,6133,39.52953833843538,0.0028660784,20,0,384,925583,14292,3011083,29883,230,671209
0,6134,39.53285475543538,0.00326954364,20,0,384,964500,14458,3185250,29819,230,671209
0,6135,39.535662005435377,0.00289970939,20,0,384,968917,18084,3089209,30803,230,671209
0,6136,39.538490796435376,0.00276374724,20,0,384,959416,13167,2692792,29883,230,671209
0,6137,39.541540171435379,0.00306770834,20,0,384,923292,11958,3020250,29819,230,671209
0,6138,39.544377088435375,0.00289545767,20,0,384,976292,11958,2949250,29755,230,671209
0,6139,39.54742033843538,0.00304387766,20,0,384,963459,10167,2928917,29883,230,671209
0,6140,39.550245796435377,0.00281720515,20,0,384,928875,10917,2930125,29819,230,671209
0,6141,39.552930255435378,0.002694423,20,0,384,972375,10083,2751375,29755,230,671209
0,6142,39.555792588435381,0.002812911,20,0,384,956875,10959,2705334,29883,230,671209
0,6143,39.559085005435378,0.003214541,20,0,384,1004042,9041,3205917,29819,230,671209
0,6144,39.562078380435381,0.00304808677,20,0,384,946375,16250,3058375,29755,230,671209
0,6145,39.564971921435379,0.00270833331,20,0,384,1017958,11583,2824000,29883,229,671207
0,6146,39.56792104643538,0.00314208469,20,0,384,1155292,14208,2995084,29819,229,671207
0,6147,39.571003713435381,0.00301879249,20,0,384,999541,10250,3036792,29755,229,671207
0,6148,39.574242296435379,0.00325878686,20,0,384,1055541,12917,3160750,29883,229,671207
0,6149,39.577327255435378,0.00313120754,20,0,384,982250,18959,3224375,29819,229,671207
0,6150,39.580714213435378,0.00318587734,20,0,384,996625,10458,3062167,29755,229,671207
0,6151,39.584336046435375,0.00386741781,20,0,384,1026416,19375,3811083,29883,229,671207
0,6152,39.587444963435381,0.0029712515,20,0,384,937291,12542,3115000,29819,229,671207
0,6153,39.59079017143538,0.003304287,20,0,384,1021000,11417,3079792,30143,229,671207
0,6154,39.593996421435378,0.00329433824,20,0,384,1029000,17875,3499500,29883,230,671209
0,6155,39.597248088435379,0.003193084,20,0,384,1020375,17125,3178042,29819,230,671209
0,6156,39.600528213435375,0.00325778779,20,0,384,1009875,20291,3289208,29755,230,671209
0,6157,39.603605005435377,0.003172626,20,0,384,992459,15000,3127667,29883,230,671209
0,6158,39.60698904643538,0.00324308383,20,0,384,988125,18209,3167459,29819,230,671209
0,6159,39.610392713435381,0.00352932955,20,0,384,1041750,22625,3592959,29755,229,671207
0,6160,39.613715713435376,0.00340817031,20,0,384,1012541,10750,3309750,29883,229,671207
0,6161,39.617201838435378,0.003374752,20,0,384,934042,11125,3399667,29819,229,671207
0,6162,39.620471005435377,0.00320128957,20,0,384,1005708,17666,3271834,29755,229,671207
0,6163,39.623675880435378,0.00324645685,20,0,384,997792,16584,3206958,29883,229,671207
0,6164,39.627042546435376,0.00343820872,20,0,384,1024333,20292,3420750,29819,229,671207
0,6165,39.630197046435377,0.00317096082,20,0,384,975208,16125,3253042,29755,229,671207
0,6166,39.634119921435378,0.00397074828,20,0,384,1001875,13500,3895417,29883,229,671207
0,6167,39.637226338435376,0.002974334,20,0,384,964500,11334,2979167,29819,229,671207
0,6168,39.640596796435375,0.00329199969,20,0,384,1057333,17083,3136500,29755,229,671207
0,6169,39.643907213435376,0.00352774933,20,0,384,984542,19792,3531167,29883,229,671207
0,6170,39.647921921435376,0.003969629,20,0,384,950416,11583,4137834,40313,229,671207
0,6171,39.651608255435377,0.00373220653,20,0,384,1020000,10750,3700792,38035,229,671207
0,6172,39.654610796435378,0.002872704,20,0,384,962709,12125,2891958,29883,229,671207
0,6173,39.658193338435375,0.003568502,20,0,384,1033125,17667,3437125,29819,229,671207
0,6174,39.661449338435375,0.0032610402,20,0,384,1027291,17959,3377667,29755,229,671207
0,6175,39.664576463435381,0.00319879525,20,0,384,960416,16542,3169084,29883,229,671207
0,6176,39.667850171435376,0.00322958478,20,0,384,986875,18250,3196416,29819,229,671207
0,6177,39.671046588435381,0.00324199977,20,0,384,1021333,22917,3166834,29755,229,671207
0,6178,39.674757838435376,0.00356599339,20,0,384,971584,17375,3430083,29883,229,671207
0,6179,39.67828388043538,0.003585126,20,0,384,1072375,16375,3746958,29819,229,671207
0,6180,39.681476130435378,0.003152211,20,0,384,972625,15041,3232917,29755,229,671207
0,6181,39.685099046435376,0.003788081,20,0,384,1143375,13667,3505500,29883,229,671207
0,6182,39.688611338435379,0.00346945855,20,0,384,958958,11167,3690750,29819,229,671207
0,6183,39.69224267143538,0.00357362535,20,0,384,950333,19084,3495458,29755,229,671207
0,6184,39.695653380435381,0.0033290463,20,0,384,979625,24000,3409666,29883,229,671207
0,6185,39.699414421435378,0.00383978873,20,0,384,1073250,20958,3687208,29819,229,671207
0,6186,39.702722046435376,0.00333112245,20,0,384,987166,11791,3476958,29755,229,671207
0,6187,39.70629167143538,0.00333254668,20,0,384,1030083,12208,3313833,29883,229,671207
0,6188,39.709925671435379,0.00383854168,20,0,384,1089709,21459,3790375,30207,229,671207
0,6189,39.713306630435376,0.003429287,20,0,384,1000958,19375,3444417,29755,230,671209
0,6190,39.71665271343538,0.003358879,20,0,384,980333,17750,3334459,29883,230,671209
0,6191,39.720058338435379,0.00327320723,20,0,384,980708,16584,3324708,29819,230,671209
0,6192,39.72341975543538,0.0033792872,20,0,384,1011667,13459,3372500,29755,230,671209
0,6193,39.726766671435378,0.00345992064,20,0,384,1059792,14292,3476917,29883,230,671209
0,6194,39.72987579643538,0.00314024952,20,0,384,978416,17083,3159250,29819,230,671209
0,6195,39.733296838435379,0.003347045,20,0,384,984458,15333,3253375,29755,230,671209
0,6196,39.736549421435377,0.00331766577,20,0,384,996041,19083,3327250,29883,230,671209
0,6197,39.739960505435377,0.00307124434,20,0,384,966666,10625,3166625,29819,230,671209
0,6198,39.743160088435374,0.00351558952,20,0,384,1073667,25834,3486125,29755,230,671209
0,6199,39.746618671435378,0.00352741638,20,0,384,1016458,12792,3350458,29883,230,671209
0,6200,39.750148171435377,0.00343262474,20,0,384,961250,12417,3540542,29819,230,671209
0,6201,39.753371213435379,0.00316733285,20,0,384,997375,17000,3244042,29755,230,671209
0,6202,39.756806171435379,0.00338145555,20,0,384,1074041,12250,3247834,29883,230,671209
0,6203,39.760374796435379,0.00362658012,20,0,384,1043917,21333,3672500,29819,230,671209
0,6204,39.763779380435381,0.0034416737,20,0,384,952167,14667,3425584,29755,230,671209
0,6205,39.767276921435375,0.003534453,20,0,384,992250,18709,3495416,29883,230,671209
0,6206,39.770776338435375,0.00344833476,20,0,384,980000,13209,3472000,29819,230,671209
0,6207,39.77422221343538,0.003468665,20,0,384,1007375,19375,3417209,29755,230,671209
0,6208,39.777465296435381,0.00331679429,20,0,384,987375,19583,3345584,29883,230,671209
0,6209,39.780958463435375,0.00332412845,20,0,384,958500,11792,3356625,29819,230,671209
0,6210,39.784286338435379,0.003382327,20,0,384,1016667,13708,3373250,29755,230,671209
0,6211,39.787780963435381,0.00354000134,20,0,384,1042708,15042,3466959,29883,230,671209
0,6212,39.791299963435378,0.003512585,20,0,384,1007292,16792,3549583,29819,230,671209
0,6213,39.79464688043538,0.00314708054,20,0,384,978625,18583,3198958,29755,230,671209
0,6214,39.799154880435381,0.004699291,20,0,384,1174916,15375,4607583,40325,230,671209
0,6215,39.802946005435381,0.00387045788,20,0,384,952334,12334,3971416,38099,230,671209
0,6216,39.80601675543538,0.00297775655,20,0,384,971875,9250,2992042,29755,230,671209
0,6217,39.809482713435379,0.00361920358,20,0,384,1065833,9916,3396166,29883,230,671209
0,6218,39.812621713435377,0.00300358562,20,0,384,932542,11167,3213041,29819,230,671209
0,6219,39.81608638043538,0.00340741221,20,0,384,1053125,13417,3273750,29755,230,671209
0,6220,39.819602338435381,0.003561671,20,0,384,1054834,19416,3583875,29883,230,671209
0,6221,39.822992463435376,0.00329641439,20,0,384,969375,11750,3407667,29819,230,671209
0,6222,39.82626563043538,0.00332708331,20,0,384,1083083,14417,3293333,29755,230,671209
0,6223,39.829584546435377,0.003418417,20,0,384,1051208,15750,3285250,30271,230,671209
0,6224,39.833028005435381,0.00338275218,20,0,384,973500,17792,3403750,29819,231,671211
0,6225,39.836107546435379,0.00313291536,20,0,384,981917,19083,3246250,29755,231,671211
0,6226,39.839342380435376,0.00313220662,20,0,384,1014167,10084,3141750,29883,231,671211
0,6227,39.842765213435378,0.00345433666,20,0,384,1011833,15834,3318708,29819,231,671211
0,6228,39.846116963435378,0.00338270981,20,0,384,1041041,19458,3424125,29755,231,671211
0,6229,39.849598296435374,0.00351228751,20,0,384,1004375,18084,3441542,29935,231,671211
0,6230,39.852935921435375,0.0033122946,20,0,384,975208,13792,3359125,29819,231,671211
0,6231,39.856293463435378,0.00325766718,20,0,384,999833,17500,3341375,29755,231,671211
0,6232,39.859581546435379,0.00334599637,20,0,384,1133833,10875,3284958,29883,231,671211
0,6233,39.862990046435378,0.003540044,20,0,384,964750,12917,3381166,29819,231,671211
0,6234,39.866498338435377,0.00340083614,20,0,384,982625,10500,3512042,29755,231,671211
0,6235,39.869656046435381,0.00320599484,20,0,384,1022750,17833,3263792,29883,231,671211
0,6236,39.87280829643538,0.00308558671,20,0,384,964875,16959,3005666,29819,231,671211
0,6237,39.876172505435378,0.00334453653,20,0,384,1017417,18000,3404625,29755,231,671211
0,6238,39.879544546435376,0.003367673,20,0,384,1081333,13708,3332083,29883,231,671211
0,6239,39.882878713435375,0.003400248,20,0,384,975334,18833,3361750,29819,231,671211
0,6240,39.88597379643538,0.00308762747,20,0,384,998833,18792,3205417,29755,231,671211
0,6241,39.889515171435377,0.003549327,20,0,384,1056875,12000,3388875,29883,231,671211
0,6242,39.892671588435377,0.00317942188,20,0,384,1019667,13917,3287208,29819,231,671211
0,6243,39.895952338435379,0.00313341827,20,0,384,1015041,13458,3206083,29755,231,671211
0,6244,39.899927630435378,0.00404657749,20,0,384,1122709,19125,3795375,29883,231,671211
0,6245,39.903194046435381,0.00332454639,20,0,384,990458,11750,3456667,29819,231,671211
0,6246,39.906590463435379,0.00325741223,20,0,384,1005917,15959,3242958,29755,231,671211
0,6247,39.914335796435381,0.00368946278,20,0,384,1085167,20375,3480958,29883,231,671211
0,6248,39.932595963435375,0.00794716552,20,0,384,5144459,13333,8016875,48061,231,671211
0,6249,39.93649900543538,0.0182639174,20,0,384,4408000,12458,18371292,180004,231,671211
0,6250,39.940070505435379,0.00352050038,20,0,384,974250,15833,3498333,29883,231,671215
0,6251,39.943452088435379,0.00357495737,20,0,384,1023166,14125,3492833,29819,231,671215
0,6252,39.947049296435381,0.00352716842,20,0,384,986333,19375,3497584,29755,231,671215
0,6253,39.951018046435379,0.00410762476,20,0,384,1012083,11666,4284250,40713,231,671215
0,6254,39.954913505435378,0.003892751,20,0,384,976875,10334,3888792,38147,232,671217
0,6255,39.958885255435376,0.0038673752,20,0,384,995042,10458,3813750,38035,231,671215
0,6256,39.962019213435376,0.003134205,20,0,384,1022416,11750,3227375,29883,231,671215
0,6257,39.965501130435378,0.00342654483,20,0,384,1063625,16542,3256625,29819,231,671215
0,6258,39.968800671435375,0.00339182955,20,0,384,1057375,19500,3475875,29755,231,671215
0,6259,39.972144838435376,0.00336533436,20,0,384,1033417,11916,3228917,29883,231,671215
0,6260,39.975405838435378,0.00327537558,20,0,384,993208,15333,3379708,29819,231,671215
0,6261,39.978613796435376,0.00305262185,20,0,384,1009375,14625,3128458,29755,231,671215
0,6262,39.982046130435378,0.00357096083,20,0,384,1028916,17792,3461167,29883,231,671215
0,6263,39.985365671435375,0.00329304137,20,0,384,981000,17125,3300459,29819,231,671215
0,6264,39.988539963435379,0.00322045782,20,0,384,1014709,16083,3290000,29755,231,671215
0,6265,39.991803296435378,0.003242751,20,0,384,1024000,13750,3190625,29883,231,671215
0,6266,39.994954838435376,0.0030823343,20,0,384,998250,18709,3142667,29819,231,671215
0,6267,39.998148755435381,0.00315858144,20,0,384,1089500,12417,3164042,29755,231,671215
0,6268,40.00149933843538,0.00345729175,20,0,384,1145000,12083,3290417,29883,231,671215
0,6269,40.00456433843538,0.0030152495,20,0,384,926125,11666,3136125,29819,231,671215
0,6270,40.008124921435375,0.003503458,20,0,384,1070625,10125,3366500,29755,231,671215
0,6271,40.011617963435377,0.00354108564,20,0,384,1044625,20333,3585666,29883,231,671215
0,6272,40.01477146343538,0.00312200258,20,0,384,1045250,11916,3289458,29819,231,671215
0,6273,40.018028296435375,0.00328412,20,0,384,1119500,12584,3190458,29755,231,671215
0,6274,40.021813671435375,0.00351033174,20,0,384,1036125,15250,3262166,29883,231,671215
0,6275,40.025212630435377,0.003712422,20,0,384,1107792,21834,3838250,29819,231,671215
0,6276,40.028556755435375,0.00333874719,20,0,384,995833,18000,3430417,29755,231,671215
0,6277,40.031752171435379,0.00314429565,20,0,384,1036583,12625,3160708,29883,231,671215
0,6278,40.035821630435379,0.004175744,20,0,384,1022750,18583,4092625,39873,230,671213
0,6279,40.039090421435375,0.00307288114,20,1,384,1027000,11292,3178041,29755,230,671213
0,6280,40.042568130435377,0.003650581,20,1,384,1073584,12042,3509417,29883,230,671213
0,6281,40.046057838435381,0.003518998,20,1,384,986292,18708,3437292,29819,231,671233
0,6282,40.049418671435376,0.00324292085,20,5,384,1012042,12375,3348667,29755,231,671233
0,6283,40.05288858843538,0.00352345523,20,5,384,1064084,12292,3526500,29935,231,671233
0,6284,40.056334130435374,0.00338233425,20,5,384,1005292,19917,3404208,29819,235,671271
0,6285,40.059781880435381,0.00340066617,20,7,384,1106084,15500,3367208,29755,235,671271
0,6286,40.063205921435376,0.00360671058,20,7,384,1027292,18542,3523125,29883,234,671269
0,6287,40.066752338435379,0.003344997,20,7,384,986416,11000,3346375,29819,236,671341
0,6288,40.069961755435379,0.0033394557,20,7,384,1046250,18083,3452542,30143,236,671341
0,6289,40.073104838435377,0.00311329355,20,7,384,1048125,13667,3147584,29947,236,671341
0,6290,40.076440671435378,0.00338262483,20,7,384,1088791,10750,3299833,29819,236,671343
0,6291,40.07984813043538,0.003353543,20,7,384,1013875,18458,3312959,29755,236,671343
0,6292,40.083297255435376,0.0034999575,20,7,384,996541,13083,3480250,29883,236,671343
0,6293,40.08651225543538,0.0031596655,20,7,384,990208,14750,3242792,29819,236,671343
0,6294,40.089881088435376,0.00333745754,20,7,384,1044208,16541,3350458,29755,236,671343
0,6295,40.093067505435378,0.00332949962,20,7,384,1086458,17250,3283709,29883,236,671343
0,6296,40.096360921435377,0.0031984197,20,7,384,994583,11458,3180916,29819,236,671343
0,6297,40.099755630435375,0.00331608555,20,7,384,1036000,18459,3313291,29755,236,671343
0,6298,40.103811963435376,0.004189831,20,7,384,1011583,17416,4190125,40325,236,671343
0,6299,40.107560588435376,0.00376341422,20,7,384,1053833,11208,3809500,38099,236,671343
0,6300,40.110705713435379,0.00311854458,20,7,384,1008959,16542,3162708,29755,236,671343
0,6301,40.114029130435377,0.003367453,20,7,384,1092416,7959,3233083,29883,236,671343
0,6302,40.117376171435374,0.00328137749,20,7,384,973958,10708,3294500,29819,236,671343
0,6303,40.120841921435378,0.00333446,20,7,384,1007166,18250,3369625,29755,236,671343
0,6304,40.124455213435375,0.00380929,20,7,384,1027416,19375,3621000,29883,236,671343
0,6305,40.12798100543538,0.00323858415,20,7,384,993209,11292,3366875,29819,236,671343
0,6306,40.131585255435375,0.00372517016,20,8,384,1170375,20084,3721458,29755,236,671343
0,6307,40.135095463435377,0.003722541,20,8,384,1089209,20042,3488250,29883,236,671343
0,6308,40.138411130435379,0.003122789,20,8,384,960250,12667,3394542,29819,237,671363
0,6309,40.141880463435378,0.00352029479,20,9,384,1015375,19500,3497500,29755,237,671363
0,6310,40.145078963435381,0.0032856646,20,9,384,1058333,11417,3271792,29883,237,671363
0,6311,40.148312171435379,0.00307191745,20,9,384,990334,15500,3131334,29819,238,671383
0,6312,40.15177338043538,0.00356962159,20,10,384,1090125,18041,3374125,29755,238,671383
0,6313,40.154968796435377,0.00327862822,20,10,384,1018916,16500,3409333,29883,238,671381
0,6314,40.158469796435377,0.00338878972,20,10,384,946250,17500,3298959,29819,238,671399
0,6315,40.16155867143538,0.003078543,20,11,384,987459,11208,3292000,29755,238,671399
0,6316,40.164815546435378,0.00320866634,20,11,384,1080667,12833,3088875,29883,238,671399
0,6317,40.168195921435377,0.00340678846,20,11,384,1083833,18291,3401500,29819,239,671419
0,6318,40.171639463435376,0.00348325539,20,12,384,1074833,11208,3433541,29755,239,671419
0,6319,40.175219505435379,0.0035809523,20,12,384,1031083,17708,3554917,29883,239,671419
0,6320,40.178634046435377,0.00331291812,20,12,384,1013125,18375,3389208,29819,240,671439
0,6321,40.181999671435378,0.00328346086,20,12,384,1058083,17542,3299833,29755,240,671439
0,6322,40.185592380435381,0.00379545777,20,12,384,1101666,18250,3666542,29883,240,671439
0,6323,40.188980671435381,0.00335445721,20,12,384,980500,12375,3434208,30207,240,671439
0,6324,40.192481005435376,0.00353366649,20,12,384,1036375,17709,3490917,29755,241,671441
0,6325,40.195915921435379,0.00332670775,20,12,384,1037167,16208,3335750,29883,241,671441
0,6326,40.19954579643538,0.00363587728,20,19,384,1097708,20208,3660667,29819,241,671441
0,6327,40.202740421435379,0.003337415,20,19,384,1024542,15833,3332416,29755,241,671441
0,6328,40.20615100543538,0.00334354443,20,19,384,1014000,15417,3358750,29883,248,671483
0,6329,40.209513338435379,0.00339849782,20,19,384,1060125,16459,3388458,29819,248,671483
0,6330,40.212686630435378,0.003137415,20,19,384,1029209,10542,3176292,29755,248,671483
0,6331,40.216044046435378,0.00339879538,20,19,384,1091209,12959,3303792,29883,248,671483
0,6332,40.219242338435379,0.003119664,20,19,384,1007792,15209,3215916,29819,248,671483
0,6333,40.222528005435379,0.003298916,20,23,384,1022334,16959,3295750,29819,248,671483
0,6334,40.225921088435378,0.0034047123,20,23,384,1081875,10834,3290083,29883,248,671485
0,6335,40.22933813043538,0.00343137048,20,23,384,1050417,19209,3442334,29819,252,671565
0,6336,40.232672963435377,0.00331108272,20,23,384,1058958,12250,3437917,29755,252,671565
0,6337,40.236112546435379,0.003508546,20,23,384,1075542,15708,3337750,29883,252,671565
0,6338,40.239723755435378,0.00340170786,20,23,384,1032459,12208,3373417,29819,252,671565
0,6339,40.243458546435377,0.003783539,20,23,384,1045666,14958,3779084,29755,252,671565
0,6340,40.246874963435374,0.00362825254,20,23,384,1081750,25083,3653917,29883,252,671565
0,6341,40.250414046435381,0.003480584,20,23,384,974292,11625,3343625,29819,252,671565
0,6342,40.254603921435375,0.004197371,20,23,384,1017208,14708,4337084,40249,252,671565
0,6343,40.258896505435381,0.004215462,20,23,384,1032959,9958,4252375,38163,252,671565
0,6344,40.262399880435375,0.00337783457,20,23,384,1071333,11334,3391709,29819,252,671565
0,6345,40.26603667143538,0.00371782877,20,23,384,1192458,19167,3607541,29755,252,671565
0,6346,40.269451630435377,0.00348779769,20,23,384,1086500,18083,3593834,29883,252,671565
0,6347,40.272898338435375,0.003402785,20,23,384,1044500,15958,3290250,29819,252,671565
0,6348,40.276215421435374,0.00336087728,20,23,384,1084625,17375,3496916,29755,252,671565
0,6349,40.279889505435378,0.00360808522,20,23,384,1074375,15917,3412750,29883,252,671565
0,6350,40.283435296435378,0.00361937354,20,23,384,1012583,14209,3679209,29819,252,671565
0,6351,40.286927755435379,0.00343125,20,23,384,1041167,16750,3498167,29755,252,671565
0,6352,40.290400588435375,0.00342324981,20,23,384,1107000,17708,3379083,29883,252,671565
0,6353,40.294057046435377,0.003712585,20,23,384,1078208,27125,3692292,29819,252,671565
0,6354,40.297740588435374,0.00362162688,20,23,384,1056666,20750,3611292,29755,252,671565
0,6355,40.301313046435375,0.00363653619,20,23,384,1100083,22667,3690167,29883,252,671565
0,6356,40.304596796435376,0.00336699979,20,23,384,1009458,12833,3293500,29819,252,671563
0,6357,40.308150421435379,0.00345437927,20,23,384,1013000,24500,3489500,29755,252,671563
0,6358,40.311465963435374,0.003367751,20,23,384,1060333,13167,3428792,30271,252,671563
0,6359,40.314879630435378,0.00331074977,20,23,384,1051042,16166,3278458,29819,253,671565
0,6360,40.318489255435381,0.00369100063,20,23,384,1162666,15500,3639709,29755,253,671565
0,6361,40.321807713435376,0.0033923327,20,23,384,993583,19750,3433000,29883,253,671565
0,6362,40.325337505435378,0.00349175162,20,23,384,1013084,15709,3408375,29819,253,671565
0,6363,40.328526588435381,0.00319878827,20,23,384,1028792,17584,3294125,29755,253,671565
0,6364,40.331658213435375,0.003025836,20,23,384,1074500,10166,3080292,29883,253,671565
0,6365,40.335377046435376,0.00382895418,20,23,384,1127000,15917,3639084,29819,253,671565
0,6366,40.339029505435377,0.00336508639,20,23,384,1018208,12792,3468042,29755,253,671565
0,6367,40.342301880435379,0.003607497,20,23,384,1061375,23166,3584459,29883,253,671565
0,6368,40.345628963435381,0.00325866649,20,23,384,994083,16708,3236000,29819,253,671565
0,6369,40.348941046435378,0.00314392,20,23,384,1046708,19458,3145041,29755,253,671565
0,6370,40.352602296435379,0.00376020418,20,23,384,1142167,19292,3712375,29883,253,671565
0,6371,40.35650358843538,0.00380795775,20,23,384,1125084,12750,3789375,29819,253,671565
0,6372,40.360015005435379,0.003533213,20,23,384,1101458,25250,3591834,29755,253,671565
0,6373,40.363587671435376,0.003796124,20,23,384,1040583,20625,3724291,29883,253,671565
0,6374,40.367269505435381,0.00357041531,20,23,384,991291,11542,3582709,29819,253,671565
0,6375,40.370462130435378,0.00321033155,20,23,384,1057042,16750,3370208,29755,253,671565
0,6376,40.373897005435374,0.0034709184,20,23,384,1086708,13916,3307458,30011,253,671565
0,6377,40.37710867143538,0.00320908451,20,23,384,1032291,20042,3286208,29819,253,671569
0,6378,40.380466338435376,0.00322116632,20,23,384,1066167,10834,3205625,29755,253,671569
0,6379,40.38420350543538,0.003932334,20,23,384,1068875,16417,3851792,29883,253,671569
0,6380,40.387427088435381,0.00309745618,20,23,384,1018416,11084,3170167,29819,253,671569
0,6381,40.390886546435375,0.003437337,20,23,384,1095417,13625,3274875,29755,253,671569
0,6382,40.394386046435379,0.00359199964,20,23,384,1098458,14125,3684667,29883,253,671569
0,6383,40.39788258843538,0.003459375,20,23,384,1045667,11500,3423792,29819,253,671569
0,6384,40.401278713435374,0.00335608,20,23,384,1038459,22250,3357833,29755,253,671569
0,6385,40.405541796435379,0.004316709,20,23,384,1018375,17167,4391542,40325,253,671569
0,6386,40.409474880435376,0.00399749866,20,23,384,1102375,10625,4006334,38099,253,671569
0,6387,40.412767963435378,0.003199419,20,23,384,1037708,10041,3228875,29755,253,671569
0,6388,40.416270005435379,0.00356529187,20,21,384,1167250,7500,3458584,29883,253,671569
0,6389,40.41948221343538,0.00308404188,20,16,384,1011208,18334,3199208,29819,252,671567
0,6390,40.423045380435376,0.003612833,20,16,384,1070042,16292,3396709,29755,250,671527
0,6391,40.426571213435381,0.00347174751,20,16,384,1081583,17500,3589750,29883,245,671437
0,6392,40.429909296435376,0.0034886268,20,16,384,1047583,18708,3442417,30207,245,671437
0,6393,40.433155588435376,0.00321416534,20,16,384,1003250,13167,3250292,29755,246,671439
0,6394,40.436560838435376,0.00337929418,20,16,384,1052292,9875,3373875,29883,246,671439
0,6395,40.440156296435376,0.003404918,20,16,384,1053458,17958,3449708,29819,246,671439
0,6396,40.443452005435375,0.00349149667,20,16,384,1088333,16167,3437709,29755,246,671439
0,6397,40.447085255435375,0.003724419,20,16,384,1075291,11459,3624125,29883,246,671439
0,6398,40.450559921435378,0.00341124577,20,16,384,985541,12791,3487500,29819,246,671439
0,6399,40.453784213435377,0.00325983553,20,11,384,1022042,16791,3299084,29807,246,671439
0,6400,40.457340630435375,0.00363037852,20,11,384,1031041,9750,3502500,29883,246,671435
0,6401,40.460759296435377,0.00321008358,20,11,384,962833,11833,3302959,29819,241,671335
0,6402,40.464009338435375,0.00332545349,20,11,384,996916,18333,3365833,29755,241,671335
0,6403,40.467418713435379,0.00347071281,20,11,384,1081084,11708,3399916,29883,241,671335
0,6404,40.470512046435381,0.00301649654,20,11,384,975041,17041,3109958,29819,241,671335
0,6405,40.473762130435375,0.003109623,20,11,384,1109250,13000,3085916,29755,241,671335
0,6406,40.477074630435375,0.003569416,20,11,384,1124083,17792,3423333,29883,241,671335
0,6407,40.480228755435377,0.00306987669,20,11,384,975667,12750,3164417,29819,241,671335
0,6408,40.483963630435376,0.00387387327,20,11,384,954666,15500,3821833,29755,241,671335
0,6409,40.487087255435377,0.00302429846,20,11,384,958125,10292,3058291,29883,241,671335
0,6410,40.490037130435375,0.0028626204,20,11,384,1007209,16041,2998791,29819,241,671335
0,6411,40.49348275543538,0.00352083333,20,11,384,1111917,14542,3311041,29755,241,671335
0,6412,40.496896921435379,0.00344550028,20,11,384,1008458,17959,3400375,29883,241,671335
0,6413,40.500480130435378,0.003405917,20,11,384,1023500,12666,3485375,29819,241,671335
0,6414,40.503732921435379,0.00333995884,20,11,384,1048583,15709,3397292,29755,241,671335
0,6415,40.50699571343538,0.00324496184,20,11,384,1090667,8791,3191958,29883,241,671335
0,6416,40.510268296435378,0.00337495748,20,11,384,1063875,20792,3395208,29819,241,671335
0,6417,40.51351492143538,0.00323695433,20,11,384,1012000,10125,3196083,29755,241,671335
0,6418,40.516922588435378,0.003394501,20,11,384,1018500,12958,3406125,29883,241,671335
0,6419,40.520252671435379,0.003219749,20,11,384,1011417,17834,3236833,29819,241,671335
0,6420,40.52367742143538,0.00343295769,20,11,384,1026542,17042,3349500,29819,241,671335
0,6421,40.527042963435377,0.00343508366,20,11,384,1051833,22541,3471042,29883,241,671335
0,6422,40.530368963435379,0.0033262542,20,11,384,1011125,16542,3330000,29819,241,671335
0,6423,40.534104838435375,0.00386857986,20,11,384,1006375,17708,3807000,29755,241,671335
0,6424,40.537207171435377,0.0029462513,20,11,384,958500,9958,3048084,29883,241,671335
0,6425,40.540636588435376,0.00327145681,20,11,384,1043584,17375,3202958,29819,241,671335
0,6426,40.543953838435378,0.00350445719,20,11,384,1095042,18792,3534125,29755,241,671335
0,6427,40.54740775543538,0.003306916,20,11,384,1035875,13167,3257875,29883,241,671335
0,6428,40.550926880435377,0.00361945853,20,11,384,1009542,23250,3602333,30399,241,671335
0,6429,40.554360005435377,0.003399752,20,11,384,1029125,18041,3378000,29755,242,671337
0,6430,40.558750213435381,0.004413875,20,11,384,1076709,13250,4432334,40325,242,671337
0,6431,40.563370921435379,0.004663166,20,11,384,1035083,13084,4594917,38339,242,671337
0,6432,40.567475421435375,0.004097208,20,11,384,1071375,11166,4186958,38035,241,671335
0,6433,40.570798546435377,0.00329404045,20,11,384,1077167,12125,3308750,29883,241,671335
0,6434,40.574578921435375,0.0037935446,20,11,384,1097625,13250,3678750,30011,241,671335
0,6435,40.577957880435378,0.0033810446,20,11,384,1026291,16416,3487000,29755,241,671335
0,6436,40.581574213435381,0.00344557827,20,11,384,1068125,11917,3380208,29883,241,671335
0,6437,40.585079630435381,0.00373895979,20,11,384,1053417,18500,3620875,30011,241,671335
0,6438,40.588344880435379,0.003187167,20,7,384,994417,11667,3377542,29755,241,671335
0,6439,40.591808213435378,0.00350787281,20,7,384,1102125,13916,3404291,29883,241,671335
0,6440,40.595051463435375,0.00322108832,20,0,384,1014750,17833,3314875,29819,237,671255
0,6441,40.598246921435376,0.00310191326,20,0,384,1071541,11209,3175875,31789,237,671255
0,6442,40.601882921435376,0.00379175181,20,0,384,1100084,13916,3423834,29883,230,671213
0,6443,40.605102921435375,0.00322912424,20,0,384,973083,11208,3481584,29819,230,671211
0,6444,40.608442380435378,0.00330578932,20,0,384,973625,18958,3286750,29947,230,671211
0,6445,40.611612296435375,0.00316887745,20,0,384,1021083,18209,3186875,29883,229,671209
0,6446,40.614797255435377,0.003087415,20,0,384,1033167,18375,3089667,29819,229,671209
0,6447,40.618311963435374,0.00353229162,20,0,384,1144333,12667,3498292,29755,229,671209
0,6448,40.621714213435375,0.003558957,20,0,384,974291,18458,3438750,30075,229,671209
0,6449,40.625337546435375,0.00351658883,20,0,384,989542,10791,3550458,29819,229,671209
0,6450,40.628424963435378,0.00315570435,20,0,384,1019083,17750,3303541,29755,229,671209
0,6451,40.632073755435378,0.00350141735,20,0,384,1017416,12250,3302042,29883,229,671209
0,6452,40.635493171435378,0.003521627,20,0,384,1070959,14708,3597250,30011,229,671209
0,6453,40.639135213435381,0.00343537424,20,0,384,992042,20333,3495125,29755,229,671209
0,6454,40.642569046435376,0.00356862252,20,0,384,1064875,24459,3481833,29883,229,671209
0,6455,40.646042630435375,0.0035237954,20,0,384,1017791,21875,3537708,30011,229,671209
0,6456,40.64944850543538,0.00334220519,20,0,384,1037292,19500,3350125,29755,229,671209
0,6457,40.652871255435379,0.00348767,20,0,384,1082125,15584,3504875,29883,229,671209
0,6458,40.65617467143538,0.00333091686,20,0,384,1024125,16917,3333666,30063,229,671209
0,6459,40.659685630435376,0.00338154053,20,0,384,1039333,18541,3350917,29755,229,671209
0,6460,40.66333163043538,0.00383245456,20,0,384,1010917,20542,3739333,29883,229,671209
0,6461,40.666948338435375,0.00350158731,20,0,384,1001625,11875,3556500,29819,228,671207
0,6462,40.670053796435376,0.003204287,20,0,384,997708,18083,3311167,30335,228,671207
0,6463,40.67350788043538,0.00345899933,20,0,384,1022375,13250,3280041,29947,229,671209
0,6464,40.676711255435379,0.003162004,20,0,384,996542,11541,3328916,29819,229,671211
0,6465,40.680032588435381,0.003246712,20,0,384,1033750,14292,3150125,29947,229,671211
0,6466,40.683410380435376,0.00343990931,20,0,384,994667,19291,3406708,29883,229,671211
0,6467,40.686727213435375,0.00329241785,20,0,384,1003000,15917,3368625,29819,229,671211
0,6468,40.690111463435379,0.003300836,20,0,384,1055000,17292,3195333,29755,229,671211
0,6469,40.693401755435374,0.003496875,20,0,384,1060833,20667,3498291,30075,229,671211
0,6470,40.696546213435376,0.00306633371,20,0,384,952666,11333,3103750,29819,229,671211
0,6471,40.700079005435377,0.00339195714,20,0,384,996125,16500,3397625,29755,229,671211
0,6472,40.703270963435379,0.00330695859,20,0,384,1033709,17500,3347209,30075,229,671211
0,6473,40.706868255435374,0.00348220672,20,0,384,1028917,17125,3263917,29819,229,671211
0,6474,40.710775546435379,0.00418229168,20,0,384,1054000,16916,4418167,40197,229,671211
0,6475,40.71506558843538,0.00414000126,20,0,384,944042,10292,4072541,38395,229,671211
0,6476,40.71814146343538,0.00309591834,20,0,384,1084458,11083,3175458,29819,229,671211
0,6477,40.721660838435376,0.003280747,20,0,384,1063625,8000,3237708,29755,229,671211
0,6478,40.725084046435377,0.003632001,20,0,384,1103875,18125,3548833,30075,229,671211
0,6479,40.728715963435377,0.003625,20,0,384,987667,17167,3570500,29819,229,671211
0,6480,40.732178588435374,0.00334804412,20,0,384,1026708,14291,3423750,29755,229,671211
0,6481,40.735662588435375,0.00361979171,20,0,384,1096083,18542,3559500,29883,229,671211
0,6482,40.739431088435374,0.00348691177,20,0,384,983541,13792,3437500,29819,229,671211
0,6483,40.743043838435376,0.00388275227,20,0,384,1118792,18083,3903041,29755,229,671211
0,6484,40.746453588435379,0.00351687917,20,0,384,982583,20125,3502375,29883,229,671211
0,6485,40.749900171435378,0.00336658163,20,0,384,970792,11125,3404250,29819,229,671211
0,6486,40.753028338435378,0.00312362518,20,0,384,977333,18333,3242375,29947,229,671211
0,6487,40.756263880435377,0.00311091263,20,0,384,1048500,12584,3012583,29883,229,671209
0,6488,40.759827421435375,0.003544501,20,0,384,1071750,23459,3511209,29819,229,671209
0,6489,40.763201046435377,0.00354187936,20,0,384,985750,20875,3434208,29755,229,671209
0,6490,40.766490921435377,0.00329791661,20,0,384,950417,13125,3424792,29883,229,671209
0,6491,40.76961521343538,0.00307270419,20,0,384,977583,18625,3150875,29819,229,671209
0,6492,40.77317075543538,0.00353095937,20,0,384,1065250,10667,3469125,29755,229,671209
0,6493,40.776349796435376,0.00328275235,20,0,384,1047125,17375,3284291,30187,229,671209
0,6494,40.779383005435378,0.00288125,20,0,384,939708,16750,2921250,29819,229,671209
0,6495,40.782924421435375,0.003597123,20,0,384,1018917,14167,3473125,29755,229,671209
0,6496,40.78626600543538,0.00336758071,20,0,384,1008417,16458,3354666,29883,229,671209
0,6497,40.789801713435381,0.00342541817,20,0,384,958125,12333,3441667,30207,229,671209
0,6498,40.792953588435381,0.00324491924,20,0,384,1038667,22125,3380500,29755,230,671211
0,6499,40.79629879643538,0.00341016147,20,0,384,1045875,15334,3218292,29883,229,671209
0,6500,40.799768380435381,0.00338312774,20,0,384,950750,18583,3395041,29819,229,671209
0,6501,40.802843713435379,0.003137585,20,0,384,985375,11667,3286083,29755,229,671209
0,6502,40.806311505435374,0.0034233348,20,0,384,1028791,14250,3300792,29883,229,671209
0,6503,40.809860213435378,0.00353416242,20,0,384,1049250,13541,3488375,29819,229,671209
0,6504,40.813169421435376,0.003362004,20,0,384,997875,19708,3463916,29755,229,671209
0,6505,40.816402671435377,0.003246875,20,0,384,1004292,10875,3203500,29883,229,671209
0,6506,40.819728546435378,0.00319328951,20,0,384,975750,17708,3214375,29819,229,671209
0,6507,40.823250838435378,0.00351083465,20,0,384,1023084,18625,3397792,29883,229,671209
0,6508,40.826494546435377,0.0033951248,20,0,384,1080541,24083,3485000,29883,229,671213
0,6509,40.829702630435378,0.0032010416,20,0,384,978250,16917,3215875,29819,229,671213
0,6510,40.83323667143538,0.00346445572,20,0,384,974875,18125,3384708,29755,229,671213
0,6511,40.83636892143538,0.0032382512,20,0,384,1032791,17708,3329625,29883,229,671213
0,6512,40.839319088435374,0.002822293,20,0,384,953334,14958,2935083,29819,229,671213
0,6513,40.84267004643538,0.00337358285,20,0,384,1047791,11334,3212083,29755,229,671213
0,6514,40.845841546435381,0.00324912136,20,0,384,1066292,14125,3279458,29883,229,671213
0,6515,40.849104005435379,0.00319862529,20,0,384,1009542,15833,3128000,29819,229,671213
0,6516,40.852329796435377,0.003259127,20,0,384,1043375,11083,3317250,29755,229,671213
0,6517,40.85547671343538,0.00317100342,20,0,384,1034625,10625,3145833,29883,229,671213
0,6518,40.858966171435377,0.003390122,20,0,384,1013000,15500,3212500,29871,229,671213
0,6519,40.863070380435374,0.00420308253,20,0,384,976833,13791,4380500,40197,229,671213
0,6520,40.866910005435379,0.00383900222,20,0,384,1015000,15167,3805875,38163,229,671213
0,6521,40.870204838435377,0.00319995754,20,0,384,1017875,11125,3264834,29819,229,671213
0,6522,40.87404546343538,0.00377037283,20,0,384,1107625,16708,3554958,29755,229,671213
0,6523,40.877770505435379,0.00385825546,20,0,384,1076792,21208,3919125,29883,229,671213
0,6524,40.88149888043538,0.00347199547,20,0,384,1017416,12584,3549417,29819,229,671213
0,6525,40.885226421435377,0.00393008767,20,0,384,1153292,15959,3861417,29755,229,671213
0,6526,40.888667713435375,0.00349316187,20,0,384,1008459,18500,3502958,29883,229,671213
0,6527,40.892192421435375,0.00352929416,20,0,384,981958,20292,3511250,29819,229,671213
0,6528,40.895212171435375,0.00306279049,20,0,384,1023166,17375,3193875,29755,229,671213
0,6529,40.898548338435376,0.00305846077,20,0,384,1024292,9750,2995375,29883,229,671213
0,6530,40.901993130435379,0.00370733417,20,0,384,1024917,19834,3658250,29819,229,671213
0,6531,40.905428380435374,0.00336216,20,0,384,978125,17791,3346584,29755,229,671209
0,6532,40.908985838435378,0.00359304855,20,0,384,988125,15875,3587542,30271,229,671209
0,6533,40.912736963435378,0.00364557817,20,0,384,988708,16583,3674417,29819,230,671211
0,6534,40.916757046435379,0.00396062946,20,0,384,1089125,22375,3804667,29755,230,671211
0,6535,40.920301630435375,0.003665455,20,0,384,1090208,22042,3739208,29883,230,671211
0,6536,40.923474671435379,0.00312200258,20,0,384,995959,12166,3254959,29819,230,671211
0,6537,40.926917921435376,0.00354812224,20,0,384,1078375,16333,3448333,29755,230,671211
0,6538,40.930215213435375,0.00331837451,20,0,384,1026334,17792,3344125,29883,230,671211
0,6539,40.934301546435378,0.00403767,20,0,384,983583,16875,3897625,29819,230,671211
0,6540,40.938004005435381,0.00366637623,20,0,384,1044625,13041,3732292,29755,230,671211
0,6541,40.942002963435378,0.003939619,20,0,384,1065250,12709,3867375,29883,230,671211
0,6542,40.94565675543538,0.00379817188,20,0,384,1075125,12500,3863084,29819,230,671211
0,6543,40.94920842143538,0.00348412,20,0,384,995958,12375,3341041,29755,230,671211
0,6544,40.952688796435375,0.00352645968,20,0,384,999958,17958,3703625,29883,230,671211
0,6545,40.955858963435375,0.00316679431,20,0,384,999209,18916,3249375,29819,230,671211
0,6546,40.959257255435375,0.00326332916,20,0,384,1059459,12292,3193750,29755,230,671211
0,6547,40.962693921435381,0.00347421342,20,0,384,1002958,21334,3441792,29883,229,671209
0,6548,40.966041921435377,0.00347391586,20,0,384,1082458,16333,3453584,29819,229,671209
0,6549,40.969880630435377,0.00363212149,20,0,384,977667,16583,3572167,29755,229,671209
0,6550,40.973369088435376,0.00365150231,20,0,384,1093042,23250,3622250,30011,229,671209
0,6551,40.977065296435377,0.00365629257,20,0,384,1002583,14666,3725583,29819,229,671211
0,6552,40.980660421435381,0.00348491361,20,0,384,1013792,20458,3473584,29755,229,671211
0,6553,40.984292046435378,0.003802714,20,0,384,1037792,12709,3782792,29883,229,671211
0,6554,40.987640546435379,0.003285204,20,0,384,1011958,13708,3352791,29819,229,671211
0,6555,40.991586296435379,0.0038779974,20,0,384,1081500,11833,3643125,29755,229,671211
0,6556,40.99512063043538,0.00362891867,20,0,384,1053417,19792,3787666,29883,229,671211
0,6557,40.99887225543538,0.003524334,20,0,384,1024458,17417,3499292,29819,229,671211
0,6558,41.002189338435379,0.00357991783,20,0,384,1086125,16333,3609750,29755,229,671211
0,6559,41.005620130435375,0.00329429563,20,0,384,997917,14541,3281167,29883,229,671211
0,6560,41.009208546435374,0.00369807961,20,0,384,1041208,15709,3609500,29819,229,671211
0,6561,41.013333046435378,0.004237167,20,0,384,1020291,14459,4379334,40197,229,671211
0,6562,41.01759708843538,0.00421766564,20,0,384,978209,9167,4209500,38163,229,671211
0,6563,41.02081817143538,0.00301974919,20,0,384,1016958,11959,3104375,29819,229,671211
0,6564,41.024415588435375,0.00372291659,20,0,384,1098375,12666,3471459,30213,228,671209
0,6565,41.027730380435379,0.00333329081,20,0,384,1011500,19125,3494084,29883,228,671209
0,6566,41.031163880435379,0.003322293,20,0,384,974792,17292,3318792,30207,228,671209
0,6567,41.034604380435376,0.00350145972,20,0,384,1102959,19708,3466542,29755,229,671211
0,6568,41.037792005435378,0.00325512327,20,0,384,1063833,12500,3285625,29883,229,671211
0,6569,41.041317130435381,0.003375085,20,0,384,1030584,13833,3312834,29819,229,671211
0,6570,41.044706380435379,0.00349170924,20,0,384,1046959,20375,3498583,29755,229,671211
0,6571,41.048076005435377,0.003343084,20,0,384,1068458,17000,3392958,29883,229,671211
0,6572,41.05219346343538,0.00399521,20,0,384,1056125,20083,3817417,29819,229,671211
0,6573,41.055712421435381,0.00366670219,20,0,384,1152208,16833,3762250,29755,229,671209
0,6574,41.05914042143538,0.00337225059,20,0,384,1059500,17666,3403959,29935,229,671209
0,6575,41.062505505435375,0.00341716968,20,0,384,1003416,12375,3410708,29819,229,671209
0,6576,41.066154005435379,0.00366232987,20,0,384,1052208,21708,3575917,29755,229,671209
0,6577,41.06947754643538,0.00337371021,20,0,384,1014292,16167,3458083,29883,229,671209
0,6578,41.072897755435378,0.00330545637,20,0,384,959917,19709,3225458,29819,229,671209
0,6579,41.076349088435379,0.00350950263,20,0,384,1075500,20458,3596417,29755,229,671209
0,6580,41.079935713435376,0.00363229169,20,0,384,1046125,16125,3490292,29883,229,671209
0,6581,41.083334296435375,0.00335396128,20,0,384,973625,10208,3402167,29819,229,671209
0,6582,41.086867921435378,0.00353516149,20,0,384,1033917,19500,3553667,29755,229,671209
0,6583,41.09088850543538,0.004075751,20,0,384,1050375,16250,3347250,30341,229,671209
0,6584,41.094273463435378,0.00327554555,20,0,384,1045416,11333,4123166,29899,229,671209
0,6585,41.097790171435378,0.00356120314,20,0,384,1128125,16458,3467792,29755,229,671209
0,6586,41.101320921435381,0.00349904341,20,0,384,1044542,17542,3391541,29883,229,671209
0,6587,41.104827713435377,0.00356950122,20,0,384,1008625,13958,3613958,29819,229,671209
0,6588,41.108436296435379,0.00360245886,20,0,384,1002667,14166,3569000,29755,229,671209
0,6589,41.111621338435377,0.003237252,20,0,384,1024333,16750,3332042,29883,229,671209
0,6590,41.114883463435376,0.00315291248,20,0,384,1005542,16583,3113250,29819,229,671209
0,6591,41.117889505435379,0.00310712866,20,0,384,1076875,16583,3234000,29755,229,671209
0,6592,41.121227255435379,0.003161203,20,0,384,1012375,16167,3031541,29883,229,671209
0,6593,41.124880421435378,0.003778458,20,0,384,1079583,11708,3770959,29883,229,671209
0,6594,41.127919213435376,0.00305371312,20,0,384,1041625,17750,3189666,29755,229,671211
0,6595,41.131097088435375,0.00313270977,20,0,384,1057708,11792,3000667,29883,229,671211
0,6596,41.134554755435374,0.00345899933,20,0,384,1070750,9917,3480583,31007,229,671211
0,6597,41.137772213435376,0.003255081,20,0,384,1080458,13916,3230167,29755,229,671211
0,6598,41.141249171435376,0.003402459,20,0,384,1064458,14125,3368667,29883,229,671211
0,6599,41.144362588435378,0.00323320576,20,0,384,1023708,12458,3305542,29819,229,671211
0,6600,41.147970505435374,0.003396875,20,0,384,1028000,9458,3285250,29755,229,671211
0,6601,41.151243421435375,0.00352129387,20,0,384,1099125,12250,3612458,30271,229,671211
0,6602,41.154371963435381,0.00309674744,20,0,384,957167,17500,3026042,29819,230,671213
0,6603,41.158019838435379,0.003533964,20,0,384,1000375,16834,3460000,29755,230,671213
0,6604,41.161465588435377,0.00347915967,20,0,384,1056916,18042,3431500,29883,230,671213
0,6605,41.16549554643538,0.00407537539,20,0,384,1016625,12042,4150792,40261,230,671213
0,6606,41.169479046435377,0.003976212,20,0,384,1031458,18209,3996167,38035,230,671213
0,6607,41.173155046435376,0.00365083618,20,0,384,1048917,13167,3600625,29883,230,671213
0,6608,41.176468838435376,0.00334778917,20,0,384,1052584,14125,3389459,29819,230,671213
0,6609,41.179790338435375,0.00326041668,20,0,384,1013291,18000,3174875,29755,230,671213
0,6610,41.182949130435375,0.00328224921,20,0,384,990625,11750,3321417,29883,230,671213
0,6611,41.185846838435381,0.00288258214,20,0,384,986584,11208,3060459,29819,230,671213
0,6612,41.189088671435378,0.00325150229,20,0,384,1029459,10583,3238459,29755,230,671213
0,6613,41.192484255435375,0.00335829076,20,0,384,1039250,9583,3189625,29883,230,671213
0,6614,41.195430880435374,0.002953876,20,0,384,980625,16209,3102834,29819,230,671213
0,6615,41.198722630435377,0.00319170929,20,0,384,1060458,11542,2995750,29755,230,671213
0,6616,41.201997921435378,0.003387663,20,0,384,991292,13959,3490667,29883,230,671213
0,6617,41.205119046435378,0.00313162548,20,0,384,1000958,14042,3127750,29819,230,671211
0,6618,41.208479505435378,0.00336145842,20,0,384,1010000,10166,3266250,29755,230,671211
0,6619,41.211399505435381,0.00294450112,20,0,384,968209,16042,3087417,29883,230,671211
0,6620,41.214383088435376,0.00286928844,20,0,384,977500,13250,2787208,29819,230,671211
0,6621,41.217576130435376,0.00326433522,20,0,384,1046375,11125,3305833,29755,230,671211
0,6622,41.22072079643538,0.00302879116,20,0,384,1037750,13834,3052375,29883,230,671211
0,6623,41.224162421435381,0.003465625,20,0,384,1022750,16250,3256084,29819,230,671211
0,6624,41.227541880435375,0.003474837,20,0,384,1043291,20375,3617250,29755,230,671211
0,6625,41.230937213435375,0.00341408025,20,0,384,998959,18666,3365416,29883,230,671211
0,6626,41.234072755435378,0.0031014597,20,0,384,1000791,13000,3173208,29819,230,671211
0,6627,41.237030463435374,0.0029729167,20,0,384,1007792,15500,3070708,29755,230,671211
0,6628,41.240256588435379,0.0030054138,20,0,384,1035500,12250,2937125,29883,230,671211
0,6629,41.243699713435376,0.00366862956,20,0,384,1036000,21833,3543958,29819,230,671211
0,6630,41.246839005435376,0.00315383356,20,0,384,968167,18667,3239500,29755,230,671211
0,6631,41.250218171435378,0.00338212168,20,0,384,1010917,13333,3305833,29883,230,671211
0,6632,41.253428255435381,0.00319387764,20,0,384,964375,16667,3268834,29819,230,671211
0,6633,41.256575421435379,0.00297507783,20,0,384,1012750,14792,3007708,29755,230,671211
0,6634,41.260285338435381,0.00377716846,20,0,384,1143750,18917,3626458,29935,230,671211
0,6635,41.263424546435381,0.00320683816,20,0,384,967000,14041,3268000,29819,230,671211
0,6636,41.26692721343538,0.00339528779,20,0,384,1028792,12625,3385250,29755,230,671211
0,6637,41.270056463435381,0.00324416813,20,0,384,1086500,13917,3287792,30271,229,671209
0,6638,41.273203921435375,0.003117205,20,0,384,1027459,14709,3025916,29947,230,671211
0,6639,41.276432838435376,0.00323612522,20,0,384,1017625,20500,3376625,29755,230,671213
0,6640,41.279968671435377,0.003528125,20,0,384,1081708,13417,3293958,29883,230,671213
0,6641,41.283314255435378,0.00334458612,20,0,384,1001916,10916,3453791,29819,230,671213
0,6642,41.286498588435379,0.003221627,20,0,384,1014750,17750,3264708,29755,230,671213
0,6643,41.289794505435381,0.00318820868,20,0,384,1017583,12709,3184334,29883,230,671213
0,6644,41.293165921435374,0.00348037132,20,0,384,1015542,18125,3389417,29819,230,671213
0,6645,41.296380838435375,0.00325733423,20,0,384,1003166,19584,3319750,29755,230,671213
0,6646,41.299561255435378,0.00309216976,20,0,384,966458,16333,3079625,29883,230,671213
0,6647,41.302782005435375,0.003256994,20,0,384,970250,12292,3280333,29819,230,671213
0,6648,41.305942963435378,0.00313671352,20,0,384,1032541,13333,3199583,29755,230,671213
0,6649,41.309182421435381,0.00332757947,20,0,384,1045042,15834,3211666,29883,230,671213
0,6650,41.312320130435381,0.00302104582,20,0,384,941417,15541,3018292,29819,230,671213
0,6651,41.31670525543538,0.0044802865,20,0,384,1062875,13250,4477125,40197,230,671213
0,6652,41.320596671435375,0.003765044,20,0,384,1012292,10584,3816209,38163,230,671213
0,6653,41.323959588435379,0.003375503,20,0,384,1073125,11500,3167458,29819,230,671213
0,6654,41.327338546435378,0.00346195442,20,0,384,1041458,18709,3593291,29755,230,671213
0,6655,41.330708171435376,0.00340537843,20,0,384,1028041,11708,3396584,29883,230,671213
0,6656,41.334033963435381,0.00328287273,20,0,384,986709,12583,3286125,29819,230,671213
0,6657,41.337330005435376,0.003168417,20,0,384,999166,18959,3210167,29755,230,671213
0,6658,41.340945921435377,0.00369404047,20,0,384,1154166,10708,3485208,29883,230,671213
0,6659,41.344413630435376,0.00350062363,20,0,384,1020834,19791,3637875,29819,230,671213
0,6660,41.348247630435381,0.00363887474,20,0,384,997917,19625,3653750,29755,230,671213
0,6661,41.352025255435379,0.003991752,20,0,384,1142250,22458,3802750,29883,230,671213
0,6662,41.355403796435375,0.00329283578,20,0,384,1025875,11959,3462625,29819,230,671211
0,6663,41.359395338435377,0.00389104313,20,0,384,1050625,20334,3822667,29755,230,671211
0,6664,41.363472713435378,0.003969955,20,0,384,1074042,14458,3788542,29883,230,671211
0,6665,41.367175255435377,0.003999334,20,0,384,1256167,16208,4201750,29819,230,671211
0,6666,41.37030075543538,0.00310642016,20,0,384,976666,19416,3199209,29755,229,671209
0,6667,41.373847088435376,0.00352724642,20,0,384,1062209,11917,3305416,29883,229,671209
0,6668,41.377172796435374,0.00329920626,20,0,384,1021000,12625,3457500,29819,229,671209
0,6669,41.380747213435377,0.00340612954,20,0,384,1062083,18084,3395250,29755,229,671209
0,6670,41.38435958843538,0.00379696,20,0,384,1090084,19709,3695584,29883,229,671209
0,6671,41.388051171435379,0.00356233,20,0,384,1023083,15333,3600292,29819,229,671209
0,6672,41.391718505435378,0.00372654479,20,0,384,1069583,18791,3694916,30143,229,671209
0,6673,41.39556475543538,0.00393541669,20,0,384,1073875,21083,3580792,29883,230,671211
0,6674,41.399305880435378,0.00360495318,20,0,384,1063209,12750,3925291,37979,230,671211
0,6675,41.402882921435378,0.00363570731,20,0,384,1034917,14666,3704958,29755,230,671211
0,6676,41.406476755435378,0.00361150084,20,0,384,1087125,19834,3561125,29883,230,671211
0,6677,41.409686755435381,0.003293835,20,0,384,1058958,14709,3179625,29819,230,671211
0,6678,41.412593171435375,0.002958376,20,0,384,994917,18875,3273792,29755,230,671211
0,6679,41.416119046435377,0.00336116785,20,0,384,1000625,9083,3131167,29883,230,671211
0,6680,41.419640421435375,0.00349312648,20,0,384,1034542,21125,3559291,29819,230,671211
0,6681,41.423350588435376,0.00353653636,20,0,384,1054583,15166,3527500,29819,230,671211
0,6682,41.427058755435375,0.00403562933,20,0,384,1155917,18875,3967916,29883,230,671213
0,6683,41.43045808843538,0.00329379248,20,0,384,993209,12541,3322625,29819,230,671213
0,6684,41.434169796435377,0.003868998,20,0,384,1024958,22875,3838750,29755,230,671213
0,6685,41.437707380435377,0.003302126,20,0,384,986542,18875,3373500,29883,230,671213
0,6686,41.441481963435379,0.00386400218,20,0,384,1139625,22000,3683291,29819,230,671213
0,6687,41.44500783843538,0.0035025368,20,0,384,1041042,12042,3642916,29755,230,671213
0,6688,41.448512588435378,0.00352225057,20,0,384,1084000,21250,3438583,29883,230,671213
0,6689,41.451992671435377,0.00348195853,20,0,384,1021125,18875,3530625,29819,230,671213
0,6690,41.455099755435377,0.003203288,20,0,384,1046791,17834,3349666,29755,230,671213
0,6691,41.458119046435378,0.00308204372,20,0,384,1011125,13875,3006584,29883,230,671213
0,6692,41.460991463435377,0.002737833,20,0,384,936291,17041,2861584,29871,229,671211
0,6693,41.464414088435376,0.00347521249,20,0,384,1018750,11292,3237209,29755,229,671211
0,6694,41.468311338435377,0.00398896,20,0,384,1009333,17916,4088583,40325,229,671211
0,6695,41.471665755435374,0.00345637044,20,0,384,992000,9417,3497417,38099,229,671211
0,6696,41.474642130435377,0.0028044146,20,0,384,913042,8542,2776000,29755,229,671211
0,6697,41.477586296435376,0.00300792232,20,0,384,1003500,13083,3001167,29883,229,671211
0,6698,41.48064117143538,0.00285995612,20,0,384,990125,12958,2919334,29819,229,671211
0,6699,41.483976671435379,0.00362495752,20,0,384,993125,18334,3490208,29755,229,671211
0,6700,41.486667255435378,0.00263287267,20,0,384,914459,8666,2720917,29883,229,671211
0,6701,41.489526380435379,0.00286058662,20,0,384,965083,9541,2871375,29819,229,671211
0,6702,41.492448963435379,0.00287387334,20,0,384,953625,10958,2884292,29755,229,671211
0,6703,41.495256171435379,0.00280908449,20,0,384,961000,14416,2795750,29883,229,671211
0,6704,41.498749130435378,0.00329824979,20,0,384,991458,9541,3011625,29819,229,671211
0,6705,41.501792171435376,0.00321262749,20,0,384,1031458,14041,3490084,29755,229,671211
0,6706,41.50496358843538,0.00307529047,20,0,384,986833,13417,2979958,29883,229,671209
0,6707,41.508502546435381,0.00358958333,20,0,384,997958,15708,3536375,30207,229,671209
0,6708,41.516164338435381,0.003118913,20,0,384,986791,18958,3238625,29755,229,671209
0,6709,41.534244421435375,0.008108546,20,0,384,5190625,15166,7975625,57287,229,671209
0,6710,41.53842988043538,0.0186552089,20,0,384,4216209,13542,18518625,166019,229,671217
0,6711,41.541963505435376,0.00352974772,20,0,384,995250,12292,3708583,29755,229,671207
0,6712,41.545315671435375,0.0034178358,20,0,384,1021000,12000,3366542,29883,229,671207
0,6713,41.549078796435374,0.00364995748,20,0,384,996167,12208,3534375,29819,229,671207
0,6714,41.552465588435375,0.0034876205,20,0,384,1059125,20834,3642625,29755,229,671207
0,6715,41.555758421435378,0.00325729884,20,0,384,989125,18666,3238959,29883,229,671207
0,6716,41.558948505435374,0.00312453951,20,0,384,993000,20750,3186500,29819,229,671207
0,6717,41.561931213435379,0.00309162424,20,0,384,1027333,10917,3102083,29755,229,671207
0,6718,41.565410255435381,0.003399249,20,0,384,1035375,11584,3214500,29883,229,671207
0,6719,41.568688713435378,0.00337304431,20,0,384,1042334,15875,3492083,29819,229,671207
0,6720,41.572036171435379,0.00330445729,20,0,384,1003541,16250,3276958,29755,229,671207
0,6721,41.575537755435377,0.00348200114,20,0,384,1053792,13292,3408000,29883,229,671207
0,6722,41.57900375543538,0.00328378682,20,0,384,1028000,11667,3356000,29819,229,671207
0,6723,41.582918588435376,0.00402741646,20,0,384,1084500,24750,3830500,29755,229,671207
0,6724,41.586238796435374,0.00350458478,20,0,384,1009416,19042,3652584,29883,229,671207
0,6725,41.589779463435377,0.00344246021,20,0,384,945250,11958,3443125,29819,229,671207
0,6726,41.593188296435379,0.00339554274,20,0,384,990334,17167,3388625,29755,228,671205
0,6727,41.59666054643538,0.00356645416,20,0,384,1037000,16750,3451666,29883,228,671205
0,6728,41.600385755435376,0.00357225048,20,0,384,988333,12333,3643417,29819,227,671203
0,6729,41.604007380435377,0.003690129,20,0,384,1016917,12791,3633750,29755,227,671203
0,6730,41.607417796435378,0.00349095813,20,0,384,1009667,12917,3359708,29883,227,671203
0,6731,41.610524213435376,0.00307912426,20,0,384,986000,13375,3359042,29819,227,671203
0,6732,41.613602338435378,0.00306420773,20,0,384,1040250,10709,3096208,29755,227,671203
0,6733,41.61694471343538,0.00334871025,20,0,384,1028667,12875,3103208,29883,227,671203
0,6734,41.621088338435378,0.00397358276,20,0,384,974500,14417,4146417,40261,227,671203
0,6735,41.62511892143538,0.004193417,20,0,384,1116041,11833,4166292,38035,227,671203
0,6736,41.62901413043538,0.00353624579,20,0,384,1001917,14084,3398875,30271,227,671203
0,6737,41.632637421435376,0.003957044,20,0,384,1231750,23958,3982500,29819,228,671205
0,6738,41.636046296435374,0.00338416942,20,0,384,988250,15125,3506792,29755,228,671205
0,6739,41.639630005435379,0.00346157886,20,0,384,1061416,10917,3385917,29883,228,671205
0,6740,41.642885130435381,0.00341237965,20,0,384,1055375,12833,3393167,29819,228,671205
0,6741,41.646762255435377,0.003962748,20,0,384,1013459,17875,4005917,39809,228,671205
0,6742,41.650250088435378,0.003468247,20,0,384,982250,11125,3291000,29883,228,671205
0,6743,41.653621546435375,0.00322708325,20,0,384,982833,11166,3399667,29819,228,671205
0,6744,41.657282963435378,0.00366104743,20,0,384,1086167,19042,3505500,29755,228,671205
0,6745,41.660807338435376,0.00352270412,20,0,384,1043333,17542,3603000,29883,228,671205
0,6746,41.664348046435379,0.00355437933,20,0,384,1006875,12083,3573959,29871,228,671205
0,6747,41.668054838435381,0.00372891151,20,0,384,1037084,18833,3693959,29755,228,671205
0,6748,41.671587713435379,0.00360321,20,8,384,1017875,20000,3482792,29883,228,671205
0,6749,41.675020338435381,0.00337258354,20,8,384,988875,13958,3527334,38203,228,671205
0,6750,41.678464088435376,0.00323954085,20,8,384,1010959,15875,3338667,56011,236,671253
0,6751,41.682210921435377,0.00396425044,20,8,384,1124334,16584,3718875,29883,236,671253
0,6752,41.685394671435375,0.00322041521,20,8,384,1013000,12625,3400583,29819,236,671253
0,6753,41.68890229643538,0.003363166,20,8,384,996875,15667,3296334,29755,236,671253
0,6754,41.692726630435381,0.003826084,20,8,384,1073792,20916,3689625,29883,236,671253
0,6755,41.696714588435377,0.00407446129,20,8,384,1132125,12458,4107750,29819,236,671253
0,6756,41.700512338435381,0.003700496,20,10,384,1023000,13167,3778583,29755,236,671253
0,6757,41.704174546435375,0.00368567184,20,10,384,1031542,17542,3494125,29883,236,671253
0,6758,41.707985630435381,0.00393991638,20,10,384,1107000,12000,4003542,29819,238,671325
0,6759,41.711225796435379,0.00320716412,20,12,384,1029334,12000,3401084,29755,238,671325
0,6760,41.714548338435378,0.00329533732,20,12,384,1060916,10125,3265583,29883,238,671325
0,6761,41.71785146343538,0.00336953648,20,12,384,1068375,18916,3349000,29819,240,671397
0,6762,41.721233755435378,0.00301533449,20,12,384,993750,20042,3130959,29755,240,671397
0,6763,41.725085421435381,0.004179415,20,12,384,1225416,11709,3834375,29883,240,671397
0,6764,41.72831075543538,0.00321025378,20,12,384,1013959,13167,3463166,29819,240,671397
0,6765,41.731914755435376,0.00332628959,20,14,384,1060333,16542,3221208,29755,240,671397
0,6766,41.735629630435376,0.00397358276,20,14,384,1237917,23333,3843458,29883,240,671397
0,6767,41.73915442143538,0.00339224772,20,14,384,1079709,13292,3537833,29819,242,671469
0,6768,41.742683713435376,0.0036472932,20,14,384,1046250,21333,3603959,29755,242,671469
0,6769,41.746407338435375,0.00376041676,20,14,384,1058500,16791,3693750,29883,242,671469
0,6770,41.749797046435376,0.003392503,20,14,384,1021792,11667,3481916,30207,242,671469
0,6771,41.753306921435374,0.003459205,20,14,384,1020708,18542,3536334,29755,243,671471
0,6772,41.756582671435375,0.00328458752,20,14,384,1107292,10958,3243583,29883,242,671469
0,6773,41.759835796435375,0.00319616636,20,14,384,1047125,13917,3305250,29819,242,671469
0,6774,41.763098296435381,0.00337199541,20,14,384,1033917,14625,3275333,29755,242,671469
0,6775,41.766402796435379,0.00334758358,20,14,384,1009209,15834,3323458,29883,242,671469
0,6776,41.769577338435376,0.00316395983,20,14,384,968000,18375,3111000,29819,242,671469
0,6777,41.774147796435379,0.00441287551,20,14,384,999375,15500,4380333,40197,242,671469
0,6778,41.778390171435376,0.004271457,20,14,384,1126125,27000,4383250,38163,242,671469
0,6779,41.781987088435379,0.003649837,20,14,384,1040791,11209,3506083,29819,242,671469
0,6780,41.785626630435381,0.00364141865,20,14,384,1010792,24042,3685708,29755,242,671469
0,6781,41.788983921435381,0.00326558249,20,14,384,1012500,22167,3294084,29883,242,671469
0,6782,41.79300325543538,0.004103125,20,14,384,1101208,22375,4004541,29819,242,671469
0,6783,41.796600505435379,0.00367045775,20,14,384,1045125,14417,3753750,29755,242,671469
0,6784,41.800079421435377,0.003318417,20,14,384,986375,16584,3316708,29883,242,671469
0,6785,41.803904630435376,0.0039274944,20,14,384,1007834,19209,3674875,29819,242,671469
0,6786,41.807533171435381,0.0036109197,20,14,384,1072750,14417,3810709,29755,242,671469
0,6787,41.81091075543538,0.003403458,20,14,384,1038750,20125,3449167,29883,242,671469
0,6788,41.814249005435379,0.00331541942,20,14,384,1028500,17250,3246250,29819,242,671469
0,6789,41.817758380435379,0.00348549453,20,14,384,1059083,17958,3585209,29755,242,671469
0,6790,41.82157692143538,0.00380692328,20,14,384,1102250,14750,3654084,29883,242,671469
0,6791,41.825193463435376,0.00368378684,20,14,384,1049625,11834,3752375,29819,242,671469
0,6792,41.828781338435377,0.0035362104,20,14,384,1027375,17500,3505708,29755,242,671469
0,6793,41.83238783843538,0.00354483421,20,14,384,1051333,24208,3498334,29883,242,671469
0,6794,41.836048296435379,0.00373508362,20,14,384,1084875,15917,3795416,29819,242,671469
0,6795,41.839839380435379,0.00358966831,20,14,384,1037500,19625,3586542,29755,242,671469
0,6796,41.843435005435374,0.00390528631,20,14,384,1064791,18458,3674542,29883,242,671469
0,6797,41.846969171435376,0.0034364583,20,14,384,1007750,14125,3520167,29819,242,671469
0,6798,41.850461921435375,0.0034329223,20,14,384,1042666,15542,3660125,29755,242,671469
0,6799,41.854095630435381,0.00376483146,20,14,384,1126541,21583,3569458,29883,242,671469
0,6800,41.857707296435379,0.003547704,20,14,384,1022542,14208,3547750,29819,242,671469
0,6801,41.861285505435376,0.003374249,20,14,384,1027583,20917,3512208,29755,242,671469
0,6802,41.865240838435376,0.003994586,20,14,384,1114750,22292,3771084,29935,242,671469
0,6803,41.869325671435377,0.004209545,20,14,384,1135291,16375,4258916,30207,242,671469
0,6804,41.87277333843538,0.00335558387,20,14,384,1058500,20709,3513333,29755,243,671471
0,6805,41.876431588435381,0.00378411985,20,14,384,1130917,19875,3697125,29883,243,671471
0,6806,41.880091338435378,0.00361067173,20,14,384,1031167,17333,3618625,29819,243,671471
0,6807,41.884002380435376,0.00391070731,20,14,384,1015459,13959,3853667,29755,243,671471
0,6808,41.887564296435379,0.003545791,20,14,384,1062541,20041,3618417,29883,243,671471
0,6809,41.891440796435376,0.00394149637,20,14,384,1094000,19416,3820625,29819,243,671471
0,6810,41.894798296435376,0.00341537688,20,14,384,1020958,20375,3576375,29755,243,671471
0,6811,41.898546630435376,0.00341500132,20,14,384,1032750,12083,3379417,29883,243,671471
0,6812,41.902446796435378,0.004061501,20,14,384,1141125,18250,3940292,29819,243,671471
0,6813,41.905749421435381,0.00346183381,20,14,384,1111375,23708,3565292,29755,243,671471
0,6814,41.909214213435376,0.00344837015,20,14,384,1044250,14000,3388708,29883,243,671471
0,6815,41.912744338435381,0.003394338,20,14,384,1009375,20916,3410834,29819,243,671471
0,6816,41.916443255435375,0.0038163336,20,14,384,1173166,18000,3790917,29755,243,671471
0,6817,41.919972046435376,0.00346183381,20,14,384,1051458,21000,3366542,29883,243,671471
0,6818,41.924399463435378,0.004494579,20,14,384,1057125,11792,4601958,40261,243,671471
0,6819,41.928663088435378,0.00422349758,20,14,384,1079625,12500,4261417,38035,243,671471
0,6820,41.932573088435376,0.003927211,20,14,384,1131625,16084,3724167,29883,243,671471
0,6821,41.936640755435377,0.00387570867,20,14,384,1075292,13958,4045625,29819,243,671471
0,6822,41.940475046435381,0.00381471077,20,12,384,1174583,19750,3763875,29755,243,671471
0,6823,41.944207088435377,0.003968828,20,12,384,1046917,15458,3877042,29883,243,671471
0,6824,41.947729963435378,0.0034242135,20,12,384,1073959,13000,3509375,29819,241,671399
0,6825,41.951277880435377,0.0036048328,20,12,384,1094583,18292,3594583,29755,241,671399
0,6826,41.954967630435377,0.00386104034,20,12,384,1061666,16541,3820875,29883,241,671399
0,6827,41.958578963435379,0.00334258075,20,12,384,970083,11333,3372667,29819,241,671399
0,6828,41.962134130435381,0.00366287562,20,12,384,1055208,17625,3703125,29755,241,671399
0,6829,41.966128755435378,0.003958666,20,12,384,1089833,18167,3862041,29883,241,671399
0,6830,41.97010463043538,0.00368250418,20,12,384,1055375,19208,3661792,29819,241,671399
0,6831,41.974405380435378,0.004665377,20,12,384,1290959,28750,4453708,29755,241,671399
0,6832,41.978307630435381,0.003725411,20,12,384,1041000,13375,3944791,29883,241,671399
0,6833,41.982068755435378,0.00380300451,20,12,384,1182458,19916,3745041,29819,241,671399
0,6834,41.985443421435377,0.00354708056,20,12,384,1073083,13291,3682625,29755,241,671399
0,6835,41.989022213435376,0.00350758224,20,12,384,996708,13083,3402375,30271,241,671399
0,6836,41.992498380435379,0.00353291514,20,12,384,1088250,14334,3592667,30487,242,671401
0,6837,41.995529546435378,0.00296783587,20,12,384,1015625,16708,3129083,29755,242,671401
0,6838,41.999123546435378,0.003381916,20,12,384,1129500,12208,3151500,29883,242,671401
0,6839,42.002704463435379,0.003793998,20,12,384,1140791,15750,3824125,29819,242,671401
0,6840,42.006505421435378,0.003596046,20,12,384,1039000,20458,3676167,30229,242,671401
0,6841,42.010176755435381,0.00398375141,20,12,384,1233125,19334,3685792,29883,242,671401
0,6842,42.013711505435381,0.00335929,20,12,384,1000167,14208,3518166,29819,242,671401
0,6843,42.017687713435379,0.00398112228,20,12,384,1136667,13500,4056375,29755,242,671401
0,6844,42.021821838435379,0.00414133351,20,10,384,1088667,16250,3995125,29883,242,671401
0,6845,42.025900213435378,0.004139045,20,10,384,1087708,11958,4201042,29819,242,671401
0,6846,42.029577213435381,0.00361841684,20,10,384,1041417,16459,3628667,29755,240,671329
0,6847,42.033588505435375,0.004088251,20,10,384,1067500,23750,4051125,29883,240,671329
0,6848,42.037224963435378,0.00345191336,20,10,384,1063834,12709,3471541,29819,240,671329
0,6849,42.041229880435381,0.004012585,20,10,384,1198334,18583,3730000,29755,240,671329
0,6850,42.04506329643538,0.004003458,20,10,384,1134541,15875,4233084,29883,240,671329
0,6851,42.049039463435378,0.00378608285,20,10,384,1100834,12375,3741000,29819,240,671329
0,6852,42.05266763043538,0.003830669,20,10,384,1180833,15292,3940708,29755,240,671329
0,6853,42.056417505435377,0.0035696642,20,10,384,1023291,21125,3558792,29883,240,671329
0,6854,42.060535963435377,0.004144544,20,10,384,1236167,13875,3944792,29819,240,671329
0,6855,42.063977171435376,0.00357008213,20,10,384,1104083,14875,3820125,29755,240,671329
0,6856,42.067659130435381,0.00373362377,20,10,384,1092083,15250,3614291,29935,240,671329
0,6857,42.071320005435375,0.00363666378,20,10,384,1039625,12458,3503500,29819,240,671329
0,6858,42.075726838435379,0.004450588,20,10,384,1030875,12584,4672833,40197,240,671329
0,6859,42.079936130435378,0.004163166,20,10,384,1051708,11209,4160333,38163,240,671329
0,6860,42.084149921435376,0.00428032875,20,10,384,1034958,11750,4240750,29819,240,671329
0,6861,42.087799088435375,0.00319241779,20,10,384,994250,11292,3255875,29755,240,671329
0,6862,42.091696088435377,0.00440029055,20,10,384,1325625,29709,4231084,29883,240,671329
0,6863,42.094980338435377,0.003241376,20,10,384,968083,12959,3357958,29819,240,671329
0,6864,42.098815046435377,0.00350549887,20,10,384,988458,13959,3433625,29755,240,671329
0,6865,42.102460671435381,0.003963003,20,10,384,1102459,22208,3898959,29883,240,671329
0,6866,42.106181296435381,0.00351916812,20,10,384,999042,12875,3577167,29819,240,671329
0,6867,42.109660463435375,0.00367420632,20,10,384,1078584,22167,3692041,30143,240,671329
0,6868,42.113316338435375,0.003628876,20,10,384,1024041,13125,3550167,29883,241,671331
0,6869,42.117044338435377,0.00369454361,20,10,384,1053250,11917,3752291,29819,241,671331
0,6870,42.120454296435376,0.00325224642,20,0,384,1040583,23542,3371875,29755,241,671331
0,6871,42.123892505435379,0.00363178854,20,0,384,1117083,19291,3427500,31723,241,671331
0,6872,42.127268713435377,0.003415299,20,0,384,999208,13917,3511875,29819,231,671209
0,6873,42.130541755435381,0.00315891439,20,0,384,984292,19541,3273792,29755,231,671209
0,6874,42.134101463435378,0.00373129244,20,0,384,1091875,19458,3539292,29883,231,671209
0,6875,42.137155338435377,0.002971875,20,0,384,983542,10667,3142667,29819,231,671209
0,6876,42.140614046435381,0.00330291246,20,0,384,1070333,12292,3092292,29755,231,671209
0,6877,42.14396079643538,0.00355046056,20,0,384,1025667,19791,3667958,29883,231,671209
0,6878,42.14739429643538,0.003333709,20,0,384,964917,20500,3197625,29819,231,671209
0,6879,42.150741005435378,0.0034213718,20,0,384,1021459,14000,3536958,29755,231,671209
0,6880,42.153862421435377,0.00309642148,20,0,384,1025875,10708,3173834,29883,231,671209
0,6881,42.157315588435381,0.003297619,20,0,384,1057125,16500,3145500,29819,231,671209
0,6882,42.160690880435375,0.003487918,20,0,384,1090709,22833,3545000,29755,231,671209
0,6883,42.16398871343538,0.00333171058,20,0,384,979333,16959,3303250,29883,231,671209
0,6884,42.167434213435378,0.00349587575,20,0,384,1043291,15875,3503083,29819,231,671209
0,6885,42.170602171435377,0.00314878835,20,0,384,967208,20250,3271084,29755,231,671209
0,6886,42.174074088435376,0.00342116645,20,0,384,1052333,15875,3133333,29883,230,671207
0,6887,42.177908171435377,0.00382242072,20,0,384,1035500,13583,3836625,29819,230,671207
0,6888,42.181662755435376,0.00359357987,20,0,384,996000,15833,3729750,29755,230,671207
0,6889,42.185056005435378,0.00366349914,20,0,384,1042292,23500,3610667,29883,230,671207
0,6890,42.188221505435379,0.00311395968,20,0,384,940208,15958,3158042,29819,230,671207
0,6891,42.191485213435378,0.00326045929,20,0,384,1015292,17500,3309750,29755,230,671207
0,6892,42.194538296435375,0.00307741645,20,0,384,1033459,14125,3078417,29883,230,671207
0,6893,42.19805163043538,0.00326337875,20,0,384,963917,15583,3223667,29819,230,671207
0,6894,42.20171171343538,0.00377370324,20,0,384,1148542,25000,3684000,29755,230,671207
0,6895,42.205135546435379,0.00356624858,20,0,384,988458,19750,3541292,29883,229,671205
0,6896,42.208915463435375,0.00362304412,20,0,384,977000,12208,3653292,29819,229,671205
0,6897,42.212362713435375,0.00353804557,20,0,384,1064750,23292,3564833,29755,229,671205
0,6898,42.215846046435381,0.00348061929,20,0,384,1038916,18584,3425125,29883,229,671205
0,6899,42.219193921435377,0.00327346241,20,0,384,1004000,20291,3382333,29819,229,671205
0,6900,42.222686755435376,0.00353845675,20,0,384,1004958,18333,3408000,29755,229,671205
0,6901,42.226767630435376,0.004191667,20,0,384,1037125,18458,4325042,40325,229,671205
0,6902,42.23062021343538,0.00389550021,20,0,384,969000,10375,3907458,38535,229,671205
0,6903,42.234525421435379,0.00389700267,20,0,384,979125,10916,3858875,38035,230,671207
0,6904,42.237664671435375,0.00301999715,20,0,384,984250,11417,3001292,29883,230,671207
0,6905,42.241298546435381,0.00354166678,20,0,384,1058666,14583,3478750,29819,230,671207
0,6906,42.244556505435376,0.003372959,20,0,384,1035417,14167,3429000,29755,230,671207
0,6907,42.247730130435379,0.003246039,20,0,384,1041125,10459,3260750,29883,230,671207
0,6908,42.250817713435374,0.00304108555,20,0,384,998625,15708,3090917,29819,230,671207
0,6909,42.253837380435378,0.00300883641,20,0,384,991458,17959,3008584,29755,230,671207
0,6910,42.257009380435377,0.00310233142,20,0,384,1069875,12750,2984542,29883,229,671205
0,6911,42.260819880435378,0.003550333,20,0,384,1046666,19292,3513958,29819,229,671205
0,6912,42.26455638043538,0.003983128,20,0,384,1144958,25333,3991791,29755,229,671205
0,6913,42.26789546343538,0.00349862524,20,0,384,1044459,21292,3496709,29935,229,671205
0,6914,42.270968505435377,0.00302724633,20,0,384,951416,18209,3070791,29819,229,671205
0,6915,42.274230505435376,0.003216539,20,0,384,1018084,10917,3151625,29755,229,671205
0,6916,42.277326505435376,0.003156583,20,0,384,1022458,21833,3234625,29883,229,671205
0,6917,42.280600046435374,0.00314075244,20,0,384,983375,15667,3116375,29819,229,671205
0,6918,42.284195505435378,0.00368525367,20,0,384,1016417,16042,3617791,29755,229,671205
0,6919,42.287348338435379,0.00314699556,20,0,384,986792,20292,3237959,29883,229,671205
0,6920,42.29050138043538,0.00303295767,20,0,384,1030792,22917,3015667,29819,229,671205
0,6921,42.293883005435376,0.00345704355,20,0,384,1101417,23500,3417541,29755,229,671205
0,6922,42.297422255435379,0.00349962432,20,0,384,1048042,16167,3388667,29883,229,671205
0,6923,42.301038421435379,0.003612004,20,0,384,1049042,12583,3688792,29819,229,671205
0,6924,42.304386255435375,0.003382327,20,0,384,1014625,23542,3388083,29755,229,671205
0,6925,42.308055421435377,0.00378358853,20,0,384,1074292,13375,3617708,29883,229,671205
0,6926,42.311164296435379,0.00306091271,20,0,384,993500,11541,3250583,29819,229,671205
0,6927,42.314434463435376,0.003215377,20,0,384,1023583,15833,3125125,29755,229,671205
0,6928,42.317862921435378,0.00350221083,20,0,384,1038459,22875,3513709,29883,229,671205
0,6929,42.321142421435376,0.00312662264,20,0,384,978958,16916,3151125,29819,229,671205
0,6930,42.324541671435377,0.00353108,20,0,384,1044334,17125,3536709,29755,229,671205
0,6931,42.327728046435375,0.00320129679,20,0,384,981000,19041,3234000,29883,229,671205
0,6932,42.330739546435375,0.00301799877,20,0,384,983083,18666,3128833,29819,229,671205
0,6933,42.33408233843538,0.00333278766,20,0,384,1058167,13209,3141625,29755,229,671205
0,6934,42.337143796435377,0.00303921476,20,0,384,959709,17292,3129833,29883,229,671205
0,6935,42.341117755435377,0.00378424744,20,0,384,1025666,15375,3556584,29819,229,671205
0,6936,42.34481738043538,0.00380066619,20,0,384,1094791,18000,3904583,29755,229,671205
0,6937,42.348068380435379,0.00328633073,20,0,384,1051917,15042,3358833,30271,229,671205
0,6938,42.351492630435381,0.00345513038,20,0,384,1069125,13875,3382291,29819,230,671207
0,6939,42.355298380435379,0.00387208047,20,0,384,1015250,18959,3785458,29755,230,671207
0,6940,42.358884963435379,0.00347404345,20,0,384,944834,14041,3608000,29883,230,671207
0,6941,42.362127963435377,0.00330466265,20,0,384,977750,21125,3337958,29819,230,671207
0,6942,42.365419005435378,0.003168169,20,0,384,1051666,14708,3067417,29755,230,671207
0,6943,42.369015796435377,0.0037547478,20,0,384,1093959,22208,3718667,29883,230,671207
0,6944,42.372390046435378,0.00328446,20,0,384,998208,14333,3368875,29819,230,671207
0,6945,42.376019213435377,0.0036701248,20,0,384,1051542,16125,3493333,29755,230,671207
0,6946,42.380241671435378,0.004160835,20,0,384,1006208,17584,4375542,40325,230,671207
0,6947,42.384407546435376,0.0042774165,20,0,384,1026334,11667,4213250,38099,230,671207
0,6948,42.387882338435375,0.00333020836,20,0,384,1032542,11000,3367375,29755,230,671207
0,6949,42.391459255435379,0.0036769982,20,0,384,1131584,18500,3613000,29883,230,671207
0,6950,42.394668380435377,0.00323154056,20,0,384,1011292,19333,3278333,29819,230,671207
0,6951,42.398488296435374,0.00365762482,20,0,384,1033791,11875,3515458,29755,230,671207
0,6952,42.401935296435376,0.00357971224,20,0,384,1070750,13875,3648708,29883,230,671207
0,6953,42.405164088435377,0.00327354018,20,0,384,1018334,20750,3304958,29819,230,671207
0,6954,42.408722255435379,0.00351316622,20,0,384,1002458,15375,3442458,29755,230,671207
0,6955,42.412002380435375,0.003297456,20,0,384,1023458,16834,3400292,29883,230,671207
0,6956,42.415288213435375,0.00318900216,20,0,384,1036250,15333,3087916,29819,230,671207
0,6957,42.41882633843538,0.00356137333,20,0,384,1082875,22625,3563541,29755,230,671207
0,6958,42.422073546435378,0.00333416951,20,0,384,996334,17750,3418750,29883,230,671207
0,6959,42.425817671435375,0.00371779338,20,0,384,1042292,9917,3616416,29819,230,671207
0,6960,42.429047880435377,0.003246209,20,0,384,1018958,16541,3295833,29755,230,671207
0,6961,42.43228575543538,0.00316712027,20,0,384,1060125,9709,3183875,29883,230,671207
0,6962,42.435627296435378,0.00339574832,20,0,384,1063875,16292,3384583,29819,230,671207
0,6963,42.438748921435376,0.00310338,20,0,384,1021250,15709,3179166,29755,230,671207
0,6964,42.442132130435375,0.00346008362,20,0,384,1005625,12083,3324500,29883,230,671207
0,6965,42.445338880435379,0.00315566175,20,0,384,980625,17208,3227250,29819,230,671207
0,6966,42.448683171435377,0.00320221088,20,0,384,1024667,17916,3161875,29755,230,671207
0,6967,42.452102546435377,0.003646294,20,0,384,1104292,18083,3566750,29883,230,671207
0,6968,42.455376421435375,0.00320716412,20,0,384,959041,12916,3222958,29819,230,671207
0,6969,42.459148630435379,0.00366471079,20,0,384,999375,17416,3704416,29755,230,671207
0,6970,42.462417005435377,0.00334000145,20,0,384,1002292,17042,3357709,29883,230,671207
0,6971,42.466230380435377,0.00374995754,20,0,384,1037125,14250,3616250,29819,230,671207
0,6972,42.469343880435375,0.00319262338,20,0,384,1010417,13791,3384209,30195,230,671207
0,6973,42.472770421435378,0.0033431265,20,0,384,1060750,14375,3203208,29883,231,671209
0,6974,42.476652421435375,0.00397716137,20,0,384,1066125,21625,3820041,29819,231,671209
0,6975,42.480195630435375,0.00350783719,20,0,384,1028833,15250,3694500,29755,231,671209
0,6976,42.484118296435376,0.00409199949,20,0,384,968625,12500,4105125,29883,231,671209
0,6977,42.487330255435381,0.00304024946,20,0,384,944500,10250,3024000,29819,231,671209
0,6978,42.490915963435377,0.003612833,20,0,384,1079083,12209,3544375,29755,231,671209
0,6979,42.494044088435381,0.00318308524,20,0,384,991750,18667,3261708,29883,231,671209
0,6980,42.49717800543538,0.00305525074,20,0,384,969417,18125,3120209,29819,231,671209
0,6981,42.500513463435375,0.00332407886,20,0,384,1077334,14917,3200917,29755,231,671209
0,6982,42.503622421435381,0.00315875141,20,0,384,965375,18959,3219291,29883,231,671209
0,6983,42.506743296435381,0.003046875,20,0,384,1047458,14208,3076500,29819,231,671209
0,6984,42.510083130435376,0.00338987377,20,0,384,1079166,16083,3184417,29755,231,671209
0,6985,42.513435796435381,0.00346070714,20,0,384,1018333,19583,3508667,29883,231,671209
0,6986,42.516877880435381,0.00340367062,20,0,384,958375,11750,3493709,29819,231,671209
0,6987,42.520076838435379,0.00303449552,20,0,384,953625,18959,3121084,29755,231,671209
0,6988,42.523397755435376,0.00333587732,20,0,384,1052625,13625,3264250,29883,231,671209
0,6989,42.526953921435378,0.00371683668,20,0,384,1062166,19792,3510083,29819,231,671209
0,6990,42.530933380435378,0.00389874564,20,0,384,966791,11959,4082375,40197,231,671209
0,6991,42.534623796435376,0.00383233419,20,0,384,1087625,11041,3875167,38163,231,671209
0,6992,42.53767038043538,0.00292420643,20,0,384,931625,10208,2903167,29819,231,671209
0,6993,42.541200005435378,0.00345437927,20,0,384,1041917,12458,3323584,29755,231,671209
0,6994,42.544637588435378,0.00354829221,20,0,384,1005792,13375,3519000,29883,231,671209
0,6995,42.548027796435377,0.00326653919,20,0,384,1000875,12666,3351542,29819,231,671209
0,6996,42.551364088435378,0.003428125,20,0,384,1072666,14292,3491917,29755,231,671209
0,6997,42.554617546435381,0.00323662837,20,0,384,1025500,12833,3172375,29883,231,671209
0,6998,42.557973588435381,0.00342303724,20,0,384,1076208,10875,3330792,29819,231,671209
0,6999,42.561210005435377,0.00308779045,20,0,384,969458,12583,3221125,29755,231,671209
0,7000,42.564827630435374,0.00365750422,20,0,384,1021375,20875,3565084,29883,231,671209
0,7001,42.567950546435377,0.00320695853,20,0,384,1033000,22458,3282625,29819,231,671209
0,7002,42.571004380435376,0.00302378833,20,0,384,1017042,13917,3062875,29755,231,671209
0,7003,42.574241588435378,0.00330471224,20,0,384,1030416,11500,3139917,29883,231,671209
0,7004,42.577286421435375,0.00300587434,20,0,384,942667,16750,3149916,29819,231,671209
0,7005,42.580591296435379,0.00320062367,20,0,384,1046167,12125,3143208,29755,231,671209
0,7006,42.584143630435378,0.0037150865,20,0,384,995750,16625,3627167,29883,231,671209
0,7007,42.587464255435378,0.00312225055,20,0,384,967583,10791,3181541,29819,231,671209
0,7008,42.590997921435381,0.00364216277,20,0,384,1060541,20375,3570875,30143,231,671209
0,7009,42.594303005435378,0.00320512336,20,0,384,998083,18500,3283209,29883,232,671211
0,7010,42.59768383843538,0.003534042,20,0,384,1089500,16541,3504583,29819,232,671211
0,7011,42.601193588435379,0.0033526714,20,0,384,978208,19834,3296000,29755,232,671211
0,7012,42.604827005435375,0.0037432895,20,0,384,1006625,21041,3666042,29883,232,671211
0,7013,42.608226421435376,0.00337949977,20,0,384,1040750,11708,3516667,29819,232,671211
0,7014,42.611406505435376,0.00317300181,20,0,384,1035084,12167,3169375,29755,232,671211
0,7015,42.614828213435381,0.003358709,20,0,384,1035958,11167,3341458,29883,232,671211
0,7016,42.618482338435378,0.00368608278,20,0,384,1064458,21042,3495084,29819,232,671211
0,7017,42.62167700543538,0.00324270828,20,0,384,1007208,12583,3378375,29755,232,671211
0,7018,42.625042963435376,0.00340308249,20,0,384,1039417,11667,3414875,29883,232,671211
0,7019,42.628173296435378,0.00309833465,20,0,384,994750,18083,3134042,29819,232,671211
0,7020,42.631290463435377,0.00306420773,20,0,384,1051167,14750,3144167,29755,232,671211
0,7021,42.634511963435379,0.00331220939,20,0,384,1110250,13500,3179083,29883,231,671209
0,7022,42.637539463435381,0.00303587015,20,0,384,996959,15542,3111125,29819,231,671209
0,7023,42.640975380435378,0.00325308251,20,0,384,1017750,14209,3108958,29755,231,671209
0,7024,42.644534421435381,0.00371896266,20,0,384,1026959,12833,3692208,29883,231,671209
0,7025,42.647822838435381,0.00321503682,20,0,384,1010583,11708,3283875,29819,231,671209
0,7026,42.651189046435377,0.003452381,20,0,384,1071625,13958,3506375,29755,230,671207
0,7027,42.654337338435376,0.00315066613,20,0,384,1024834,10375,3112250,29883,230,671207
0,7028,42.657599505435378,0.00314574828,20,0,384,1003250,10875,3159167,29819,230,671207
0,7029,42.661071213435378,0.00351033174,20,0,384,1096792,15750,3473250,29755,230,671207
0,7030,42.664226796435379,0.00322050019,20,0,384,978042,20083,3333666,29883,230,671207
0,7031,42.66756713043538,0.00334833469,20,0,384,1046083,9292,3202167,29819,230,671207
0,7032,42.670658505435377,0.0030485827,20,0,384,970209,18667,3206667,29807,230,671207
0,7033,42.674181921435377,0.00340708625,20,0,384,1048667,12209,3169041,29883,230,671207
0,7034,42.677602005435375,0.003566872,20,0,384,1086666,22666,3588959,29819,230,671207
0,7035,42.681860046435375,0.003991454,20,0,384,984625,18875,4108584,40197,230,671207
0,7036,42.686008296435375,0.00444779638,20,0,384,1121167,15500,4390125,38163,230,671207
0,7037,42.689570546435377,0.00344137615,20,0,384,991208,12500,3418500,29819,230,671207
0,7038,42.692838713435378,0.00331445574,20,0,384,1038541,19792,3449916,29755,230,671207
0,7039,42.696129130435381,0.00335075124,20,0,384,1064750,16416,3172708,29883,230,671207
0,7040,42.69957533843538,0.003308872,20,0,384,1009500,11292,3251625,29819,230,671207
0,7041,42.702841921435379,0.0034072916,20,0,384,1036959,12250,3558334,29755,230,671207
0,7042,42.706378755435381,0.00336475344,20,0,384,1004042,10041,3225709,29883,230,671207
0,7043,42.709973171435379,0.003435041,20,0,384,1010375,14250,3574667,30207,230,671207
0,7044,42.713491713435381,0.00387054286,20,0,384,1260208,16167,3765209,29755,231,671209
0,7045,42.717103963435378,0.00364791672,20,0,384,957958,13417,3543292,29883,231,671209
0,7046,42.720250505435381,0.00300220377,20,0,384,971375,11125,3180834,29819,231,671209
0,7047,42.723374588435377,0.00301317312,20,0,384,982291,16875,3099667,29755,231,671209
0,7048,42.726667213435377,0.003481165,20,0,384,1147209,17792,3344875,29883,231,671209
0,7049,42.729956880435381,0.00324437348,20,0,384,984334,16000,3242125,29819,231,671209
0,7050,42.733399630435379,0.003490044,20,0,384,1025583,11709,3505583,29755,231,671209
0,7051,42.736639671435377,0.00326004112,20,0,384,981500,11458,3244917,30923,231,671209
0,7052,42.739917588435375,0.00307833054,20,0,384,973125,17333,3143458,29819,231,671209
0,7053,42.743366338435379,0.00362037262,20,0,384,1041958,19000,3391375,29755,231,671209
0,7054,42.746599421435377,0.00325283455,20,0,384,988375,15917,3307292,29883,231,671209
0,7055,42.750247338435379,0.00354162417,20,0,384,994000,13167,3581125,29819,231,671209
0,7056,42.753649380435377,0.00346987671,20,0,384,1038167,20000,3507041,29755,231,671209
0,7057,42.756987796435375,0.003305336,20,0,384,1031750,16125,3179083,29883,231,671209
0,7058,42.760375213435381,0.00337874866,20,0,384,1017791,13792,3498167,29819,231,671209
0,7059,42.763572921435376,0.00325304,20,0,384,973625,19209,3292042,29755,231,671209
0,7060,42.767151796435378,0.00364503963,20,0,384,1018000,13291,3512125,29883,231,671209
0,7061,42.770262505435376,0.003041709,20,0,384,967459,13625,3139791,29819,231,671209
0,7062,42.773395171435375,0.00294254534,20,0,384,1020667,14250,3054750,29755,231,671209
0,7063,42.776865796435381,0.003684205,20,0,384,1138250,13917,3522125,29883,231,671209
0,7064,42.780079213435378,0.003166546,20,0,384,985125,19333,3151583,29819,231,671209
0,7065,42.78413242143538,0.00412179,20,0,384,956875,17834,4137084,29755,231,671209
0,7066,42.787412213435381,0.00318029337,20,0,384,1009375,11208,3216583,29883,231,671209
0,7067,42.791031796435377,0.00367757934,20,0,384,1054708,15042,3439208,29819,231,671209
0,7068,42.794252338435378,0.00322324969,20,0,384,1018792,13084,3463792,29755,231,671209
0,7069,42.797786921435375,0.00355483266,20,0,384,1030250,10167,3433167,29883,231,671209
0,7070,42.801058630435378,0.0032204648,20,0,384,994417,12959,3276750,29819,231,671209
0,7071,42.804147088435379,0.00308983144,20,0,384,947208,16042,3171667,29755,231,671209
0,7072,42.807450505435376,0.00327937212,20,0,384,1061958,13041,3128833,29883,231,671209
0,7073,42.810767630435379,0.00340166525,20,0,384,1003709,20375,3489791,29819,231,671209
0,7074,42.814192421435379,0.003287089,20,0,384,990000,14833,3304916,29755,230,671207
0,7075,42.817754088435379,0.0036745395,20,0,384,1135875,9666,3585959,29883,230,671207
0,7076,42.821221255435375,0.00332291657,20,0,384,955625,20625,3373875,29819,230,671207
0,7077,42.824804296435374,0.00364124868,20,0,384,1040875,19375,3612958,29755,230,671207
0,7078,42.827971880435378,0.00332729588,20,0,384,1023792,15833,3301125,30271,230,671207
0,7079,42.846883713435375,0.0188016221,20,0,384,945500,15917,15789416,40261,231,671209
0,7080,42.854399338435378,0.00749012176,20,0,384,998875,11041,7511458,38035,231,671209
0,7081,42.861605255435379,0.00704375,20,0,384,1086500,11292,6878958,29883,231,671209
0,7082,42.868600630435381,0.007176297,20,0,384,1127417,12208,7129583,29819,231,671209
0,7083,42.87536533843538,0.006700248,20,0,384,1048000,11292,6839334,29755,231,671209
0,7084,42.882012171435377,0.006464704,20,0,384,1088750,11167,6528916,29935,231,671209
0,7085,42.888442588435375,0.00669746334,20,0,384,1036500,33000,6693583,29819,231,671209
0,7086,42.895116796435374,0.00659100059,20,0,384,1049583,10458,6568750,29755,231,671209
0,7087,42.901808921435375,0.00673154043,20,0,384,1131167,10958,6531667,29883,231,671209
0,7088,42.908461088435381,0.006728749,20,0,384,1017709,12000,6853083,29819,231,671209
0,7089,42.915176296435376,0.006329209,20,0,384,1015042,10625,6330625,29755,230,671207
0,7090,42.921897213435379,0.00698333327,20,0,384,1326167,15875,7025166,29883,230,671207
0,7091,42.928954005435379,0.007083957,20,0,384,1048292,10916,6963000,29859,230,671207
0,7092,42.935664171435377,0.0067149587,20,0,384,1114750,11209,6675042,29755,230,671207
0,7093,42.94255813043538,0.00682453951,20,0,384,1075916,11000,6811291,29883,230,671209
0,7094,42.949081088435378,0.00654387753,20,0,384,1085333,12875,6716125,29819,230,671209
0,7095,42.95542775543538,0.006421457,20,0,384,1083791,12167,6416125,30143,230,671209
0,7096,42.96230592143538,0.00681779347,20,0,384,1038042,11833,6651334,29883,231,671211
0,7097,42.969048880435381,0.006767085,20,0,384,1056042,11166,6728375,29819,231,671211
0,7098,42.975442588435378,0.006408872,20,0,384,1102541,11417,6583209,29755,231,671211
0,7099,42.982197255435381,0.00654192176,20,0,384,1068709,11750,6384292,29883,230,671209
0,7100,42.989771088435376,0.007819246,20,0,384,1090583,14042,7996375,40261,230,671209
0,7101,42.997383005435381,0.007594664,20,0,384,1023750,10959,7532708,38035,230,671209
0,7102,43.004458005435374,0.006827714,20,0,384,1055833,10292,6749083,29883,230,671209
0,7103,43.01136225543538,0.00722691324,20,0,384,1107083,21042,7129417,29819,230,671209
0,7104,43.018153088435376,0.0065592546,20,0,384,1017958,10833,6692375,29755,230,671209
0,7105,43.024931921435375,0.006886161,20,0,384,1132167,16792,6795625,29883,229,671207
0,7106,43.031576880435381,0.006567921,20,0,384,1055500,10625,6749125,29819,229,671207
0,7107,43.038122546435375,0.00671179127,20,0,384,1183042,11000,6614041,29755,229,671207
0,7108,43.045025046435377,0.00682850042,20,0,384,1030250,11042,6677000,29883,229,671207
0,7109,43.051676380435374,0.006744246,20,0,384,1028792,11250,6767916,29819,229,671207
0,7110,43.058395421435378,0.00654091546,20,0,384,990292,11625,6632750,29755,229,671207
0,7111,43.064960671435379,0.00654758373,20,0,384,1067334,11000,6537125,29883,229,671207
0,7112,43.071298463435376,0.0065645054,20,0,384,1159708,10458,6539292,30207,229,671207
0,7113,43.077945421435381,0.00659807958,20,0,384,1001625,10375,6603625,29755,230,671209
0,7114,43.084676046435376,0.0065872944,20,0,384,1014500,11792,6598750,29935,230,671209
0,7115,43.091305630435379,0.00678449543,20,0,384,1063250,10500,6771333,29819,230,671209
0,7116,43.097763421435381,0.006291837,20,0,384,1033042,11250,6410167,29755,230,671209
0,7117,43.10439729643538,0.006717205,20,0,384,1113167,14541,6500958,29883,230,671209
0,7118,43.115129171435377,0.00663625263,20,0,384,1023542,10583,6751125,29819,230,671209
0,7119,43.142096796435375,0.0111292517,20,0,384,5133417,9875,11038125,48289,230,671209
0,7120,43.149326546435375,0.0270286631,20,0,384,5278750,11792,26879709,529201,230,671209
0,7121,43.156913380435377,0.007615129,20,0,384,1123167,11083,7911792,40261,230,671179
0,7122,43.164299296435381,0.00734032737,20,0,384,1108750,13708,7160000,38035,229,671177
0,7123,43.17134821343538,0.00697838,20,0,384,1104000,10834,6927166,29883,229,671177
0,7124,43.178635463435377,0.00729195727,20,0,384,1219125,13625,7243792,29819,229,671177
0,7125,43.185679171435375,0.00722266175,20,0,384,1207333,11291,7285500,29755,229,671177
0,7126,43.19263675543538,0.00701462571,20,0,384,1069375,11583,6979250,30271,229,671177
0,7127,43.199525880435381,0.006792085,20,0,384,1042458,10583,6794750,29819,230,671179
0,7128,43.206424796435378,0.00683625275,20,0,384,1050917,13250,6985750,29755,230,671179
0,7129,43.213248213435378,0.00697487267,20,0,384,1211875,11000,6901000,30075,230,671179
0,7130,43.22031850543538,0.00695,20,0,384,1066792,10792,6955292,29819,230,671179
0,7131,43.227158046435378,0.007001375,20,0,384,1102375,11959,6915666,29947,230,671179
0,7132,43.23403788043538,0.00687599927,20,0,384,1043375,10917,6840000,30075,230,671179
0,7133,43.240532588435379,0.00639871042,20,0,384,1044167,15542,6653792,29819,230,671179
0,7134,43.247279796435379,0.006648044,20,0,384,1042250,10958,6551667,29947,230,671179
0,7135,43.254503921435379,0.00723762065,20,0,384,1247875,11459,7214875,29883,230,671179
0,7136,43.281939546435375,0.0271700472,20,0,384,1145084,30250,7424000,30011,230,671179
0,7137,43.291890796435375,0.0102669569,20,0,384,1169750,15875,32970625,72641,230,671179
0,7138,43.295671796435379,0.00370058115,20,0,384,1169750,12000,3820041,36155,230,671181
0,7139,43.300002880435379,0.00423887465,20,0,384,1207875,14250,3961708,36045,230,671181
0,7140,43.304787796435377,0.00492850039,20,0,384,1211625,12125,5026166,47790,230,671181
0,7141,43.309360546435379,0.004733624,20,0,384,1194042,17750,4864208,45288,230,671181
0,7142,43.31258788043538,0.0032285857,20,0,384,1027167,10709,3321792,32007,230,671181
0,7143,43.316124671435375,0.00348608266,20,0,384,1074875,12125,3273708,29755,231,671183
0,7144,43.319578921435379,0.003455499,20,0,384,1024458,19166,3577625,29883,231,671183
0,7145,43.322893630435381,0.00337728881,20,0,384,984750,11667,3415209,30011,231,671183
0,7146,43.326374630435375,0.00340642012,20,0,384,1038417,15000,3287792,29755,231,671183
0,7147,43.33013933843538,0.00387058523,20,0,384,1048583,17292,3796166,29883,231,671183
0,7148,43.33405133843538,0.003949872,20,3,384,999167,13708,4047292,29819,231,671183
0,7149,43.33733425543538,0.00316099776,20,3,384,1007334,11292,3165083,29947,231,671183
0,7150,43.341147838435376,0.003822626,20,3,384,1061333,16458,3681375,29883,234,671231
0,7151,43.344383296435375,0.00324512483,20,5,384,1029291,11084,3401041,29819,234,671231
0,7152,43.348095088435379,0.0035159227,20,5,384,1043292,13583,3472042,29947,233,671229
0,7153,43.351790005435376,0.00401228759,20,5,384,1162125,22250,3793875,29883,235,671255
0,7154,43.355337338435376,0.00345387612,20,14,384,969000,11709,3607625,29819,235,671255
0,7155,43.358788088435375,0.003337415,20,14,384,1036459,16458,3379292,29947,235,671255
0,7156,43.362141463435378,0.00344879529,20,14,384,1022084,17458,3480416,29883,244,671325
0,7157,43.36552213043538,0.003268665,20,16,384,1026166,17625,3231458,29819,244,671325
0,7158,43.368977755435381,0.0035976686,20,16,384,1087708,19792,3592166,29947,244,671325
0,7159,43.372545505435376,0.00339553575,20,21,384,1002083,18375,3383167,29883,246,671357
0,7160,43.376212171435377,0.003740377,20,22,384,1141875,20208,3705833,29819,245,671355
0,7161,43.380070421435377,0.00383904483,20,22,384,1064666,18584,3781250,29755,250,671513
0,7162,43.38418821343538,0.00417570863,20,31,384,1035458,13125,4229541,29883,251,671519
0,7163,43.387626463435375,0.00335308257,20,31,384,1082583,19750,3505917,29819,251,671519
0,7164,43.391172255435379,0.00360933249,20,31,384,1143333,17542,3434958,29755,260,671621
0,7165,43.394533505435376,0.00339995744,20,33,384,1072625,13250,3452208,30075,260,671621
0,7166,43.39845525543538,0.003833957,20,33,384,1032042,20459,3392250,29819,260,671621
0,7167,43.402052588435375,0.0036305415,20,33,384,1087417,12750,4028417,37932,262,671661
0,7168,43.405552296435381,0.00350095658,20,35,384,1094500,16375,3512375,29883,262,671661
0,7169,43.40911004643538,0.003596294,20,35,384,1059750,18375,3609333,29819,262,671661
0,7170,43.412872005435375,0.00377716846,20,35,384,1046333,19500,3489833,29755,264,671713
0,7171,43.416327255435377,0.00348625286,20,35,384,1066791,13875,3687167,29883,264,671713
0,7172,43.419626880435381,0.0032030826,20,35,384,1005583,14750,3344000,30123,264,671713
0,7173,43.423025421435376,0.00335199828,20,35,384,1012667,17875,3351209,29755,264,671713
0,7174,43.426580380435375,0.00360766728,20,35,384,1166792,13959,3499167,29883,264,671713
0,7175,43.429990755435377,0.00352283171,20,35,384,1035375,19708,3545791,30207,264,671713
0,7176,43.433395255435379,0.003342921,20,35,384,1007375,17958,3335291,29755,265,671715
0,7177,43.436611713435376,0.00321911857,20,35,384,1090959,10458,3286500,29883,265,671715
0,7178,43.440008755435379,0.00324392016,20,35,384,1049125,18167,3210875,29819,265,671715
0,7179,43.443270463435375,0.00346050179,20,35,384,1076500,18916,3384000,29755,265,671715
0,7180,43.446436380435379,0.003262415,20,35,384,1036958,13292,3209125,29883,265,671715
0,7181,43.44971754643538,0.00318104448,20,35,384,951209,11125,3197667,29819,265,671715
0,7182,43.453515505435377,0.00385587453,20,35,384,997250,16458,4005833,40197,265,671715
0,7183,43.457323796435375,0.00366811943,20,35,384,1032167,11375,3494459,38163,265,671715
0,7184,43.460861921435381,0.003510296,20,35,384,1119541,14291,3676875,29819,265,671715
0,7185,43.464290380435379,0.00347341271,20,35,384,1077459,14125,3399417,29755,265,671715
0,7186,43.46803746343538,0.00382537558,20,35,384,1094250,11958,3691959,29883,265,671715
0,7187,43.471489796435378,0.00334824971,20,35,384,1003791,14750,3287583,29819,265,671715
0,7188,43.475272380435378,0.003790129,20,35,384,1056917,22416,3911458,29755,265,671715
0,7189,43.47877946343538,0.003477204,20,35,384,1061958,17875,3473166,29883,265,671715
0,7190,43.482173255435377,0.00340141729,20,35,384,1073625,12125,3415875,29819,265,671715
0,7191,43.485602088435378,0.0034745466,20,35,384,1118417,13750,3569333,29755,265,671715
0,7192,43.489247963435375,0.00367691321,20,35,384,1114416,12416,3518542,29883,265,671715
0,7193,43.492763380435377,0.00346374721,20,35,384,1052250,13250,3502875,29819,265,671715
0,7194,43.496239130435377,0.00352896121,20,35,384,1072667,17625,3474291,29807,265,671715
0,7195,43.500082796435379,0.003809375,20,35,384,1042708,11583,3699500,29883,265,671715
0,7196,43.503825630435379,0.00350741926,20,35,384,1045583,11208,3652792,29819,265,671715
0,7197,43.507722171435375,0.00409807963,20,35,384,1196209,22166,4046666,29755,265,671715
0,7198,43.511255921435378,0.00360333757,20,35,384,1053125,20667,3568000,29883,265,671715
0,7199,43.514875963435379,0.00349182962,20,35,384,1070125,14042,3614042,29819,265,671715
0,7200,43.51874979643538,0.003877877,20,35,384,1141708,21000,3794208,29755,265,671715
0,7201,43.522601713435378,0.00387954223,20,35,384,1045250,12333,3793542,29883,265,671715
0,7202,43.526420255435376,0.003806413,20,35,384,1130500,13416,3903417,29819,265,671715
0,7203,43.530186713435377,0.00378258922,20,35,384,1087958,21542,3780291,29755,265,671715
0,7204,43.534219171435375,0.00414754124,20,35,384,1090875,20167,3976083,29883,265,671715
0,7205,43.537707213435375,0.00338670635,20,35,384,1042459,12500,3586209,29819,265,671715
0,7206,43.541144713435379,0.00334357983,20,35,384,1099750,17833,3324666,29755,265,671715
0,7207,43.544600046435377,0.00361962873,20,35,384,1064333,20041,3561417,29883,265,671715
0,7208,43.548082796435381,0.003265044,20,35,384,1025500,19000,3330750,29819,265,671715
0,7209,43.551846921435377,0.00393407745,20,35,384,1160917,14250,3854500,30143,265,671715
0,7210,43.555486921435381,0.00353574962,20,35,384,1063875,17250,3529666,29883,266,671717
0,7211,43.559312671435379,0.00374912843,20,35,384,1149375,21084,3792042,29819,266,671717
0,7212,43.56323658843538,0.00400383351,20,35,384,1111750,22042,3929125,29755,266,671717
0,7213,43.566833630435376,0.00373883219,20,35,384,1130333,22334,3767542,29883,266,671717
0,7214,43.570157255435376,0.00326687214,20,35,384,1041083,20750,3330125,29819,266,671717
0,7215,43.57397167143538,0.00366987661,20,35,384,1084250,17791,3562083,29755,266,671717
0,7216,43.577634088435381,0.00390229584,20,35,384,1117250,25792,3854958,29883,266,671717
0,7217,43.581490755435375,0.00347570865,20,35,384,1031208,12166,3540167,29819,266,671717
0,7218,43.585292296435377,0.00400570454,20,35,384,1243542,24583,4064209,29755,266,671717
0,7219,43.589072421435375,0.00389762619,20,35,384,1149208,15833,3733167,29883,266,671717
0,7220,43.592870296435379,0.00354633643,20,32,384,1088625,13334,3665458,29819,266,671717
0,7221,43.596535171435377,0.00388912275,20,32,384,1245375,16917,3882417,29755,266,671717
0,7222,43.600501546435375,0.003940873,20,32,384,1107500,12625,3723416,29883,263,671631
0,7223,43.604907880435377,0.004516206,20,32,384,1060250,12833,4746875,40261,263,671631
0,7224,43.609116005435375,0.004232334,20,32,384,1046500,10625,4254000,38035,263,671631
0,7225,43.612352005435376,0.00310396124,20,32,384,1048542,15666,3160792,29883,263,671631
0,7226,43.616275546435375,0.00392570859,20,32,384,1104750,37500,3721583,29819,263,671631
0,7227,43.620000713435381,0.00348591269,20,32,384,1113708,14084,3634542,29755,263,671631
0,7228,43.624318296435376,0.004652714,20,26,384,1196542,22125,4359375,29883,263,671631
0,7229,43.627817630435381,0.003421705,20,26,384,1028916,15250,3666000,29819,263,671631
0,7230,43.631672630435375,0.003791291,20,26,384,1050375,20750,3729125,29755,257,671597
0,7231,43.635381796435375,0.00388483563,20,18,384,1084625,20958,3792958,29883,257,671597
0,7232,43.639308255435381,0.0036375,20,18,384,1033542,12500,3699292,29819,257,671597
0,7233,43.643194963435377,0.00400625,20,18,384,1046583,20042,3993125,29755,249,671485
0,7234,43.647030338435378,0.003971251,20,18,384,1052750,26834,3884500,29883,249,671485
0,7235,43.650829796435374,0.00368283014,20,18,384,1054000,13666,3796500,29819,249,671485
0,7236,43.654427338435376,0.00357608427,20,18,384,1066875,21625,3620709,29755,249,671485
0,7237,43.658174755435375,0.00385616487,20,18,384,1157084,21375,3755542,29883,249,671485
0,7238,43.661673963435376,0.00334066758,20,18,384,1028125,19709,3447709,29819,249,671485
0,7239,43.665425838435375,0.00372971222,20,12,384,1057542,19625,3650041,29755,249,671485
0,7240,43.66890088043538,0.00368358125,20,12,384,1104792,19834,3627709,30271,249,671485
0,7241,43.672318088435375,0.00338574965,20,12,384,1039625,13167,3478000,29819,244,671355
0,7242,43.675960505435377,0.00358628831,20,12,384,1042292,19083,3670375,29755,244,671355
0,7243,43.679472088435375,0.00346229458,20,12,384,1094709,17875,3293458,29883,244,671355
0,7244,43.682901671435381,0.003587167,20,12,384,1044833,13084,3651250,29819,244,671355
0,7245,43.686063755435377,0.00309579074,20,12,384,1008500,18917,3231042,29755,244,671355
0,7246,43.69000279643538,0.00382774952,20,12,384,1100958,13709,3610792,29883,244,671355
0,7247,43.693438463435378,0.00358554418,20,12,384,1104875,24584,3663000,29819,244,671355
0,7248,43.696569671435377,0.00315578934,20,12,384,1015959,17208,3231125,29807,244,671355
0,7249,43.700031796435375,0.00337974774,20,12,384,1052500,13000,3282959,29883,244,671355
0,7250,43.703486963435381,0.00347658736,20,12,384,999291,17875,3503583,29819,244,671355
0,7251,43.707660546435378,0.00396116776,20,12,384,1061459,19666,3796500,29755,244,671355
0,7252,43.711376755435381,0.00403803866,20,12,384,1193000,22250,4042333,29883,244,671355
0,7253,43.714594505435379,0.00304970937,20,12,384,1019167,13542,3258334,29819,244,671355
0,7254,43.718179130435381,0.003569083,20,12,384,1143625,15375,3481750,39183,244,671355
0,7255,43.722051046435375,0.003932334,20,12,384,1100292,13875,3781500,29883,244,671355
0,7256,43.725763630435381,0.0037741214,20,12,384,1033041,13375,3922416,29819,244,671355
0,7257,43.72929867143538,0.00331796333,20,12,384,1021958,18041,3375917,29755,244,671355
0,7258,43.73311921343538,0.004063081,20,12,384,1185125,15167,3814708,29883,244,671351
0,7259,43.736630463435375,0.00340179284,20,12,384,1037208,11958,3593792,29819,244,671351
0,7260,43.740310588435378,0.00348579232,20,12,384,1085042,18958,3489541,29755,243,671349
0,7261,43.743899838435375,0.003935041,20,12,384,1097458,24042,3769000,29883,243,671349
0,7262,43.747429671435377,0.00328382943,20,12,384,1015416,12125,3420792,29819,243,671349
0,7263,43.751029130435377,0.00369912852,20,12,384,1133792,21125,3600292,29755,243,671349
0,7264,43.755213255435379,0.004283376,20,12,384,1067584,20542,4374625,40325,243,671349
0,7265,43.759635796435376,0.00431066472,20,12,384,1042833,10625,4317417,38099,243,671349
0,7266,43.763199421435381,0.00360891433,20,12,384,1075625,10958,3454500,29755,243,671349
0,7267,43.76694300543538,0.0038040888,20,12,384,1055042,17709,3832667,29883,243,671349
0,7268,43.769876463435381,0.00298657874,20,12,384,1027750,13084,3141792,29819,243,671349
0,7269,43.772845296435378,0.00286008371,20,0,384,1007042,8000,2940709,29755,243,671349
0,7270,43.776242421435377,0.00348200114,20,0,384,1113334,11500,3299417,31749,243,671347
0,7271,43.779338421435376,0.00300412416,20,0,384,946667,16209,3069125,29819,231,671177
0,7272,43.782718880435375,0.003433043,20,0,384,1009166,13334,3239083,29755,230,671175
0,7273,43.786192880435379,0.00342174736,20,0,384,1000250,12750,3528375,29883,230,671175
0,7274,43.789288588435376,0.00317600626,20,0,384,1039542,14542,3262292,30207,230,671175
0,7275,43.792280421435379,0.00300282729,20,0,384,1039667,10042,3066625,29755,231,671177
0,7276,43.795534255435378,0.00324483425,20,0,384,996708,14250,3062334,29883,231,671177
0,7277,43.79882042143538,0.003078791,20,0,384,964083,12375,3162000,29819,231,671177
0,7278,43.802003671435379,0.0033624575,20,0,384,1012791,22125,3339917,29755,231,671177
0,7279,43.804946421435375,0.00304525229,20,0,384,1034959,11541,3119000,29883,231,671177
0,7280,43.808011630435381,0.00300946,20,0,384,988000,10958,2951750,29819,231,671177
0,7281,43.810754505435376,0.002804039,20,0,384,978125,14750,2920750,29755,231,671177
0,7282,43.813718880435381,0.00295579643,20,0,384,976125,12584,2825917,29883,231,671177
0,7283,43.816960338435379,0.00319878827,20,0,384,943084,15542,3234375,29819,231,671177
0,7284,43.820005005435377,0.0029007087,20,0,384,1006000,10375,2982250,29755,231,671177
0,7285,43.823379880435375,0.003488003,20,0,384,1039917,10292,3355291,29883,231,671177
0,7286,43.826450255435375,0.00304895127,20,0,384,1003542,16000,3095625,29819,231,671177
0,7287,43.829565255435377,0.00311296061,20,0,384,1041917,12292,3034042,29755,231,671177
0,7288,43.832913255435379,0.0034654194,20,0,384,1017084,17250,3378791,29883,231,671177
0,7289,43.836242421435379,0.00322196,20,0,384,943334,10625,3323542,29819,231,671177
0,7290,43.83994588043538,0.00349479169,20,0,384,1020417,16875,3341916,29755,231,671177
0,7291,43.84365513043538,0.003821542,20,0,384,1039250,16333,3688334,29883,231,671177
0,7292,43.847056755435375,0.00348674878,20,0,384,1032292,18000,3725917,29819,231,671177
0,7293,43.850468005435381,0.0033714145,20,0,384,1034417,11958,3378791,29755,231,671177
0,7294,43.853418130435379,0.00304133352,20,0,384,1051000,13792,3094792,29883,231,671177
0,7295,43.856286296435378,0.00285541383,20,0,384,1005417,14375,2932333,29819,231,671177
0,7296,43.859459713435378,0.00301121036,20,0,384,1049167,8291,2957292,29755,231,671177
0,7297,43.862816005435377,0.00345391873,20,0,384,1077209,17000,3317833,29883,231,671177
0,7298,43.866159755435376,0.00338324835,20,0,384,1068542,16250,3389125,29819,231,671177
0,7299,43.869263005435378,0.003127877,20,0,384,1014125,15750,3212042,29755,231,671177
0,7300,43.872521630435379,0.00324175181,20,0,384,1032958,12375,3185083,29883,231,671177
0,7301,43.875662671435379,0.00317587168,20,0,384,983542,20084,3194458,29819,231,671177
0,7302,43.878654130435379,0.00281716976,20,0,384,1004959,9375,2950250,29755,231,671177
0,7303,43.88176625543538,0.00317420624,20,0,384,1084958,13042,3038292,29883,231,671177
0,7304,43.88484238043538,0.00320354314,20,0,384,1088333,12458,3234792,29819,231,671177
0,7305,43.887780338435377,0.00292128674,20,0,384,1011666,12250,2850667,29755,231,671177
0,7306,43.891168838435377,0.00340983551,20,0,384,1006834,14500,3310542,29883,231,671177
0,7307,43.894190255435376,0.002993417,20,0,384,991792,11958,3151958,29819,231,671177
0,7308,43.89775138043538,0.00342725334,20,0,384,1019083,12042,3339000,29807,231,671177
0,7309,43.901409880435381,0.00366432825,20,0,384,1077583,18625,3482250,29883,231,671177
0,7310,43.905475046435377,0.004161671,20,0,384,1029667,11792,4379041,40261,231,671177
0,7311,43.909561421435377,0.0041783303,20,0,384,995041,11250,4208125,38471,231,671177
0,7312,43.913168463435376,0.00363779045,20,0,384,959417,11083,3605125,38163,232,671179
0,7313,43.916462296435377,0.00316354167,20,0,384,950625,9625,3102750,29819,232,671179
0,7314,43.919753963435376,0.00325612957,20,0,384,1001334,15000,3287541,29755,232,671179
0,7315,43.923386380435375,0.00355941034,20,0,384,955708,18041,3487125,29883,232,671179
0,7316,43.92680771343538,0.00352733838,20,0,384,1045916,20417,3519125,29819,232,671179
0,7317,43.930133088435376,0.00328103732,20,0,384,1009167,18000,3372791,29755,232,671179
0,7318,43.93388729643538,0.00385829085,20,0,384,1066833,14834,3770750,29883,232,671179
0,7319,43.937073546435379,0.00311870757,20,0,384,1008541,11000,3157959,29819,232,671179
0,7320,43.940285255435377,0.002971046,20,0,384,1045375,17292,3053917,29755,232,671179
0,7321,43.94364033843538,0.003624582,20,0,384,1117625,16792,3502000,29883,232,671179
0,7322,43.946735338435381,0.003115129,20,0,384,991583,17291,3185041,29819,232,671179
0,7323,43.950067713435381,0.00326653919,20,0,384,1021750,12000,3198750,29755,232,671179
0,7324,43.953308005435375,0.003296627,20,0,384,1044833,12917,3331917,29883,232,671179
0,7325,43.95659446343538,0.00323733,20,0,384,995166,16042,3157292,29819,232,671179
0,7326,43.959910296435375,0.00320899952,20,0,384,996625,19750,3299125,29755,232,671179
0,7327,43.963274630435379,0.00354804425,20,0,384,1046625,11750,3397209,29883,232,671179
0,7328,43.966490338435378,0.00320574688,20,0,384,991416,12416,3298250,29819,232,671179
0,7329,43.96954308843538,0.00301091978,20,0,384,986667,16959,3116042,29755,232,671179
0,7330,43.972689005435377,0.00310053863,20,0,384,1052291,17375,2990917,29883,231,671177
0,7331,43.97610188043538,0.00341550447,20,0,384,1037334,18125,3377583,29819,231,671177
0,7332,43.97952688043538,0.003337415,20,0,384,1056542,16458,3379875,29755,231,671177
0,7333,43.982921130435379,0.00352799753,20,0,384,1035625,12666,3411458,29883,231,671177
0,7334,43.986201088435379,0.00323399948,20,0,384,990833,12834,3306041,29819,231,671177
0,7335,43.989263838435377,0.0031343326,20,0,384,1033166,14416,3264542,29755,231,671177
0,7336,43.992596088435377,0.00336313061,20,0,384,1050375,9375,3213375,29883,231,671177
0,7337,43.99566400543538,0.00302079087,20,0,384,952584,15000,3105625,29819,231,671177
0,7338,43.999120796435378,0.00324328942,20,0,384,1047250,9792,2995791,29755,231,671177
0,7339,44.00250813043538,0.00363320578,20,0,384,1042583,18084,3789333,29883,231,671177
0,7340,44.006081463435379,0.0033218395,20,0,384,972584,12500,3300250,29819,231,671177
0,7341,44.009430755435375,0.003587415,20,0,384,1092333,28167,3575333,29755,231,671177
0,7342,44.01270467143538,0.00320712151,20,0,384,1005625,16375,3240000,29883,231,671177
0,7343,44.016095005435375,0.00335683813,20,0,384,1036708,11417,3269125,29819,231,671177
0,7344,44.01949121343538,0.00341016147,20,0,384,1028500,19917,3496250,29755,231,671177
0,7345,44.023129630435378,0.003261919,20,0,384,983042,15542,3281667,29883,231,671177
0,7346,44.02722892143538,0.00440779468,20,0,384,1311833,23625,4253208,29819,231,671177
0,7347,44.031068963435381,0.0038198696,20,0,384,1030458,15833,3847333,30143,231,671177
0,7348,44.034701838435375,0.00363516854,20,0,384,1063958,22375,3683084,29883,232,671179
0,7349,44.038196213435377,0.00347249862,20,0,384,1075750,20917,3497459,29819,232,671179
0,7350,44.042186588435378,0.00395999849,20,0,384,1135417,25042,3893500,29755,232,671179
0,7351,44.04593017143538,0.00382700539,20,0,384,1052458,20292,3799375,29883,232,671179
0,7352,44.049741630435378,0.00376049452,20,0,384,1103875,14750,3698041,29819,232,671179
0,7353,44.053749296435377,0.004116837,20,0,384,1115708,15417,4104750,29755,232,671179
0,7354,44.057846713435382,0.00423178868,20,0,384,1046167,21250,4383833,40325,232,671179
0,7355,44.061909505435381,0.00383950537,20,0,384,976667,11166,3854916,38099,232,671179
0,7356,44.065573421435381,0.00368808117,20,0,384,1094625,10708,3539416,29755,232,671179
0,7357,44.068803838435379,0.00336358417,20,0,384,1031958,22375,3501250,29883,232,671179
0,7358,44.072042963435379,0.00320496038,20,0,384,997625,16292,3175958,29819,232,671179
0,7359,44.075422505435377,0.00341120316,20,0,384,1042125,10791,3399208,29755,232,671179
0,7360,44.078577880435375,0.003065292,20,0,384,1014250,11583,3137042,29883,232,671179
0,7361,44.081975130435374,0.00327242073,20,0,384,1016125,16417,3242958,29819,231,671177
0,7362,44.085677463435381,0.00379982986,20,0,384,1179209,16167,3692458,29755,231,671177
0,7363,44.089350255435377,0.00362291676,20,0,384,1076708,18542,3615333,29883,231,671177
0,7364,44.092797463435375,0.0036066256,20,0,384,1071708,17375,3591541,29819,231,671177
0,7365,44.096072880435379,0.00327233551,20,0,384,970500,19334,3260833,29755,231,671177
0,7366,44.099480463435377,0.00330474763,20,0,384,1004667,14542,3318167,29935,231,671177
0,7367,44.102861546435378,0.00347670773,20,0,384,971917,14416,3545917,29819,231,671177
0,7368,44.106321671435381,0.003325751,20,0,384,1009917,16000,3354041,29755,231,671177
0,7369,44.10964171343538,0.00342091848,20,0,384,1172125,9541,3392750,29883,231,671177
0,7370,44.11317792143538,0.0035255386,20,0,384,1016542,17042,3428000,29819,231,671177
0,7371,44.116623296435378,0.00345500279,20,0,384,1017917,15792,3460917,29755,231,671177
0,7372,44.119837713435381,0.00320374849,20,0,384,1048291,12375,3291083,29883,231,671177
0,7373,44.123434796435376,0.00356629118,20,0,384,965833,12750,3501500,29819,231,671177
0,7374,44.126736463435378,0.00337504246,20,0,384,1034875,19500,3400083,29755,231,671177
0,7375,44.130038213435377,0.003400248,20,0,384,1033250,11959,3301375,29883,231,671177
0,7376,44.133270963435379,0.003136834,20,0,384,954958,12292,3269292,29819,231,671177
0,7377,44.136460296435381,0.003111919,20,0,384,1040333,14000,3158458,29755,231,671177
0,7378,44.139807171435379,0.00322970515,20,0,384,1107959,11708,3139417,29883,231,671177
0,7379,44.14335288043538,0.00376125285,20,0,384,1070792,24834,3703167,29819,231,671177
0,7380,44.146784213435375,0.00327866361,20,0,384,963791,17500,3297750,29755,231,671177
0,7381,44.150421255435376,0.00381346373,20,0,384,1062541,16500,3696333,30271,231,671177
0,7382,44.153472380435375,0.003021705,20,0,384,993833,12250,3188084,29819,232,671179
0,7383,44.157004130435375,0.00337804,20,0,384,1023292,14667,3202833,29755,232,671179
0,7384,44.160591380435378,0.00368146249,20,0,384,1068584,28459,3738917,29883,232,671179
0,7385,44.163885671435381,0.00335483276,20,0,384,988125,12583,3443417,29819,232,671179
0,7386,44.16722092143538,0.003313499,20,0,384,1019375,12125,3306708,29755,232,671179
0,7387,44.170312796435375,0.00312487246,20,0,384,1044750,11000,3152708,29883,232,671179
0,7388,44.173576630435377,0.00309008639,20,0,384,994625,14500,3119834,29819,232,671179
0,7389,44.176841838435379,0.00340724923,20,0,384,1196375,19667,3308791,29755,231,671177
0,7390,44.180127046435381,0.003146875,20,0,384,1020917,10958,3183291,29883,231,671177
0,7391,44.184150546435376,0.00421533454,20,0,384,1020500,21959,4092750,29819,231,671177
0,7392,44.18732638043538,0.00308828661,20,0,384,1003000,13208,3178250,29755,231,671177
0,7393,44.190826296435375,0.003520713,20,0,384,1059750,12792,3351083,29883,231,671177
0,7394,44.19422675543538,0.00341337151,20,0,384,1011709,12875,3531292,29819,231,671177
0,7395,44.197590255435379,0.00331608555,20,0,384,1016750,16583,3419250,29755,231,671177
0,7396,44.200870546435375,0.003293247,20,0,384,1069750,18083,3198833,29883,230,671175
0,7397,44.20394463043538,0.00310817035,20,0,384,979250,15709,3078291,29819,230,671175
0,7398,44.207736796435377,0.003871457,20,0,384,1047750,20792,3917459,40197,230,671175
0,7399,44.211377630435379,0.00363979582,20,0,384,980250,10958,3672583,38163,230,671175
0,7400,44.214545296435375,0.00304533029,20,0,384,996959,8334,3025250,29819,230,671175
0,7401,44.217980130435379,0.00349683245,20,0,384,1073958,13375,3390417,29755,229,671173
0,7402,44.22129633843538,0.0032715844,20,0,384,1001208,16792,3262250,29883,229,671173
0,7403,44.22470300543538,0.00342196,20,0,384,960416,12625,3422375,29819,229,671173
0,7404,44.22817850543538,0.00341687212,20,0,384,1020500,19167,3425792,29755,229,671173
0,7405,44.231292338435381,0.00319183664,20,0,384,1078583,16958,3261583,29883,229,671173
0,7406,44.234737963435379,0.003388081,20,0,384,1024709,14208,3299042,29819,229,671173
0,7407,44.238313421435379,0.00359071,20,0,384,1019917,20875,3551334,29755,229,671173
0,7408,44.241905963435379,0.00360149518,20,0,384,958750,11791,3632083,29883,229,671173
0,7409,44.245034505435378,0.00316391722,20,0,384,1015959,17750,3259292,29819,229,671173
0,7410,44.248030171435381,0.0029729167,20,0,384,1020667,11083,3039875,29755,229,671173
0,7411,44.251329505435379,0.003352629,20,0,384,1081875,11666,3184584,29883,229,671173
0,7412,44.254590046435375,0.0032594176,20,0,384,966333,17167,3307000,29819,229,671173
0,7413,44.25822975543538,0.00355341565,20,0,384,968625,16208,3485250,29755,229,671173
0,7414,44.261583713435378,0.00336607848,20,0,384,1049709,17167,3347833,29883,229,671173
0,7415,44.264965546435377,0.00325717125,20,0,384,987791,10208,3356041,29819,229,671173
0,7416,44.26842758843538,0.00357891154,20,0,384,1099833,15042,3550042,30143,229,671173
0,7417,44.27212404643538,0.00370754674,20,0,384,1065125,14500,3542875,29883,230,671175
0,7418,44.275561296435377,0.00345124723,20,0,384,1077125,11708,3588000,29819,230,671175
0,7419,44.27914300543538,0.00327346241,20,0,384,1048625,12375,3289334,29755,230,671175
0,7420,44.282859921435382,0.00412766449,20,0,384,1111375,40834,3911625,29883,230,671175
0,7421,44.286176088435376,0.00311237248,20,0,384,968125,12459,3331708,29819,230,671175
0,7422,44.290447838435377,0.00422842242,20,0,384,1125833,16834,4043500,29755,230,671175
0,7423,44.293908713435378,0.0036797903,20,0,384,1047542,23958,3690917,29883,230,671175
0,7424,44.297496255435377,0.00340237375,20,0,384,1000833,12459,3503583,29819,229,671173
0,7425,44.301058880435377,0.003662996,20,0,384,1085958,17625,3604792,29807,228,671171
0,7426,44.304418213435376,0.00341687934,20,0,384,960542,18708,3334375,29883,228,671171
0,7427,44.307906838435379,0.00337529043,20,0,384,997167,11875,3451042,29819,228,671171
0,7428,44.31140733843538,0.00350208324,20,0,384,1050625,20208,3573833,29755,228,671171
0,7429,44.314961921435376,0.00355017,20,0,384,1034083,19250,3496750,29883,228,671171
0,7430,44.318421546435381,0.00349987252,20,0,384,1008916,21292,3505083,29819,228,671171
0,7431,44.321904005435378,0.00340749719,20,0,384,964250,11042,3392083,29755,228,671171
0,7432,44.32582917143538,0.004068672,20,0,384,1082208,22375,3907000,29883,228,671171
0,7433,44.329092796435376,0.00314878835,20,0,384,1021334,14041,3348958,29819,228,671171
0,7434,44.332365630435376,0.00329258083,20,0,384,1082208,25208,3322583,29755,228,671171
0,7435,44.335954838435377,0.003716546,20,0,384,1089916,24167,3504958,29883,228,671171
0,7436,44.339523130435381,0.00321403774,20,0,384,1001834,12125,3394041,29819,228,671171
0,7437,44.342922713435378,0.00362108136,20,0,384,1114042,31417,3592708,31379,228,671171
0,7438,44.347050296435377,0.00409904355,20,0,384,1097583,12125,3848208,29883,228,671171
0,7439,44.350836421435375,0.00385396113,20,0,384,1118250,14542,4042000,29819,228,671171
0,7440,44.35410608843538,0.00329596084,20,0,384,986791,19833,3292875,29755,227,671169
0,7441,44.358353171435375,0.00419158163,20,0,384,1040500,12667,4198917,40325,227,671169
0,7442,44.362604130435379,0.0041866214,20,0,384,1034167,12250,4226708,38099,227,671169
0,7443,44.366203463435376,0.00359092257,20,0,384,1144542,19958,3564125,29755,227,671169
0,7444,44.36955788043538,0.00348253967,20,0,384,1114208,15166,3452542,29883,227,671169
0,7445,44.373243546435376,0.003597293,20,0,384,1028416,16125,3560083,29819,227,671169
0,7446,44.377051005435376,0.00380249438,20,0,384,1066042,20791,3807458,29755,227,671169
0,7447,44.380742338435375,0.0036604167,20,0,384,1049834,20500,3660458,29883,227,671169
0,7448,44.38412596343538,0.00344000151,20,0,384,1044084,14041,3574417,29819,227,671169
0,7449,44.387375505435379,0.00319124851,20,0,384,1076083,27708,3177500,29755,227,671169
0,7450,44.390875505435375,0.003586416,20,0,384,1108750,14084,3337583,30271,227,671169
0,7451,44.394671588435379,0.00371517148,20,0,384,1033333,14459,3891791,29819,228,671171
0,7452,44.398177213435375,0.00350308255,20,0,384,1118500,20208,3493167,29755,228,671171
0,7453,44.402175421435381,0.00399304135,20,0,384,1164584,11500,3812709,29883,228,671171
0,7454,44.405589755435379,0.00350908446,20,0,384,1061666,14000,3680000,29819,228,671171
0,7455,44.409141463435375,0.00353408442,20,0,384,1043125,16917,3582875,29755,228,671171
0,7456,44.412532588435376,0.00338061922,20,0,384,1075750,14625,3280833,29883,228,671171
0,7457,44.415951255435381,0.00331921061,20,0,384,1068084,13167,3328583,29819,228,671171
0,7458,44.419477588435377,0.00357900374,20,0,384,1143750,19250,3619500,29755,228,671171
0,7459,44.42284375543538,0.0034691256,20,0,384,1022042,18375,3449208,29883,228,671171
0,7460,44.426107296435376,0.00331095513,20,0,384,1007625,21042,3354708,29819,228,671171
0,7461,44.429210421435378,0.00308074686,20,0,384,1019250,11875,3061000,29755,228,671171
0,7462,44.432725588435375,0.00350737665,20,0,384,1036041,13875,3383792,29883,228,671171
0,7463,44.436017171435381,0.00330341561,20,0,384,1013875,15500,3367666,29819,228,671171
0,7464,44.439621380435376,0.003438251,20,0,384,999417,14958,3401500,29755,228,671171
0,7465,44.44294100543538,0.00348079647,20,0,384,1055833,18167,3512209,29883,228,671171
0,7466,44.44638567143538,0.003385289,20,0,384,1016542,16500,3376125,29819,228,671171
0,7467,44.449839463435382,0.00346070714,20,0,384,1060542,18709,3517500,29755,228,671171
0,7468,44.453250880435377,0.00350141735,20,0,384,1068375,13542,3379292,29883,228,671171
0,7469,44.457213963435379,0.00382320723,20,0,384,989750,12459,3616708,29819,228,671171
0,7470,44.460945880435375,0.00366400229,20,0,384,1118375,14209,3912875,29755,228,671171
0,7471,44.464354130435375,0.003535537,20,0,384,1046000,17458,3558292,29883,228,671171
0,7472,44.467741921435376,0.003453458,20,0,384,1038458,16333,3401208,29819,228,671171
0,7473,44.470892088435377,0.003120961,20,0,384,997917,14916,3265041,29755,228,671171
0,7474,44.474427588435375,0.003544416,20,0,384,1047583,13000,3329667,29883,228,671171
0,7475,44.47772996343538,0.003268254,20,0,384,1011500,11458,3388000,29819,228,671171
0,7476,44.481400046435375,0.00344854034,20,0,384,1049041,12083,3406375,29755,228,671171
0,7477,44.485197130435381,0.00400350057,20,0,384,1082833,23250,3921583,29883,228,671171
0,7478,44.488527046435379,0.003383709,20,0,384,1033417,13875,3468750,29819,228,671171
0,7479,44.491813171435375,0.003322371,20,0,384,1008375,16125,3296666,29755,228,671171
0,7480,44.494840171435378,0.003002629,20,0,384,989333,14708,3094959,29883,228,671171
0,7481,44.497897838435378,0.00300716422,20,0,384,1020500,15041,3011000,29819,228,671171
0,7482,44.501123005435375,0.0032292516,20,0,384,1080500,13000,3184125,29807,228,671171
0,7483,44.504340713435376,0.003216043,20,0,384,964125,17334,3093667,29883,228,671171
0,7484,44.50877313043538,0.004491497,20,0,384,1040875,15583,4600291,40261,228,671171
0,7485,44.512573005435378,0.00384691753,20,0,384,1003917,10875,3815042,38471,228,671171
0,7486,44.51652363043538,0.003974419,20,0,384,964250,11083,3970834,38163,229,671173
0,7487,44.519577338435376,0.00285091414,20,0,384,962875,10875,2952000,29819,229,671173
0,7488,44.523174088435375,0.0036031676,20,0,384,1090458,8583,3442833,29755,229,671173
0,7489,44.526492380435378,0.00338903768,20,0,384,1072125,17875,3372791,29883,229,671173
0,7490,44.530003796435381,0.00351121021,20,0,384,1029292,17292,3505917,29819,229,671173
0,7491,44.534451713435381,0.004523292,20,0,384,1024792,19000,4386125,29755,229,671173
0,7492,44.537770671435375,0.00319949677,20,0,384,980958,12667,3389000,29883,229,671173
0,7493,44.541622255435378,0.00385274948,20,0,384,1084458,21875,3708958,29819,229,671173
0,7494,44.544838880435378,0.00326454779,20,0,384,1001417,12958,3395292,29755,229,671173
0,7495,44.548142463435376,0.00314153917,20,0,384,1053709,10333,3183625,29883,229,671173
0,7496,44.55165179643538,0.00372266863,20,0,384,1202625,14292,3504000,29819,229,671173
0,7497,44.554766588435378,0.00308129261,20,0,384,981625,16541,3294250,29755,229,671173
0,7498,44.558056046435375,0.003299001,20,0,384,1014625,15250,3192333,29883,229,671173
0,7499,44.56162563043538,0.003337578,20,0,384,994000,20625,3368125,29819,229,671173
0,7500,44.565183796435377,0.00362621178,20,0,384,1129458,19917,3512250,29755,229,671173
0,7501,44.56856267143538,0.00347925164,20,0,384,1091833,16208,3576041,29883,229,671173
0,7502,44.572364463435378,0.00369995739,20,0,384,1034042,20041,3623916,29819,229,671173
0,7503,44.576292838435378,0.00408258243,20,0,384,1070250,21166,4019000,29755,229,671173
0,7504,44.579983588435375,0.00335958041,20,0,384,1000000,13709,3491083,29883,229,671173
0,7505,44.583616255435381,0.003905251,20,0,384,1242583,13250,3787667,29819,229,671173
0,7506,44.586883213435378,0.003290873,20,0,384,1033084,16000,3380750,29755,229,671173
0,7507,44.590144421435376,0.00318100187,20,0,384,1052750,16750,3196167,29883,229,671173
0,7508,44.593592713435378,0.00356096239,20,0,384,1088000,18542,3570917,29819,229,671173
0,7509,44.59672838043538,0.003159538,20,0,384,1037459,15125,3203833,29755,229,671173
0,7510,44.600170588435375,0.00332941464,20,0,384,1037834,12708,3213375,29883,229,671173
0,7511,44.603421421435378,0.00327229314,20,0,384,1009375,15041,3331333,29819,229,671173
0,7512,44.606862171435381,0.00339550036,20,0,384,1075166,18375,3451708,29755,229,671173
0,7513,44.610656088435377,0.00354708056,20,0,384,1114250,15292,3375375,29883,229,671173
0,7514,44.614729380435378,0.00421187654,20,0,384,1239334,24500,4225333,29819,229,671173
0,7515,44.618134880435377,0.00362896128,20,0,384,1096125,34500,3700792,29755,229,671173
0,7516,44.621428838435378,0.00339237531,20,0,384,1019333,11334,3281833,29883,229,671173
0,7517,44.624795046435381,0.00321187638,20,0,384,921291,9209,3211875,29819,229,671173
0,7518,44.627939880435378,0.00320845377,20,0,384,1013458,11708,3354666,30143,229,671173
0,7519,44.631177046435376,0.003200418,20,0,384,1057500,9834,3116125,30551,230,671175
0,7520,44.634305213435375,0.00320266443,20,0,384,1022458,17625,3289375,29819,230,671175
0,7521,44.637497088435381,0.00307987537,20,0,384,1011042,11583,3029375,29755,230,671175
0,7522,44.641213546435381,0.003765462,20,0,384,1119625,11875,3587958,29883,230,671175
0,7523,44.64477246343538,0.00350795779,20,0,384,998792,10916,3604500,30293,230,671175
0,7524,44.648247796435378,0.00336449826,20,0,384,1047875,31292,3381000,29755,230,671175
0,7525,44.651691963435375,0.00368816615,20,0,384,1126292,19083,3652166,29883,230,671175
0,7526,44.655191588435379,0.00341395964,20,0,384,960000,12125,3320542,29819,230,671175
0,7527,44.659735171435379,0.004546457,20,0,384,1015834,12833,4690417,40197,230,671175
0,7528,44.663762963435381,0.00411475357,20,0,384,996125,16584,4115167,38163,230,671175
0,7529,44.667211255435376,0.003356583,20,0,384,997416,10042,3288417,29819,230,671175
0,7530,44.670548588435381,0.00323949824,20,0,384,1033750,18208,3342542,29755,230,671175
0,7531,44.674076005435381,0.00360341556,20,0,384,1156083,14333,3448292,29883,230,671175
0,7532,44.677581463435381,0.0034452097,20,0,384,991750,18250,3492708,29819,230,671175
0,7533,44.680900838435377,0.003290958,20,0,384,1069792,26333,3401667,29755,230,671175
0,7534,44.684352755435377,0.00353446,20,0,384,1044708,9541,3401583,29883,230,671175
0,7535,44.688213005435379,0.00392604154,20,0,384,1042291,12709,3797708,29819,230,671175
0,7536,44.691504255435376,0.00328612537,20,0,384,1038958,12750,3476000,29755,230,671175
0,7537,44.694602546435377,0.00307366787,20,0,384,1014958,18375,3101375,29883,230,671175
0,7538,44.698225380435375,0.00358925038,20,0,384,1021334,16000,3504583,29819,230,671175
0,7539,44.70174963043538,0.003545791,20,0,384,1016917,27000,3397625,29807,230,671175
0,7540,44.70513513043538,0.00343178865,20,0,384,971583,11708,3495958,29883,230,671175
0,7541,44.708406130435378,0.0032858348,20,0,384,1025916,11625,3376666,29819,229,671173
0,7542,44.716137671435376,0.00298612518,20,0,384,1004667,10584,3086167,29755,229,671173
0,7543,44.735695421435381,0.00857996,20,0,384,5210417,15041,8343083,76337,229,671173
0,7544,44.73980450543538,0.0195634142,20,0,384,4879042,11834,19528291,209012,229,671149
0,7545,44.743483380435379,0.00381708471,20,0,384,1133042,12375,3975958,29755,229,671155
0,7546,44.746990463435381,0.00359803718,20,0,384,1061833,16625,3552834,29883,229,671155
0,7547,44.750355005435381,0.00335908448,20,0,384,977083,13750,3386458,30207,229,671155
0,7548,44.753574671435381,0.00312825246,20,0,384,1030667,16125,3232667,29755,230,671157
0,7549,44.757365046435375,0.00365875149,20,0,384,1110167,14375,3467709,29883,230,671157
0,7550,44.76099613043538,0.00379328942,20,0,384,1087917,30209,3839583,29819,230,671157
0,7551,44.764410338435376,0.00338041387,20,0,384,984416,12583,3456417,29755,230,671157
0,7552,44.767720088435375,0.00341517152,20,0,384,1128625,14125,3369625,29883,230,671157
0,7553,44.770970796435378,0.00323237665,20,0,384,1018375,14292,3221375,29819,230,671157
0,7554,44.774400338435377,0.00338657876,20,0,384,1067542,12334,3379166,29755,230,671157
0,7555,44.777644171435377,0.00331675168,20,0,384,1043500,12583,3354959,29883,230,671157
0,7556,44.781030671435381,0.00318129244,20,0,384,993500,17417,3236458,29819,230,671157
0,7557,44.78451538043538,0.00366232987,20,0,384,1087667,18667,3500625,29755,230,671157
0,7558,44.787777880435378,0.00320912688,20,0,384,1020875,19708,3294000,29883,230,671157
0,7559,44.79130604643538,0.00355791533,20,0,384,1078833,16208,3500250,29819,230,671157
0,7560,44.794580880435376,0.00328408438,20,0,384,1038625,16959,3324750,29755,229,671155
0,7561,44.797648421435376,0.00305966544,20,0,384,1057750,11167,3145334,29883,229,671155
0,7562,44.801104130435377,0.00336025376,20,0,384,1075667,13125,3220875,29819,229,671155
0,7563,44.804459296435375,0.00334625132,20,0,384,1028667,19583,3377083,29755,229,671155
0,7564,44.808263546435377,0.004008454,20,0,384,1151625,16375,3721209,29883,229,671155
0,7565,44.812574463435375,0.00426296052,20,0,384,996083,11209,4517833,40261,229,671155
0,7566,44.816850921435375,0.004258829,20,0,384,1042291,11375,4261459,38035,229,671155
0,7567,44.820230921435375,0.00315899937,20,0,384,1041667,12375,3206667,29883,229,671155
0,7568,44.823722421435377,0.003621464,20,0,384,1110458,12750,3468542,29819,229,671155
0,7569,44.827046796435376,0.003403125,20,0,384,1065958,23875,3487625,29755,229,671155
0,7570,44.831063005435375,0.00390416663,20,0,384,1046166,16292,3712250,29883,229,671155
0,7571,44.834632838435375,0.0036584537,20,0,384,1095375,15042,3788541,29819,229,671155
0,7572,44.838064671435376,0.00347945723,20,0,384,1020334,26167,3436916,29755,229,671155
0,7573,44.841757921435381,0.00363162556,20,0,384,995542,13834,3549875,29883,229,671155
0,7574,44.844947588435375,0.00323046348,20,0,384,1020875,11917,3413584,29819,228,671153
0,7575,44.848406088435375,0.00334870326,20,0,384,1044416,16708,3267875,29755,228,671153
0,7576,44.851982880435379,0.00357774948,20,0,384,1076625,14417,3591000,29883,228,671153
0,7577,44.855572713435379,0.00359392,20,0,384,1084708,22500,3612375,29819,228,671153
0,7578,44.859074880435379,0.00350420922,20,0,384,1075000,23583,3500333,29755,228,671153
0,7579,44.862587713435381,0.00358654326,20,0,384,1022000,29625,3444750,29883,228,671153
0,7580,44.86593879643538,0.00329237524,20,0,384,1031417,15083,3417833,29819,228,671153
0,7581,44.86904721343538,0.003253125,20,0,384,1025750,13875,3328500,30143,228,671153
0,7582,44.872218088435375,0.003168162,20,0,384,1017375,13458,3172417,29883,229,671155
0,7583,44.875518380435381,0.00324550038,20,0,384,1023917,9750,3092500,29819,229,671155
0,7584,44.879297338435379,0.00376104028,20,0,384,1043875,14417,3889166,39809,229,671155
0,7585,44.882771255435379,0.00351646123,20,0,384,956041,11542,3320500,29883,229,671155
0,7586,44.885899963435378,0.00317479461,20,0,384,991166,13708,3320250,29819,229,671155
0,7587,44.889100588435376,0.00309412554,20,0,384,986708,12834,3157291,29755,229,671155
0,7588,44.892825963435378,0.00369574828,20,0,384,1080583,13750,3501375,29883,229,671155
0,7589,44.896313463435376,0.003575666,20,0,384,1107167,12084,3615083,29819,229,671155
0,7590,44.899555838435376,0.00312453951,20,0,384,1007583,16583,3255375,29755,229,671155
0,7591,44.902739088435375,0.00336487382,20,0,384,1009125,11500,3285500,29935,229,671155
0,7592,44.906062921435378,0.0031138747,20,0,384,942834,14250,3149708,29819,229,671155
0,7593,44.909321546435379,0.00330491783,20,0,384,1123417,22208,3350459,29755,229,671155
0,7594,44.912482171435379,0.00322958478,20,0,384,1124042,18083,3178834,29883,229,671155
0,7595,44.915994255435379,0.00355391856,20,0,384,1035792,15041,3326416,29819,229,671155
0,7596,44.919481838435381,0.00337066315,20,0,384,1028917,13875,3521500,29755,229,671155
0,7597,44.923063588435376,0.00363058387,20,0,384,999042,18667,3589250,29883,229,671155
0,7598,44.926513046435375,0.00346337864,20,0,384,989917,15209,3489917,29819,229,671155
0,7599,44.929906880435375,0.003396875,20,0,384,1052166,17541,3414083,29755,229,671155
0,7600,44.933213671435375,0.0033677083,20,3,384,1045417,19291,3370958,29883,229,671155
0,7601,44.936357463435378,0.00312041515,20,3,384,988959,16500,3174625,29819,229,671155
0,7602,44.939704546435379,0.00323112239,20,3,384,1020958,15750,3113917,29755,232,671253
0,7603,44.942958588435381,0.00337650231,20,3,384,1016375,18583,3389541,29883,232,671253
0,7604,44.946525338435379,0.00350250141,20,3,384,1001042,14791,3478542,29819,232,671253
0,7605,44.949962046435381,0.003440703,20,3,384,1053834,11917,3419333,29755,232,671253
0,7606,44.953280838435376,0.00338654337,20,7,384,1028250,20791,3403667,29883,232,671253
0,7607,44.956552380435376,0.00307712588,20,7,384,1007709,11334,3177375,29819,232,671253
0,7608,44.96022075543538,0.00381366932,20,7,384,1137042,16625,3525292,29755,236,671377
0,7609,44.964455463435378,0.00425366359,20,7,384,987500,11458,4483291,40325,236,671377
0,7610,44.968267630435378,0.003880669,20,7,384,1071500,11167,3777125,38099,236,671377
0,7611,44.971344380435376,0.00298366649,20,8,384,1022500,10375,3101209,29755,236,671377
0,7612,44.974820213435379,0.00347991777,20,8,384,1055542,14834,3383042,29883,236,671377
0,7613,44.978015671435379,0.0031844175,20,8,384,1030875,16375,3280125,29819,237,671403
0,7614,44.981195880435379,0.00301137334,20,11,384,1066084,10917,3106084,29755,237,671403
0,7615,44.984681380435376,0.00361124566,20,11,384,1173208,12792,3416375,29883,237,671403
0,7616,44.988603630435378,0.003811501,20,11,384,1053708,20666,3770083,29819,240,671501
0,7617,44.992147421435376,0.00370462728,20,11,384,1137291,14833,3719791,30143,240,671501
0,7618,44.995463255435375,0.00331699965,20,11,384,1017042,17750,3383041,29883,241,671503
0,7619,44.999224088435376,0.00354800164,20,11,384,1039334,18958,3406958,29819,241,671503
0,7620,45.002894130435379,0.00380766718,20,15,384,1073833,16166,3906041,29755,241,671503
0,7621,45.006546838435376,0.00355820567,20,15,384,1088375,17334,3571084,29883,241,671503
0,7622,45.010328838435377,0.003931831,20,15,384,1168417,16875,3750209,29819,245,671627
0,7623,45.01391321343538,0.00350812776,20,15,384,1057042,13709,3649959,29755,245,671627
0,7624,45.017649671435379,0.00382312224,20,15,384,1082375,18583,3788542,29883,245,671627
0,7625,45.021236296435376,0.003472378,20,17,384,1048750,12083,3382833,29819,245,671627
0,7626,45.025092963435377,0.003933999,20,17,384,1076792,12750,4016833,29755,245,671627
0,7627,45.028466296435376,0.00342324981,20,17,384,1044959,20959,3488625,29883,247,671699
0,7628,45.031959421435381,0.00330808526,20,17,384,1032792,21417,3194709,29819,247,671699
0,7629,45.035426046435376,0.00364241772,20,17,384,1151042,20667,3723292,29755,247,671699
0,7630,45.039010171435379,0.00351712015,20,17,384,1042250,20041,3569833,29883,247,671699
0,7631,45.04232492143538,0.00342949969,20,17,384,1026375,11500,3387792,29819,247,671699
0,7632,45.045455505435378,0.00303233415,20,17,384,1013917,19625,3152333,29755,247,671699
0,7633,45.048945671435376,0.00339545775,20,17,384,1131583,15167,3133708,29883,247,671699
0,7634,45.052670755435379,0.00389625132,20,17,384,1100625,22291,3894542,29819,247,671699
0,7635,45.056180838435381,0.00337278913,20,17,384,1019708,15167,3507583,29755,247,671699
0,7636,45.059646421435382,0.00350291957,20,17,384,1168250,16708,3476208,29883,247,671699
0,7637,45.063043338435378,0.00351895555,20,17,384,1008250,17208,3372667,29819,247,671699
0,7638,45.066560546435376,0.00345171476,20,17,384,1008375,12042,3538417,29755,247,671699
0,7639,45.069845380435375,0.00332070584,20,17,384,1044542,18125,3395292,29883,247,671699
0,7640,45.073325755435377,0.00330783031,20,17,384,1014500,16916,3180583,29819,247,671699
0,7641,45.076843796435377,0.003649419,20,17,384,1117125,20958,3734250,29755,247,671699
0,7642,45.08017467143538,0.003325085,20,17,384,1044834,18500,3355333,29883,247,671699
0,7643,45.084246505435381,0.00419229036,20,17,384,1000833,14417,4147250,29819,247,671699
0,7644,45.087647630435377,0.00326720532,20,17,384,1020917,10583,3266667,29755,247,671699
0,7645,45.091066171435379,0.00349316886,20,17,384,1089167,12292,3471375,29883,247,671699
0,7646,45.094255296435378,0.00317462441,20,17,384,994708,17583,3241625,29819,247,671699
0,7647,45.097708296435378,0.00334900082,20,17,384,1030500,13958,3349667,29755,247,671699
0,7648,45.10116354643538,0.00345496042,20,17,384,1166708,12458,3392167,29883,247,671699
0,7649,45.104834380435378,0.003785374,20,17,384,1031041,29375,3631291,29871,247,671699
0,7650,45.108749380435377,0.00371104036,20,17,384,1014958,11334,3775542,30143,247,671699
0,7651,45.112432880435378,0.003920458,20,17,384,1174667,19042,3837291,29883,248,671701
0,7652,45.116581255435378,0.004165625,20,17,384,1028083,13208,4336458,40261,248,671701
0,7653,45.12061600543538,0.003900581,20,17,384,1015917,12417,3884083,38035,248,671701
0,7654,45.124260088435378,0.00369750569,20,17,384,1086958,10292,3612792,29883,248,671701
0,7655,45.127515046435377,0.00324166659,20,17,384,1026667,12375,3319250,29819,248,671701
0,7656,45.130902713435376,0.00338283018,20,17,384,1080792,12542,3370417,29755,247,671699
0,7657,45.13445400543538,0.00365775218,20,17,384,1091459,11250,3604916,29883,247,671699
0,7658,45.137697880435375,0.003128373,20,17,384,980709,14042,3213166,29819,247,671699
0,7659,45.141298838435375,0.00358733,20,17,384,1100583,10542,3466833,29755,247,671699
0,7660,45.144399088435378,0.00323450263,20,17,384,1006458,15875,3340917,29883,247,671699
0,7661,45.147808838435381,0.00319946138,20,17,384,970791,16834,3252459,29819,247,671699
0,7662,45.151055171435381,0.0033826672,20,17,384,1216708,13583,3376083,29755,247,671699
0,7663,45.154537671435378,0.00349683245,20,17,384,1056625,17208,3293667,29883,247,671699
0,7664,45.157867130435378,0.003310204,20,17,384,1067209,11625,3410542,29819,247,671699
0,7665,45.16108292143538,0.00310200546,20,17,384,1055917,15375,3213208,29755,247,671699
0,7666,45.164387630435378,0.00336212432,20,17,384,1066708,10167,3278250,29883,247,671699
0,7667,45.167861005435377,0.00351820444,20,17,384,1113375,15750,3399292,29819,247,671699
0,7668,45.171400380435379,0.00356758782,20,17,384,1029667,17792,3520167,29755,247,671699
0,7669,45.174891255435377,0.00350662554,20,17,384,1025750,22750,3573042,29883,247,671699
0,7670,45.177946213435376,0.00308353873,20,17,384,1010833,12583,3170042,29819,247,671699
0,7671,45.18106596343538,0.00292045786,20,17,384,1017166,14167,3017167,29755,247,671699
0,7672,45.184633755435378,0.00366787845,20,17,384,1106083,13500,3496292,29883,247,671699
0,7673,45.188413630435377,0.003806916,20,17,384,1061125,18875,3642500,29819,247,671699
0,7674,45.192031546435381,0.00360736973,20,17,384,1029291,14000,3744541,29755,247,671699
0,7675,45.195234130435381,0.00325358566,20,17,384,1063125,15542,3315792,29883,247,671699
0,7676,45.198644755435375,0.00311091985,20,17,384,1020208,15708,3078125,29819,247,671699
0,7677,45.202024296435376,0.00363087445,20,17,384,1096584,19708,3621709,29755,247,671699
0,7678,45.205522338435379,0.003374667,20,17,384,1072583,12459,3366542,29883,247,671699
0,7679,45.208984005435376,0.00364624429,20,17,384,1073459,21625,3606500,29819,247,671699
0,7680,45.212321380435377,0.003212833,20,17,384,988625,16875,3321583,29755,247,671699
0,7681,45.215847213435381,0.00353662833,20,17,384,1126750,14500,3358792,29883,247,671699
0,7682,45.219427421435377,0.00353433238,20,17,384,1067583,19375,3630250,29819,247,671699
0,7683,45.22294425543538,0.003524837,20,17,384,1032791,11750,3461958,29755,247,671699
0,7684,45.226512713435376,0.003662833,20,17,384,1125416,17875,3700958,29883,247,671699
0,7685,45.230039338435375,0.003491121,20,17,384,989250,12750,3432375,30207,247,671699
0,7686,45.234237713435377,0.00435950235,20,17,384,1074334,13459,4455042,29755,248,671701
0,7687,45.237518880435381,0.00315416674,20,17,384,993333,11458,3151416,29883,248,671701
0,7688,45.24123425543538,0.00372562348,20,13,384,1056667,17625,3546250,29819,248,671701
0,7689,45.244328255435377,0.00312324963,20,13,384,1004167,11875,3327875,29755,248,671701
0,7690,45.247601338435381,0.0032575822,20,13,384,1050917,12750,3258208,29883,244,671677
0,7691,45.25093513043538,0.0033897534,20,13,384,1054250,13042,3299375,29819,244,671677
0,7692,45.253963338435376,0.00301741785,20,13,384,995958,15917,3077542,29755,244,671677
0,7693,45.257391838435375,0.00341999717,20,13,384,1054500,11709,3309083,29883,244,671677
0,7694,45.260557838435375,0.00309429574,20,13,384,996583,12750,3247875,29819,244,671677
0,7695,45.263773130435375,0.00328216422,20,13,384,996542,12416,3138833,29755,244,671677
0,7696,45.26842446343538,0.004646294,20,13,384,1009708,15292,4545125,40325,244,671677
0,7697,45.27248704643538,0.00399037,20,13,384,1020417,14083,4051959,38099,244,671677
0,7698,45.27574733843538,0.00333920773,20,13,384,1081208,14417,3487458,29755,244,671677
0,7699,45.279151088435377,0.00325512327,20,13,384,1076000,16708,3121125,29883,244,671677
0,7700,45.282752671435375,0.003703125,20,13,384,1032917,16375,3668250,29819,243,671675
0,7701,45.286011713435379,0.00322612678,20,13,384,1034458,17000,3329333,29755,243,671675
0,7702,45.289330963435376,0.00335587445,20,13,384,1060083,11459,3363916,29883,243,671675
0,7703,45.292798880435377,0.003459042,20,13,384,1051500,12959,3402417,29819,243,671675
0,7704,45.296086171435377,0.0032479167,20,13,384,1051417,16541,3280083,29755,242,671673
0,7705,45.299606046435379,0.00355587434,20,13,384,1080833,13791,3395750,29883,242,671673
0,7706,45.302719005435378,0.00317266863,20,13,384,1004583,11500,3341333,29819,242,671673
0,7707,45.305759880435374,0.00305062369,20,13,384,1040584,11542,3146041,29807,242,671673
0,7708,45.309182213435378,0.00338604744,20,13,384,1050125,12375,3191709,29883,242,671673
0,7709,45.312480796435381,0.00322445435,20,13,384,1016041,20167,3263459,29819,242,671673
0,7710,45.315967588435377,0.00353599782,20,13,384,1087792,17791,3533541,29755,242,671673
0,7711,45.319483588435375,0.00348858419,20,13,384,1035500,13333,3459875,29883,242,671673
0,7712,45.322779255435378,0.003362004,20,5,384,986584,11584,3318833,29819,242,671673
0,7713,45.325934171435378,0.00312245614,20,5,384,1015458,17208,3207500,29755,242,671673
0,7714,45.329275088435381,0.00332016731,20,5,384,1039458,15208,3247667,29883,234,671301
0,7715,45.332894421435377,0.00360283442,20,5,384,1024458,17917,3552250,29819,234,671301
0,7716,45.336031421435379,0.00316308113,20,5,384,1031750,18083,3343042,29755,234,671301
0,7717,45.339408505435379,0.00314829219,20,5,384,1081208,13167,3135333,29883,234,671301
0,7718,45.342881213435376,0.00375158014,20,1,384,1169291,16792,3605583,29819,234,671301
0,7719,45.34610367143538,0.00314179412,20,1,384,992458,17167,3163667,29755,234,671301
0,7720,45.349459005435378,0.0033368764,20,1,384,1016500,21583,3314583,30271,230,671197
0,7721,45.35319542143538,0.00383233419,20,1,384,1055250,20084,3734000,29819,231,671199
0,7722,45.356605171435376,0.00336099765,20,1,384,1012625,13542,3487042,29755,231,671199
0,7723,45.360136921435377,0.003502792,20,1,384,1014000,29792,3479459,29883,231,671199
0,7724,45.363433463435378,0.003402544,20,1,384,973250,12541,3396334,29819,231,671199
0,7725,45.366775630435377,0.00333428988,20,1,384,973583,16625,3395666,29755,231,671199
0,7726,45.369804296435376,0.00304771122,20,1,384,1018666,11666,3067125,29883,231,671199
0,7727,45.373439255435379,0.003424667,20,1,384,975625,16917,3335625,29819,231,671199
0,7728,45.377061213435375,0.00373916514,20,1,384,1097792,24042,3709500,29755,231,671199
0,7729,45.380475713435381,0.00332675036,20,1,384,1044500,13500,3354792,29883,231,671199
0,7730,45.38419371343538,0.003926332,20,1,384,1040167,10708,3903875,29819,231,671199
0,7731,45.387244921435375,0.00301566743,20,1,384,991167,17084,3059625,29755,231,671199
0,7732,45.390442296435381,0.00304457918,20,1,384,1023166,8833,3034250,29883,231,671199
0,7733,45.393700546435376,0.00339837722,20,1,384,1077125,18292,3412375,29819,231,671199
0,7734,45.396747921435377,0.00309516722,20,1,384,1007625,12916,3157875,29755,231,671199
0,7735,45.400500546435381,0.0036593324,20,1,384,990750,11416,3124625,29883,230,671197
0,7736,45.403681005435381,0.00319716544,20,1,384,1011875,9833,3626375,37979,230,671197
0,7737,45.407070296435379,0.003247874,20,1,384,1023000,17292,3151458,29755,230,671197
0,7738,45.410556255435381,0.00367446151,20,1,384,1072208,20917,3659000,29883,230,671197
0,7739,45.413905588435377,0.00339841982,20,1,384,992250,11916,3217208,29819,230,671197
0,7740,45.417903421435376,0.00399074564,20,1,384,961750,11417,4316917,40197,230,671197
0,7741,45.421761296435378,0.00366854458,20,0,384,977209,11000,3642084,38163,230,671197
0,7742,45.425093421435378,0.00344453659,20,0,384,1094667,10333,3382375,31657,230,671197
0,7743,45.428202671435379,0.00307712588,20,0,384,995500,17750,3157333,29755,229,671151
0,7744,45.431333630435375,0.0031192957,20,0,384,1083834,11250,3089583,29883,229,671151
0,7745,45.43465421343538,0.00336662424,20,0,384,1062167,16375,3293833,29819,229,671151
0,7746,45.43801567143538,0.00329712313,20,0,384,1011417,16083,3308416,29755,229,671151
0,7747,45.441443255435381,0.00339221233,20,0,384,1042750,18291,3367250,29883,229,671151
0,7748,45.444884963435378,0.00343983131,20,0,384,1010792,15959,3458625,29819,229,671151
0,7749,45.44870717143538,0.00381853734,20,0,384,1056667,17834,3750209,29755,229,671151
0,7750,45.452097838435378,0.00354520977,20,0,384,1038333,22542,3599458,29883,229,671151
0,7751,45.455417755435377,0.003227629,20,0,384,951792,16125,3190833,29819,229,671151
0,7752,45.458903796435379,0.003378458,20,0,384,1011333,20416,3486583,29755,229,671151
0,7753,45.462376088435377,0.00357899652,20,0,384,1058042,13208,3463292,29883,229,671151
0,7754,45.465876421435375,0.00348275225,20,0,384,1044833,10583,3351416,29819,229,671151
0,7755,45.46898438043538,0.003196294,20,0,384,992250,12542,3450125,30143,229,671151
0,7756,45.472186255435375,0.00317312218,20,0,384,1021708,13583,3117167,29883,230,671153
0,7757,45.47551338043538,0.00330529339,20,0,384,1006375,16292,3291792,29819,230,671153
0,7758,45.478824380435377,0.00322412141,20,0,384,1040000,12875,3221334,29755,230,671153
0,7759,45.481926713435378,0.00311845937,20,0,384,1034458,16000,3165250,29883,230,671153
0,7760,45.485262838435375,0.00346483127,20,0,384,1043083,17500,3368334,29819,230,671153
0,7761,45.488630380435382,0.00330362818,20,0,384,950875,16208,3341250,29755,230,671153
0,7762,45.49209696343538,0.00347116636,20,0,384,1029541,14125,3386833,29883,230,671153
0,7763,45.495436421435379,0.003309623,20,0,384,1013875,16792,3378667,29819,230,671153
0,7764,45.499020005435376,0.003353876,20,0,384,1065000,17709,3236709,29755,230,671153
0,7765,45.502534546435378,0.00381320855,20,0,384,1025083,20542,3804916,29883,230,671153
0,7766,45.505998380435379,0.00323604024,20,0,384,998875,12208,3354000,29819,230,671153
0,7767,45.509540213435379,0.00370445731,20,0,384,1154083,19959,3609541,29807,230,671153
0,7768,45.51288475543538,0.003417255,20,0,384,1021834,19208,3394333,29883,230,671153
0,7769,45.516320713435377,0.0033484553,20,0,384,981917,17000,3395167,29819,230,671153
0,7770,45.51964583843538,0.003262585,20,0,384,1038500,17666,3408333,29755,230,671153
0,7771,45.52315271343538,0.003634793,20,0,384,1061792,14042,3301042,29883,230,671153
0,7772,45.526465713435378,0.003286501,20,0,384,989584,12666,3475291,29819,230,671153
0,7773,45.529730505435381,0.00328712445,20,0,384,1031167,17250,3299375,29755,230,671153
0,7774,45.53309125543538,0.003359623,20,0,384,1013708,16792,3279041,29883,230,671153
0,7775,45.536253880435375,0.003174582,20,0,384,996959,18541,3285209,29819,230,671153
0,7776,45.539536338435376,0.00314567029,20,0,384,1017375,11084,3218542,29755,230,671153
0,7777,45.542930713435375,0.00354049751,20,0,384,1069083,9500,3388750,29883,230,671153
0,7778,45.54617788043538,0.00323012332,20,0,384,984083,18042,3232625,29819,230,671153
0,7779,45.54956471343538,0.00338300038,20,0,384,1018833,20000,3355209,29755,230,671153
0,7780,45.552842546435379,0.00326458341,20,0,384,983209,15959,3332917,29883,230,671153
0,7781,45.555941130435379,0.003072293,20,0,384,1018000,16709,3141875,29819,229,671151
0,7782,45.559414880435376,0.00338020828,20,0,384,1103291,9125,3214000,29755,229,671151
0,7783,45.56296238043538,0.003656498,20,0,384,1027500,18125,3659625,29883,229,671151
0,7784,45.566394963435378,0.00350458478,20,0,384,991958,13792,3429250,29819,229,671151
0,7785,45.570441088435381,0.00401524967,20,0,384,953792,16625,4124000,40197,229,671151
0,7786,45.574224046435376,0.00383125,20,0,384,1028250,11500,3861458,38163,229,671151
0,7787,45.577307838435381,0.00301687932,20,0,384,980208,11375,3082208,29819,229,671151
0,7788,45.580811380435378,0.00339929131,20,0,384,1084125,7875,3231458,29755,229,671151
0,7789,45.584108963435376,0.00342199556,20,0,384,1009083,18542,3472416,29883,229,671151
0,7790,45.587262296435377,0.00303804572,20,0,384,967084,17042,3098666,29819,229,671151
0,7791,45.59060713043538,0.00336737535,20,0,384,1075125,11208,3220584,30143,229,671151
0,7792,45.594016005435378,0.00355770974,20,0,384,1046292,13333,3538333,29883,230,671153
0,7793,45.597250296435377,0.003119579,20,0,384,953625,12375,3227833,29819,230,671153
0,7794,45.600534505435377,0.0032752906,20,0,384,1005958,21041,3301125,29755,230,671153
0,7795,45.60349533843538,0.00307283876,20,0,384,978625,16000,3117166,29883,230,671153
0,7796,45.606550671435379,0.00292432681,20,0,384,985542,9792,2868125,29819,230,671153
0,7797,45.610063130435378,0.00355695863,20,0,384,1106084,11791,3408291,29755,230,671153
0,7798,45.613303671435375,0.00327229314,20,0,384,990833,19541,3374334,29883,230,671153
0,7799,45.616824963435377,0.00349329645,20,0,384,978125,20834,3403792,29819,230,671153
0,7800,45.620155380435378,0.003307745,20,0,384,993500,19333,3419458,29755,230,671153
0,7801,45.623411880435377,0.003209793,20,0,384,959916,17166,3162709,29883,229,671151
0,7802,45.62696525543538,0.00364749855,20,0,384,1048417,21583,3601292,29819,229,671151
0,7803,45.630349421435376,0.00334496167,20,0,384,992417,15166,3394334,29755,229,671151
0,7804,45.634187588435381,0.00393779064,20,0,384,1060250,12792,3891041,29883,229,671151
0,7805,45.637381255435379,0.00308803865,20,0,384,1002541,11459,3116333,29819,229,671151
0,7806,45.640762838435379,0.003368417,20,0,384,1048000,15417,3314250,29755,229,671151
0,7807,45.643811755435379,0.003178961,20,0,384,958791,14792,3270583,29883,229,671151
0,7808,45.646921630435379,0.00302020973,20,0,384,963750,15458,2980166,29819,229,671151
0,7809,45.650412046435378,0.00345432968,20,0,384,1051208,11208,3397958,29755,229,671151
0,7810,45.653608463435376,0.003222456,20,0,384,1049625,14209,3295333,29883,229,671151
0,7811,45.65713463043538,0.003381838,20,0,384,1032666,15042,3318625,29819,229,671151
0,7812,45.660592546435375,0.00353041384,20,0,384,1068334,36125,3554584,29755,229,671151
0,7813,45.66371571343538,0.00327871321,20,0,384,998375,18584,3300750,29883,229,671151
0,7814,45.667188255435377,0.00336799887,20,0,384,974916,16292,3398458,29819,229,671151
0,7815,45.670389296435381,0.00316749583,20,0,384,1078542,13459,3184834,29755,229,671151
0,7816,45.673780255435375,0.003275,20,0,384,1121417,13083,3123250,29883,229,671151
0,7817,45.677627046435376,0.004035211,20,0,384,1113583,21375,4009666,29819,229,671151
0,7818,45.680947171435378,0.00320574688,20,0,384,983291,16792,3368750,29755,229,671151
0,7819,45.684467380435379,0.003596209,20,0,384,1061625,11042,3393250,29883,229,671151
0,7820,45.688726880435375,0.00414791657,20,0,384,1004292,19792,4056542,29819,229,671151
0,7821,45.69251038043538,0.003812585,20,0,384,1126334,15917,3936458,29755,229,671151
0,7822,45.695905171435378,0.00351058668,20,0,384,1081500,32167,3475250,29883,229,671151
0,7823,45.699466630435381,0.00344987237,20,0,384,1032625,17542,3457417,29819,229,671151
0,7824,45.702689338435377,0.003358872,20,0,384,1005625,13541,3429291,29755,229,671151
0,7825,45.705991005435379,0.00318392157,20,0,384,1020166,11084,3210167,29883,229,671151
0,7826,45.709429171435382,0.003565703,20,0,384,1057292,11584,3512958,30259,229,671151
0,7827,45.712669588435375,0.00314129121,20,0,384,973750,17333,3166125,29755,230,671153
0,7828,45.716091546435379,0.00359104318,20,0,384,1080958,15000,3431042,29883,230,671153
0,7829,45.719226880435379,0.0029783377,20,0,384,960958,10083,3128833,29819,230,671153
0,7830,45.72322817143538,0.0041099987,20,0,384,968291,17000,4156708,40197,230,671153
0,7831,45.727010463435377,0.00380358566,20,0,384,993541,12084,3730541,38163,230,671153
0,7832,45.73003038043538,0.00295658316,20,0,384,1005208,10292,3044709,29819,230,671153
0,7833,45.733377546435378,0.003302126,20,0,384,1050458,12458,3303333,29755,230,671153
0,7834,45.736580255435378,0.0032647464,20,0,384,1046542,17167,3214542,29883,230,671153
0,7835,45.740081796435376,0.00326362671,20,0,384,983167,16625,3186459,29819,230,671153
0,7836,45.743757296435376,0.00381691474,20,0,384,1059083,16500,3814041,29755,230,671153
0,7837,45.747391505435381,0.00366083486,20,0,384,1049458,19125,3577833,29883,230,671153
0,7838,45.750627630435375,0.00330204074,20,0,384,1010042,13417,3385000,29819,230,671153
0,7839,45.753708630435376,0.003020628,20,0,384,994875,16042,3116667,29755,230,671153
0,7840,45.75694925543538,0.0031720805,20,0,384,1104166,11750,3070750,29883,230,671153
0,7841,45.76039258843538,0.00347517012,20,0,384,1052000,20125,3497291,29819,230,671153
0,7842,45.763576338435378,0.003278458,20,0,384,1005250,16708,3287750,29755,230,671153
0,7843,45.766831296435377,0.003252622,20,0,384,1039917,12916,3195667,29883,230,671153
0,7844,45.770113671435375,0.003211834,20,0,384,1006792,13167,3264125,29819,230,671153
0,7845,45.773709421435377,0.00352774933,20,0,384,1054875,16458,3336375,29755,230,671153
0,7846,45.77722067143538,0.00367612671,20,0,384,1082083,16584,3704833,29883,230,671153
0,7847,45.78051483843538,0.003172123,20,0,384,992792,11750,3323916,29819,230,671153
0,7848,45.783823588435375,0.00338154053,20,0,384,1010750,19125,3366167,29755,230,671153
0,7849,45.78693550543538,0.00313887466,20,0,384,1034375,13792,3149667,29883,230,671153
0,7850,45.79049850543538,0.00335504534,20,0,384,982209,16125,3229000,29819,230,671153
0,7851,45.793688171435377,0.00339182955,20,0,384,1058417,26000,3533500,29755,230,671153
0,7852,45.796894171435376,0.00327379536,20,0,384,1039250,14041,3148250,29883,230,671153
0,7853,45.800245255435378,0.00322041521,20,0,384,952792,12500,3282459,29819,230,671153
0,7854,45.803484130435379,0.00327650225,20,0,384,973292,16583,3250708,29755,230,671153
0,7855,45.806718421435377,0.00314603886,20,0,384,1043375,13667,3144333,29883,230,671153
0,7856,45.810040796435381,0.00343220658,20,0,384,1072875,28792,3429667,29819,230,671153
0,7857,45.813204838435375,0.003144253,20,0,384,1012000,14583,3152667,29755,230,671153
0,7858,45.81657721343538,0.00348878978,20,0,384,1054625,13417,3315500,29883,230,671153
0,7859,45.81979538043538,0.003066376,20,0,384,941208,11750,3254958,29819,230,671153
0,7860,45.822945338435375,0.00311845937,20,0,384,964458,14958,3130958,29755,230,671153
0,7861,45.826462921435379,0.0035068735,20,0,384,1119542,12125,3392459,29883,230,671153
0,7862,45.829785921435381,0.00351624866,20,0,384,993166,19500,3439459,30207,230,671153
0,7863,45.833007255435376,0.003137833,20,0,384,962584,10417,3245208,29755,231,671155
0,7864,45.836346713435375,0.00332616922,20,0,384,995750,13667,3324625,29883,231,671155
0,7865,45.839590296435375,0.00312649528,20,0,384,989667,15834,3178959,29819,231,671155
0,7866,45.842969088435375,0.00348079647,20,0,384,1043417,16000,3381250,29755,231,671155
0,7867,45.846152755435376,0.00316199684,20,0,384,1020459,11875,3184333,29883,231,671155
0,7868,45.849648546435375,0.00354616647,20,0,384,1042292,14792,3519041,29819,231,671155
0,7869,45.852916338435378,0.003214881,20,0,384,964834,19792,3271792,29755,231,671155
0,7870,45.856143838435379,0.003289874,20,0,384,1061042,10541,3224833,29883,230,671153
0,7871,45.859528171435379,0.00331041659,20,0,384,1006084,13875,3311958,29819,230,671153
0,7872,45.863212880435377,0.0036269133,20,0,384,961375,18250,3483209,29755,230,671153
0,7873,45.866604505435376,0.00352662266,20,0,384,1048208,22792,3670458,29883,230,671153
0,7874,45.86971275543538,0.00307537545,20,0,384,967250,15750,3091709,29819,230,671153
0,7875,45.873919213435379,0.004177211,20,0,384,1031625,12208,4117959,40197,230,671153
0,7876,45.877683505435378,0.003909212,20,0,384,1032166,14083,4007792,38163,230,671153
0,7877,45.880943171435376,0.0030159934,20,0,384,934500,11458,3017625,29819,230,671153
0,7878,45.884447296435376,0.00355192041,20,0,384,1042209,16542,3529958,29755,230,671153
0,7879,45.887836130435375,0.00340537122,20,0,384,1080833,17875,3346417,29883,230,671153
0,7880,45.891355421435378,0.00354866777,20,0,384,1059291,19750,3466208,29819,230,671153
0,7881,45.894460130435377,0.00314412545,20,0,384,1003708,17542,3311291,29947,230,671153
0,7882,45.897624630435381,0.00319187925,20,0,384,1035333,13208,3172167,29883,230,671153
0,7883,45.900914505435381,0.00309953932,20,0,384,1015667,11208,3088083,29819,230,671153
0,7884,45.904467005435379,0.00368066179,20,0,384,1020417,17792,3495250,29947,230,671153
0,7885,45.908299171435381,0.003844253,20,0,384,1004458,21250,3813333,29883,230,671153
0,7886,45.911736130435379,0.003463414,20,0,384,1021209,12208,3606916,29871,230,671153
0,7887,45.915086171435377,0.00319487671,20,0,384,980666,17333,3172708,29947,230,671153
0,7888,45.918615171435377,0.00359120616,20,0,384,1072916,14958,3558125,29883,230,671153
0,7889,45.921897171435376,0.00338029326,20,0,384,998750,19291,3434792,29819,230,671153
0,7890,45.925452421435381,0.003544338,20,0,384,989583,19541,3498416,29755,230,671153
0,7891,45.928724296435377,0.00327320723,20,0,384,1017542,17542,3296250,30075,230,671153
0,7892,45.932165880435377,0.003256746,20,0,384,1007417,18084,3215792,29819,230,671153
0,7893,45.935510296435375,0.003519416,20,0,384,1061625,23583,3543042,31219,230,671153
0,7894,45.939055546435377,0.00348179555,20,0,384,1026000,13333,3429917,30075,230,671153
0,7895,45.942349505435381,0.0033158306,20,0,384,1038416,11250,3377291,29819,230,671153
0,7896,45.945780755435379,0.0033739158,20,0,384,1063333,14292,3339875,29755,229,671151
0,7897,45.949289046435375,0.00362495752,20,0,384,1069500,17041,3458000,30271,229,671151
0,7898,45.952585213435377,0.003293254,20,0,384,1024292,12250,3492666,30011,230,671153
0,7899,45.95590642143538,0.00326108281,20,0,384,1018792,14375,3286750,29755,230,671153
0,7900,45.959440046435375,0.00353087438,20,0,384,1079584,13667,3410375,29883,230,671153
0,7901,45.962852213435376,0.00352346222,20,0,384,976708,13500,3482042,30011,230,671153
0,7902,45.966180380435375,0.003244579,20,0,384,976292,11833,3284208,29755,230,671153
0,7903,45.969405630435375,0.00330529339,20,0,384,1031084,13291,3300000,29883,230,671153
0,7904,45.972589088435377,0.00306682964,20,0,384,978875,10500,3198125,30011,230,671153
0,7905,45.976096755435378,0.00352446153,20,0,384,1115000,13958,3393917,29755,230,671153
0,7906,45.979608671435379,0.0035034155,20,0,384,1042417,11000,3387375,29883,230,671153
0,7907,45.983030588435376,0.003427629,20,0,384,976666,15458,3515416,29819,230,671153
0,7908,45.986317838435376,0.00334486971,20,0,384,1020584,20417,3454875,29947,230,671153
0,7909,45.989705046435375,0.00329749868,20,0,384,1023500,10792,3229500,29883,230,671153
0,7910,45.993181463435377,0.0035456703,20,0,384,1073167,14792,3499083,29819,229,671151
0,7911,45.996551796435377,0.00336875,20,0,384,991500,20958,3370000,29947,229,671151
0,7912,46.000184296435378,0.00359916384,20,0,384,974791,13625,3514041,29883,229,671151
0,7913,46.003487088435378,0.00334462873,20,0,384,978417,12417,3453000,29819,229,671151
0,7914,46.00669471343538,0.00302821,20,0,384,1002667,15291,3138458,29947,229,671151
0,7915,46.010058088435379,0.003625418,20,0,384,1137834,16750,3417333,29883,229,671151
0,7916,46.013169713435381,0.0030839995,20,0,384,932209,10666,3192125,29819,229,671151
0,7917,46.01660229643538,0.00335062365,20,0,384,969458,15208,3281500,29755,229,671151
0,7918,46.019947296435376,0.00333041372,20,0,384,1028792,18166,3293541,30075,229,671151
0,7919,46.024209213435377,0.00430241646,20,0,384,986250,11125,4289542,40261,229,671151
0,7920,46.028155963435381,0.00402512774,20,0,384,1013416,12583,4149334,38227,229,671151
0,7921,46.031594505435379,0.00326057966,20,0,384,986500,10125,3248958,29883,229,671151
0,7922,46.035186838435379,0.003668835,20,0,384,1044750,21750,3577583,29819,228,671149
0,7923,46.038522380435381,0.003216043,20,0,384,1001000,18125,3305250,29755,228,671149
0,7924,46.042151505435378,0.00368195865,20,0,384,1071917,12625,3590875,30075,228,671149
0,7925,46.045793630435377,0.00376678724,20,0,384,1027250,23042,3692875,29819,228,671149
0,7926,46.049508796435376,0.00346929557,20,0,384,981375,15209,3421291,29755,228,671149
0,7927,46.053204505435382,0.00393995875,20,0,384,1087250,24083,3992291,30075,228,671149
0,7928,46.057038088435377,0.00374016445,20,0,384,1007875,13333,3770416,29819,228,671149
0,7929,46.06023083843538,0.003163251,20,0,384,1010708,18667,3292833,29947,228,671149
0,7930,46.06359133843538,0.003452955,20,0,384,988708,14333,3314584,29883,228,671149
0,7931,46.067187255435378,0.00356637617,20,0,384,1022958,12709,3585083,29819,228,671149
0,7932,46.070278630435375,0.00309929135,20,0,384,976000,14208,3187459,30143,228,671149
0,7933,46.073607713435379,0.00323858415,20,0,384,1077708,12166,3106750,30075,229,671151
0,7934,46.077284505435379,0.0037625,20,0,384,1042333,20166,3749666,29819,229,671151
0,7935,46.08105829643538,0.00360629242,20,0,384,1005709,17833,3531375,29755,229,671151
0,7936,46.08455638043538,0.00368820853,20,0,384,1063042,16667,3792458,29883,229,671151
0,7937,46.088107755435381,0.00357067026,20,0,384,987833,20708,3447500,29819,229,671151
0,7938,46.091643380435379,0.00345004257,20,0,384,985833,14625,3559125,29755,229,671151
0,7939,46.094964046435379,0.003365703,20,0,384,1047000,20583,3384333,29883,229,671151
0,7940,46.098287171435381,0.00323392148,20,0,384,1046708,17333,3214625,30011,229,671151
0,7941,46.101735421435379,0.00350224623,20,0,384,1056542,22709,3520292,29755,229,671151
0,7942,46.104997338435375,0.003338166,20,0,384,965959,19417,3350584,29883,229,671151
0,7943,46.108424171435381,0.00330753974,20,0,384,968750,15708,3290375,29819,229,671151
0,7944,46.111568880435378,0.00325792236,20,0,384,1057166,16833,3336083,29807,229,671151
0,7945,46.11482154643538,0.00320491078,20,0,384,1031209,15208,3070792,29883,229,671151
0,7946,46.118087213435381,0.00335145975,20,0,384,1002542,17666,3388875,29819,229,671151
0,7947,46.121334088435376,0.00311408727,20,0,384,979083,16583,3148375,30059,229,671151
0,7948,46.124838255435378,0.00362354028,20,0,384,1036750,16375,3454209,29883,229,671151
0,7949,46.128115380435375,0.003199667,20,0,384,1025042,11416,3351166,29819,229,671151
0,7950,46.131592588435375,0.00334479171,20,0,384,1072750,16375,3321417,29755,229,671151
0,7951,46.13480288043538,0.003399915,20,0,384,1121292,16875,3380250,29883,229,671151
0,7952,46.138349255435379,0.00340433675,20,0,384,1011250,16250,3272167,29819,229,671151
0,7953,46.14210592143538,0.00382482982,20,0,384,1026625,12375,3847084,29755,229,671151
0,7954,46.14549033843538,0.00346512184,20,0,384,999333,20542,3549417,29883,229,671151
0,7955,46.148950213435377,0.00334762619,20,0,384,967917,16083,3224875,29819,229,671151
0,7956,46.152138671435381,0.00333317043,20,0,384,1035459,21083,3455333,29755,229,671151
0,7957,46.155573921435376,0.00341670914,20,0,384,981958,10125,3351125,29883,229,671151
0,7958,46.15895267143538,0.00322283152,20,0,384,977917,11500,3371708,29819,229,671151
0,7959,46.162362963435378,0.00346670928,20,0,384,1048291,11917,3339875,29755,229,671151
0,7960,46.16579117143538,0.00349233276,20,0,384,1070959,17500,3457917,29883,229,671151
0,7961,46.168871005435378,0.00304679,20,0,384,994709,17292,3205166,29819,229,671151
0,7962,46.171927421435377,0.00318204355,20,0,384,1069458,12416,3090375,29755,229,671151
0,7963,46.175862838435378,0.00395437237,20,0,384,967708,9292,3983125,40325,229,671151
0,7964,46.179647630435376,0.00364396255,20,0,384,940875,10792,3640667,38099,229,671151
0,7965,46.18310921343538,0.00345162279,20,0,384,1012584,12500,3365791,29755,229,671151
0,7966,46.186404130435378,0.00324807968,20,0,384,1022625,17083,3243625,29883,229,671151
0,7967,46.18961150543538,0.003212337,20,0,384,993791,10625,3282000,30207,229,671151
0,7968,46.193178671435376,0.00361420773,20,0,384,1108125,17875,3555833,29755,229,671151
0,7969,46.196700171435381,0.00359033444,20,0,384,1051375,12291,3421167,29883,229,671151
0,7970,46.20009346343538,0.00328762759,20,0,384,970583,12291,3476875,29819,229,671151
0,7971,46.203513838435377,0.00343878963,20,0,384,992292,15875,3431542,29755,229,671151
0,7972,46.206820713435377,0.00327366777,20,0,384,1045084,18542,3242333,29883,229,671151
0,7973,46.210140755435376,0.003384871,20,0,384,1032209,18541,3388708,29819,229,671151
0,7974,46.213450421435375,0.00328641571,20,0,384,1021250,16917,3311750,29755,229,671151
0,7975,46.217052546435376,0.00365429418,20,0,384,1033042,14042,3586000,29883,229,671151
0,7976,46.220382796435381,0.00312932953,20,0,384,981083,20542,3206084,29819,229,671151
0,7977,46.224265546435376,0.00393587723,20,0,384,1055333,20667,3704375,29755,229,671151
0,7978,46.227897713435375,0.003778791,20,0,384,1078417,16042,3814125,29883,229,671151
0,7979,46.231743755435382,0.00366033171,20,0,384,1029167,12875,3747958,30169,229,671151
0,7980,46.235271755435377,0.00370209035,20,0,384,1124541,16583,3708916,29755,229,671151
0,7981,46.238402963435377,0.0030909155,20,0,384,1022333,17000,3174708,29883,229,671151
0,7982,46.241713213435375,0.00334208482,20,0,384,996417,14792,3309208,29819,229,671151
0,7983,46.24479308843538,0.0030946217,20,0,384,1049333,14208,3167916,29755,229,671151
0,7984,46.248084463435376,0.00317291659,20,0,384,1049333,11875,3030084,29883,229,671151
0,7985,46.251735171435378,0.00373812369,20,0,384,1065084,20750,3707791,29819,229,671151
0,7986,46.254947796435381,0.0032249575,20,0,384,1008875,20000,3277042,29755,229,671151
0,7987,46.258904671435381,0.00382308662,20,0,384,1012791,13792,3604167,29883,229,671151
0,7988,46.262700796435375,0.00379282888,20,0,384,1066958,14084,3900750,29819,229,671151
0,7989,46.266562463435378,0.003935835,20,0,384,1097792,17542,3982208,29755,229,671151
0,7990,46.269859338435381,0.00338813057,20,0,384,1043042,18709,3426583,29883,229,671151
0,7991,46.273291505435381,0.00335274939,20,0,384,1004042,16250,3373417,29819,229,671151
0,7992,46.276641796435378,0.00340374862,20,0,384,1035458,18000,3392875,29755,229,671151
0,7993,46.28004196343538,0.00333837164,20,0,384,1036291,12333,3287167,29883,229,671151
0,7994,46.28349925543538,0.00347845815,20,0,384,1002042,11708,3486834,29819,229,671151
0,7995,46.28702446343538,0.00342592131,20,0,384,1053666,13042,3446375,29755,229,671151
0,7996,46.290677838435379,0.00376904057,20,0,384,1133000,16167,3557292,29883,229,671151
0,7997,46.293967963435378,0.00335233146,20,0,384,1002625,13458,3539292,29819,229,671151
0,7998,46.297383963435379,0.0031324618,20,0,384,973333,16250,3234667,29755,229,671151
0,7999,46.301189838435377,0.0040307045,20,0,384,1249791,14625,3811416,29883,229,671151
0,8000,46.304301963435378,0.003145713,20,0,384,972000,11916,3266208,29819,229,671151
0,8001,46.307627088435375,0.00321425032,20,0,384,1042083,15000,3205750,29755,229,671151
0,8002,46.315399088435377,0.00331166387,20,0,384,1053042,16291,3331375,30271,229,671151
0,8003,46.334860713435376,0.008061501,20,0,384,5203375,16375,7956791,65767,230,671153
0,8004,46.339168130435375,0.0200554132,20,0,384,4389917,14416,19879125,182818,230,671187
0,8005,46.343820171435375,0.00484058261,20,0,384,1146917,11916,5068500,40325,230,671197
0,8006,46.348305421435377,0.004155336,20,0,384,1040208,12583,4149792,38099,230,671197
0,8007,46.351909796435379,0.00389450113,20,0,384,1357667,14083,3900375,29755,230,671197
0,8008,46.355683963435375,0.003703621,20,0,384,1091541,15292,3608042,29883,230,671197
0,8009,46.359275171435378,0.00362216565,20,0,384,1095584,15167,3676959,29819,230,671197
0,8010,46.36243767143538,0.00323962583,20,0,384,975625,18458,3279958,29755,230,671197
0,8011,46.365752296435382,0.00328645832,20,0,384,1062208,12666,3208334,29883,230,671197
0,8012,46.368870713435378,0.00321716978,20,0,384,997750,21000,3304625,29819,230,671197
0,8013,46.372088421435379,0.003112748,20,0,384,999125,10917,3090042,29755,230,671197
0,8014,46.37581988043538,0.003859545,20,0,384,1076292,13208,3705375,29883,230,671197
0,8015,46.379080588435379,0.00307928724,20,0,384,987333,12625,3234459,29819,230,671197
0,8016,46.382490880435377,0.00349166663,20,0,384,1023250,19959,3347959,29755,230,671197
0,8017,46.385911421435381,0.00348879676,20,0,384,1013666,20167,3541584,29883,230,671197
0,8018,46.389313671435382,0.00329029188,20,0,384,980584,14333,3356916,29819,230,671197
0,8019,46.392992255435381,0.00370374857,20,0,384,1073000,17208,3685667,29755,230,671197
0,8020,46.396402838435378,0.0034584112,20,0,384,1046458,11709,3313750,29883,230,671197
0,8021,46.400322796435375,0.00381321576,20,0,384,991208,19250,3884833,29819,230,671197
0,8022,46.403737838435376,0.0034399943,20,0,384,1041209,13291,3479792,29755,230,671197
0,8023,46.407260088435379,0.00344750565,20,0,384,1064833,17833,3297292,29883,230,671197
0,8024,46.411369713435377,0.0041629537,20,0,384,1084500,15959,4219625,29819,230,671197
0,8025,46.41485558843538,0.0034849206,20,0,384,1051875,19167,3666375,29755,230,671197
0,8026,46.418617796435377,0.00380199822,20,0,384,1129875,12333,3439541,29883,230,671197
0,8027,46.422216463435376,0.00355399656,20,0,384,1037416,12000,3757750,29819,230,671197
0,8028,46.425947546435381,0.00364696,20,0,384,1055584,23417,3699125,29795,230,671197
0,8029,46.429608255435376,0.00380145968,20,0,384,1081917,14833,3706375,30271,230,671197
0,8030,46.433198838435381,0.003564711,20,0,384,1063875,14042,3599166,29819,231,671201
0,8031,46.436642880435379,0.00349883083,20,0,384,1052000,18792,3525875,29755,231,671201
0,8032,46.440205046435381,0.00340678846,20,0,384,1033125,16625,3340667,29883,231,671201
0,8033,46.443906463435376,0.00377612677,20,0,384,1043625,15041,3829000,29819,230,671199
0,8034,46.44772217143538,0.00388408452,20,0,384,1096833,20542,3712083,29755,230,671199
0,8035,46.45125992143538,0.0035617915,20,0,384,1052625,15417,3649916,29883,230,671199
0,8036,46.454904713435376,0.00358491344,20,0,384,1039917,14875,3603500,29819,230,671199
0,8037,46.45892196343538,0.00395833328,20,0,384,1067917,16042,3989083,29755,230,671199
0,8038,46.462385713435381,0.00356316613,20,3,384,1030542,18959,3489208,29883,230,671199
0,8039,46.466045171435375,0.00353604741,20,3,384,1063417,12417,3444500,29819,230,671199
0,8040,46.46957396343538,0.00365529326,20,3,384,1124875,17583,3839000,29755,233,671267
0,8041,46.473144296435379,0.00346687227,20,3,384,1062542,15083,3398000,29883,233,671267
0,8042,46.476788588435376,0.0037175382,20,3,384,1068875,21833,3606208,29819,233,671267
0,8043,46.480374755435378,0.00353879668,20,3,384,1070042,12292,3691792,29755,233,671267
0,8044,46.48374671343538,0.00348061929,20,3,384,1039166,11042,3463041,29883,233,671267
0,8045,46.486994046435377,0.00317816762,20,3,384,1012667,16750,3263667,29819,233,671267
0,8046,46.490569380435375,0.00352683524,20,9,384,1104792,14125,3449959,29755,233,671267
0,8047,46.494818588435379,0.00440554135,20,9,384,1119708,15917,4412250,40611,233,671267
0,8048,46.499419630435376,0.004523044,20,9,384,1032917,9625,4493167,48125,239,671423
0,8049,46.502670713435379,0.00325804274,20,9,384,1024000,11625,3358709,29755,239,671423
0,8050,46.506002630435376,0.00335216126,20,9,384,1121708,10292,3224916,29883,239,671423
0,8051,46.509528046435378,0.00339175179,20,12,384,1038875,13916,3391417,29819,239,671423
0,8052,46.513193505435375,0.00381875,20,12,384,1124375,20833,3727375,29755,239,671423
0,8053,46.516843463435379,0.00363837858,20,12,384,999125,14167,3652958,29935,242,671529
0,8054,46.520164088435379,0.003203869,20,12,384,1030917,14167,3323958,29819,242,671529
0,8055,46.523544671435381,0.00331016863,20,12,384,1069000,17250,3370500,29755,242,671529
0,8056,46.527159505435378,0.00381137338,20,12,384,1155083,16458,3625917,29883,242,671529
0,8057,46.530701213435378,0.00324746314,20,12,384,1026167,13750,3367625,29819,242,671529
0,8058,46.53425363043538,0.00389787415,20,12,384,1274291,17208,3739166,29755,242,671529
0,8059,46.53741963043538,0.00304278638,20,12,384,1013459,11667,3175584,29883,242,671529
0,8060,46.540818630435375,0.00337879825,20,15,384,1101250,14125,3269791,29819,242,671529
0,8061,46.544010005435375,0.00321212434,20,15,384,1014667,11666,3395417,29755,242,671529
0,8062,46.547086005435375,0.00316387461,20,15,384,1114250,14000,3171542,29883,245,671547
0,8063,46.550357338435376,0.003275999,20,15,384,1019750,10333,3122042,30207,245,671547
0,8064,46.55360175543538,0.0031817886,20,15,384,1009709,16375,3259708,29755,246,671549
0,8065,46.556803296435376,0.003087833,20,15,384,1098000,10584,3120917,29883,246,671549
0,8066,46.56018725543538,0.003383709,20,15,384,1194709,15125,3357125,29819,246,671549
0,8067,46.563466421435379,0.00347650237,20,15,384,1065375,16209,3444458,29755,246,671549
0,8068,46.566730963435376,0.00321766571,20,15,384,1017959,10625,3185000,29883,246,671549
0,8069,46.569770963435381,0.00303446013,20,15,384,1031208,17333,3101750,29819,246,671549
0,8070,46.573010546435377,0.00318483566,20,15,384,1071750,10666,3196417,29755,246,671549
0,8071,46.576329463435378,0.00339311943,20,15,384,1118584,10708,3290666,29883,246,671549
0,8072,46.579609380435379,0.00329033448,20,15,384,1021125,15958,3240209,29819,246,671549
0,8073,46.582937713435378,0.00322291674,20,15,384,991833,9709,3266417,29755,246,671549
0,8074,46.586605713435375,0.003699667,20,15,384,1093166,15875,3556417,29883,246,671549
0,8075,46.589978880435375,0.00337012461,20,15,384,1095250,13959,3523917,29819,246,671549
0,8076,46.593363255435378,0.003441624,20,15,384,1038667,20750,3330625,29755,246,671549
0,8077,46.596853046435378,0.00336754532,20,15,384,1024916,15875,3359833,29883,246,671549
0,8078,46.600381546435379,0.0035422903,20,15,384,1116583,16792,3603708,29819,245,671547
0,8079,46.60349233843538,0.00319512468,20,15,384,1028292,19750,3290125,29755,245,671547
0,8080,46.606868338435376,0.00329195731,20,15,384,1072458,13417,3192458,29883,244,671545
0,8081,46.610452171435377,0.00363599765,20,15,384,1098542,19584,3629917,29819,244,671545
0,8082,46.61413492143538,0.00353591982,20,15,384,1075708,12333,3492167,29755,244,671545
0,8083,46.617678338435375,0.003774915,20,15,384,1149083,22500,3776167,29883,244,671545
0,8084,46.620966171435377,0.003047541,20,15,384,999125,14709,3208750,29819,244,671545
0,8085,46.624505171435381,0.00372883352,20,15,384,1141500,10291,3582542,29755,244,671545
0,8086,46.627693671435381,0.003231002,20,15,384,1038375,17792,3276750,29883,244,671545
0,8087,46.630938380435381,0.00314800162,20,15,384,996583,14833,3198625,29819,244,671545
0,8088,46.634410171435377,0.00349528762,20,15,384,1132708,14334,3492875,29755,244,671545
0,8089,46.637649005435378,0.00326016871,20,15,384,1092083,13334,3197542,29883,244,671545
0,8090,46.641251630435377,0.00361575256,20,15,384,1056583,14041,3396417,29819,244,671545
0,8091,46.644933130435376,0.00382774952,20,15,384,980958,11042,4093500,40197,244,671545
0,8092,46.648887713435379,0.0036825398,20,15,384,968375,10333,3589417,38163,244,671545
0,8093,46.652208046435376,0.00342295924,20,15,384,1130625,13958,3511459,29819,244,671545
0,8094,46.655477213435375,0.00331491628,20,15,384,1099875,15333,3300959,29755,244,671545
0,8095,46.659252921435375,0.003697789,20,15,384,1051917,9917,3595166,29883,244,671545
0,8096,46.66257308843538,0.003304209,20,15,384,999625,18167,3331875,29819,244,671545
0,8097,46.666097213435378,0.00349716563,20,15,384,1139375,14458,3447958,29755,244,671545
0,8098,46.66917667143538,0.0032522534,20,15,384,1054375,18000,3321917,30271,244,671545
0,8099,46.672431796435376,0.00318000279,20,15,384,965125,13375,3170791,29819,245,671547
0,8100,46.676243255435381,0.0037060373,20,15,384,1053000,12667,3596500,29755,245,671547
0,8101,46.680097463435381,0.00385370618,20,15,384,1079416,18458,3802334,29883,245,671547
0,8102,46.68420096343538,0.00421366934,20,15,384,1067666,16792,4247500,29819,245,671547
0,8103,46.688101755435376,0.00371904043,20,15,384,1054833,12958,3691875,29755,245,671547
0,8104,46.691796921435376,0.00377312931,20,15,384,1143000,23167,3826458,29883,245,671547
0,8105,46.69550454643538,0.0036012046,20,15,384,1079834,22708,3603333,29819,245,671547
0,8106,46.699665213435381,0.00395333767,20,15,384,1150458,23542,3884458,29755,245,671547
0,8107,46.703282171435376,0.00405841134,20,15,384,1212417,30625,4079417,29883,245,671547
0,8108,46.706803838435377,0.003375255,20,15,384,1025333,11834,3323541,29819,245,671547
0,8109,46.710210130435378,0.00354608125,20,15,384,1073875,23500,3613166,29755,245,671547
0,8110,46.713612921435377,0.00326083484,20,15,384,1041625,13833,3270375,29883,245,671547
0,8111,46.717113296435379,0.00357141439,20,15,384,1066958,21666,3593708,29871,245,671547
0,8112,46.720634130435378,0.00341999717,20,15,384,1095667,11708,3442459,29795,245,671547
0,8113,46.724165171435381,0.003442921,20,15,384,1077542,17500,3442583,29883,245,671547
0,8114,46.727553505435381,0.00363108,20,15,384,1177000,38458,3630167,29819,245,671547
0,8115,46.731090380435376,0.003433128,20,15,384,1045375,13583,3281750,29755,245,671547
0,8116,46.734608421435375,0.00355791533,20,15,384,1060833,21583,3670833,29883,245,671547
0,8117,46.738427421435375,0.00376279047,20,15,384,1046167,19167,3644000,29819,245,671547
0,8118,46.742209046435377,0.003796875,20,12,384,1064375,12792,3831625,29755,245,671547
0,8119,46.745710005435377,0.003577126,20,12,384,1087125,16750,3569083,29883,245,671547
0,8120,46.749436713435379,0.003674086,20,12,384,1068583,12708,3642250,29819,242,671479
0,8121,46.753013963435379,0.00362258358,20,12,384,1067375,17625,3687416,29755,242,671479
0,8122,46.756397380435381,0.003303203,20,12,384,1067500,23458,3384375,29883,242,671479
0,8123,46.759989713435381,0.00356008369,20,12,384,1167625,11333,3442250,29819,242,671479
0,8124,46.763489921435379,0.00365396123,20,12,384,1043792,16875,3657250,29755,242,671479
0,8125,46.76699650543538,0.0034567106,20,12,384,1022791,17125,3501833,29883,242,671479
0,8126,46.770253130435378,0.003258376,20,12,384,1052375,20708,3294417,29819,242,671479
0,8127,46.773829838435375,0.00361153623,20,12,384,1055125,17167,3489583,29755,242,671479
0,8128,46.77697304643538,0.003178961,20,12,384,1025791,17834,3295084,29883,242,671479
0,8129,46.780256713435378,0.00315749715,20,12,384,1032375,15125,3187834,29819,242,671479
0,8130,46.783983213435377,0.00375046069,20,12,384,1057792,11708,3627667,29755,242,671479
0,8131,46.787291505435377,0.00332074822,20,12,384,1072042,18584,3357333,29883,242,671479
0,8132,46.790699088435375,0.00340549881,20,12,384,1022417,21458,3314583,30207,242,671479
0,8133,46.794258463435376,0.00360254385,20,12,384,1068833,20625,3574792,29755,242,671479
0,8134,46.798758338435377,0.004333546,20,12,384,1037792,16583,4427917,40325,242,671479
0,8135,46.802648296435379,0.004154415,20,12,384,1102292,19416,4203792,38099,242,671479
0,8136,46.806055171435375,0.003228791,20,12,384,1003125,10500,3164167,29755,242,671479
0,8137,46.809667505435378,0.00372278923,20,12,384,1123958,11666,3607750,29883,242,671479
0,8138,46.813090296435377,0.00344596081,20,12,384,1026791,20125,3543416,29819,242,671479
0,8139,46.816568171435378,0.00340741919,20,12,384,995375,16583,3428625,29755,242,671479
0,8140,46.819848505435381,0.00327633228,20,12,384,1073459,12792,3276708,29883,242,671479
0,8141,46.823128546435377,0.00324408314,20,12,384,976667,12834,3334667,29819,242,671479
0,8142,46.826405880435381,0.0033985828,20,12,384,1115000,12708,3297291,29755,242,671479
0,8143,46.829578963435381,0.00312341261,20,12,384,1002667,11875,3116958,29883,242,671479
0,8144,46.833112713435376,0.00351333618,20,12,384,1078375,12916,3461708,29819,242,671479
0,8145,46.836454213435381,0.00335462717,20,12,384,1038042,17166,3440500,29755,242,671479
0,8146,46.839986921435376,0.00331087015,20,12,384,1067042,11250,3255167,29883,242,671479
0,8147,46.843372546435376,0.003649086,20,12,384,1112709,19917,3632875,29819,242,671479
0,8148,46.846590963435375,0.00321050175,20,12,384,998375,24459,3252875,29755,242,671479
0,8149,46.850266130435379,0.00366279064,20,12,384,1031292,11458,3494875,29883,242,671479
0,8150,46.853507588435377,0.00320137478,20,12,384,1051208,13041,3352375,29819,242,671479
0,8151,46.856827171435377,0.003275248,20,12,384,1071167,11709,3252417,29755,242,671479
0,8152,46.860409796435377,0.00358854164,20,12,384,1080750,17292,3501042,29883,242,671479
0,8153,46.863728838435378,0.00337108131,20,12,384,1034416,12375,3374750,29819,242,671479
0,8154,46.866971713435376,0.00327662984,20,12,384,1034083,16875,3397833,29755,242,671479
0,8155,46.870040963435379,0.00309699541,20,12,384,1062458,12208,3095916,29883,242,671479
0,8156,46.873148505435381,0.00300037558,20,12,384,996334,15042,2998458,29819,242,671479
0,8157,46.876383380435378,0.00321608549,20,12,384,1101125,11667,3186500,29755,242,671479
0,8158,46.880025505435377,0.003664045,20,12,384,1088209,16791,3564541,29883,242,671479
0,8159,46.88416833843538,0.004257249,20,12,384,1057958,10709,4233291,29819,242,671479
0,8160,46.887486796435375,0.00320241647,20,12,384,1012541,11750,3298875,29755,242,671479
0,8161,46.89115475543538,0.00375882932,20,12,384,1095583,14083,3599250,29883,242,671479
0,8162,46.894583588435381,0.00338562927,20,12,384,1034208,13500,3496041,29819,242,671479
0,8163,46.897891588435378,0.00327570853,20,12,384,1029208,16083,3283833,29755,242,671479
0,8164,46.901231046435377,0.00328300032,20,12,384,1090084,11666,3285583,29883,242,671479
0,8165,46.904369005435377,0.00330033316,20,12,384,1026458,27458,3258542,29819,242,671479
0,8166,46.907966380435376,0.00343878963,20,12,384,1009917,15000,3354208,29755,242,671479
0,8167,46.911466005435379,0.003545876,20,12,384,1041000,11667,3588000,30271,242,671479
0,8168,46.915033755435381,0.00361566758,20,12,384,1060084,11625,3599041,29819,243,671481
0,8169,46.918597630435379,0.00346328667,20,12,384,1025000,20500,3495917,29807,243,671481
0,8170,46.922098963435381,0.0036321287,20,0,384,1034250,19541,3592458,29883,243,671481
0,8171,46.925437546435376,0.00333491364,20,0,384,1029125,12125,3403834,31651,243,671481
0,8172,46.928729130435379,0.00321954372,20,0,384,996542,16000,3205708,29755,231,671197
0,8173,46.932064588435381,0.00325753959,20,0,384,1081250,23334,3274625,29883,231,671197
0,8174,46.935505088435377,0.00358558679,20,0,384,1096125,19792,3538250,29819,231,671197
0,8175,46.938846421435379,0.00319179427,20,0,384,1002125,17375,3248083,29755,231,671197
0,8176,46.942999546435381,0.00432004,20,0,384,1067375,16458,4116917,29883,231,671197
0,8177,46.946535588435381,0.00358137046,20,0,384,1006875,12541,3609041,29819,231,671197
0,8178,46.950655713435381,0.00413583452,20,0,384,994334,11542,4260500,40197,231,671197
0,8179,46.954455546435376,0.00376138045,20,0,384,967166,10584,3782542,38163,231,671197
0,8180,46.95788479643538,0.00341133075,20,0,384,1028917,10458,3409000,29819,231,671197
0,8181,46.961086671435375,0.003082001,20,0,384,997875,18458,3118084,29755,230,671195
0,8182,46.964713005435378,0.0037634992,20,0,384,1019875,16667,3581833,29883,230,671195
0,8183,46.96797688043538,0.00316104013,20,0,384,966292,17709,3289000,29819,230,671195
0,8184,46.971275088435377,0.003277792,20,0,384,1076709,15792,3279000,29755,230,671195
0,8185,46.974811380435376,0.003624752,20,0,384,1119750,12125,3516500,29883,230,671195
0,8186,46.978375380435381,0.0034584112,20,0,384,1003334,12458,3524875,29819,230,671195
0,8187,46.981898463435378,0.0034558815,20,0,384,1006042,17334,3365500,29755,230,671195
0,8188,46.985391255435381,0.00367057812,20,0,384,1100291,21833,3716291,29883,230,671195
0,8189,46.988962005435376,0.00355970813,20,0,384,973916,20500,3380041,29819,230,671195
0,8190,46.99236121343538,0.00332308677,20,0,384,1031083,14000,3567334,29755,230,671195
0,8191,46.995896255435376,0.00356270559,20,0,384,1091042,15750,3446542,29883,230,671195
0,8192,46.999493755435381,0.003475751,20,0,384,1028708,13916,3470458,29819,229,671193
0,8193,47.003118755435381,0.00370250153,20,0,384,1052542,17042,3700459,29755,229,671193
0,8194,47.006762630435375,0.00352495746,20,0,384,1057958,19917,3587166,29883,229,671193
0,8195,47.010331713435377,0.00374771119,20,0,384,1133084,22750,3707792,29819,229,671193
0,8196,47.013943088435376,0.00346536981,20,0,384,1026458,18459,3392042,29755,228,671191
0,8197,47.017601880435379,0.003822711,20,0,384,1111542,25208,3880125,29883,228,671191
0,8198,47.021183255435375,0.00330324541,20,0,384,1013875,18750,3354916,29819,228,671191
0,8199,47.025183921435378,0.00400529336,20,0,384,1163791,21166,3835083,29755,228,671191
0,8200,47.028644921435379,0.00383645832,20,0,384,1146917,23292,3897208,30271,228,671191
0,8201,47.031687421435379,0.00286971382,20,0,384,961667,11292,3087375,29819,229,671193
0,8202,47.035029130435376,0.00346887042,20,0,384,1113166,15750,3294500,29755,229,671193
0,8203,47.038394338435381,0.00326875,20,0,384,958375,18208,3202125,29883,229,671193
0,8204,47.042140671435376,0.003743169,20,0,384,1002250,13875,3784875,29819,229,671193
0,8205,47.045404463435375,0.00334328949,20,0,384,1044958,17750,3394833,29755,229,671193
0,8206,47.049165046435377,0.00368712447,20,0,384,1014834,12958,3429792,29883,229,671193
0,8207,47.052375296435379,0.00329604582,20,0,384,1047750,14083,3516666,29819,229,671193
0,8208,47.055618796435375,0.00320357853,20,0,384,978875,15416,3244166,29755,229,671193
0,8209,47.05925017143538,0.00363508356,20,0,384,1044792,11875,3411292,29883,229,671193
0,8210,47.062438338435378,0.003128791,20,0,384,980791,12500,3337541,29819,229,671193
0,8211,47.066317671435378,0.003907547,20,0,384,1083542,15334,3753333,29755,229,671193
0,8212,47.069727213435378,0.00344774663,20,0,384,1043416,13625,3580666,29883,229,671193
0,8213,47.073145463435381,0.00334812934,20,0,384,980833,17709,3253500,29819,229,671193
0,8214,47.076546171435375,0.00343312067,20,0,384,1013916,20583,3438625,29755,229,671193
0,8215,47.080307088435376,0.0037114583,20,0,384,1031500,21042,3663000,29883,229,671193
0,8216,47.083737880435379,0.00352266873,20,0,384,1028667,17333,3613958,29819,229,671193
0,8217,47.087039796435377,0.003265207,20,0,384,1021417,14917,3267917,29755,229,671193
0,8218,47.090634588435378,0.00351912552,20,0,384,1039667,23542,3456583,29883,229,671193
0,8219,47.093971546435377,0.00345033314,20,0,384,1060459,20542,3531417,29819,229,671193
0,8220,47.097783130435381,0.00373320584,20,0,384,1008500,17000,3544416,29755,229,671193
0,8221,47.10202479643538,0.00429088,20,0,384,1042459,19875,4465958,40325,229,671193
0,8222,47.106299255435381,0.00423887465,20,0,384,981500,11000,4219792,38099,229,671193
0,8223,47.109458213435381,0.003241291,20,0,384,1115208,11708,3294500,29755,229,671193
0,8224,47.112662546435381,0.00315241632,20,0,384,1039125,7959,3120333,29883,229,671193
0,8225,47.116061546435375,0.003422293,20,0,384,1033375,18625,3285750,29819,229,671193
0,8226,47.119488046435379,0.00329683255,20,0,384,1000709,13417,3477041,29807,229,671193
0,8227,47.123237338435381,0.00375670358,20,0,384,1057792,11292,3582666,29883,229,671193
0,8228,47.126639838435381,0.00358654326,20,0,384,1043458,15625,3515125,29819,229,671193
0,8229,47.130043505435381,0.00318908738,20,0,384,965792,12625,3376208,29755,229,671193
0,8230,47.133464880435376,0.00360291242,20,0,384,1089625,17917,3504292,29883,229,671193
0,8231,47.136720380435378,0.0032292516,20,0,384,984084,17500,3307667,29819,229,671193
0,8232,47.13984758843538,0.00297337724,20,0,384,1033375,16542,3076250,29755,229,671193
0,8233,47.143355963435376,0.003700411,20,0,384,1108541,13375,3472791,29883,229,671193
0,8234,47.146578088435376,0.00315058813,20,0,384,968500,12959,3212459,29819,229,671193
0,8235,47.150147171435378,0.00354649941,20,0,384,1005250,13458,3512833,30143,229,671193
0,8236,47.153619338435377,0.00333662122,20,0,384,1042000,25125,3406125,29883,229,671193
0,8237,47.157409880435381,0.00397604145,20,0,384,1168250,20875,3803084,29819,229,671193
0,8238,47.160786630435375,0.0033024163,20,0,384,983917,18542,3482125,29755,229,671193
0,8239,47.163921046435377,0.00325145968,20,0,384,1004917,20042,3277959,29883,229,671193
0,8240,47.167296713435377,0.003384545,20,0,384,1023083,10250,3299500,29819,229,671193
0,8241,47.17038283843538,0.002990122,20,0,384,995625,17292,3128083,29755,229,671193
0,8242,47.17367692143538,0.00339033455,20,0,384,1079917,14375,3201500,29883,229,671193
0,8243,47.176879713435376,0.00318579213,20,0,384,967416,15666,3267167,29819,229,671193
0,8244,47.180749755435379,0.003593169,20,0,384,1004209,10959,3488584,29755,229,671193
0,8245,47.184164671435376,0.00364761916,20,0,384,1102625,14542,3673625,29883,229,671193
0,8246,47.187412505435375,0.00317754387,20,0,384,997625,20208,3241291,29819,229,671193
0,8247,47.19117063043538,0.00381070725,20,0,384,1098708,16333,3671292,29755,229,671193
0,8248,47.19451963043538,0.0033704224,20,0,384,1020000,19750,3471959,29883,229,671193
0,8249,47.197938463435378,0.00342037273,20,0,384,1013000,18500,3441542,29819,229,671193
0,8250,47.201298921435381,0.00325541385,20,0,384,1016042,16250,3266958,29755,229,671193
0,8251,47.204725171435378,0.00360462721,20,0,384,1033083,19041,3438708,29883,229,671193
0,8252,47.20815200543538,0.003370961,20,0,384,992209,12291,3450750,29819,229,671193
0,8253,47.211304505435379,0.00316524948,20,0,384,1001292,19458,3220750,29755,228,671191
0,8254,47.21459979643538,0.00317533314,20,0,384,1029083,12583,3160500,29883,228,671191
0,8255,47.21812158843538,0.00356483134,20,0,384,1130833,11666,3503334,29819,228,671191
0,8256,47.221631255435376,0.00353458058,20,0,384,1038375,18375,3427750,29755,228,671191
0,8257,47.225274005435381,0.00363954087,20,0,384,970792,13208,3757709,29883,228,671191
0,8258,47.228727463435376,0.0034057966,20,0,384,1027625,19166,3417708,29819,228,671191
0,8259,47.232570838435379,0.00388883217,20,0,384,1088500,17291,3581583,29755,228,671191
0,8260,47.236045171435379,0.00353379385,20,0,384,1062542,11959,3782625,29883,228,671191
0,8261,47.239595588435378,0.00347332773,20,0,384,982125,11708,3506541,29819,228,671191
0,8262,47.242812005435376,0.00328125,20,0,384,993625,12375,3291333,29755,228,671191
0,8263,47.245821963435375,0.00303942035,20,0,384,1033583,10833,3095875,29883,228,671191
0,8264,47.24934083843538,0.00353349629,20,0,384,1024708,9000,3288917,29819,228,671191
0,8265,47.253199713435379,0.00382583612,20,0,384,967958,13500,4024167,40197,228,671191
0,8266,47.257339171435376,0.004148753,20,0,384,1040667,10083,4081166,38163,228,671191
0,8267,47.260755838435379,0.00321749575,20,0,384,1030542,11959,3304375,29819,228,671191
0,8268,47.264569338435379,0.0038825823,20,0,384,1108083,15084,3681500,29755,228,671191
0,8269,47.268503005435377,0.00398762757,20,0,384,1058250,22375,4018292,29883,228,671191
0,8270,47.271954380435375,0.00342258369,20,0,384,1013250,14417,3451375,30207,228,671191
0,8271,47.275474796435375,0.00355095672,20,0,384,1047083,14166,3593500,29755,229,671193
0,8272,47.279018130435375,0.00343616772,20,0,384,1075000,13541,3399792,29883,229,671193
0,8273,47.282388421435378,0.00348383654,20,0,384,1054834,12167,3418667,29819,229,671193
0,8274,47.28570854643538,0.00335583184,20,0,384,1013833,18416,3437000,29755,229,671193
0,8275,47.288937005435379,0.003197704,20,0,384,1035209,15625,3227834,29883,229,671193
0,8276,47.292561588435376,0.00357258366,20,0,384,1049583,15500,3493458,29819,229,671193
0,8277,47.296189921435378,0.00363217131,20,0,384,1074875,20208,3577708,29755,229,671193
0,8278,47.299967171435377,0.003747371,20,0,384,1060166,19250,3716667,29883,229,671193
0,8279,47.30417892143538,0.004032837,20,0,384,1029958,12875,4011000,29819,229,671193
0,8280,47.307902338435376,0.003967623,20,0,384,1196833,25250,3977209,29755,229,671193
0,8281,47.31120183843538,0.00338020828,20,0,384,1013666,20750,3507250,29883,229,671193
0,8282,47.314390380435377,0.00305158016,20,0,384,950833,16583,3089750,29819,229,671193
0,8283,47.317691255435378,0.00347767142,20,0,384,1067750,18042,3393500,29755,229,671193
0,8284,47.320847588435377,0.00301124575,20,0,384,993583,14083,3045625,29935,229,671193
0,8285,47.32406179643538,0.00326179131,20,0,384,998500,13208,3233083,30487,229,671193
0,8286,47.327072005435376,0.0031034227,20,0,384,1053042,12709,3206791,29755,229,671193
0,8287,47.330013421435375,0.00292578666,20,0,384,1009708,10417,2888625,29883,229,671193
0,8288,47.33347433843538,0.003409042,20,0,384,1034500,9250,3297167,29819,229,671193
0,8289,47.33665183843538,0.00315225334,20,0,384,1001458,16791,3258375,30229,229,671193
0,8290,47.340152796435376,0.0034233348,20,0,384,1068250,11291,3234084,29883,229,671193
0,8291,47.343619171435378,0.00355058117,20,0,384,1027500,11791,3615250,29819,229,671193
0,8292,47.347104421435375,0.00342149939,20,0,384,997875,17916,3368250,29755,229,671193
0,8293,47.350873338435377,0.00379550038,20,0,384,1026541,20500,3806959,29883,229,671193
0,8294,47.354593630435382,0.00370808528,20,0,384,1041958,17333,3703291,29819,229,671193
0,8295,47.357987671435382,0.00340374862,20,0,384,1048458,14459,3479417,29755,229,671193
0,8296,47.361551088435377,0.003475581,20,0,384,1065833,16500,3440583,29883,229,671193
0,8297,47.364972380435375,0.00344392,20,0,384,1047583,15375,3458459,29819,229,671193
0,8298,47.368431088435379,0.0036013322,20,0,384,1071125,22042,3583458,29755,229,671193
0,8299,47.371605755435375,0.00318162562,20,0,384,1004208,15541,3195667,29883,229,671193
0,8300,47.375092671435375,0.00338991638,20,0,384,965084,17208,3296334,29819,229,671193
0,8301,47.378556963435379,0.003366376,20,0,384,1049792,14916,3494250,29755,229,671193
0,8302,47.382261921435379,0.00379858282,20,0,384,1035833,18209,3600708,29883,229,671193
0,8303,47.38575558843538,0.003478288,20,0,384,1023167,24084,3594166,29819,229,671193
0,8304,47.389321755435375,0.00361121027,20,0,384,1036917,18875,3609458,30143,229,671193
0,8305,47.392655880435377,0.00336095528,20,0,384,1030208,17625,3386166,29883,230,671195
0,8306,47.395994255435376,0.00328013045,20,0,384,1017625,18000,3268708,29819,230,671195
0,8307,47.399340713435379,0.00324216275,20,0,384,1116291,13459,3218708,29755,230,671195
0,8308,47.403244963435377,0.00401591556,20,0,384,1037333,20916,3554542,29883,230,671195
0,8309,47.408088463435377,0.00492858561,20,0,384,1115875,10833,5348250,48421,230,671195
0,8310,47.411832338435381,0.00380341546,20,0,384,1010416,12583,3910208,38035,230,671195
0,8311,47.415531380435375,0.00345199835,20,0,384,995458,10459,3079375,29883,230,671195
0,8312,47.419186963435379,0.003744168,20,0,384,1167000,15042,3992791,29819,230,671195
0,8313,47.422566630435377,0.00338849914,20,0,384,985875,16875,3480959,29755,230,671195
0,8314,47.426045130435377,0.0034875,20,0,384,1097083,14125,3396291,29883,230,671195
0,8315,47.429507088435379,0.00339299883,20,0,384,1042292,17667,3435084,29819,230,671195
0,8316,47.432921255435382,0.00349812931,20,0,384,1137667,11042,3459250,29755,230,671195
0,8317,47.436066171435378,0.00321533438,20,0,384,1045625,26000,3277000,29883,230,671195
0,8318,47.439554380435375,0.00322983274,20,0,384,995708,17625,3246792,29819,230,671195
0,8319,47.443186838435381,0.00382091128,20,0,384,1115792,21083,3662625,29755,230,671195
0,8320,47.446689713435376,0.0035792517,20,0,384,1009709,27875,3653917,29883,230,671195
0,8321,47.450047213435376,0.0032839214,20,0,384,978833,13667,3332042,29819,230,671195
0,8322,47.453231838435379,0.0031860827,20,0,384,1062958,15708,3185459,29755,230,671195
0,8323,47.456692921435376,0.00335946,20,0,384,1080209,10458,3213042,29883,230,671195
0,8324,47.460127713435377,0.00345240929,20,0,384,1088584,14959,3550500,29819,230,671195
0,8325,47.463447380435376,0.00341045926,20,0,384,1023917,27875,3424959,29755,230,671195
0,8326,47.466953171435378,0.003533128,20,0,384,1066417,13458,3494500,29883,230,671195
0,8327,47.470133463435381,0.00315724919,20,0,384,1035875,17625,3206792,29819,230,671195
0,8328,47.473383838435382,0.00311478879,20,0,384,1076750,15500,3184125,29755,230,671195
0,8329,47.476853338435376,0.00371183385,20,0,384,1149959,14834,3480167,29883,230,671195
0,8330,47.480132421435378,0.00313879666,20,0,384,958125,13875,3255000,29819,230,671195
0,8331,47.484245546435375,0.00422962,20,0,384,1003333,16292,4220791,29755,230,671195
0,8332,47.487579546435377,0.00319691747,20,0,384,1013667,10500,3138334,29883,230,671195
0,8333,47.490964213435376,0.00341395964,20,0,384,1080625,11125,3400666,29819,230,671195
0,8334,47.494635630435376,0.00349837728,20,0,384,1012708,19125,3511958,29755,230,671195
0,8335,47.498185588435376,0.00369662,20,0,384,1154583,18458,3658000,29883,230,671195
0,8336,47.501898921435377,0.00367637468,20,0,384,1055875,21125,3706458,29819,230,671195
0,8337,47.505307255435376,0.00346533442,20,0,384,1019083,12541,3494084,29755,230,671195
0,8338,47.508628421435375,0.0034040038,20,0,384,1017542,22333,3381541,30271,230,671195
0,8339,47.511810755435377,0.00316921063,20,0,384,996084,17834,3226583,29819,231,671197
0,8340,47.51495458843538,0.002994161,20,0,384,1036416,11292,3070792,29755,231,671197
0,8341,47.518439005435376,0.00359024946,20,0,384,1128042,16417,3416083,29883,231,671197
0,8342,47.521659088435378,0.00320479739,20,0,384,957542,12375,3184583,29871,231,671197
0,8343,47.525366463435375,0.00370191317,20,0,384,1046750,12833,3695583,29755,231,671197
0,8344,47.528752213435375,0.003365625,20,0,384,1044875,23250,3441792,29883,231,671197
0,8345,47.532441213435376,0.00361358421,20,0,384,1063458,20375,3447083,29819,231,671197
0,8346,47.535781546435381,0.00346616353,20,0,384,1072375,26584,3619792,31485,231,671197
0,8347,47.539046838435375,0.00320566888,20,0,384,1056583,11667,3251208,29883,231,671197
0,8348,47.542335421435375,0.0033932894,20,0,384,1015500,16167,3302625,29819,231,671197
0,8349,47.54572896343538,0.003314711,20,0,384,1017584,25125,3340625,29755,231,671197
0,8350,47.549305505435377,0.00362529047,20,0,384,1113834,10459,3465083,29883,231,671197
0,8351,47.552699546435377,0.00339199975,20,0,384,1035708,14083,3509666,29819,231,671197
0,8352,47.556387046435376,0.00353433238,20,0,384,1043542,16333,3475833,29755,231,671197
0,8353,47.560730171435381,0.004433964,20,0,384,1113750,20458,4497459,40325,231,671197
0,8354,47.565120130435375,0.004465958,20,0,384,1031792,12125,4399167,38099,231,671197
0,8355,47.568350713435379,0.00324099348,20,0,384,1015875,11875,3380750,29755,231,671197
0,8356,47.571657963435378,0.00337821012,20,0,384,1083167,7625,3197792,29883,231,671197
0,8357,47.574987338435378,0.00320746168,20,0,384,991167,12416,3286334,29819,231,671197
0,8358,47.578437088435379,0.00340308249,20,0,384,1046542,15750,3397167,29755,231,671197
0,8359,47.582345755435377,0.003994622,20,0,384,1017167,18417,3744125,29883,231,671197
0,8360,47.585741796435379,0.00337429135,20,0,384,1038708,12000,3628875,29819,231,671197
0,8361,47.589088755435377,0.00329617341,20,0,384,1050625,17375,3300041,29755,231,671197
0,8362,47.592398296435377,0.003411749,20,0,384,1075291,20625,3397250,29883,231,671197
0,8363,47.595539505435376,0.00309424615,20,0,384,993458,15833,3166959,29819,231,671197
0,8364,47.598952005435379,0.0031147534,20,0,384,1078583,12166,3040167,29755,231,671197
0,8365,47.602505213435379,0.003948413,20,0,384,1098459,20792,3791417,29883,230,671195
0,8366,47.605793880435378,0.00320391869,20,0,384,966250,18958,3389875,29819,230,671195
0,8367,47.609160630435376,0.003313081,20,0,384,1049666,16125,3290916,29755,230,671195
0,8368,47.612387838435382,0.00325145968,20,0,384,1078125,13916,3247125,29883,230,671195
0,8369,47.615784171435379,0.0033714145,20,0,384,1045500,16250,3172833,29819,230,671195
0,8370,47.619132130435375,0.00327633927,20,0,384,1055416,17292,3467667,29755,230,671195
0,8371,47.622486963435378,0.003441121,20,0,384,1019542,29875,3384292,29883,230,671195
0,8372,47.626004713435378,0.003477877,20,0,384,1040417,20917,3427750,29819,230,671195
0,8373,47.62933467143538,0.00338062644,20,0,384,1037000,17292,3421709,30143,230,671195
0,8374,47.632986505435376,0.0036745395,20,0,384,1046375,12042,3551084,29883,231,671197
0,8375,47.63627608843538,0.00328466552,20,0,384,1038125,18916,3407792,29819,231,671197
0,8376,47.639834171435375,0.00343499868,20,0,384,1037875,17334,3480959,29755,231,671197
0,8377,47.643168255435377,0.00346283312,20,0,384,1027583,19416,3381667,29883,231,671197
0,8378,47.646551296435376,0.00342462445,20,0,384,1001167,19709,3381084,29819,231,671197
0,8379,47.649923630435381,0.00327067031,20,0,384,983916,13375,3407792,29755,231,671197
0,8380,47.653132005435381,0.00326928846,20,0,384,1089125,16125,3218000,29883,231,671197
0,8381,47.65616067143538,0.002990547,20,0,384,1032917,24500,3074958,29819,231,671197
0,8382,47.659706255435381,0.00348412,20,0,384,1092709,15250,3304167,29755,231,671197
0,8383,47.66316279643538,0.00364746316,20,0,384,1019000,19875,3591917,29883,231,671197
0,8384,47.666513255435376,0.00329920626,20,0,384,990292,10000,3402125,29819,231,671197
0,8385,47.670063338435376,0.00352149946,20,0,384,979791,18416,3468875,29755,231,671197
0,8386,47.673319880435379,0.003222456,20,0,384,990792,20458,3314750,29883,231,671197
0,8387,47.676577796435382,0.003310041,20,0,384,1033958,17083,3283042,29819,231,671197
0,8388,47.680166421435381,0.003374922,20,0,384,991541,11125,3305792,29755,231,671197
0,8389,47.68405050543538,0.00417712564,20,0,384,1047167,18792,4186959,29883,231,671197
0,8390,47.687183088435376,0.00301532727,20,0,384,958125,10583,3086208,29819,231,671197
0,8391,47.690616713435375,0.00326783583,20,0,384,1056541,10708,3159291,29755,231,671197
0,8392,47.693970838435376,0.00356770842,20,0,384,1140541,19375,3598458,29883,231,671197
0,8393,47.69735638043538,0.00336008356,20,0,384,972041,20667,3298417,29819,231,671197
0,8394,47.700929505435376,0.00332666514,20,0,384,996958,13542,3439166,29755,231,671197
0,8395,47.704478838435378,0.00381300319,20,0,384,1092792,19834,3610291,29883,231,671197
0,8396,47.708108255435377,0.0035608348,20,0,384,1002917,13041,3479292,29819,231,671197
0,8397,47.712373005435381,0.004212833,20,0,384,1051375,13500,4456958,40197,231,671197
0,8398,47.716599171435377,0.00428903755,20,0,384,1162417,13333,4232041,38163,231,671197
0,8399,47.720194463435377,0.003437252,20,0,384,1095292,11500,3470750,29819,231,671197
0,8400,47.723817546435377,0.00351408031,20,0,384,1082208,20125,3515375,29807,230,671195
0,8401,47.727130421435376,0.00365442177,20,0,384,1264917,18334,3590625,29883,230,671195
0,8402,47.730531671435379,0.00332208048,20,0,384,980125,15083,3311500,29819,230,671195
0,8403,47.734191213435381,0.003724915,20,0,384,1035041,16875,3730500,29755,230,671195
0,8404,47.737451046435375,0.00316904043,20,0,384,978917,18000,3204833,29883,230,671195
0,8405,47.74101475543538,0.00354412547,20,0,384,1074917,16792,3443709,29819,230,671195
0,8406,47.744168380435376,0.00323270983,20,0,384,1003916,13541,3389667,29755,229,671193
0,8407,47.747752963435381,0.00340787275,20,0,384,1064625,11667,3304125,29883,229,671193
0,8408,47.751183171435379,0.00361362658,20,0,384,1082333,18042,3499417,30207,228,671191
0,8409,47.754670213435375,0.00345391873,20,0,384,1007084,14666,3547167,29755,229,671193
0,8410,47.758088005435376,0.003443247,20,0,384,1010417,29250,3426250,29883,229,671193
0,8411,47.761439880435375,0.00323875435,20,0,384,1011041,25041,3279375,29819,229,671193
0,8412,47.764772380435382,0.00337054278,20,0,384,1037417,16166,3417834,29755,229,671193
0,8413,47.767997755435381,0.00333003816,20,0,384,1050000,17750,3281667,29883,229,671193
0,8414,47.771306296435377,0.00326921069,20,0,384,1025125,11250,3192583,29819,229,671193
0,8415,47.774682880435378,0.003387663,20,0,384,1023666,16792,3405917,29755,229,671193
0,8416,47.777736005435379,0.00308533153,20,0,384,1040250,13417,3172500,29883,229,671193
0,8417,47.781085255435379,0.003146131,20,0,384,1014417,14084,3128666,29819,229,671193
0,8418,47.784950130435377,0.00388207915,20,0,384,1084750,17833,3690250,29755,229,671193
0,8419,47.788480921435379,0.00370817026,20,0,384,1078667,25833,3749917,29883,229,671193
0,8420,47.791917630435378,0.00337712583,20,0,384,1007750,12250,3429209,29819,229,671193
0,8421,47.795279338435378,0.00337241357,20,0,384,1055292,18375,3425208,29755,229,671193
0,8422,47.798881130435376,0.00348925032,20,0,384,1071458,14958,3374000,29883,229,671193
0,8423,47.802169755435379,0.00343350344,20,0,384,1011958,14167,3520083,29819,229,671193
0,8424,47.805719171435378,0.0034795776,20,0,384,1002625,17625,3362416,29755,229,671193
0,8425,47.809075005435375,0.0034003756,20,0,384,1048542,24542,3489041,29883,229,671193
0,8426,47.812470546435378,0.00339100068,20,0,384,997458,19291,3426042,29819,229,671193
0,8427,47.816228713435379,0.00368949841,20,0,384,1018542,16875,3584958,29755,229,671193
0,8428,47.819584796435379,0.00338304276,20,0,384,1069083,20334,3490208,29883,229,671193
0,8429,47.82309533843538,0.003531335,20,0,384,1003959,21583,3513125,29819,229,671193
0,8430,47.826428963435376,0.00336970668,20,0,384,1034000,18042,3381583,29755,229,671193
0,8431,47.829874796435377,0.003459212,20,0,384,1065208,13292,3392708,29883,229,671193
0,8432,47.833212005435378,0.003325666,20,0,384,1026625,13000,3282417,29819,229,671193
0,8433,47.836360671435379,0.00313703949,20,0,384,1023375,18083,3282375,30407,229,671193
0,8434,47.839830046435381,0.00329795922,20,0,384,1064750,14375,3215792,29883,229,671193
0,8435,47.843343880435377,0.003690462,20,0,384,1062708,18917,3670583,29819,229,671193
0,8436,47.84653679643538,0.00317983283,20,0,384,1008583,23584,3217583,29755,229,671193
0,8437,47.850097755435378,0.00357770687,20,0,384,1057542,11292,3492166,29883,229,671193
0,8438,47.853263505435379,0.00320087164,20,0,384,999958,20792,3300166,29819,229,671193
0,8439,47.856786713435376,0.00334392,20,0,384,1028083,16584,3304792,29755,229,671193
0,8440,47.860403546435379,0.00374904345,20,0,384,1107084,17000,3535666,29883,229,671193
0,8441,47.864544630435375,0.004148037,20,0,384,1007125,10500,4354708,40261,229,671193
0,8442,47.868611505435375,0.00408679154,20,0,384,1082667,13250,4080125,38035,229,671193
0,8443,47.872049088435375,0.00339875277,20,0,384,1009375,15667,3298041,30271,229,671193
0,8444,47.875550588435381,0.00353416242,20,0,384,1019041,14375,3607209,29819,230,671195
0,8445,47.87870033843538,0.00301975617,20,0,384,977416,24250,3110708,29755,230,671195
0,8446,47.882015171435377,0.00329362252,20,0,384,1073917,13167,3176917,29883,230,671195
0,8447,47.885518921435377,0.00364375,20,0,384,1110625,19667,3621083,29819,230,671195
0,8448,47.888712755435378,0.00316296052,20,0,384,1039792,15833,3262750,29755,230,671195
0,8449,47.892238463435376,0.00361828948,20,0,384,1092041,11125,3502833,29883,230,671195
0,8450,47.895366296435377,0.00304108555,20,0,384,970917,12458,3136417,29819,230,671195
0,8451,47.898687171435377,0.00313103735,20,0,384,1078750,9709,3148250,29755,230,671195
0,8452,47.902064505435376,0.00365396123,20,0,384,1081500,13917,3534167,29883,230,671195
0,8453,47.905483755435377,0.00333770551,20,0,384,974834,18417,3375375,29819,230,671195
0,8454,47.90929288043538,0.003769586,20,0,384,1010500,16583,3670084,29755,230,671195
0,8455,47.917361130435381,0.00338391447,20,0,384,1057125,14625,3482375,29883,230,671195
0,8456,47.934279921435376,0.008430917,20,0,384,5413375,17792,8309167,56861,230,671195
0,8457,47.938269505435379,0.0171183739,20,0,384,3186833,17542,17109958,154811,230,671203
0,8458,47.94197108843538,0.00376320863,20,0,384,1086583,21625,3789625,29883,230,671207
0,8459,47.945283171435378,0.003366206,20,0,384,978875,12750,3460875,29819,230,671207
0,8460,47.948783505435379,0.00339445868,20,0,384,1010667,18750,3221167,29755,230,671207
0,8461,47.952383130435379,0.00374129112,20,0,384,1014916,21833,3797083,29883,230,671207
0,8462,47.95590913043538,0.00345841842,20,0,384,996292,13875,3504459,29819,230,671207
0,8463,47.959503255435379,0.00352141447,20,0,384,1013042,18375,3500250,29755,230,671207
0,8464,47.962934588435381,0.00361700682,20,0,384,1010625,18459,3558583,29883,230,671207
0,8465,47.966379546435377,0.003319331,20,0,384,988083,17333,3336458,29819,230,671207
0,8466,47.96973421343538,0.00337587157,20,0,384,1039333,13125,3445166,29755,230,671207
0,8467,47.97320563043538,0.00340296212,20,0,384,1051375,12625,3436375,29883,230,671207
0,8468,47.976796546435381,0.00365941762,20,0,384,1056833,20875,3448333,29819,230,671207
0,8469,47.980211755435377,0.00339528779,20,0,384,1020417,23292,3534791,29755,230,671207
0,8470,47.983653505435377,0.0034865858,20,0,384,962917,18625,3498292,29883,230,671207
0,8471,47.986881546435377,0.003165377,20,0,384,1003667,17667,3224209,29819,230,671207
0,8472,47.990077338435377,0.00309512462,20,0,384,1043542,10000,3157042,30143,230,671207
0,8473,47.993701796435381,0.00387103879,20,0,384,1161333,16542,3585417,29883,231,671209
0,8474,47.996770380435379,0.00301008369,20,0,384,973250,12209,3198084,29819,231,671209
0,8475,48.000147213435376,0.0031922902,20,0,384,1017083,11125,3204875,29755,231,671209
0,8476,48.003531921435375,0.00349579076,20,0,384,1035958,14833,3455333,29883,231,671209
0,8477,48.007111005435377,0.00357371033,20,0,384,1042875,18208,3443791,29819,231,671209
0,8478,48.010629838435378,0.00352833769,20,0,384,1030625,15125,3563000,29755,231,671209
0,8479,48.015048421435381,0.00423870469,20,0,384,1012750,19375,4320875,40325,231,671209
0,8480,48.019393671435381,0.004526169,20,0,384,1250417,12209,4450125,38099,231,671209
0,8481,48.022732338435375,0.0032487032,20,0,384,1000125,11375,3328667,29755,231,671209
0,8482,48.026203255435377,0.003570628,20,0,384,1122458,16250,3488500,29883,231,671209
0,8483,48.029764588435377,0.00359004387,20,0,384,1011417,20833,3471125,29819,231,671209
0,8484,48.033489171435377,0.0036418722,20,0,384,998500,12250,3725334,29755,231,671209
0,8485,48.036773463435381,0.00335904188,20,0,384,1073959,20667,3433250,29883,231,671209
0,8486,48.040273630435379,0.003275333,20,0,384,1015333,18250,3254875,29819,231,671209
0,8487,48.043786880435377,0.00373346079,20,0,384,1063167,20875,3687875,29755,231,671209
0,8488,48.047189213435381,0.00329279341,20,0,384,1004917,19542,3295375,29883,231,671209
0,8489,48.05072708843538,0.00363270263,20,0,384,1046625,21208,3621292,29819,231,671209
0,8490,48.053961880435381,0.00322246319,20,0,384,1029458,16666,3321833,29755,231,671209
0,8491,48.057524255435375,0.003640455,20,0,384,1073833,13375,3360458,29883,231,671209
0,8492,48.060994171435375,0.00330841844,20,0,384,1003084,13000,3454042,29819,231,671209
0,8493,48.06432438043538,0.00341112539,20,1,384,1039834,13125,3512458,29755,231,671209
0,8494,48.067558755435378,0.00324616628,20,1,384,1075708,14250,3192792,29883,231,671209
0,8495,48.070957338435377,0.00339445868,20,1,384,1029750,16500,3369416,29819,232,671385
0,8496,48.074461796435379,0.00346124568,20,2,384,1038708,19375,3432833,29755,232,671385
0,8497,48.077710296435377,0.00332388049,20,2,384,1075375,18667,3379917,29883,232,671385
0,8498,48.081415088435378,0.00347937224,20,2,384,1010875,16042,3517084,29819,233,671491
0,8499,48.084936838435375,0.00373983127,20,2,384,1133083,13583,3570541,29755,232,671489
0,8500,48.088258671435376,0.003290795,20,2,384,1048334,12250,3419833,29883,232,671489
0,8501,48.091862005435381,0.00359295635,20,3,384,1064667,13625,3484084,29819,232,671489
0,8502,48.095004046435378,0.00319204223,20,3,384,1049917,16875,3358375,29755,232,671489
0,8503,48.098510713435381,0.00326196151,20,3,384,1063084,13750,3140875,29883,233,671585
0,8504,48.102054088435381,0.00375245884,20,3,384,1056708,14208,3710167,29819,233,671585
0,8505,48.105894713435376,0.00370958052,20,3,384,1042916,16750,3680917,29755,233,671585
0,8506,48.109264255435377,0.00359129114,20,3,384,1066334,16959,3600083,30271,233,671585
0,8507,48.11318067143538,0.00393317034,20,3,384,970791,14833,3988583,39873,234,671587
0,8508,48.116518838435375,0.00321461866,20,3,384,1010958,13833,3191250,29755,234,671587
0,8509,48.119764671435377,0.003243169,20,3,384,1063084,12791,3302167,29883,234,671587
0,8510,48.122906088435379,0.003114959,20,3,384,1001417,15583,3185334,29819,233,671585
0,8511,48.126513046435377,0.003624915,20,3,384,1106542,13250,3410666,29807,233,671585
0,8512,48.130482088435379,0.003987167,20,3,384,1029167,20500,3898417,29883,233,671585
0,8513,48.13426983843538,0.00388037832,20,3,384,1051333,14000,3984167,29819,233,671585
0,8514,48.137750380435378,0.00326212449,20,3,384,1010083,10459,3309583,29755,233,671585
0,8515,48.141438338435378,0.003772293,20,3,384,1169541,16833,3675708,29883,233,671585
0,8516,48.144842171435378,0.00342649524,20,3,384,1024875,12000,3526125,29819,233,671585
0,8517,48.148516963435377,0.00362133654,20,3,384,1052875,17958,3475750,29755,233,671585
0,8518,48.151842880435382,0.00345791527,20,3,384,1067375,21875,3588917,29883,233,671585
0,8519,48.155056630435375,0.00321378978,20,3,384,993458,16292,3186500,29819,233,671585
0,8520,48.158602005435377,0.003433043,20,3,384,999250,14834,3403833,29755,233,671585
0,8521,48.161930463435375,0.00339904334,20,3,384,1030416,11542,3333875,29883,233,671585
0,8522,48.165894880435381,0.00410175044,20,3,384,1060292,11583,4251042,40261,233,671585
0,8523,48.169899338435378,0.00393316336,20,3,384,966084,10208,3887042,38035,233,671585
0,8524,48.173206296435382,0.00320821279,20,3,384,1015333,15166,3200416,29883,233,671585
0,8525,48.17670071343538,0.0035307894,20,3,384,1015708,21792,3511416,29819,233,671585
0,8526,48.179989713435376,0.00320991362,20,3,384,1019000,17708,3256791,29755,233,671585
0,8527,48.18350321343538,0.00360170775,20,3,384,1031500,13750,3507209,29883,233,671585
0,8528,48.18674667143538,0.0032028344,20,3,384,1023333,16917,3291916,29819,233,671585
0,8529,48.191036005435379,0.00428458769,20,3,384,1059250,18000,3905792,29755,233,671585
0,8530,48.195516255435379,0.004143084,20,3,384,1071000,13584,4105250,29883,233,671585
0,8531,48.199575088435381,0.00438020844,20,3,384,1260959,26209,4484875,29819,233,671585
0,8532,48.203040338435379,0.00350537128,20,3,384,1023750,12333,3738417,29755,233,671585
0,8533,48.206759255435379,0.00359129114,20,3,384,1043833,19458,3543916,29883,233,671585
0,8534,48.21033892143538,0.003699667,20,5,384,1110208,22666,3705625,29819,233,671585
0,8535,48.213921171435381,0.00356583763,20,5,384,1037500,18833,3592500,29755,233,671585
0,8536,48.217506046435375,0.00359479175,20,5,384,1060375,16834,3580958,29883,235,671637
0,8537,48.221415046435375,0.00363570731,20,5,384,1045708,16958,3528167,29819,235,671637
0,8538,48.225147921435379,0.00391683,20,5,384,1173667,15875,3965083,29755,235,671637
0,8539,48.22866563043538,0.00365391863,20,5,384,1053750,20542,3569292,30271,235,671637
0,8540,48.232219088435379,0.0034321642,20,5,384,1056375,11417,3523625,30059,236,671639
0,8541,48.235752963435381,0.00362858549,20,5,384,1104000,14917,3671125,29755,236,671639
0,8542,48.23941913043538,0.00352945714,20,7,384,1031500,19292,3516791,29883,236,671639
0,8543,48.24295363043538,0.00363325537,20,7,384,1086792,12000,3599542,29819,236,671639
0,8544,48.246421963435381,0.00352270412,20,7,384,1044250,16875,3500041,29755,238,671711
0,8545,48.25023154643538,0.00383125,20,7,384,1017209,19666,3785042,29883,238,671711
0,8546,48.25359621343538,0.00333204377,20,7,384,1019666,13041,3450458,29819,238,671711
0,8547,48.258063130435382,0.00443637324,20,7,384,1042584,17000,4238708,29755,238,671711
0,8548,48.261973796435377,0.00366716972,20,7,384,1038291,14584,3651917,29883,238,671711
0,8549,48.26583400543538,0.00408295775,20,7,384,1149875,17834,3978042,29819,238,671711
0,8550,48.26928558843538,0.00347083341,20,7,384,1069708,16291,3711041,29755,238,671711
0,8551,48.273045755435376,0.003631498,20,7,384,1046875,17667,3620125,29883,238,671711
0,8552,48.276712671435376,0.00379445869,20,7,384,1152375,17333,3786458,29819,238,671711
0,8553,48.28034883843538,0.00354512478,20,7,384,1026375,19708,3527625,29755,238,671711
0,8554,48.284172213435376,0.00400166539,20,7,384,1034834,13375,3943791,29883,238,671711
0,8555,48.287832713435378,0.00358920777,20,7,384,1031583,10791,3664125,29819,238,671711
0,8556,48.291589713435378,0.003674086,20,7,384,1027334,20792,3652708,29755,238,671711
0,8557,48.29505754643538,0.003599667,20,7,384,1111834,18875,3576500,29883,238,671711
0,8558,48.298629296435379,0.00344949681,20,7,384,1030125,11542,3531625,29819,238,671711
0,8559,48.30192021343538,0.003370961,20,7,384,1024625,21125,3416750,29755,238,671711
0,8560,48.305635713435379,0.00365991355,20,7,384,1094250,12959,3383375,29883,238,671711
0,8561,48.309274171435376,0.00362629676,20,7,384,1104959,14500,3771792,29819,238,671711
0,8562,48.312840380435375,0.00358549459,20,7,384,1098708,17000,3561416,29755,237,671709
0,8563,48.317604921435375,0.004845047,20,7,384,1114709,17541,4849750,40325,237,671709
0,8564,48.322158421435375,0.00431591552,20,7,384,1056709,13792,4368541,38099,237,671709
0,8565,48.32576438043538,0.00371299614,20,7,384,1144500,13416,3711125,29755,237,671709
0,8566,48.32982000543538,0.0038999645,20,7,384,1109167,14416,3707625,29935,237,671709
0,8567,48.333619755435379,0.0040272465,20,7,384,1241042,12166,4079625,29819,237,671709
0,8568,48.337228546435377,0.00351121021,20,7,384,1047625,20208,3620750,29755,237,671709
0,8569,48.341191880435382,0.004055414,20,7,384,1136125,16625,3883833,29883,237,671709
0,8570,48.344584463435375,0.00343533163,20,7,384,1038416,12584,3596459,29819,237,671709
0,8571,48.348661171435381,0.00371962879,20,7,384,1025167,18375,3674958,29755,237,671709
0,8572,48.352400296435377,0.00417899666,20,7,384,1212500,19333,4044667,30271,237,671709
0,8573,48.356085588435377,0.0034337088,20,7,384,1018333,12042,3558375,29819,238,671711
0,8574,48.360006880435378,0.003848916,20,7,384,1096375,23541,3795167,29755,238,671711
0,8575,48.364064963435375,0.004371712,20,7,384,1088208,17417,4250958,29883,238,671711
0,8576,48.367597005435378,0.00339916372,20,7,384,1006500,12875,3613041,29819,238,671711
0,8577,48.371077046435381,0.00332838017,20,7,384,1088959,13125,3332000,29755,238,671711
0,8578,48.374764713435376,0.00390016288,20,7,384,1246250,11667,3763417,29883,238,671711
0,8579,48.378068755435379,0.003329039,20,7,384,1020417,13041,3432041,29819,238,671711
0,8580,48.381616921435381,0.00343837868,20,7,384,1018667,17250,3469125,29755,238,671711
0,8581,48.385055755435381,0.003568169,20,7,384,1032250,17750,3479833,29883,238,671711
0,8582,48.388442046435379,0.003303373,20,7,384,998333,11959,3304292,29819,238,671711
0,8583,48.392076963435379,0.00358187361,20,7,384,1056833,19000,3686000,29755,238,671711
0,8584,48.396090213435379,0.0040956703,20,7,384,1134750,16625,3860292,29883,238,671711
0,8585,48.39962996343538,0.00346962153,20,7,384,1097542,12250,3540250,29819,238,671711
0,8586,48.402831671435379,0.00331695727,20,7,384,1015209,12292,3400458,29755,238,671711
0,8587,48.406475546435381,0.0035836664,20,7,384,1031375,17333,3493292,29883,238,671711
0,8588,48.410157546435379,0.003706002,20,7,384,1074000,14125,3577291,29819,238,671711
0,8589,48.413743046435378,0.00346466829,20,7,384,1068875,12959,3616375,29755,238,671711
0,8590,48.417141755435381,0.00358991628,20,6,384,1086500,22334,3592833,29883,238,671711
0,8591,48.420424880435377,0.00313012325,20,6,384,999500,15917,3215791,29819,238,671711
0,8592,48.423781630435379,0.00327517,20,6,384,1034375,17250,3161875,29755,237,671535
0,8593,48.427231921435379,0.00366228749,20,6,384,1134584,20167,3636208,29883,237,671535
0,8594,48.431184005435377,0.00364175159,20,6,384,1001458,13750,3659459,29819,237,671535
0,8595,48.434565671435379,0.00358658587,20,6,384,1172292,16834,3702833,29755,237,671535
0,8596,48.438107380435376,0.00364574837,20,6,384,1102208,14667,3329000,29883,237,671535
0,8597,48.44180379643538,0.00358637329,20,6,384,1035459,13042,3751750,29819,237,671535
0,8598,48.445113338435377,0.00336575252,20,6,384,1004500,15084,3439000,29755,237,671535
0,8599,48.448862296435379,0.00379866082,20,6,384,1065875,13208,3547167,29883,237,671535
0,8600,48.452239213435377,0.00329929846,20,6,384,1024125,15834,3554542,29819,237,671535
0,8601,48.456206921435381,0.00387749425,20,5,384,1062167,18708,3732792,29755,237,671535
0,8602,48.459651463435378,0.00355216837,20,5,384,1120084,19583,3600084,29883,237,671535
0,8603,48.463370963435381,0.00377741642,20,5,384,994792,12917,3666625,29819,236,671429
0,8604,48.46753504643538,0.00419392,20,5,384,1055875,10333,4413917,40197,236,671429
0,8605,48.47164654643538,0.004123037,20,5,384,996000,11250,4035458,38599,236,671429
0,8606,48.475932088435378,0.00429954659,20,4,384,1017334,10625,4361167,38099,237,671431
0,8607,48.479407755435375,0.00330204074,20,4,384,1007584,9958,3134417,29755,237,671431
0,8608,48.483185630435379,0.00390912,20,4,384,1018541,12167,3861625,29883,236,671335
0,8609,48.486591213435375,0.00326437782,20,4,384,1041959,11542,3432416,29819,236,671335
0,8610,48.49028029643538,0.00373687642,20,4,384,1115292,20042,3761709,29755,236,671335
0,8611,48.493628380435375,0.00344499713,20,4,384,1076833,15500,3360542,29883,236,671335
0,8612,48.496923046435377,0.0032444587,20,4,384,1002458,12458,3318250,29819,236,671335
0,8613,48.500769838435382,0.0037177084,20,4,384,1063000,11875,3693375,29755,236,671335
0,8614,48.504228880435377,0.003596379,20,4,384,1023625,20292,3495458,29883,236,671335
0,8615,48.507931963435375,0.00364191458,20,4,384,1031666,18125,3706666,29819,236,671335
0,8616,48.511330796435381,0.003424001,20,4,384,1054667,19750,3502417,29755,236,671335
0,8617,48.514867963435378,0.00361571,20,4,384,1086500,10708,3396083,29883,236,671335
0,8618,48.517945921435377,0.00301766582,20,4,384,1022708,12125,3268417,29819,236,671335
0,8619,48.521301713435378,0.00337808253,20,4,384,1049375,18625,3166542,29755,236,671335
0,8620,48.524706171435376,0.0033923327,20,4,384,966083,10416,3430125,29883,236,671335
0,8621,48.52788763043538,0.00322241359,20,4,384,1006375,17458,3273125,29819,236,671335
0,8622,48.531009463435382,0.00303288,20,4,384,1012625,16000,3112875,29807,236,671335
0,8623,48.534271755435377,0.00337995333,20,4,384,1077833,14625,3297833,29883,236,671335
0,8624,48.537384088435381,0.00301950122,20,4,384,977458,16792,3061834,29819,236,671335
0,8625,48.541122796435381,0.00369387749,20,4,384,1070916,9000,3525958,29755,236,671335
0,8626,48.544530546435375,0.00349270832,20,4,384,1004541,14042,3577167,29883,236,671335
0,8627,48.547714130435381,0.00312824547,20,4,384,1012417,17083,3222500,29819,236,671335
0,8628,48.551211046435377,0.00353671354,20,4,384,1117250,12083,3398250,29755,236,671335
0,8629,48.554548755435377,0.00337979035,20,4,384,1038208,17792,3355125,29883,236,671335
0,8630,48.557945255435378,0.00343891722,20,4,384,973417,19542,3440250,29819,236,671335
0,8631,48.561276755435379,0.00314033451,20,4,384,963875,15542,3207875,29755,235,671333
0,8632,48.564605255435382,0.00339632947,20,4,384,1044750,19000,3402417,29883,235,671333
0,8633,48.567881130435381,0.00338142016,20,4,384,1074625,18416,3373583,29819,235,671333
0,8634,48.571542963435377,0.00344683253,20,4,384,993834,13875,3381958,29755,235,671333
0,8635,48.575130296435375,0.00376245752,20,4,384,1144667,18250,3714958,29883,235,671333
0,8636,48.578623713435377,0.003316539,20,4,384,1009875,11458,3421458,29819,235,671333
0,8637,48.582101255435376,0.00361754536,20,4,384,1054250,18417,3456250,29755,235,671333
0,8638,48.585395213435376,0.00325766718,20,4,384,1026042,19209,3413709,29883,235,671333
0,8639,48.588673005435375,0.0033457058,20,4,384,1019125,19167,3381208,30207,235,671333
0,8640,48.59205092143538,0.00339387753,20,4,384,1046459,11541,3388916,29755,236,671335
0,8641,48.595151588435378,0.00311170635,20,4,384,1044125,12875,3117375,29883,236,671335
0,8642,48.598638963435377,0.00308195851,20,0,384,1024709,14666,3082167,29819,236,671335
0,8643,48.602285005435377,0.00396154355,20,0,384,1144250,20208,3803708,31587,236,671335
0,8644,48.605991838435379,0.00368366647,20,0,384,1037000,18042,3709250,29883,232,671211
0,8645,48.609420171435382,0.00348837161,20,0,384,1087625,13667,3473084,30011,232,671211
0,8646,48.612764880435378,0.00334166666,20,0,384,1007375,19584,3280625,29755,232,671211
0,8647,48.616475796435381,0.003727211,20,0,384,1002542,19125,3694709,29883,232,671211
0,8648,48.62101579643538,0.004363669,20,0,384,1006792,13667,4534333,40261,232,671211
0,8649,48.625044755435376,0.00421432825,20,0,384,1069875,24208,4165500,38227,232,671211
0,8650,48.628481838435377,0.00334879546,20,0,384,1044875,12500,3395917,29883,232,671211
0,8651,48.632237463435381,0.00385716418,20,0,384,1121042,13750,3803042,29819,232,671211
0,8652,48.635472005435375,0.00320479018,20,0,384,984667,18875,3255250,29947,232,671211
0,8653,48.638894213435378,0.00333887478,20,0,384,1045125,14166,3320083,29883,232,671211
0,8654,48.642721255435376,0.003883879,20,0,384,1013416,12625,3793542,29819,232,671211
0,8655,48.646129921435382,0.00323966844,20,0,384,1048583,18833,3341584,29947,231,671209
0,8656,48.649869755435375,0.003949915,20,0,384,1238000,16416,3857250,29883,231,671209
0,8657,48.653008838435376,0.00314849778,20,0,384,1007208,15792,3245167,29819,231,671209
0,8658,48.656307588435375,0.003215292,20,0,384,1037625,9583,3032458,29947,231,671209
0,8659,48.659616921435379,0.00335604441,20,0,384,1058083,18875,3411584,29883,231,671209
0,8660,48.66301088043538,0.0034390802,20,0,384,965875,12833,3456125,29819,231,671209
0,8661,48.666893921435381,0.00377437635,20,0,384,977917,17875,3637000,29755,231,671209
0,8662,48.670395921435379,0.00357241347,20,0,384,1060833,14000,3670750,30075,231,671209
0,8663,48.674129088435379,0.00370496023,20,0,384,1045584,12625,3714125,29819,231,671209
0,8664,48.677432755435376,0.00334287831,20,0,384,1037000,19791,3353500,29755,231,671209
0,8665,48.681309630435379,0.003887245,20,0,384,1033250,17917,3733709,30075,231,671209
0,8666,48.684618713435377,0.00332683534,20,0,384,974333,12167,3500709,29819,231,671209
0,8667,48.688121380435376,0.00345829083,20,0,384,998000,16916,3352792,29755,231,671209
0,8668,48.691781046435381,0.003722463,20,0,384,1008375,19292,3734625,30075,231,671209
0,8669,48.694998588435375,0.00315286987,20,0,384,988459,12500,3263750,29819,231,671209
0,8670,48.698639255435381,0.00354766869,20,0,384,1076084,11708,3232666,29755,231,671209
0,8671,48.702059338435376,0.0035502906,20,0,384,1033917,14708,3775459,30075,231,671209
0,8672,48.705790005435375,0.00361575256,20,0,384,1024625,12708,3545000,29819,230,671207
0,8673,48.709041463435376,0.00332587166,20,0,384,1052792,13500,3452375,30143,230,671207
0,8674,48.712464713435381,0.00339795928,20,0,384,1063875,13000,3377625,29883,229,671205
0,8675,48.715847671435377,0.00340787275,20,0,384,1067375,18458,3313042,30011,229,671205
0,8676,48.71918129643538,0.00334445853,20,0,384,1020375,19250,3410541,29755,229,671205
0,8677,48.722451463435377,0.003309878,20,0,384,961292,17042,3375083,29883,229,671205
0,8678,48.725721296435381,0.00324629387,20,0,384,1034084,14917,3192291,29819,229,671205
0,8679,48.728988380435375,0.003196542,20,0,384,1021750,11417,3242750,29947,229,671205
0,8680,48.73265350543538,0.00369749847,20,0,384,1094292,16583,3374375,29935,229,671205
0,8681,48.736201338435379,0.00355687365,20,0,384,1079291,12417,3811125,29819,229,671205
0,8682,48.739975296435375,0.00362949981,20,0,384,1023834,17292,3574708,29947,229,671205
0,8683,48.743504755435382,0.00378504116,20,0,384,1012125,23167,3662709,29883,229,671205
0,8684,48.747171005435376,0.00355891441,20,0,384,977625,12708,3638375,29819,229,671205
0,8685,48.750586630435379,0.003448838,20,0,384,1024125,17625,3478500,29947,229,671205
0,8686,48.753894171435377,0.00327932974,20,0,384,998292,19000,3278500,29883,229,671205
0,8687,48.757322713435379,0.00339279347,20,0,384,1038542,18083,3310750,29819,229,671205
0,8688,48.760884671435377,0.00353650074,20,0,384,1040791,20958,3652625,29947,229,671205
0,8689,48.764379338435376,0.00354545773,20,0,384,990083,20042,3521792,29883,229,671205
0,8690,48.767745796435378,0.00341545488,20,0,384,1036291,20333,3385166,29819,229,671205
0,8691,48.771886880435382,0.00415417366,20,0,384,1025833,14333,4121834,40197,229,671205
0,8692,48.776092421435379,0.004242623,20,0,384,1038209,11416,4290084,38355,229,671205
0,8693,48.779323463435375,0.003052289,20,0,384,1015583,10542,3048959,29819,229,671205
0,8694,48.782767338435377,0.00355500286,20,0,384,1063709,15583,3530584,29755,229,671205
0,8695,48.786043171435381,0.00330166519,20,0,384,1010292,18000,3319292,30075,229,671205
0,8696,48.789262338435378,0.0032056265,20,0,384,977292,20625,3261166,29819,229,671205
0,8697,48.792802921435381,0.00352570857,20,0,384,1051209,11750,3412042,29755,229,671205
0,8698,48.796641463435378,0.003667581,20,0,384,996625,18167,3505542,30075,229,671205
0,8699,48.800479380435377,0.00398137746,20,0,384,1104209,24875,4073584,29819,229,671205
0,8700,48.803940880435377,0.00335029047,20,0,384,976125,13334,3443667,29755,229,671205
0,8701,48.80753342143538,0.003752041,20,0,384,1162125,12458,3555542,29883,229,671205
0,8702,48.810817213435378,0.003302622,20,0,384,1029042,13208,3476833,29819,229,671205
0,8703,48.814374963435377,0.00346729741,20,0,384,987083,18667,3402333,29755,229,671205
0,8704,48.817627213435379,0.003332412,20,0,384,1044041,20209,3394416,29883,229,671205
0,8705,48.821126088435378,0.003348505,20,0,384,992125,17542,3320416,30011,229,671205
0,8706,48.824794755435377,0.00371870748,20,0,384,1031167,18833,3680209,29755,229,671205
0,8707,48.828233505435378,0.003480662,20,0,384,998834,18542,3528416,30271,229,671205
0,8708,48.831849463435375,0.00343904481,20,0,384,1005958,18458,3365334,29819,230,671207
0,8709,48.835335380435382,0.00369741349,20,0,384,1115417,24958,3731667,29755,230,671207
0,8710,48.838534421435376,0.003215377,20,0,384,1009500,19625,3246083,29883,230,671207
0,8711,48.841765630435376,0.003225085,20,0,384,924083,10834,3193417,29819,230,671207
0,8712,48.84474417143538,0.00302495738,20,0,384,1023625,14875,3176625,30059,230,671207
0,8713,48.847883338435381,0.00303779054,20,0,384,1035792,11500,2915459,29883,230,671207
0,8714,48.851232671435376,0.00339308381,20,0,384,1063875,19209,3398375,29819,230,671207
0,8715,48.854707088435376,0.00342083327,20,0,384,1031375,12625,3383291,29755,230,671207
0,8716,48.857889046435375,0.00332679274,20,0,384,1046000,17209,3307875,29883,230,671207
0,8717,48.86094758843538,0.0029507936,20,0,384,928333,19291,3025041,29819,230,671207
0,8718,48.864076463435381,0.00317366072,20,0,384,963917,16333,3246625,29755,230,671207
0,8719,48.867592005435377,0.00349871023,20,0,384,1049708,9292,3221375,29883,230,671207
0,8720,48.870987213435377,0.00336383213,20,0,384,1010750,12958,3502792,29819,230,671207
0,8721,48.874371296435378,0.00343054137,20,0,384,1036417,16709,3385667,29755,229,671205
0,8722,48.877460755435379,0.00314841978,20,0,384,975625,18125,3206709,29883,229,671205
0,8723,48.880772046435375,0.00310503831,20,0,384,938916,15292,3077583,29819,229,671205
0,8724,48.88415863043538,0.0035221302,20,0,384,1040083,17083,3488667,29755,229,671205
0,8725,48.887402421435375,0.003188081,20,0,384,996709,20167,3246250,29883,229,671205
0,8726,48.891053838435376,0.00367721077,20,0,384,1059584,18334,3558000,29819,229,671205
0,8727,48.894231380435379,0.00323037128,20,0,384,1002417,21458,3392459,29755,229,671205
0,8728,48.897646005435377,0.00323458761,20,0,384,1025417,12875,3091209,29883,229,671205
0,8729,48.90129204643538,0.003690873,20,0,384,1058708,24166,3704708,29819,229,671205
0,8730,48.904716380435381,0.0035236252,20,0,384,1002041,13750,3437708,29755,229,671205
0,8731,48.907961505435381,0.00325266435,20,0,384,976458,17292,3335584,29883,229,671205
0,8732,48.911148171435379,0.00320833339,20,0,384,988209,19083,3209375,29819,229,671205
0,8733,48.914632255435379,0.00340050319,20,0,384,983167,19000,3395750,29755,229,671205
0,8734,48.918057588435381,0.00344716548,20,0,384,1056375,16834,3371708,29883,229,671205
0,8735,48.922407255435381,0.00428441772,20,0,384,1030333,20708,4344042,40261,229,671205
0,8736,48.926334921435377,0.004105123,20,0,384,1054667,11792,4155042,38035,229,671205
0,8737,48.929832921435377,0.00345525076,20,0,384,979458,13791,3364041,29883,229,671205
0,8738,48.93330333843538,0.00340724923,20,0,384,978625,15084,3423458,29871,229,671205
0,8739,48.936731130435376,0.00337517,20,0,384,1024875,16666,3447125,29755,229,671205
0,8740,48.940249671435382,0.00342520559,20,0,384,1116166,12500,3356667,29883,229,671205
0,8741,48.943689880435379,0.00363583467,20,0,384,1023041,15458,3622375,29819,229,671205
0,8742,48.947467255435377,0.00353495614,20,0,384,994500,18875,3474500,29755,229,671205
0,8743,48.951158880435379,0.00388016575,20,0,384,1076250,22125,3892750,30271,229,671205
0,8744,48.954756796435376,0.00359816477,20,0,384,1063208,10875,3514375,29819,230,671207
0,8745,48.958455963435377,0.003596209,20,0,384,1017083,17041,3670666,29755,230,671207
0,8746,48.961852296435382,0.00358550181,20,0,384,1006333,16625,3588000,29883,230,671207
0,8747,48.965000963435379,0.00305474782,20,0,384,977875,12917,3110250,29819,230,671207
0,8748,48.968355671435376,0.00339263049,20,0,384,1041084,17958,3433959,29755,230,671207
0,8749,48.971500921435378,0.00318207918,20,0,384,1052375,12958,3132250,29883,230,671207
0,8750,48.974902296435381,0.0033624575,20,0,384,986875,15667,3312125,29819,230,671207
0,8751,48.978124838435377,0.00320620742,20,0,384,1020166,18541,3253083,29755,230,671207
0,8752,48.981777171435375,0.00345041812,20,0,384,1037542,17167,3418667,29883,230,671207
0,8753,48.985494796435376,0.00389500428,20,0,384,1065917,15500,3808916,29819,230,671207
0,8754,48.989520463435376,0.00388958328,20,0,384,1047583,13917,3801625,29755,230,671207
0,8755,48.99297913043538,0.00364037,20,0,384,1098917,23750,3780000,29883,230,671207
0,8756,48.996356880435378,0.00339591829,20,0,384,1002875,17417,3349958,29819,230,671207
0,8757,48.999995838435382,0.00347641716,20,0,384,990625,13041,3437375,29755,230,671207
0,8758,49.003231088435378,0.003403125,20,0,384,1041500,12375,3536167,29883,230,671207
0,8759,49.006867838435376,0.003404918,20,0,384,997125,17833,3347375,29819,230,671207
0,8760,49.010518338435375,0.00389445852,20,0,384,1178833,15542,3857417,29755,230,671207
0,8761,49.013992421435375,0.003374752,20,0,384,959000,18167,3335792,29883,230,671207
0,8762,49.017953963435382,0.003819246,20,0,384,1009250,14541,3801500,29819,230,671207
0,8763,49.021837338435375,0.00404787436,20,0,384,1142250,22166,3987583,29755,230,671207
0,8764,49.025299130435378,0.00349520985,20,0,384,983625,11125,3596625,29883,230,671207
0,8765,49.028549838435382,0.003255917,20,0,384,1004167,23125,3324459,29819,230,671207
0,8766,49.032288296435375,0.00355795771,20,0,384,1021000,16000,3371666,29755,230,671207
0,8767,49.035819671435377,0.00372733129,20,0,384,1060959,22458,3818208,29883,230,671207
0,8768,49.039592088435377,0.00358895981,20,0,384,998125,11708,3562417,29819,230,671207
0,8769,49.042984921435377,0.003421627,20,0,384,1052750,14583,3498667,29755,230,671207
0,8770,49.046885921435376,0.00409253826,20,0,384,1173291,13084,3900250,29883,230,671207
0,8771,49.050405255435379,0.00343671348,20,0,384,962542,13166,3588125,29819,230,671207
0,8772,49.053971505435378,0.003543417,20,0,384,1039500,20166,3513083,29755,230,671207
0,8773,49.057624505435378,0.00363983144,20,0,384,1044417,16833,3592167,29883,230,671207
0,8774,49.061194713435377,0.0034206633,20,0,384,1073542,13958,3605417,29819,230,671207
0,8775,49.065279171435378,0.003941504,20,0,384,1103459,13500,3678209,29755,230,671207
0,8776,49.069195755435381,0.004342836,20,0,384,1210125,22541,4269209,30271,230,671207
0,8777,49.07358354643538,0.00430241646,20,0,384,983250,10958,4508833,40261,231,671209
0,8778,49.077457921435375,0.00398249738,20,0,384,1048250,17834,4011708,38035,231,671209
0,8779,49.081010671435379,0.00332724629,20,0,384,977875,12833,3181000,29883,231,671209
0,8780,49.084497130435381,0.00355129666,20,0,384,1038875,13250,3685334,29819,231,671209
0,8781,49.088024338435382,0.0034981647,20,0,384,1072916,21625,3420000,29755,231,671209
0,8782,49.091613880435375,0.00370491785,20,0,384,1111292,15584,3679458,29883,231,671209
0,8783,49.094767130435379,0.00314466422,20,0,384,978750,14666,3250833,29819,231,671209
0,8784,49.097972630435379,0.0031552508,20,0,384,1026959,16917,3140625,29755,231,671209
0,8785,49.101376296435376,0.00340233138,20,0,384,1053000,10875,3383083,29883,231,671209
0,8786,49.104735963435381,0.00344337453,20,0,384,968708,18208,3401208,29819,231,671209
0,8787,49.108463963435376,0.00359859,20,0,384,983708,12208,3593833,29755,231,671209
0,8788,49.111912171435378,0.00352753676,20,0,384,1113875,11584,3569959,29883,231,671209
0,8789,49.11534767143538,0.00325817033,20,0,384,1027250,18625,3229916,29819,231,671209
0,8790,49.118892630435376,0.00362737384,20,0,384,1095459,26750,3603208,29755,231,671209
0,8791,49.122474505435378,0.00365012744,20,0,384,1015708,20000,3584750,29883,231,671209
0,8792,49.126147255435377,0.003393332,20,0,384,1017917,13583,3425708,29819,231,671209
0,8793,49.130012713435377,0.004155166,20,0,384,1221500,25209,4008042,29755,231,671209
1,8942,49.645235838435376,0.00345108425,20,0,384,1027084,19667,3341167,29819,230,671205
1,8943,49.663732630435376,0.008082873,20,0,384,5165958,11917,8019792,48085,230,671205
1,8944,49.667851755435379,0.0187406242,20,0,384,4214375,14000,18713083,183784,230,671205
1,8945,49.671443338435381,0.003623505,20,0,384,1012083,11500,3740208,30207,230,671223
1,8946,49.674902046435378,0.00357429148,20,0,384,1040834,15125,3518166,29755,231,671225
1,8947,49.679092338435382,0.004088832,20,0,384,996792,16875,4155792,40325,231,671225
1,8948,49.683241171435377,0.00424521,20,0,384,981916,24791,4247500,38099,231,671225
1,8949,49.686604296435377,0.003303536,20,0,384,1042584,11458,3368542,29755,231,671225
1,8950,49.68997738043538,0.00332429144,20,0,384,1109750,10834,3210416,29883,231,671225
1,8951,49.693652713435377,0.00363258924,20,0,384,1029166,19667,3650333,29819,231,671225
1,8952,49.697859796435381,0.00419825,20,0,384,1077250,22916,4134042,29755,231,671225
1,8953,49.701432005435379,0.00370299746,20,0,384,1108584,18584,3605250,29883,231,671225
1,8954,49.704710005435381,0.00332616922,20,0,384,957833,11500,3488708,29819,231,671225
1,8955,49.70817725543538,0.00338828657,20,0,384,970375,17500,3307000,29755,231,671225
1,8956,49.711644838435376,0.00351096224,20,0,384,1017458,18500,3513125,29883,231,671225
1,8957,49.715207713435376,0.00335491775,20,0,384,1026000,13375,3373583,29819,231,671225
1,8958,49.719007963435381,0.00386554,20,0,384,1131000,24000,3877708,29755,230,671223
1,8959,49.722637755435379,0.003747208,20,0,384,1031750,18958,3616000,29923,230,671223
1,8960,49.726755088435375,0.004173958,20,0,384,1072584,12542,4304083,39873,230,671223
1,8961,49.730246713435378,0.00337883364,20,0,384,1022458,11083,3371625,29755,230,671223
1,8962,49.734265546435381,0.00411862228,20,0,384,1075959,18375,3972292,29883,230,671223
1,8963,49.737913588435376,0.00355795771,20,0,384,1029416,11708,3660792,29819,230,671223
1,8964,49.741723546435381,0.00376892,20,0,384,1040125,15000,3761208,29807,230,671223
1,8965,49.745177671435378,0.00357341277,20,0,384,1026375,12916,3538792,29883,230,671223
1,8966,49.748874713435377,0.00363866915,20,0,384,1016542,14750,3630083,29819,230,671223
1,8967,49.75252504643538,0.003410126,20,0,384,1033042,17959,3456541,29755,230,671223
1,8968,49.756527838435382,0.00424229028,20,0,384,1217084,26125,4056667,29883,230,671223
1,8969,49.760087755435379,0.003556831,20,0,384,1058250,14167,3719875,29819,230,671223
1,8970,49.76355571343538,0.003390044,20,0,384,977250,14125,3445208,29755,230,671223
1,8971,49.766970546435381,0.00352891861,20,0,384,1111417,15208,3487083,29883,230,671223
1,8972,49.770100838435376,0.00314725051,20,1,384,1043583,17291,3231041,29819,230,671223
1,8973,49.773296963435378,0.00301145832,20,1,384,1049208,10708,3063583,29755,230,671223
1,8974,49.776822838435379,0.003722541,20,1,384,1226917,8541,3569709,29883,231,671243
1,8975,49.780095755435376,0.0031807893,20,5,384,978583,18583,3222542,29819,231,671243
1,8976,49.783876713435376,0.00377804,20,5,384,995458,17667,3706625,29755,231,671243
1,8977,49.787630255435381,0.00362346228,20,5,384,1081750,17541,3641875,29883,235,671281
1,8978,49.791200046435378,0.00380975055,20,5,384,1116541,22750,3660667,30207,235,671281
1,8979,49.794509671435378,0.003268665,20,5,384,995084,14791,3467792,29755,236,671283
1,8980,49.798038421435379,0.00343337585,20,5,384,1043541,12500,3401916,29883,235,671281
1,8981,49.801579213435382,0.00355554139,20,5,384,1085750,19375,3503625,29819,235,671281
1,8982,49.804844838435379,0.00338925025,20,5,384,1001250,18417,3405917,29883,235,671281
1,8983,49.808128796435376,0.00323703932,20,5,384,979375,19041,3269209,29883,235,671283
1,8984,49.811233713435378,0.00313375145,20,5,384,1046875,12542,3183209,29819,235,671283
1,8985,49.81431313043538,0.00306062214,20,5,384,1018083,8833,3117709,29755,235,671283
1,8986,49.817656088435378,0.003302459,20,5,384,1056375,10500,3099958,29883,235,671283
1,8987,49.821241630435381,0.00347200246,20,5,384,1041500,18959,3526833,29819,235,671283
1,8988,49.82481350543538,0.003709878,20,5,384,1051458,20084,3661542,29755,235,671283
1,8989,49.828084088435375,0.003318998,20,5,384,1043000,13583,3304000,29883,235,671283
1,8990,49.831972338435378,0.003846953,20,5,384,1000084,12709,3925167,40261,235,671283
1,8991,49.83574125543538,0.003844005,20,5,384,999500,23166,3831208,38035,235,671283
1,8992,49.839187755435375,0.00328820851,20,5,384,1018375,15333,3230833,29883,235,671283
1,8993,49.842604463435379,0.0034866638,20,5,384,1047333,11209,3480375,29819,235,671283
1,8994,49.846181713435378,0.00361029617,20,5,384,1045833,17792,3491833,29755,235,671283
1,8995,49.849591921435376,0.00340128969,20,5,384,984125,13000,3492958,29883,235,671283
1,8996,49.852771005435379,0.003206165,20,5,384,1002625,20083,3288041,29819,235,671283
1,8997,49.856057921435379,0.00319558522,20,5,384,1019084,12417,3206000,29755,235,671283
1,8998,49.85945308843538,0.00337050017,20,5,384,1060250,16541,3284250,29883,235,671283
1,8999,49.862875255435377,0.003437911,20,6,384,994458,17875,3446959,29819,235,671283
1,9000,49.866294755435376,0.00347733847,20,6,384,1099958,16416,3455542,29755,235,671283
1,9001,49.86948188043538,0.00324191479,20,7,384,1033834,19708,3300042,29883,236,671303
1,9002,49.872715130435381,0.003161586,20,7,384,980000,16709,3180292,29819,236,671303
1,9003,49.876097880435381,0.00338703929,20,7,384,1072875,11125,3400041,29755,237,671323
1,9004,49.879561963435378,0.00350304,20,8,384,1039250,13291,3342625,29883,237,671323
1,9005,49.883045088435381,0.0034267928,20,8,384,955750,9625,3453459,29819,237,671323
1,9006,49.886162588435376,0.00319783157,20,8,384,1042875,16500,3324584,29755,238,671341
1,9007,49.889514380435379,0.00332392287,20,9,384,1024792,14125,3262375,29883,238,671341
1,9008,49.892941713435377,0.00337628974,20,9,384,995167,17333,3386875,29819,238,671341
1,9009,49.896446838435381,0.00354603888,20,9,384,1082750,12792,3466375,29755,239,671361
1,9010,49.89989050543538,0.00331624853,20,10,384,999375,17042,3319125,29883,239,671361
1,9011,49.903120963435377,0.00334583339,20,10,384,1053500,13000,3392625,29819,239,671361
1,9012,49.906623796435376,0.00332933664,20,10,384,1050625,15916,3307584,29755,240,671381
1,9013,49.909957088435377,0.00353925023,20,10,384,1095167,14708,3536458,30271,240,671381
1,9014,49.913246630435381,0.00323404185,20,10,384,989542,16291,3248166,29819,241,671383
1,9015,49.91681013043538,0.00357208052,20,10,384,1060750,12625,3510125,29755,241,671383
1,9016,49.920214796435381,0.00325258635,20,10,384,1030458,18708,3339583,29883,240,671381
1,9017,49.923928505435377,0.00374258077,20,10,384,1080500,20959,3550334,29819,240,671381
1,9018,49.928008880435378,0.00409112824,20,10,384,1093792,18917,4053792,29755,240,671381
1,9019,49.931801338435378,0.00384816458,20,12,384,1080833,20917,3837875,29883,240,671381
1,9020,49.935284046435378,0.00357020972,20,12,384,1066041,14333,3700417,29819,240,671381
1,9021,49.93878129643538,0.00334024942,20,12,384,1004291,17375,3373917,29755,242,671393
1,9022,49.942213380435376,0.00358346081,20,12,384,1064459,17709,3582250,29935,242,671393
1,9023,49.945268588435376,0.003069161,20,12,384,1024708,11083,3128500,29819,242,671393
1,9024,49.948625463435377,0.00317800464,20,12,384,1046750,12792,3180458,29755,242,671393
1,9025,49.952300963435377,0.003859042,20,12,384,1182417,16959,3624250,29883,242,671393
1,9026,49.955708671435382,0.00334449415,20,12,384,1041916,13084,3476250,29883,242,671393
1,9027,49.959220588435379,0.003387585,20,12,384,1054916,16917,3471583,29755,242,671395
1,9028,49.962624213435376,0.00355404615,20,12,384,1092291,14958,3429542,29883,242,671395
1,9029,49.965976963435381,0.0033809524,20,12,384,1055625,24500,3377292,29819,242,671395
1,9030,49.96937838043538,0.003287089,20,12,384,1017875,15541,3336667,29755,242,671395
1,9031,49.97302446343538,0.00362225063,20,12,384,1126875,10292,3553625,29883,242,671395
1,9032,49.976820255435378,0.003925581,20,12,384,1111250,13708,3730292,29819,242,671395
1,9033,49.980883463435376,0.00382266869,20,12,384,1040709,12750,3858333,29755,242,671395
1,9034,49.985519213435381,0.004909956,20,12,384,1090459,15000,5058583,40325,242,671395
1,9035,49.989802921435377,0.004185955,20,12,384,991167,11417,4221209,38147,242,671395
1,9036,49.993520630435377,0.00389208482,20,12,384,1091500,12292,3944167,38035,241,671393
1,9037,49.996732755435382,0.00306050177,20,12,384,986542,10750,2945917,29883,241,671393
1,9038,50.000408213435378,0.00357770687,20,12,384,1029042,19125,3609167,29819,241,671393
1,9039,50.003792380435378,0.003430754,20,12,384,1031041,16875,3509459,29755,241,671393
1,9040,50.007392546435376,0.00352566619,20,12,384,1135875,14542,3274916,29883,241,671393
1,9041,50.011000130435377,0.00372970523,20,12,384,1111542,24333,3904792,29819,241,671393
1,9042,50.014809963435376,0.003633879,20,12,384,1067291,18375,3474125,29755,241,671393
1,9043,50.019030213435379,0.004006831,20,12,384,1144333,24791,3961958,29883,241,671393
1,9044,50.023257421435382,0.0044879606,20,12,384,1270084,22250,4539083,29819,241,671393
1,9045,50.026790796435378,0.00362562365,20,12,384,1133750,15542,3711750,29755,241,671393
1,9046,50.029990546435378,0.00336804148,20,12,384,1017208,19042,3374791,30271,241,671393
1,9047,50.03334046343538,0.00323970383,20,12,384,982000,8708,3281334,29819,242,671395
1,9048,50.036407463435381,0.003165214,20,12,384,1066833,13875,3234833,29755,242,671393
1,9049,50.039993255435377,0.00328712445,20,12,384,1014542,10458,3175416,30357,242,671393
1,9050,50.04364479643538,0.003978203,20,12,384,1051333,15709,3775000,29819,242,671393
1,9051,50.046914130435376,0.00307116634,20,12,384,964583,11583,3302375,29755,242,671393
1,9052,50.050302755435375,0.003471209,20,12,384,1046916,14208,3401167,29883,242,671393
1,9053,50.053763630435377,0.00342662982,20,12,384,1008375,18750,3440708,30293,242,671393
1,9054,50.057325713435375,0.0035721655,20,12,384,1048208,19042,3539375,29755,242,671393
1,9055,50.060733130435381,0.003253706,20,12,384,1056750,17375,3323875,29883,242,671393
1,9056,50.06453267143538,0.003932873,20,12,384,1052000,17167,3765375,29819,242,671393
1,9057,50.068034755435377,0.00343600474,20,12,384,1049334,20125,3597083,29755,242,671393
1,9058,50.071677296435375,0.00376616349,20,12,384,1123416,16709,3620416,29883,242,671393
1,9059,50.075372005435376,0.00362845813,20,12,384,1032166,13083,3663833,29819,242,671393
1,9060,50.079098005435377,0.003565044,20,12,384,1055084,17541,3598375,29755,242,671393
1,9061,50.082716213435376,0.003890625,20,12,384,1075334,17667,3809541,29883,242,671393
1,9062,50.086088421435377,0.0033526218,20,12,384,1005458,13292,3460459,29819,241,671391
1,9063,50.089707171435379,0.003459127,20,12,384,1000167,16291,3431084,29755,241,671391
1,9064,50.09286296343538,0.00335199828,20,12,384,1117792,16916,3377583,29883,241,671391
1,9065,50.096082713435379,0.00313925021,20,12,384,993042,12708,3138625,30057,241,671391
1,9066,50.099992130435375,0.003785459,20,12,384,1074875,14125,3595375,29755,241,671391
1,9067,50.103328963435381,0.00348567171,20,12,384,1040958,11584,3652708,29947,241,671391
1,9068,50.106688921435378,0.00322670769,20,12,384,1007083,21000,3213834,29819,241,671393
1,9069,50.110351588435378,0.003762082,20,12,384,1083292,21208,3720833,29755,241,671393
1,9070,50.113647713435377,0.003294168,20,12,384,1040333,12250,3350250,29883,241,671393
1,9071,50.117401171435375,0.00365104177,20,12,384,1053625,14083,3521625,29819,241,671393
1,9072,50.121151338435375,0.00376687222,20,12,384,1072042,23125,3769041,29755,241,671393
1,9073,50.12475575543538,0.003703543,20,12,384,1017250,21625,3706500,29883,241,671393
1,9074,50.128047505435376,0.00325166527,20,12,384,1042334,16459,3377083,29819,241,671393
1,9075,50.131550421435378,0.00330137461,20,12,384,1091625,11625,3208083,29755,241,671393
1,9076,50.135852921435379,0.0046510417,20,12,384,1220667,21959,4765750,40325,241,671393
1,9077,50.140152838435377,0.00389525224,20,12,384,976542,10417,3830250,38099,241,671393
1,9078,50.143748505435376,0.00384837016,20,12,384,1223083,15042,3848500,29807,241,671393
1,9079,50.147615255435376,0.00379675464,20,10,384,1079917,16292,3636458,30657,241,671393
1,9080,50.151148338435377,0.00360487518,20,7,384,1072875,16459,3696625,30207,241,671393
1,9081,50.154571630435377,0.00342024514,20,7,384,1069958,19333,3445166,29755,240,671355
1,9082,50.158551421435376,0.003984375,20,7,384,1111459,12917,3855333,29883,237,671337
1,9083,50.161871713435382,0.003364378,20,7,384,1043875,11583,3505375,29819,237,671337
1,9084,50.16533525543538,0.00331358425,20,7,384,1048625,15875,3167625,29755,237,671337
1,9085,50.168768505435381,0.00355175021,20,7,384,1095042,18750,3672916,29883,237,671337
1,9086,50.172214505435377,0.003456583,20,7,384,1047417,17125,3426250,29819,237,671337
1,9087,50.175708380435381,0.00350141735,20,7,384,1050750,12333,3489917,29755,237,671337
1,9088,50.179414838435378,0.00350983557,20,7,384,1054583,18000,3511083,29883,237,671337
1,9089,50.182912171435376,0.00368487113,20,2,384,1132541,12125,3687792,29819,237,671337
1,9090,50.186105338435375,0.00324625149,20,2,384,1031084,18125,3285917,29755,237,671335
1,9091,50.189599880435381,0.0033916242,20,2,384,1032542,11667,3403208,29883,232,671235
1,9092,50.192794838435375,0.00322970515,20,2,384,1057041,19875,3283542,29819,232,671235
1,9093,50.19609696343538,0.00333883218,20,2,384,1084458,14250,3220334,29755,232,671235
1,9094,50.199549380435379,0.003363003,20,2,384,1043083,18542,3372875,29883,232,671235
1,9095,50.202786380435377,0.003341539,20,2,384,1024042,17917,3380542,29819,232,671235
1,9096,50.206247213435375,0.003365625,20,2,384,1048834,14708,3210875,29755,232,671235
1,9097,50.209508838435376,0.00344396266,20,2,384,1059667,20458,3509375,29883,232,671235
1,9098,50.212736130435381,0.003072456,20,2,384,951209,17500,3125833,29819,232,671235
1,9099,50.216286505435377,0.00355700124,20,2,384,1097000,11833,3463625,29755,232,671235
1,9100,50.219697421435377,0.00327699841,20,2,384,1055292,15750,3362167,29883,232,671235
1,9101,50.223580671435379,0.00404404057,20,2,384,1106417,12500,3938166,29819,232,671235
1,9102,50.226884463435375,0.003324752,20,2,384,1044667,16333,3402917,29755,232,671235
1,9103,50.23018242143538,0.00329412566,20,2,384,1051667,10166,3266333,29883,232,671235
1,9104,50.23362163043538,0.00349700265,20,2,384,1026042,15500,3509916,29819,232,671235
1,9105,50.236772255435376,0.00307358266,20,2,384,991500,17167,3147208,29755,232,671235
1,9106,50.240382546435377,0.003409042,20,2,384,1074458,11666,3319167,29883,232,671235
1,9107,50.243888380435379,0.00376541237,20,2,384,1051500,15833,3721375,29819,232,671235
1,9108,50.247642755435379,0.003447463,20,2,384,974792,16792,3405375,29755,232,671235
1,9109,50.251243838435379,0.00386041659,20,2,384,1189959,25208,3871708,29883,232,671235
1,9110,50.254666463435377,0.00337020261,20,2,384,1028416,12250,3341667,29947,232,671235
1,9111,50.258416171435378,0.00370021258,20,2,384,1075083,18375,3742083,29755,232,671237
1,9112,50.261739796435378,0.003480584,20,2,384,1021709,18167,3498458,29883,232,671237
1,9113,50.265023880435379,0.003166709,20,2,384,1006750,15959,3208750,29819,232,671237
1,9114,50.268268338435377,0.00338095939,20,2,384,1091042,15417,3349709,30143,232,671237
1,9115,50.271482796435379,0.00318770553,20,2,384,997208,10542,3131416,29883,233,671239
1,9116,50.275126838435376,0.003584538,20,2,384,991917,11458,3596042,29819,233,671239
1,9117,50.278653838435382,0.00337604177,20,2,384,1030625,20208,3448333,29755,233,671239
1,9118,50.282015713435378,0.00345112663,20,2,384,1115000,16708,3333959,29883,233,671239
1,9119,50.286296546435381,0.00442675035,20,2,384,1066959,20334,4491375,40261,233,671239
1,9120,50.290333921435376,0.0039310446,20,2,384,1035333,10750,3906625,38035,233,671239
1,9121,50.293598255435377,0.00332833058,20,2,384,1091500,13667,3377792,29883,233,671239
1,9122,50.297112421435379,0.00334812212,20,2,384,1049667,10708,3302875,29819,233,671239
1,9123,50.300666713435376,0.00357283861,20,2,384,1154875,16166,3603792,29755,233,671239
1,9124,50.304201088435377,0.00352529064,20,2,384,1050125,18250,3461416,29883,233,671239
1,9125,50.308201588435381,0.004093835,20,2,384,1126959,11208,4039125,29819,233,671239
1,9126,50.311469880435375,0.00329862535,20,2,384,1024834,23458,3432958,29755,233,671239
1,9127,50.314722880435376,0.00320958043,20,2,384,1074250,10958,3151166,29883,233,671239
1,9128,50.318385880435379,0.00366958627,20,2,384,1061625,17791,3490625,29819,233,671239
1,9129,50.321606088435381,0.00311408029,20,2,384,1017042,13084,3388500,29755,233,671239
1,9130,50.325234963435378,0.00381508656,20,0,384,1172125,16917,3609167,29883,233,671239
1,9131,50.328546671435376,0.00327003957,20,0,384,1024292,11958,3338625,31661,233,671239
1,9132,50.331873963435378,0.00329516735,20,0,384,1033375,16334,3357125,29755,231,671227
1,9133,50.335084463435379,0.00335237384,20,0,384,1084792,13833,3304209,29883,231,671223
1,9134,50.33815158843538,0.00297933677,20,0,384,946500,17125,3064875,29819,231,671223
1,9135,50.342007796435375,0.00374725065,20,0,384,1045417,13917,3605125,29755,231,671223
1,9136,50.345389088435375,0.003516284,20,0,384,1022417,15708,3525583,29935,231,671223
1,9137,50.348751546435381,0.00315116928,20,0,384,1016042,10792,3260792,29819,231,671223
1,9138,50.352370463435378,0.003797959,20,0,384,1168750,16125,3672667,29755,231,671223
1,9139,50.355832338435377,0.00341762323,20,0,384,1015334,18042,3335625,29883,231,671223
1,9140,50.35935183843538,0.00349370739,20,0,384,1036167,14166,3580625,29819,231,671223
1,9141,50.36281767143538,0.00359758362,20,0,384,1002917,19333,3439209,29755,231,671223
1,9142,50.366206671435378,0.003328458,20,0,384,1005834,12208,3353500,29883,231,671223
1,9143,50.369374046435375,0.003203713,20,0,384,1017958,16291,3395584,29819,231,671223
1,9144,50.372637630435378,0.00316658174,20,0,384,1023958,9709,3176459,29755,231,671223
1,9145,50.376306171435381,0.00367504242,20,0,384,1114208,18250,3489959,29883,231,671223
1,9146,50.379674505435375,0.003438499,20,0,384,1022125,17542,3442833,29819,231,671223
1,9147,50.383069130435381,0.003385374,20,0,384,970750,11792,3454583,29755,231,671223
1,9148,50.386349296435377,0.00325787277,20,0,384,1000250,19000,3276750,29883,231,671223
1,9149,50.389785130435378,0.003443502,20,0,384,976458,17708,3431167,30207,231,671223
1,9150,50.393216255435377,0.00348487822,20,0,384,986167,20750,3381625,29755,232,671225
1,9151,50.39636713043538,0.00321295345,20,0,384,977625,16833,3292708,29883,232,671225
1,9152,50.400100713435378,0.00343745737,20,0,384,942458,15625,3389084,29819,232,671225
1,9153,50.403531380435375,0.00361142284,20,0,384,1055666,14375,3656250,29883,232,671225
1,9154,50.407056713435381,0.003472123,20,0,384,1031292,17417,3246791,29883,232,671229
1,9155,50.410352755435376,0.00341008371,20,0,384,1078083,14458,3633875,29819,232,671229
1,9156,50.414014338435379,0.00343628833,20,0,384,980750,12917,3371958,29755,232,671229
1,9157,50.417666546435377,0.003888166,20,0,384,1103125,26791,3784958,29883,232,671229
1,9158,50.421240671435378,0.00330225332,20,0,384,1012334,11625,3467500,29819,232,671229
1,9159,50.42476875543538,0.00372449681,20,0,384,1108584,13125,3700375,29755,231,671227
1,9160,50.428076255435379,0.00334392,20,0,384,1050792,13959,3311708,29883,231,671227
1,9161,50.431539130435375,0.003278125,20,0,384,1003833,12750,3294166,29819,231,671227
1,9162,50.435385588435381,0.00395250134,20,0,384,1138625,20125,3831916,29755,231,671227
1,9163,50.43990283843538,0.004305584,20,0,384,1034417,17500,4458667,40325,231,671227
1,9164,50.443786838435379,0.004190703,20,0,384,1203459,12750,4201708,38099,231,671227
1,9165,50.446995380435375,0.0031649163,20,0,384,1045542,10875,3189792,29755,231,671227
1,9166,50.450476005435377,0.00347337732,20,0,384,1072708,12792,3386375,29883,231,671227
1,9167,50.45349704643538,0.00304820715,20,0,384,1011459,19875,3140875,29819,231,671227
1,9168,50.456679630435382,0.002977629,20,0,384,1041208,11500,2948500,29755,231,671227
1,9169,50.460291880435378,0.00379907875,20,0,384,1138875,16250,3660500,29883,231,671227
1,9170,50.463642255435381,0.00334771117,20,0,384,962708,10917,3352209,29819,231,671227
1,9171,50.467242338435376,0.00361516443,20,0,384,1025084,16792,3686041,29755,231,671227
1,9172,50.470370046435377,0.003187004,20,0,384,998250,17084,3195334,29883,231,671227
1,9173,50.473617921435377,0.00300862384,20,0,384,957750,20166,3099542,29819,231,671227
1,9174,50.476914755435381,0.003517666,20,0,384,1158666,17542,3376625,29755,231,671227
1,9175,50.480076630435377,0.00302096084,20,0,384,985125,12292,3087375,29883,231,671227
1,9176,50.484021963435382,0.00416904036,20,0,384,1026916,16958,4068458,29819,231,671223
1,9177,50.487359921435377,0.00311445585,20,0,384,951333,10792,3133875,29755,231,671223
1,9178,50.490845546435381,0.00360712875,20,0,384,1107792,13208,3487292,29883,231,671223
1,9179,50.494117130435377,0.00325503829,20,0,384,999375,14541,3412959,29819,231,671223
1,9180,50.497391130435375,0.00327587873,20,0,384,1017917,17291,3285208,29755,231,671223
1,9181,50.500861963435376,0.0033924107,20,0,384,1049041,9417,3290500,29883,231,671223
1,9182,50.504136505435376,0.003343835,20,0,384,994125,11000,3423500,29819,231,671223
1,9183,50.507797463435381,0.003527962,20,0,384,1033750,18000,3391542,29755,231,671223
1,9184,50.51133950543538,0.00365620758,20,0,384,1036792,18500,3683792,30271,231,671223
1,9185,50.514794963435378,0.00329083041,20,0,384,1037375,10708,3374792,29819,232,671225
1,9186,50.51845392143538,0.00374175166,20,0,384,1187250,11834,3505708,29755,232,671225
1,9187,50.522094421435376,0.00377850048,20,0,384,1050583,12583,3887333,29883,232,671225
1,9188,50.525528255435376,0.00341741787,20,0,384,977833,12875,3498500,29819,232,671225
1,9189,50.52873333843538,0.00314937648,20,0,384,982458,16250,3154583,29755,232,671225
1,9190,50.531921171435378,0.0031438705,20,0,384,1086292,10042,3121000,29883,232,671225
1,9191,50.535378630435382,0.003535374,20,0,384,1066375,20500,3527250,29819,232,671225
1,9192,50.538725005435381,0.003182795,20,0,384,1014791,19375,3268042,29755,232,671225
1,9193,50.542174005435378,0.00367208058,20,0,384,1105417,11125,3506042,29883,232,671225
1,9194,50.54542508843538,0.00317350472,20,0,384,991500,12833,3290750,29871,232,671225
1,9195,50.549019338435379,0.00353591261,20,0,384,1073000,11084,3486542,29755,232,671225
1,9196,50.552313380435379,0.00341041666,20,0,384,1085375,14584,3385042,29883,232,671225
1,9197,50.555446130435378,0.003153543,20,0,384,971916,16375,3221417,29947,232,671225
1,9198,50.559071963435379,0.00344807957,20,0,384,1008334,9125,3390208,29755,232,671229
1,9199,50.562620421435376,0.00357012474,20,0,384,1007083,19541,3473833,29883,232,671229
1,9200,50.566263213435377,0.00369458622,20,0,384,1074417,13167,3736792,29819,232,671229
1,9201,50.56964050543538,0.0033419996,20,0,384,1034000,16333,3428791,29755,232,671229
1,9202,50.57294167143538,0.003359545,20,0,384,1087375,12084,3332083,29883,231,671227
1,9203,50.576323505435376,0.00340612256,20,0,384,1083334,11125,3310167,29819,231,671227
1,9204,50.58003092143538,0.00353499851,20,0,384,1004167,17167,3549292,29755,231,671227
1,9205,50.583400088435376,0.00352641731,20,0,384,1061917,13209,3530625,29883,231,671227
1,9206,50.586752130435379,0.00336729013,20,0,384,1025583,18541,3351208,29819,231,671227
1,9207,50.590832213435377,0.004072796,20,0,384,1027208,18459,4145250,40197,231,671227
1,9208,50.594964088435376,0.004125333,20,0,384,1029583,22959,4090083,38163,231,671227
1,9209,50.598202255435382,0.00309362239,20,0,384,1072208,10875,3185125,29819,231,671227
1,9210,50.601687713435375,0.003550914,20,0,384,1160750,20250,3437708,29755,231,671227
1,9211,50.604975338435381,0.00347463158,20,0,384,990375,19875,3374750,29883,231,671227
1,9212,50.608319588435378,0.00321507943,20,0,384,964375,10333,3370166,29819,231,671227
1,9213,50.611462380435377,0.003171627,20,0,384,1076708,16083,3246875,29755,231,671227
1,9214,50.614620463435379,0.00312358281,20,0,384,1060416,18375,3059959,29883,230,671225
1,9215,50.618170671435379,0.00355775235,20,0,384,1098458,13334,3390708,29819,230,671225
1,9216,50.621836380435376,0.00352728879,20,0,384,1013375,18250,3502541,29755,230,671225
1,9217,50.625231338435377,0.0035192105,20,0,384,1057375,13084,3591833,29883,230,671225
1,9218,50.628605296435381,0.00339107844,20,0,384,990833,21209,3426208,30207,230,671225
1,9219,50.631846088435381,0.00315017,20,0,384,1068250,17417,3164792,29755,231,671227
1,9220,50.635295255435381,0.00362675032,20,0,384,1107000,15959,3538958,29883,231,671227
1,9221,50.638554463435376,0.00312928716,20,0,384,969416,13500,3233542,29819,231,671223
1,9222,50.642219088435375,0.00370196276,20,0,384,992541,18917,3602458,29755,231,671223
1,9223,50.645457338435378,0.00324408314,20,0,384,1033042,12209,3319542,29883,231,671223
1,9224,50.648772213435379,0.00327687082,20,0,384,1032917,18458,3143333,29819,231,671223
1,9225,50.652151171435378,0.00347266858,20,0,384,1047458,20500,3531792,29755,231,671223
1,9226,50.655236963435378,0.00308666378,20,0,384,985083,23667,3194500,29883,231,671223
1,9227,50.65869508843538,0.00336246449,20,0,384,1014458,12333,3301042,29819,231,671223
1,9228,50.661726671435382,0.00312141445,20,0,384,993041,19167,3185583,29755,231,671223
1,9229,50.664872588435379,0.003121627,20,0,384,1043167,12958,3005084,29883,231,671223
1,9230,50.668383005435381,0.003484956,20,0,384,981542,28375,3466917,29819,231,671223
1,9231,50.67154367143538,0.00318920775,20,0,384,1029125,15208,3304834,29755,231,671223
1,9232,50.675105963435378,0.00355175021,20,0,384,1053750,14208,3406750,29883,231,671223
1,9233,50.678335046435379,0.0031377906,20,0,384,1018375,19625,3238542,29819,231,671223
1,9234,50.681848005435377,0.00353046344,20,0,384,1023125,27875,3458959,29755,231,671223
1,9235,50.685565463435381,0.00381911849,20,0,384,1094500,14875,3647041,29883,231,671223
1,9236,50.688929338435379,0.003308709,20,0,384,1016334,12500,3470709,29819,231,671223
1,9237,50.692380463435377,0.003487004,20,0,384,1021500,22667,3467583,29755,231,671223
1,9238,50.695964005435378,0.00343733,20,0,384,1019917,25666,3375542,29883,231,671223
1,9239,50.70008892143538,0.00414133351,20,0,384,1075709,14375,4114583,29819,230,671221
1,9240,50.703719796435379,0.00369262323,20,0,384,1046708,15458,3766542,29883,230,671221
1,9241,50.707605255435375,0.00374279334,20,0,384,1068916,20833,3612083,29883,230,671225
1,9242,50.711375046435379,0.0038268778,20,0,384,1137417,21916,3937125,29819,230,671225
1,9243,50.71523133843538,0.00380479032,20,0,384,1088875,22250,3771000,29755,230,671225
1,9244,50.719007630435378,0.003932873,20,0,384,1070250,21542,3829458,29883,230,671225
1,9245,50.722955088435377,0.00376871461,20,0,384,1007375,12667,3859167,29819,230,671225
1,9246,50.726776505435382,0.00402662251,20,0,384,1158750,24625,3912500,29755,230,671225
1,9247,50.730014505435378,0.00332116638,20,0,384,1014083,16500,3451375,29883,230,671225
1,9248,50.73411558843538,0.004107334,20,0,384,962792,17666,4116708,29819,230,671225
1,9249,50.737456713435378,0.00323441741,20,0,384,1007375,11625,3181709,29755,229,671223
1,9250,50.741767546435376,0.00433458062,20,0,384,1043833,16042,4411500,40325,229,671223
1,9251,50.74577067143538,0.00391566753,20,0,384,1009833,11583,3931500,38099,229,671223
1,9252,50.749291713435376,0.00353274518,20,0,384,1126042,11084,3357208,30195,229,671223
1,9253,50.753305880435377,0.00392425572,20,0,384,1087458,14791,3957333,29883,230,671225
1,9254,50.757490380435378,0.0041633714,20,0,384,1140875,14250,3949084,29819,230,671225
1,9255,50.761301421435377,0.00380429416,20,0,384,1140583,18500,4091291,29755,230,671225
1,9256,50.765693630435379,0.004318665,20,0,384,1057792,22666,4151333,30055,230,671225
1,9257,50.76952079643538,0.003962167,20,0,384,1199833,18750,4049458,29819,230,671225
1,9258,50.773798588435376,0.004161331,20,0,384,1095875,19709,4073000,29755,230,671225
1,9259,50.77762458843538,0.00406912575,20,0,384,1114250,21125,4056917,29883,230,671225
1,9260,50.781851171435378,0.00394216971,20,0,384,1053166,13833,3916000,29819,229,671223
1,9261,50.785735588435379,0.004035211,20,0,384,1128958,16458,4242708,29755,229,671219
1,9262,50.789653130435376,0.00397487264,20,0,384,1150917,16625,3833000,29883,229,671219
1,9263,50.793433588435377,0.00377620454,20,0,384,1063416,17083,3828625,29819,229,671219
1,9264,50.797012671435375,0.00354270823,20,0,384,1073250,21250,3454833,29755,229,671219
1,9265,50.80102117143538,0.00395004265,20,0,384,1095500,17208,3911750,29883,229,671219
1,9266,50.805182963435378,0.004195876,20,0,384,1128125,14750,4184416,29819,229,671219
1,9267,50.808913130435378,0.00379204215,20,0,384,1151709,16625,3906917,29755,229,671219
1,9268,50.81287229643538,0.003930336,20,0,384,1051709,23125,3802750,29883,229,671219
1,9269,50.816913130435381,0.00408070441,20,0,384,1093541,21875,4183375,29819,229,671219
1,9270,50.820867255435381,0.00372337736,20,0,384,1052834,16291,3810333,29755,229,671219
1,9271,50.825056505435377,0.00434708036,20,0,384,1184709,13083,4077167,29883,229,671219
1,9272,50.82916858843538,0.004000999,20,0,384,1139459,14041,4202834,29819,229,671219
1,9273,50.833345296435375,0.004170295,20,0,384,1195084,15834,4174542,29755,229,671219
1,9274,50.837956755435378,0.004777459,20,0,384,1221708,21834,4533292,29883,229,671219
1,9275,50.842315088435377,0.00430516573,20,0,384,1102125,16291,4468333,29819,229,671219
1,9276,50.846506546435378,0.00418587727,20,0,384,1055584,15125,4109875,29755,229,671219
1,9277,50.850766713435377,0.0042322916,20,0,384,1073583,25792,4261250,29883,229,671219
1,9278,50.85473204643538,0.00383491348,20,0,384,1146791,15458,3987750,29883,229,671219
1,9279,50.860218921435376,0.00539950375,20,0,384,1231500,24792,5302875,29755,229,671221
1,9280,50.864541380435377,0.004530166,20,0,384,1212542,18792,4396834,29883,229,671221
1,9281,50.868456671435375,0.003909623,20,0,384,1199750,15541,3994917,31007,229,671221
1,9282,50.87251721343538,0.004082334,20,0,384,1114500,16917,4101875,30143,229,671221
1,9283,50.876338255435378,0.00390208326,20,0,384,1112750,23333,3887500,29883,230,671223
1,9284,50.880679505435381,0.004149291,20,0,384,1076084,21958,4068792,29819,230,671223
1,9285,50.88727100543538,0.00606766576,20,0,384,1153084,15459,5713792,29755,230,671223
1,9286,50.891589171435378,0.005027041,20,0,384,1713708,27166,5214125,29883,230,671223
1,9287,50.896703255435376,0.0050526713,20,0,384,1129958,14458,5253666,40261,230,671223
1,9288,50.902472255435377,0.005776623,20,0,384,1184833,14083,5834292,38035,230,671223
1,9289,50.907534713435375,0.00404521,20,0,384,1120083,12250,3992458,29883,230,671223
1,9290,50.913541046435377,0.00693103764,20,0,384,2091541,15000,6521750,29819,230,671223
1,9291,50.917890963435376,0.00442783441,20,0,384,1220709,17041,4848709,29755,230,671223
1,9292,50.922021505435382,0.0039722505,20,0,384,1129417,18375,3856583,29883,230,671223
1,9293,50.92592542143538,0.004159375,20,0,384,1148666,18709,4152041,29819,230,671223
1,9294,50.929964338435376,0.00398125,20,0,384,1073250,15542,3968292,29755,230,671223
1,9295,50.934073796435378,0.004118502,20,0,384,1111167,16750,4122750,29883,230,671223
1,9296,50.938228796435375,0.00368307834,20,0,384,1156666,14750,3818625,29819,230,671221
1,9297,50.943693421435377,0.00476313056,20,0,384,1529625,16625,4655750,29755,230,671221
1,9298,50.948765505435375,0.00612241356,20,0,384,2007583,26875,6031417,29883,230,671221
1,9299,50.953046838435377,0.00421329355,20,0,384,1193750,17750,4342958,29871,229,671219
1,9300,50.958288255435377,0.0042426656,20,0,384,1262125,22958,4187875,29755,229,671219
1,9301,50.963076338435378,0.005946542,20,0,384,2129875,19583,5848709,29883,229,671219
1,9302,50.967021796435375,0.00393229164,20,0,384,1089375,15042,4050125,29819,229,671219
1,9303,50.971057921435381,0.00386283314,20,0,384,1119708,26417,3934708,29755,229,671219
1,9304,50.974966588435379,0.00415720651,20,0,384,1290375,19666,4041917,29883,229,671219
1,9305,50.97889917143538,0.00361112528,20,0,384,1073917,14083,3709375,29819,229,671219
1,9306,50.983092088435377,0.00444054,20,0,384,1229375,21875,4303416,29755,229,671219
1,9307,50.987293421435382,0.00402358267,20,0,384,1151333,17209,4094625,29883,229,671219
1,9308,50.991413005435376,0.004214293,20,0,384,1201583,22125,4194375,30207,229,671219
1,9309,50.99572867143538,0.00442662975,20,0,384,1194583,21375,4195209,29755,230,671221
1,9310,51.000546338435377,0.004659956,20,0,384,1132958,14875,4774834,29883,230,671221
1,9311,51.004873505435377,0.004479457,20,0,384,1168209,13625,4569958,29947,230,671221
1,9312,51.009622338435378,0.004532752,20,0,384,1094625,23750,4524000,29755,230,671225
1,9313,51.014314463435376,0.00450899964,20,0,384,1293250,19834,4379458,29883,230,671225
1,9314,51.018975755435378,0.004853543,20,0,384,1538417,16541,4947500,29819,230,671225
1,9315,51.023322171435382,0.00455257948,20,0,384,1134083,23416,4557333,29755,230,671225
1,9316,51.026960796435375,0.00383012323,20,0,384,1126750,17709,3825708,29883,230,671225
1,9317,51.030208838435378,0.0030909155,20,0,384,1007042,12667,3254167,29819,230,671225
1,9318,51.033877755435377,0.003897045,20,0,384,1161708,14042,3817500,29755,230,671225
1,9319,51.037033296435375,0.003076878,20,0,384,974583,11125,3081333,29883,230,671225
1,9320,51.040936755435375,0.003619246,20,0,384,1005125,18750,3487375,29819,230,671225
1,9321,51.044584088435379,0.00383791816,20,0,384,1096125,20375,3930750,29755,230,671225
1,9322,51.049031588435376,0.004446209,20,0,384,1094250,17250,4271416,40325,230,671225
1,9323,51.053252963435376,0.00425729156,20,0,384,1040250,23500,4457750,38099,230,671225
1,9324,51.056803380435376,0.003428125,20,0,384,1093667,10583,3429625,29755,230,671225
1,9325,51.06038167143538,0.00371203944,20,0,384,1111417,20167,3580791,29883,230,671225
1,9326,51.063892046435377,0.00337804714,20,0,384,984000,11792,3501875,29819,230,671225
1,9327,51.067418213435381,0.003668998,20,0,384,1122500,20250,3688792,29755,230,671225
1,9328,51.070705338435381,0.003340455,20,0,384,1046916,15708,3234792,29883,230,671225
1,9329,51.074240421435377,0.00350571144,20,0,384,1009125,12417,3363167,29819,230,671225
1,9330,51.077519713435379,0.003265873,20,0,384,1025416,13500,3520000,29755,230,671225
1,9331,51.080857713435378,0.003228125,20,0,384,1052958,13458,3160584,29883,230,671225
1,9332,51.08425800543538,0.00351695716,20,0,384,1048083,14916,3502041,29819,230,671221
1,9333,51.087846671435379,0.00357004674,20,0,384,1020208,18250,3476958,29755,230,671221
1,9334,51.09128563043538,0.00345308241,20,0,384,1026625,14791,3493667,29883,230,671221
1,9335,51.094408630435382,0.00314662,20,0,384,1007667,20125,3254667,29819,230,671221
1,9336,51.097515005435376,0.0031200822,20,0,384,1028625,9959,3158375,29755,230,671221
1,9337,51.100864880435381,0.00331279752,20,0,384,1047333,11625,3200250,29883,230,671221
1,9338,51.104062588435376,0.003133291,20,0,384,955375,12792,3152042,29819,230,671221
1,9339,51.107751463435378,0.00366641162,20,0,384,1124959,10125,3536708,29755,230,671221
1,9340,51.111077046435376,0.00342687778,20,0,384,1034667,12167,3530833,30271,230,671221
1,9341,51.11430508843538,0.00317329215,20,0,384,999208,17709,3245042,29819,231,671223
1,9342,51.11761588043538,0.003385622,20,0,384,1111459,13666,3302042,29755,231,671223
1,9343,51.121114463435376,0.00337454653,20,0,384,1017417,10666,3329500,29883,231,671223
1,9344,51.12457842143538,0.003540377,20,0,384,1048542,12250,3508541,29819,231,671223
1,9345,51.12768829643538,0.003156165,20,0,384,1001750,19041,3273500,29755,231,671223
1,9346,51.130804630435378,0.00310491771,20,0,384,1031167,12375,3159667,29883,231,671223
1,9347,51.13397842143538,0.00311487378,20,0,384,1066958,10583,3088083,29819,231,671223
1,9348,51.13709808843538,0.00312179,20,0,384,1037666,15875,3102708,29755,230,671221
1,9349,51.140873088435377,0.0035377054,20,0,384,1085209,14833,3401250,29883,230,671221
1,9350,51.144454046435378,0.00383962574,20,0,384,1110750,21375,3833375,29819,229,671219
1,9351,51.147791171435379,0.003321712,20,0,384,1008000,17208,3443250,29755,229,671219
1,9352,51.15123854643538,0.003500496,20,0,384,1089792,13500,3318333,29883,229,671219
1,9353,51.154822796435376,0.00350029045,20,0,384,1017084,12791,3577167,29935,229,671219
1,9354,51.158393380435378,0.00352879823,20,0,384,1053292,18667,3507541,29755,229,671221
1,9355,51.162068296435379,0.00379212014,20,0,384,1024541,16959,3667167,29883,229,671221
1,9356,51.165628463435375,0.0034090844,20,0,384,1022125,14209,3524709,29819,229,671221
1,9357,51.168904880435377,0.003440873,20,0,384,1117208,13042,3482292,29755,229,671221
1,9358,51.172067088435377,0.00317679276,20,0,384,1025000,11500,3200500,29883,229,671221
1,9359,51.175495755435378,0.00334912841,20,0,384,998292,14333,3294750,29819,229,671221
1,9360,51.178743296435378,0.00318020838,20,0,384,1072208,14000,3277708,29755,229,671221
1,9361,51.182023963435377,0.003367829,20,0,384,1041875,16542,3230459,29883,229,671221
1,9362,51.185263463435376,0.00328016584,20,0,384,1016375,18625,3369250,29819,229,671221
1,9363,51.188486338435375,0.0031625,20,0,384,1036459,9875,3207500,29755,229,671221
1,9364,51.191517588435381,0.00309841987,20,0,384,1092292,13916,3080500,29883,229,671221
1,9365,51.194992338435377,0.0034346655,20,0,384,1037167,12625,3246125,29819,229,671221
1,9366,51.199289963435376,0.00422142167,20,0,384,1026375,15125,4353791,40197,229,671221
1,9367,51.203267296435378,0.00410391157,20,0,384,1062667,11541,4061916,38163,229,671221
1,9368,51.206331213435377,0.00294375,20,0,384,1024750,11917,3021041,29819,229,671221
1,9369,51.209791671435376,0.0035597505,20,0,384,1146416,11875,3417416,29755,229,671221
1,9370,51.21324329643538,0.003458709,20,0,384,1001750,15500,3441542,29883,229,671221
1,9371,51.216844713435378,0.00352149946,20,0,384,1040083,11000,3548500,29819,229,671221
1,9372,51.220046213435381,0.00318366638,20,0,384,1049541,19792,3283166,29755,229,671221
1,9373,51.22327208843538,0.003171627,20,0,384,1009500,18833,3182584,29883,229,671221
1,9374,51.226777755435378,0.00357303722,20,0,384,1118833,15833,3511667,30041,229,671221
1,9375,51.230115421435379,0.00335808541,20,0,384,1045584,10166,3294708,30143,229,671221
1,9376,51.233688088435379,0.00364649948,20,0,384,1049042,15834,3601792,29883,230,671223
1,9377,51.236823588435378,0.00311633362,20,0,384,1000625,13167,3223917,29819,230,671221
1,9378,51.240277963435375,0.00311074965,20,0,384,1032292,12500,3151208,29755,230,671221
1,9379,51.248463796435381,0.003916837,20,0,384,1108292,16542,3699917,29883,230,671221
1,9380,51.266901796435377,0.008189456,20,0,384,5390000,11875,8282541,57167,230,671221
1,9381,51.271059921435381,0.0186758786,20,0,384,4409750,12292,18645625,170467,230,671221
1,9382,51.274738005435381,0.00398599776,20,0,384,1153875,17542,3958000,29883,230,671213
1,9383,51.27810858843538,0.00335662556,20,0,384,1000709,12209,3448417,29819,230,671213
1,9384,51.281496713435381,0.00320883654,20,0,384,1022667,14833,3254041,29755,230,671213
1,9385,51.28493767143538,0.00374608138,20,0,384,1096000,12000,3565625,29883,230,671213
1,9386,51.288191380435379,0.003109538,20,0,384,967125,12500,3131333,29819,230,671213
1,9387,51.291607630435379,0.003469168,20,0,384,1053209,19834,3481750,29755,230,671213
1,9388,51.294774005435379,0.00316887745,20,0,384,1013417,16750,3257041,29883,230,671213
1,9389,51.298076046435376,0.0031560373,20,0,384,995959,15625,3140208,29819,230,671213
1,9390,51.30204121343538,0.00408383645,20,0,384,1140166,13958,3901667,29755,230,671213
1,9391,51.305541963435381,0.003478288,20,0,384,1005583,11458,3579917,30305,230,671213
1,9392,51.309055296435382,0.00349229737,20,0,384,1035584,14292,3492666,29819,230,671213
1,9393,51.312610755435379,0.00354474923,20,0,384,1051167,27625,3551083,29755,230,671213
1,9394,51.316010088435377,0.003543665,20,0,384,1101750,15000,3538250,30075,230,671213
1,9395,51.31939013043538,0.00317424885,20,0,384,955666,17042,3213375,29819,230,671213
1,9396,51.323219421435375,0.003873753,20,0,384,1026292,19833,3785459,29755,230,671213
1,9397,51.326512921435381,0.00346429273,20,0,384,1057791,16584,3521416,30075,230,671213
1,9398,51.329849838435379,0.00319124851,20,0,384,939583,17125,3175459,29819,230,671213
1,9399,51.333433296435381,0.00365541386,20,0,384,1084167,16666,3573959,29755,230,671213
1,9400,51.337211505435377,0.00387295918,20,0,384,994459,18084,4004791,39937,230,671213
1,9401,51.340801838435375,0.003167836,20,0,384,991416,10708,3071709,30011,230,671213
1,9402,51.344428546435381,0.003952083,20,0,384,1129208,22667,3945375,29755,230,671213
1,9403,51.347844421435376,0.00333499862,20,0,384,983583,18666,3343459,29883,230,671213
1,9404,51.352065838435379,0.004386997,20,0,384,1033084,17208,4444917,40841,230,671213
1,9405,51.356299296435381,0.00407362543,20,0,384,997000,10375,3966750,38087,231,671215
1,9406,51.359599171435377,0.003278458,20,0,384,1123375,11042,3383958,29883,231,671215
1,9407,51.36286671343538,0.00331804133,20,0,384,1008042,21792,3251750,30011,231,671215
1,9408,51.36649863043538,0.00361333624,20,0,384,1073375,15375,3531792,29755,231,671215
1,9409,51.369962171435375,0.00346695725,20,0,384,1051000,19542,3548167,29883,231,671215
1,9410,51.373370671435381,0.0032823768,20,0,384,1051333,13750,3334125,30011,231,671215
1,9411,51.376855213435377,0.00366870756,20,0,384,1161375,16833,3569500,29755,231,671215
1,9412,51.380385088435375,0.00327412831,20,0,384,1032084,16709,3328125,29883,231,671215
1,9413,51.384170088435376,0.00406516436,20,0,384,1039375,22375,4008416,29819,231,671215
1,9414,51.387426088435376,0.00321057974,20,0,384,1012375,11750,3267208,29947,231,671215
1,9415,51.391199088435378,0.00384450122,20,0,384,1066375,11084,3724208,29883,231,671215
1,9416,51.394527630435377,0.00326650357,20,0,384,988125,12375,3375833,29819,231,671215
1,9417,51.398161796435382,0.00351808383,20,0,384,1035792,18334,3406083,29947,231,671215
1,9418,51.401619088435382,0.00360308238,20,0,384,1068542,22791,3491917,29883,231,671215
1,9419,51.404903088435375,0.00320508075,20,8,384,951875,11792,3406916,29819,230,671213
1,9420,51.409162713435379,0.00426895544,20,8,384,1082459,16500,3689792,29947,230,671213
1,9421,51.412888171435377,0.00352463149,20,8,384,1063625,14375,4044291,38043,238,671261
1,9422,51.417061671435377,0.00437495764,20,8,384,1207625,22917,4049083,29819,238,671261
1,9423,51.420664046435377,0.00344916387,20,8,384,1098542,12750,3854209,29947,238,671261
1,9424,51.424460671435376,0.004006335,20,8,384,1109584,13167,3834500,29883,238,671261
1,9425,51.427796713435377,0.00331604318,20,8,384,1011500,13375,3440542,29819,238,671261
1,9426,51.431287505435378,0.00337662268,20,8,384,1019459,18292,3251625,29947,238,671261
1,9427,51.434764921435381,0.003606165,20,10,384,1121834,18292,3686792,29883,238,671261
1,9428,51.438107880435382,0.003364378,20,10,384,1007042,19417,3376167,29819,238,671261
1,9429,51.441792255435381,0.00357653759,20,10,384,990375,17250,3525625,29947,240,671333
1,9430,51.445098963435377,0.00335167232,20,12,384,1011916,13709,3408750,29883,240,671333
1,9431,51.44862850543538,0.00334599637,20,12,384,1053917,17083,3377416,29819,240,671333
1,9432,51.452071046435378,0.00365383364,20,12,384,1128416,15333,3561208,29755,242,671405
1,9433,51.455732838435381,0.00348983146,20,12,384,1007125,22583,3441625,30075,242,671405
1,9434,51.459356255435381,0.00373587734,20,12,384,1151000,15500,3788083,29819,242,671405
1,9435,51.462787463435376,0.003410041,20,12,384,989166,13541,3432209,29755,242,671405
1,9436,51.466494505435378,0.00374470674,20,12,384,1140209,10875,3651458,30075,242,671405
1,9437,51.469751838435378,0.00331337866,20,12,384,1052292,13083,3421209,30207,242,671405
1,9438,51.47293263043538,0.00310466276,20,12,384,1018000,16291,3163083,29755,243,671407
1,9439,51.476241171435376,0.00338875432,20,12,384,1131667,12834,3287375,30075,243,671407
1,9440,51.479687880435378,0.00319016445,20,12,384,1024333,13958,3259375,29819,243,671407
1,9441,51.48346379643538,0.00400642026,20,12,384,1133666,24625,3847000,29755,243,671407
1,9442,51.486714838435375,0.00326912547,20,12,384,1008917,16875,3387042,29883,243,671407
1,9443,51.490172421435375,0.003287748,20,12,384,1029625,14792,3283250,30011,243,671407
1,9444,51.493651088435378,0.00362216565,20,12,384,1140458,19000,3505375,29755,243,671407
1,9445,51.496931463435381,0.00329596084,20,12,384,1008875,17583,3391541,29883,243,671407
1,9446,51.500478213435379,0.00340245175,20,12,384,1016000,17333,3290125,29819,243,671407
1,9447,51.504700255435381,0.00445400365,20,12,384,1047500,21375,4549916,40197,243,671407
1,9448,51.508383296435376,0.00371033163,20,12,384,986917,11083,3743958,38355,243,671407
1,9449,51.511778255435381,0.00321296067,20,12,384,998334,9417,3199750,29819,243,671407
1,9450,51.515599255435376,0.00374962436,20,12,384,1116834,13917,3434333,29755,243,671407
1,9451,51.519289963435376,0.00377962738,20,12,384,1097959,20458,3985334,29883,243,671407
1,9452,51.522977088435375,0.00358920777,20,12,384,1005209,13208,3575791,29819,243,671407
1,9453,51.52675088043538,0.00396804139,20,12,384,1124000,23042,3807625,29755,243,671407
1,9454,51.530100921435377,0.003362833,20,12,384,997291,12333,3578709,29883,243,671407
1,9455,51.533883088435381,0.00388521119,20,12,384,969959,19000,3890500,30123,243,671407
1,9456,51.536857755435378,0.00285620755,20,12,384,950333,10208,2908833,29755,243,671407
1,9457,51.540189880435378,0.00312466687,20,12,384,1055750,11833,2969917,29883,243,671407
1,9458,51.543688880435376,0.00367791252,20,12,384,1037959,18334,3703917,29819,243,671407
1,9459,51.547059713435381,0.003371209,20,12,384,1015667,18250,3385833,29755,243,671407
1,9460,51.550478213435376,0.00337429135,20,12,384,1040500,12959,3399250,29883,243,671407
1,9461,51.553902838435377,0.00343808113,20,12,384,1044625,20209,3453791,29819,243,671407
1,9462,51.55753929643538,0.00362312933,20,12,384,1068000,15083,3374834,29807,243,671407
1,9463,51.561046713435381,0.00343433255,20,12,384,1045834,15459,3648167,29883,243,671407
1,9464,51.564467588435377,0.0034955428,20,12,384,1029000,11542,3504500,30089,243,671407
1,9465,51.568068338435381,0.00360241649,20,12,384,1061250,17500,3503208,29755,243,671407
1,9466,51.571662546435377,0.00362899667,20,12,384,1018083,21709,3583125,29883,243,671407
1,9467,51.574998755435381,0.00334708765,20,12,384,1043875,14416,3404084,29819,243,671407
1,9468,51.578303588435375,0.003243665,20,12,384,1007959,16125,3307542,29755,243,671407
1,9469,51.581643463435377,0.003241206,20,12,384,1003584,15917,3269292,29883,243,671407
1,9470,51.585096171435382,0.00356625556,20,12,384,1163834,11459,3511208,29819,243,671407
1,9471,51.588334880435376,0.00329912128,20,12,384,1006250,15959,3287167,30143,243,671407
1,9472,51.591953255435378,0.00362512749,20,12,384,994084,15750,3605750,29883,244,671409
1,9473,51.595209338435382,0.003244416,20,12,384,992291,12250,3301791,29819,244,671409
1,9474,51.598636796435379,0.00327658025,20,12,384,1033708,14083,3183042,29755,244,671409
1,9475,51.602172005435378,0.00373904477,20,12,384,987375,13875,3690375,29883,244,671409
1,9476,51.605617546435376,0.00337504246,20,12,384,1000875,12125,3501167,29819,244,671409
1,9477,51.609120796435377,0.00346262055,20,12,384,1046667,13250,3388583,29755,244,671409
1,9478,51.612437713435376,0.00328920782,20,12,384,1044583,18041,3338208,29883,244,671409
1,9479,51.615901630435381,0.00349187921,20,12,384,1072875,18292,3364625,29819,244,671409
1,9480,51.619365588435379,0.00340283453,20,12,384,1028167,19542,3497541,29755,244,671409
1,9481,51.62290700543538,0.00354291382,20,12,384,1005208,21708,3573000,29883,244,671409
1,9482,51.626466713435377,0.00359395542,20,12,384,1089000,16792,3501542,29819,244,671409
1,9483,51.63051679643538,0.00400054548,20,12,384,1061625,19417,3859000,29755,244,671409
1,9484,51.634052921435377,0.003577374,20,12,384,1074167,17083,3724292,29883,243,671407
1,9485,51.637502713435381,0.00342699839,20,12,384,1047875,19417,3445375,29819,243,671407
1,9486,51.641551046435382,0.00393246161,20,12,384,1089916,18792,3856458,29755,243,671407
1,9487,51.64548621343539,0.004146953,20,12,384,1105416,14875,4060458,29883,243,671407
1,9488,51.649334046435385,0.00370908435,20,12,384,1054958,13042,3727458,29819,243,671407
1,9489,51.653286380435389,0.00405750424,20,12,384,1087208,24375,3960375,29755,243,671407
1,9490,51.657376255435381,0.00414191466,20,12,384,1017125,19333,4323042,40325,243,671407
1,9491,51.661611338435392,0.00419270853,20,12,384,1032042,11792,4144583,38099,243,671407
1,9492,51.664903421435383,0.00320124719,20,12,384,1012083,11250,3338917,29755,243,671407
1,9493,51.669007671435381,0.00415642,20,12,384,1200792,9291,3955542,29883,243,671407
1,9494,51.67257817143539,0.003518913,20,10,384,1108542,12792,3624459,29819,243,671407
1,9495,51.676589505435388,0.004012337,20,10,384,1115375,17000,3901459,29755,243,671407
1,9496,51.680679630435392,0.00400416646,20,10,384,1065375,24041,3976375,55827,241,671335
1,9497,51.684176338435392,0.00368237682,20,10,384,1136542,13459,3807875,29819,241,671335
1,9498,51.687469713435391,0.00322728883,20,10,384,1033708,20833,3236958,29755,241,671335
1,9499,51.691189755435389,0.00377116632,20,10,384,1114000,11375,3658792,29883,241,671335
1,9500,51.694768338435381,0.00355429412,20,10,384,1032333,13000,3659083,29819,241,671335
1,9501,51.698266755435384,0.00345483283,20,10,384,1039125,18875,3312875,29755,241,671335
1,9502,51.702299421435384,0.00400866661,20,10,384,1069500,18041,3982875,29883,241,671335
1,9503,51.705984838435384,0.00364149665,20,10,384,1040750,14583,3721292,29819,241,671335
1,9504,51.709785213435381,0.00368258939,20,10,384,1060666,18583,3603000,30143,241,671335
1,9505,51.713850296435382,0.004301162,20,10,384,1191500,23958,4291708,29883,242,671337
1,9506,51.717477171435391,0.00355491787,20,10,384,1086667,13291,3692125,29819,242,671337
1,9507,51.721267880435391,0.00376099767,20,10,384,1096959,19250,3699792,29755,242,671337
1,9508,51.724929380435384,0.00383829372,20,10,384,1046708,13333,3792042,29883,242,671337
1,9509,51.728148130435386,0.00317329215,20,10,384,1017834,11583,3292667,29819,242,671337
1,9510,51.731638505435384,0.00334887323,20,10,384,1063458,13625,3303084,29755,242,671337
1,9511,51.735203630435379,0.00360150216,20,10,384,1109708,20167,3621667,29883,242,671337
1,9512,51.739341838435379,0.00390221085,20,10,384,1110167,17584,3851292,29819,242,671337
1,9513,51.742990963435389,0.00398012344,20,10,384,1187375,20959,3898000,29755,242,671337
1,9514,51.74660263043539,0.00369708054,20,10,384,1028666,17583,3671083,29883,242,671337
1,9515,51.750167421435393,0.00344674755,20,10,384,973000,15667,3517791,29819,242,671337
1,9516,51.753695213435392,0.00348804565,20,8,384,1039000,18417,3541667,29755,242,671337
1,9517,51.75754192143539,0.003883709,20,8,384,1118208,11416,3770917,29883,242,671337
1,9518,51.761676630435389,0.00398662128,20,8,384,1042333,19583,4049958,29871,240,671265
1,9519,51.765490213435385,0.00388983847,20,8,384,1096167,19292,3820583,29755,240,671265
1,9520,51.76929575543538,0.00383604015,20,8,384,1083041,31708,3839542,29883,240,671265
1,9521,51.773130963435392,0.00352996029,20,8,384,1117792,15209,3554792,29819,240,671265
1,9522,51.777081588435379,0.00416982733,20,8,384,1277584,35209,4097083,29755,240,671265
1,9523,51.780985713435385,0.0039333757,20,8,384,1103792,30708,3997834,29883,240,671265
1,9524,51.784505421435384,0.00358475046,20,8,384,1048333,13166,3570500,29819,240,671265
1,9525,51.788035546435381,0.003540795,20,8,384,1088417,21959,3649500,29755,240,671265
1,9526,51.791796588435389,0.00385029055,20,8,384,1125500,13500,3662542,29883,240,671265
1,9527,51.795430005435392,0.00367983268,20,8,384,1046583,13125,3662167,29819,240,671265
1,9528,51.79936938043538,0.00366179133,20,8,384,1009208,12500,3545666,29755,240,671265
1,9529,51.802720338435392,0.0036391227,20,8,384,1098917,15417,3848625,29883,240,671265
1,9530,51.806506046435388,0.00360983564,20,8,384,953291,11250,3507375,29819,240,671265
1,9531,51.81122592143538,0.00476437761,20,8,384,1098750,18250,4875542,40197,240,671265
1,9532,51.815378088435381,0.004101828,20,8,384,1109750,14083,4111500,38163,240,671265
1,9533,51.818866130435381,0.00347733847,20,8,384,1149458,11084,3586708,29819,240,671265
1,9534,51.822723546435384,0.00384304137,20,8,384,1058916,14542,3620500,29755,240,671265
1,9535,51.826519171435379,0.00379716558,20,8,384,1098708,23041,3876375,29883,240,671265
1,9536,51.830981421435382,0.004176247,20,8,384,1086917,18541,3927416,30207,240,671265
1,9537,51.835042088435387,0.00444299867,20,8,384,1345500,16125,4645125,29755,241,671267
1,9538,51.838793546435383,0.00369633641,20,8,384,1065042,12625,3717125,29883,241,671267
1,9539,51.842507421435386,0.003716709,20,8,384,1005417,13000,3695792,29819,241,671267
1,9540,51.84648329643538,0.004017248,20,8,384,1046042,23292,3981042,29755,241,671267
1,9541,51.850213255435392,0.00372304418,20,8,384,1032500,21625,3697625,29883,240,671265
1,9542,51.853451088435392,0.00328562222,20,0,384,1045083,16667,3400541,29819,240,671265
1,9543,51.856732838435391,0.00320650521,20,0,384,1058458,12833,3195417,31595,240,671265
1,9544,51.860209755435392,0.0034779124,20,0,384,1104208,15042,3459833,29883,232,671215
1,9545,51.863770005435384,0.003546712,20,0,384,1019916,18291,3441083,29819,232,671215
1,9546,51.867635505435388,0.0038894983,20,0,384,1064917,20584,3891042,29755,232,671215
1,9547,51.871296546435389,0.0037800807,20,0,384,1046334,19375,3772875,29883,232,671215
1,9548,51.874857213435391,0.003459127,20,0,384,1008250,12750,3521500,29819,232,671215
1,9549,51.878607505435383,0.00351449824,20,0,384,1029458,18709,3556833,29755,232,671215
1,9550,51.882566880435391,0.00429633632,20,0,384,1155834,20750,4128583,29883,231,671213
1,9551,51.885731588435391,0.00315487524,20,0,384,1012750,12000,3324625,29819,231,671213
1,9552,51.889207755435379,0.00332941464,20,0,384,1023625,16375,3262416,29755,231,671213
1,9553,51.892804296435386,0.00363125,20,0,384,1091000,15750,3586084,29883,231,671213
1,9554,51.896201171435379,0.00343358144,20,0,384,1057667,21125,3524750,29819,231,671213
1,9555,51.899806463435382,0.003547711,20,0,384,1086792,15000,3480209,29755,231,671213
1,9556,51.903009463435382,0.00333433249,20,0,384,1017875,12875,3383416,29883,231,671213
1,9557,51.906774505435379,0.00355216837,20,0,384,985917,16542,3510833,29819,231,671213
1,9558,51.910346463435388,0.003771953,20,0,384,1108375,22209,3759666,29755,231,671213
1,9559,51.913868630435388,0.00351779326,20,0,384,989500,16584,3522042,29883,231,671213
1,9560,51.917250213435381,0.00338475057,20,0,384,977042,9875,3384708,29819,231,671213
1,9561,51.920650671435382,0.003278543,20,0,384,990584,18666,3298542,29755,231,671213
1,9562,51.92413046343539,0.00361041678,20,0,384,1037625,17500,3493667,29883,231,671213
1,9563,51.927272380435383,0.003175999,20,0,384,968084,19209,3316958,29819,231,671213
1,9564,51.930523255435389,0.00312591414,20,0,384,971041,13000,3076458,29755,231,671213
1,9565,51.934036838435389,0.00365654752,20,0,384,1078834,11458,3598208,29883,231,671213
1,9566,51.937014130435387,0.00291737518,20,0,384,937334,11667,3042083,29819,231,671213
1,9567,51.94063750543539,0.00336112524,20,0,384,1043833,12750,3158291,29755,231,671213
1,9568,51.944244546435385,0.00389978732,20,0,384,1068542,21208,3895708,29883,231,671213
1,9569,51.947920921435383,0.00350587443,20,0,384,966958,14833,3591666,29819,231,671213
1,9570,51.951484505435388,0.0036178783,20,0,384,1039791,15875,3589750,30143,231,671213
1,9571,51.955192588435381,0.00378929288,20,0,384,1052333,21750,3714250,29883,232,671215
1,9572,51.959050755435385,0.00383491348,20,0,384,1042334,13166,3782625,29819,232,671215
1,9573,51.962784963435382,0.00380833331,20,0,384,947917,13209,4040917,40249,232,671215
1,9574,51.966825171435389,0.00401095534,20,0,384,1020083,9458,3939125,38163,232,671215
1,9575,51.96998067143538,0.003072045,20,0,384,1018917,10959,3181708,29819,232,671215
1,9576,51.97334096343539,0.00323237665,20,0,384,1123042,6958,3210958,29755,232,671215
1,9577,51.976941005435393,0.00383683387,20,0,384,1189583,20292,3588625,29883,232,671215
1,9578,51.980447546435386,0.003388747,20,0,384,999208,12791,3542666,29819,232,671215
1,9579,51.984229880435379,0.00378521113,20,0,384,1000458,15583,3752250,29755,232,671215
1,9580,51.987839546435382,0.00375062367,20,0,384,1032167,18750,3624167,29883,232,671215
1,9581,51.991170255435392,0.003234708,20,0,384,979666,10458,3369459,29819,231,671213
1,9582,51.994434463435383,0.00330541376,20,0,384,1019792,19667,3329625,29755,231,671213
1,9583,51.99771150543539,0.00323279481,20,0,384,1036708,10709,3259167,29883,231,671213
1,9584,52.00126446343539,0.00350833335,20,0,384,1061042,12708,3382791,29819,231,671213
1,9585,52.00442663043539,0.00325899944,20,0,384,988000,18875,3272917,29755,231,671213
1,9586,52.007806046435391,0.00331970653,20,0,384,990583,15125,3315166,29883,231,671213
1,9587,52.011007338435391,0.00317637483,20,0,384,1015583,18208,3251959,29819,231,671213
1,9588,52.014812338435391,0.00370116928,20,0,384,1062292,10500,3566875,29755,231,671213
1,9589,52.018557546435389,0.00390170771,20,0,384,1106584,21667,3854083,29883,231,671213
1,9590,52.021836380435388,0.00333262468,20,0,384,992750,12750,3430750,29819,231,671213
1,9591,52.025464671435387,0.00357558113,20,0,384,963167,15250,3586375,29755,231,671213
1,9592,52.028580505435386,0.003125248,20,0,384,1010208,18625,3190917,29883,231,671213
1,9593,52.031567838435379,0.00290021254,20,0,384,998875,14875,2982791,29819,231,671213
1,9594,52.034646796435382,0.00314883073,20,0,384,1092708,13958,3091625,29755,231,671213
1,9595,52.037775213435381,0.00312446151,20,0,384,1054541,16667,3042000,29883,231,671213
1,9596,52.041179213435385,0.00339970947,20,0,384,1014625,14000,3378167,29819,231,671213
1,9597,52.044097130435389,0.00301308115,20,0,384,970750,16250,3134875,29755,231,671213
1,9598,52.047125171435383,0.00304666953,20,0,384,979125,12875,2930125,29883,231,671213
1,9599,52.050253171435386,0.00311737531,20,0,384,957167,10291,3133958,29819,231,671213
1,9600,52.053168255435381,0.00289470656,20,0,384,974125,11084,2995500,29755,231,671213
1,9601,52.056327338435381,0.00309716561,20,0,384,992208,14625,2973666,29883,231,671213
1,9602,52.059439130435379,0.00300841848,20,0,384,996958,16542,3090834,29819,231,671213
1,9603,52.062820463435386,0.00343920779,20,0,384,999375,14625,3314500,29755,231,671213
1,9604,52.066597130435383,0.00378604024,20,0,384,1081083,13667,3694209,29883,231,671213
1,9605,52.069779755435391,0.003220961,20,0,384,1010875,13250,3356416,30207,231,671213
1,9606,52.073276463435391,0.00337407878,20,0,384,983667,14875,3326459,29755,232,671215
1,9607,52.076516088435383,0.00341375428,20,0,384,1080792,18709,3429833,29883,232,671215
1,9608,52.07988617143539,0.00321378978,20,0,384,945625,16375,3159834,29819,232,671215
1,9609,52.083334171435382,0.00352229318,20,0,384,1007500,13791,3483708,29755,232,671215
1,9610,52.086766838435381,0.00351412268,20,0,384,1033584,17750,3486166,29883,232,671215
1,9611,52.090024713435383,0.00303579215,20,0,384,951208,17459,3103750,29819,232,671215
1,9612,52.093462838435386,0.00361466827,20,0,384,1096958,14083,3580291,29755,232,671215
1,9613,52.096764546435381,0.00337196,20,0,384,991333,20625,3320125,29883,232,671215
1,9614,52.100335255435382,0.00340541382,20,0,384,958958,12167,3483417,29819,232,671215
1,9615,52.103797588435384,0.00356879248,20,0,384,1000750,17750,3510000,29755,232,671215
1,9616,52.106916796435385,0.003074497,20,0,384,977875,18000,3169041,29883,231,671213
1,9617,52.110142546435384,0.00329437363,20,0,384,1032333,13834,3219667,29819,231,671213
1,9618,52.114082005435392,0.003883709,20,0,384,982250,14417,3900834,40197,231,671213
1,9619,52.117847338435382,0.00391796324,20,0,384,1050083,11000,3978416,38163,231,671213
1,9620,52.121404463435383,0.00331782876,20,0,384,940041,11125,3225875,29819,231,671213
1,9621,52.12491088043538,0.003655166,20,0,384,1045958,11833,3681083,29755,231,671213
1,9622,52.127930005435388,0.003000085,20,0,384,976875,17791,3074542,29883,231,671213
1,9623,52.131113130435381,0.00311229448,20,0,384,1026416,16500,3105583,29819,231,671213
1,9624,52.134529963435384,0.00342808245,20,0,384,1089958,13959,3393125,29755,231,671213
1,9625,52.138672171435388,0.00375116919,20,0,384,1066333,14583,3420042,29883,231,671213
1,9626,52.142588880435383,0.00430566166,20,0,384,1192208,27000,4572125,29819,231,671213
1,9627,52.147245046435387,0.00452375272,20,0,384,1008416,19084,4493708,29755,231,671213
1,9628,52.151857338435391,0.004642666,20,0,384,1123250,21250,4578417,29883,231,671213
1,9629,52.155486213435381,0.003715122,20,0,384,1071375,23916,3814417,29819,231,671213
1,9630,52.159634088435382,0.0039494615,20,0,384,1028375,19333,3892792,29755,231,671213
1,9631,52.163517755435379,0.00393045647,20,0,384,1078250,24917,3753792,29935,231,671213
1,9632,52.167647880435382,0.00411162851,20,0,384,1109167,27958,4242042,29819,231,671213
1,9633,52.171361755435385,0.003868084,20,0,384,1125292,23667,3933375,29755,231,671213
1,9634,52.174900755435388,0.00365108415,20,0,384,1017209,17500,3563166,29883,231,671213
1,9635,52.178161088435388,0.0031819162,20,0,384,1003375,13125,3305500,29819,231,671213
1,9636,52.18154000543538,0.00317974784,20,0,384,1069875,12959,3180666,29755,231,671213
1,9637,52.184743588435381,0.00343958335,20,0,384,1077708,23959,3394417,29883,231,671213
1,9638,52.187816255435379,0.00306395977,20,0,384,956084,18291,3079000,30207,231,671213
1,9639,52.19138758843539,0.0035554138,20,0,384,1048667,14375,3511459,29755,232,671215
1,9640,52.194616921435383,0.00322537567,20,0,384,1011959,18750,3277708,29883,231,671213
1,9641,52.198011838435391,0.00326220947,20,0,384,1004000,17416,3207416,29819,231,671213
1,9642,52.201893046435387,0.0037883292,20,0,384,1142333,19000,3799541,29755,231,671213
1,9643,52.205253171435388,0.003602714,20,0,384,1076583,20208,3591291,29883,231,671213
1,9644,52.208732296435386,0.0034964995,20,0,384,1008375,18459,3491292,29819,231,671213
1,9645,52.211915713435388,0.00316437078,20,0,384,1018666,16500,3263000,29755,231,671213
1,9646,52.215455088435391,0.00363638042,20,0,384,1076291,13667,3334584,29883,231,671213
1,9647,52.218653880435383,0.00305304,20,0,384,967709,11916,3297417,29819,231,671213
1,9648,52.221938838435392,0.00336921052,20,0,384,982667,16959,3299834,29755,231,671213
1,9649,52.225186630435388,0.003234871,20,0,384,993334,16333,3280875,29883,231,671213
1,9650,52.228426588435383,0.00317271124,20,0,384,1021458,10416,3197250,29819,231,671213
1,9651,52.232072130435384,0.00365324551,20,0,384,1087958,10583,3502333,29755,231,671213
1,9652,52.235749921435385,0.00369804422,20,0,384,1030583,16542,3594875,29883,231,671213
1,9653,52.239405463435389,0.003525418,20,0,384,1061833,13000,3697625,29819,231,671213
1,9654,52.242973796435379,0.00363933528,20,0,384,1063500,11750,3586500,29755,231,671213
1,9655,52.246510963435384,0.00368429,20,0,384,1074250,24250,3637750,29883,231,671213
1,9656,52.250147213435383,0.00356374728,20,0,384,987375,12292,3654500,29819,231,671213
1,9657,52.253806713435381,0.003676247,20,0,384,997584,18792,3640125,29755,231,671213
1,9658,52.25724917143539,0.0035053785,20,0,384,995625,17750,3294083,29883,231,671213
1,9659,52.260723463435383,0.00329612382,20,0,384,989958,12458,3467708,29819,231,671213
1,9660,52.264879880435387,0.004265129,20,0,384,1008750,14458,4359125,40197,231,671213
1,9661,52.268728963435379,0.003930917,20,0,384,1035791,12291,3898208,38211,231,671213
1,9662,52.272775838435379,0.00386228738,20,0,384,1005875,11000,3841375,38099,230,671211
1,9663,52.276015463435385,0.00338187348,20,0,384,1125834,10667,3460250,29755,230,671211
1,9664,52.279495671435384,0.00337716844,20,0,384,1044625,7291,3167417,29883,230,671211
1,9665,52.283029921435386,0.0036100836,20,0,384,1015459,14167,3630292,29819,230,671211
1,9666,52.286016505435384,0.00302141439,20,0,384,1015375,14416,3205792,29755,230,671211
1,9667,52.289450088435387,0.00341279758,20,0,384,1013500,11292,3179125,29883,230,671211
1,9668,52.292771213435387,0.00323887472,20,0,384,1026083,11084,3382500,29819,230,671211
1,9669,52.296043796435384,0.0033173752,20,0,384,1065000,14834,3316333,29755,230,671211
1,9670,52.299635588435379,0.00356295356,20,0,384,1044416,13833,3387667,29883,230,671211
1,9671,52.302829880435382,0.00324329641,20,0,384,1020291,11875,3407042,29819,230,671211
1,9672,52.306150088435388,0.00312937214,20,0,384,1036500,13750,3178833,29755,230,671211
1,9673,52.310004046435381,0.004063081,20,0,384,1135250,14458,3698833,30271,230,671211
1,9674,52.313209630435381,0.003203876,20,0,384,1009583,11166,3491917,29819,231,671213
1,9675,52.316912921435389,0.003649249,20,0,384,1001875,18000,3597458,29755,231,671213
1,9676,52.32011625543538,0.00323866913,20,0,384,1042708,17542,3246084,29883,231,671213
1,9677,52.323319088435383,0.0030954578,20,0,384,984583,10458,3240375,29819,231,671213
1,9678,52.326641546435383,0.003410041,20,0,384,1099542,15167,3323958,29755,231,671213
1,9679,52.329818088435388,0.0031570436,20,0,384,1063458,11875,3164375,29883,231,671213
1,9680,52.333148630435389,0.00339100068,20,0,384,1049292,16834,3287833,29819,231,671213
1,9681,52.336198171435385,0.00304278638,20,0,384,999666,17958,3172667,29755,231,671213
1,9682,52.339728296435382,0.00340941758,20,0,384,1036125,11958,3242458,29883,230,671211
1,9683,52.34300667143539,0.003405839,20,0,384,1046459,14084,3478250,29819,230,671211
1,9684,52.346457713435385,0.00340870884,20,0,384,1014167,10834,3233542,29755,230,671211
1,9685,52.349988546435384,0.00356137333,20,0,384,985792,15042,3674542,29883,230,671211
1,9686,52.35321396343538,0.00322699826,20,0,384,994625,14333,3328000,29819,230,671211
1,9687,52.356610255435385,0.0032223782,20,0,384,1022417,15459,3044666,29755,230,671211
1,9688,52.360158296435387,0.0036374575,20,0,384,1094041,20208,3700375,29883,230,671211
1,9689,52.363520088435379,0.00339486962,20,0,384,1002917,13292,3404417,29871,230,671211
1,9690,52.366952588435382,0.00345941749,20,0,384,1024750,19917,3480042,29755,230,671211
1,9691,52.370051463435388,0.00314187934,20,0,384,1049292,10750,3207958,29883,230,671211
1,9692,52.37314767143539,0.00293937069,20,0,384,988125,14875,3000458,29819,230,671211
1,9693,52.376757088435383,0.00370504544,20,0,384,1138542,14125,3525916,29755,230,671211
1,9694,52.380151546435386,0.00335849635,20,0,384,1014875,19958,3348458,29883,230,671211
1,9695,52.384309921435388,0.004284127,20,0,384,1009333,11000,4266208,29819,230,671211
1,9696,52.38764813043538,0.003224334,20,0,384,1002708,10958,3254917,29755,230,671211
1,9697,52.391258505435388,0.0036461663,20,0,384,1039792,15417,3481084,29883,230,671211
1,9698,52.394729588435382,0.00345629244,20,0,384,1044875,13417,3666583,29819,230,671211
1,9699,52.398281255435379,0.00336366915,20,0,384,1036667,18583,3308125,29755,230,671211
1,9700,52.401948463435389,0.00380666088,20,0,384,1125792,19166,3693667,29883,230,671211
1,9701,52.405677088435382,0.003685126,20,0,384,1020083,12834,3709750,29819,230,671211
1,9702,52.409799088435392,0.00399162434,20,0,384,1051333,24334,3990667,29755,230,671211
1,9703,52.413483421435387,0.004015214,20,0,384,1150833,23750,3853708,29883,230,671211
1,9704,52.418111838435379,0.004452785,20,0,384,989833,11542,4530209,40261,230,671211
1,9705,52.422715463435381,0.0045714993,20,0,384,1072750,16458,4627125,38035,230,671211
1,9706,52.426217796435381,0.00351654622,20,0,384,1030584,12458,3641250,29883,230,671211
1,9707,52.429975463435383,0.00376995467,20,0,384,1087500,14584,3560458,30207,230,671211
1,9708,52.433527838435381,0.00362479454,20,0,384,1117334,13708,3735500,29755,231,671213
1,9709,52.436925713435386,0.00346033159,20,0,384,1044000,14958,3403875,29883,231,671213
1,9710,52.440627671435379,0.00349496165,20,0,384,1022875,13875,3484292,29819,231,671213
1,9711,52.444050671435392,0.003587585,20,0,384,1044750,15958,3723167,29755,231,671213
1,9712,52.44759433843538,0.00349187222,20,0,384,1032667,13333,3362375,29883,231,671213
1,9713,52.451085130435388,0.00356170628,20,0,384,1044292,13833,3603958,29819,231,671213
1,9714,52.454297338435381,0.00310487533,20,0,384,986584,18125,3227833,29755,231,671213
1,9715,52.458172046435379,0.00396475336,20,0,384,1097375,14291,3754167,29883,231,671213
1,9716,52.462180588435388,0.00347537547,20,0,384,1021958,11500,3575042,29819,231,671213
1,9717,52.466029505435387,0.004308291,20,0,384,1261875,32500,4226208,29755,231,671213
1,9718,52.469880630435384,0.00385707919,20,0,384,1009750,19333,3766708,30923,231,671213
1,9719,52.474142921435387,0.00395612931,20,0,384,1027541,21708,3930334,29819,231,671213
1,9720,52.478183338435386,0.004252707,20,0,384,1149500,28542,4421708,29755,230,671211
1,9721,52.481942796435391,0.003902955,20,0,384,1109000,18708,3753666,29883,230,671211
1,9722,52.485159296435384,0.00322633213,20,0,384,1006666,11458,3392541,29819,230,671211
1,9723,52.48891142143539,0.00358308526,20,0,384,1016666,16291,3508084,29755,230,671211
1,9724,52.492456588435388,0.00378604024,20,0,384,1074125,25334,3691375,29883,230,671211
1,9725,52.495879755435382,0.00322750141,20,0,384,991541,10792,3385375,29819,230,671211
1,9726,52.499765380435392,0.003876878,20,0,384,1152833,13333,3803083,29755,230,671211
1,9727,52.503192588435383,0.00359100057,20,0,384,1030750,14834,3511708,29883,230,671211
1,9728,52.506568213435386,0.00327320723,20,0,384,1012334,12042,3360542,29819,230,671211
1,9729,52.510118255435387,0.00363475061,20,0,384,1047750,19459,3447250,29755,230,671211
1,9730,52.513575046435392,0.00350929,20,0,384,1015458,16334,3653417,29883,230,671211
1,9731,52.517194296435392,0.0034947067,20,0,384,980917,13083,3496125,29819,230,671211
1,9732,52.520686463435382,0.003427962,20,0,384,1035792,18042,3515541,29755,230,671211
1,9733,52.524141130435382,0.00361425034,20,0,384,1064375,16625,3466417,29883,230,671211
1,9734,52.527282255435381,0.00314241787,20,0,384,995708,13667,3299250,29819,230,671211
1,9735,52.530500421435391,0.00319124851,20,0,384,1004833,16250,3191042,29755,230,671211
1,9736,52.53401583843538,0.003609871,20,0,384,1036292,13458,3482625,29883,230,671211
1,9737,52.537070421435388,0.00294846226,20,0,384,964458,11416,3051459,29819,230,671211
1,9738,52.540487546435386,0.00339550036,20,0,384,1065667,15208,3175542,29755,230,671211
1,9739,52.543899505435391,0.00347987539,20,0,384,959375,11125,3643083,29883,230,671211
1,9740,52.54728250543539,0.003218665,20,0,384,973916,17500,3208625,29819,230,671211
1,9741,52.550471921435388,0.00328641571,20,0,384,1085417,17250,3397667,30143,230,671211
1,9742,52.553508088435379,0.00310824835,20,0,384,1050375,15833,3080584,29883,231,671213
1,9743,52.55693133843539,0.00329474919,20,0,384,1009625,13041,3208792,29819,231,671213
1,9744,52.560513546435388,0.00362383784,20,0,384,1059084,16500,3610834,29755,231,671213
1,9745,52.563893380435388,0.00345637766,20,0,384,975167,18584,3378959,29935,230,671211
1,9746,52.567659880435386,0.00388008077,20,0,384,974625,17709,4005416,40261,230,671211
1,9747,52.571506296435388,0.00376795628,20,0,384,949750,10417,3707292,38035,230,671211
1,9748,52.574863255435389,0.00328012323,20,0,384,987083,9458,3283417,29883,230,671211
1,9749,52.577986546435383,0.0031111252,20,0,384,1005375,19041,3159459,29819,229,671209
1,9750,52.581178713435392,0.003114959,20,0,384,1061834,13125,3132792,29755,229,671209
1,9751,52.58462833843538,0.0035994614,20,0,384,1053125,15625,3489833,29883,229,671209
1,9752,52.587745546435386,0.00309304148,20,0,384,964667,16542,3150000,29819,229,671209
1,9753,52.590847463435381,0.00306378957,20,0,384,1020375,13875,3135000,29755,229,671209
1,9754,52.59382842143539,0.00307821,20,0,384,1030166,15625,3047750,29883,229,671209
1,9755,52.596955171435383,0.0030954578,20,0,384,956583,10083,3060042,29819,229,671209
1,9756,52.600209296435381,0.00309670484,20,0,384,1011458,9375,3177333,29755,229,671209
1,9757,52.60365846343538,0.00359258777,20,0,384,1056791,14167,3401208,29883,229,671209
1,9758,52.607288171435385,0.00348737254,20,0,384,995000,12042,3427208,29819,229,671209
1,9759,52.610617255435386,0.00343767018,20,0,384,1050041,19708,3573625,29755,229,671209
1,9760,52.613998671435382,0.00336691458,20,0,384,1033208,12334,3284417,29883,229,671209
1,9761,52.61729646343538,0.00336095528,20,0,384,1035208,17042,3402084,29819,229,671209
1,9762,52.620612505435389,0.00304004387,20,0,384,981208,27417,3131667,29755,229,671209
1,9763,52.624264296435385,0.00389254536,20,0,384,1116459,17292,3742875,29883,229,671209
1,9764,52.627536880435386,0.00330795767,20,0,384,987208,15833,3296958,29819,229,671209
1,9765,52.63075300543538,0.00317095383,20,0,384,966291,18291,3315000,29755,228,671207
1,9766,52.634181921435385,0.00341416523,20,0,384,1065292,11334,3237250,29883,228,671207
1,9767,52.637568005435384,0.00340046058,20,0,384,1004750,17375,3409625,29819,228,671207
1,9768,52.641087921435386,0.00346158585,20,0,384,1001417,16583,3432625,29755,228,671207
1,9769,52.644322005435384,0.00336112524,20,0,384,972958,14750,3409334,29883,228,671207
1,9770,52.648155755435383,0.00373433251,20,0,384,959542,13375,3687042,29819,228,671207
1,9771,52.652135838435385,0.003843502,20,0,384,1010000,18459,3398625,29755,228,671207
1,9772,52.655608171435389,0.00364837027,20,0,384,1155958,15958,4081084,29883,228,671207
1,9773,52.659357963435383,0.0036682114,20,0,384,988833,13250,3705083,29819,228,671207
1,9774,52.662886255435382,0.00361682964,20,0,384,997791,16167,3474084,29755,228,671207
1,9775,52.666323880435385,0.00325150229,20,0,384,1001458,13250,3394917,29883,228,671207
1,9776,52.669565963435389,0.003421875,20,0,384,1062458,17792,3468291,30207,228,671207
1,9777,52.672749005435392,0.00313516869,20,0,384,1007083,17708,3134875,29755,229,671209
1,9778,52.676380713435393,0.00373061933,20,0,384,1084667,12917,3596292,29883,229,671209
1,9779,52.679610130435393,0.003050751,20,0,384,980458,11750,3153000,29819,229,671209
1,9780,52.683171838435385,0.00363558671,20,0,384,1028416,15541,3537625,29755,229,671209
1,9781,52.686465171435387,0.00331675168,20,0,384,1032417,17792,3424625,29883,229,671209
1,9782,52.689724630435379,0.003163662,20,0,384,1003750,18167,3251667,29819,229,671209
1,9783,52.693833296435386,0.00424871035,20,0,384,1123875,18000,3907250,29755,229,671209
1,9784,52.69753075543538,0.00361070712,20,0,384,985375,13125,3793542,29883,229,671209
1,9785,52.701200963435383,0.00362116634,20,0,384,1016500,19083,3635666,29819,229,671209
1,9786,52.704707671435386,0.00361741777,20,0,384,992250,16500,3532709,29755,229,671209
1,9787,52.708259838435382,0.00359916384,20,0,384,996417,17958,3613625,29883,229,671209
1,9788,52.711457046435385,0.00310175028,20,0,384,964417,15708,3221167,29819,229,671209
1,9789,52.715046213435386,0.003546464,20,0,384,1058792,11500,3378458,29755,229,671209
1,9790,52.719293713435391,0.00433895271,20,0,384,1078458,13916,4470584,40325,229,671209
1,9791,52.723799005435382,0.004454627,20,0,384,1002625,10500,4314334,38139,229,671209
1,9792,52.727105005435391,0.003291043,20,0,384,1084000,13042,3447250,29755,229,671209
1,9793,52.731360796435382,0.004115497,20,0,384,1145291,8667,3756667,29883,229,671209
1,9794,52.735091505435392,0.003891624,20,0,384,1167208,23708,4195166,29819,229,671209
1,9795,52.738408255435388,0.003259297,20,0,384,1046167,17584,3255334,29755,229,671209
1,9796,52.741764046435392,0.003475248,20,0,384,1032875,13000,3413958,29883,229,671209
1,9797,52.744981213435381,0.00318450248,20,0,384,997625,17917,3270791,29819,229,671209
1,9798,52.748349046435379,0.00336191175,20,0,384,1064834,13583,3229042,29755,229,671209
1,9799,52.75158946343538,0.00335416663,20,0,384,988958,21458,3433000,30357,229,671209
1,9800,52.754677338435386,0.00305612944,20,0,384,942666,15208,3057666,29819,229,671209
1,9801,52.757946630435384,0.003224667,20,0,384,950875,18708,3292167,29755,229,671209
1,9802,52.761420588435385,0.003344827,20,0,384,1028750,15250,3243459,30357,229,671209
1,9803,52.76479838043538,0.00338292238,20,0,384,1017208,17209,3358958,29871,229,671209
1,9804,52.768576421435384,0.003768417,20,0,384,1096125,18917,3714875,29755,229,671209
1,9805,52.77236446343538,0.0038048753,20,0,384,1080458,22416,3766000,29883,229,671209
1,9806,52.776055421435387,0.00373628829,20,0,384,1025042,23334,3781750,29819,229,671209
1,9807,52.779638505435386,0.00346554,20,0,384,1056875,19667,3455125,29755,229,671209
1,9808,52.783366171435389,0.0038330853,20,0,384,1029375,23750,3840625,29883,229,671209
1,9809,52.786608338435386,0.003256165,20,0,384,1046500,22875,3321583,29819,229,671209
1,9810,52.78982458843538,0.003158043,20,0,384,1010167,19375,3178750,30143,229,671209
1,9811,52.793329380435381,0.00369895832,20,0,384,1114083,12000,3600917,29883,230,671211
1,9812,52.796515171435388,0.003140292,20,0,384,934833,11584,3179250,29819,230,671211
1,9813,52.80017413043538,0.00351724774,20,0,384,959791,17667,3494125,29755,230,671211
1,9814,52.803498505435385,0.00346104032,20,0,384,993791,21125,3446125,29883,230,671211
1,9815,52.807402963435379,0.00382645964,20,0,384,978792,11666,3671458,29819,230,671211
1,9816,52.810956838435388,0.003546379,20,0,384,1039791,14333,3664583,29755,230,671211
1,9817,52.814570130435385,0.00360308238,20,0,384,1042500,19417,3602250,29883,230,671211
1,9818,52.817944213435382,0.0034383717,20,0,384,1026541,26375,3488167,29819,230,671211
1,9819,52.821574588435382,0.0035468326,20,0,384,1016958,18666,3368292,29755,230,671211
1,9820,52.825096963435385,0.00359904347,20,0,384,1024541,12375,3726500,29883,230,671211
1,9821,52.828441546435386,0.00331787835,20,0,384,1000625,20250,3363666,29819,230,671211
1,9822,52.831865421435381,0.00344445859,20,0,384,1035000,24792,3313583,29755,230,671211
1,9823,52.835122755435393,0.003287415,20,0,384,990500,23667,3440750,29883,230,671211
1,9824,52.83873467143539,0.00350291957,20,0,384,989041,17708,3464958,29819,230,671211
1,9825,52.846440255435382,0.00336837443,20,0,384,998125,13833,3389833,29755,230,671211
1,9826,52.866816088435385,0.008405747,20,0,384,5320875,14333,8194583,48409,230,671211
1,9827,52.870779171435387,0.020244373,20,0,384,4916625,12000,20221500,252281,230,671211
1,9828,52.875152255435381,0.004484545,20,0,384,1013750,12125,4671667,40197,230,671171
1,9829,52.87917700543538,0.003818495,20,0,384,1033833,15792,3846666,38163,230,671171
1,9830,52.88266821343538,0.003717673,20,0,384,1169208,11958,3538625,29819,230,671171
1,9831,52.885748921435379,0.00311220228,20,0,384,995667,13292,3286917,29755,230,671171
1,9832,52.889108088435393,0.003371712,20,0,384,996959,10750,3304916,29883,230,671171
1,9833,52.892584546435387,0.003406753,20,0,384,955666,14916,3399709,29819,230,671171
1,9834,52.895846963435389,0.00316345668,20,0,384,1030166,18417,3305833,29755,230,671171
1,9835,52.89947696343539,0.003631328,20,0,384,1102459,19167,3468208,29883,230,671171
1,9836,52.902785338435379,0.00338013028,20,0,384,1018500,13209,3372208,29819,230,671171
1,9837,52.906002130435382,0.00328524667,20,0,384,997917,20209,3425167,29755,230,671171
1,9838,52.909482088435382,0.00344404043,20,0,384,988125,7667,3292250,30271,230,671171
1,9839,52.912785088435385,0.00317108841,20,0,384,991500,18708,3255292,29819,231,671173
1,9840,52.916177380435386,0.00354883075,20,0,384,1148208,13334,3446000,29755,231,671173
1,9841,52.919443213435386,0.003111586,20,0,384,994375,16917,3193084,29883,231,671173
1,9842,52.922984046435388,0.00361099769,20,0,384,1032958,12084,3596166,29819,231,671173
1,9843,52.926617755435387,0.00370724918,20,0,384,1093209,15958,3502792,29755,231,671173
1,9844,52.930206963435381,0.00340204081,20,0,384,1002542,13709,3585917,29883,231,671173
1,9845,52.934145130435382,0.00427716831,20,0,384,1119458,21750,4267750,29819,231,671173
1,9846,52.93725446343538,0.00291199679,20,0,384,921084,11333,2932500,29755,231,671173
1,9847,52.940918421435384,0.00352875562,20,0,384,1072125,11333,3303625,29883,231,671173
1,9848,52.944471380435388,0.00369962445,20,0,384,1084125,13333,3824125,29819,231,671173
1,9849,52.949094630435383,0.004652374,20,0,384,1019750,14459,4566625,71585,231,671173
1,9850,52.952614921435384,0.00340833329,20,0,384,1048000,13875,3570333,29883,230,671171
1,9851,52.956773630435379,0.0040525794,20,0,384,1087208,12667,3899209,29819,230,671171
1,9852,52.960643255435386,0.00383871165,20,0,384,1122875,24500,3841958,29755,230,671171
1,9853,52.964121380435387,0.00369704515,20,0,384,1085000,14750,3752167,29883,230,671171
1,9854,52.967523921435387,0.00339287124,20,0,384,1037042,13666,3466583,29871,230,671171
1,9855,52.970638463435392,0.003147456,20,0,384,1060250,13583,3165875,29755,230,671171
1,9856,52.974547713435385,0.003891461,20,0,384,1062667,11958,3733375,29883,230,671171
1,9857,52.977957005435385,0.00335824839,20,0,384,1018834,12333,3428458,29819,230,671171
1,9858,52.981583421435388,0.003463166,20,0,384,1078709,21708,3353208,29755,230,671171
1,9859,52.985189880435385,0.0038252126,20,0,384,1099417,17208,3838625,29883,230,671171
1,9860,52.988709671435387,0.003480251,20,0,384,1044042,14833,3575250,29819,230,671171
1,9861,52.992155088435382,0.003465455,20,0,384,1027209,20500,3477458,29755,230,671171
1,9862,52.995734671435386,0.00366887753,20,0,384,1072541,12666,3539208,29883,230,671171
1,9863,52.99923125543539,0.003290873,20,0,384,990667,12791,3253958,29819,230,671171
1,9864,53.00273213043539,0.00362845813,20,0,384,1046542,14708,3734917,29755,230,671171
1,9865,53.00639075543539,0.003499667,20,0,384,1026500,17916,3449917,29883,230,671171
1,9866,53.009688005435379,0.00339387753,20,0,384,1074250,20333,3494458,29819,230,671171
1,9867,53.013651296435384,0.003878536,20,0,384,1112042,14958,3702292,29755,230,671171
1,9868,53.017150838435384,0.00368958339,20,0,384,1111666,17292,3707042,29883,230,671171
1,9869,53.020799046435386,0.00325892144,20,0,384,1006333,12250,3377709,29819,230,671171
1,9870,53.02491754643539,0.00444837,20,0,384,1217792,19916,4213375,29755,230,671171
1,9871,53.029052755435387,0.00409658439,20,0,384,1012959,13083,4302958,40713,230,671171
1,9872,53.033355671435388,0.00438516866,20,0,384,1119083,9917,4388083,38099,231,671173
1,9873,53.036608713435385,0.0032390377,20,0,384,1031833,11542,3315709,29755,231,671173
1,9874,53.040292588435392,0.00341229443,20,0,384,1108375,7917,3262125,29883,231,671173
1,9875,53.043937213435385,0.003887415,20,0,384,1098583,15708,3899166,29819,231,671173
1,9876,53.047375088435388,0.003447208,20,0,384,1030292,12917,3491708,29755,231,671173
1,9877,53.050636338435382,0.003249504,20,0,384,1056875,13958,3288083,29883,231,671173
1,9878,53.053922255435381,0.00329179433,20,0,384,1054041,13958,3289291,29819,231,671173
1,9879,53.057406296435389,0.00344820716,20,0,384,1059959,17416,3313333,29755,231,671173
1,9880,53.060860255435387,0.003430832,20,3,384,1032625,19333,3498583,29883,230,671171
1,9881,53.064266046435392,0.003435204,20,3,384,1030084,13042,3523750,29819,230,671171
1,9882,53.067607880435389,0.00334783876,20,3,384,1116625,11125,3265792,29755,233,671219
1,9883,53.071145213435386,0.00361112528,20,5,384,1088333,11250,3444792,29883,233,671219
1,9884,53.07487788043538,0.00367033016,20,5,384,1027334,14042,3743458,29819,233,671219
1,9885,53.078347880435388,0.00338125,20,5,384,1032375,13541,3461208,29755,235,671245
1,9886,53.08170538043538,0.00339308381,20,14,384,1057291,19333,3323667,29883,235,671245
1,9887,53.08513483843538,0.00349700265,20,14,384,1054250,20041,3587250,29819,235,671245
1,9888,53.088567755435392,0.003322541,20,14,384,1064875,12041,3306542,29755,244,671315
1,9889,53.092190796435389,0.00375824841,20,15,384,1135417,19708,3598584,29883,244,671315
1,9890,53.095679963435387,0.00338941324,20,15,384,1043792,12166,3515792,29819,244,671315
1,9891,53.09928658843539,0.00346967112,20,15,384,1112875,17083,3378541,29755,245,671321
1,9892,53.102783921435389,0.0037406676,20,21,384,1068000,19084,3732292,29883,245,671321
1,9893,53.106051880435388,0.00321979169,20,21,384,1034291,11375,3351625,29819,245,671321
1,9894,53.109582213435388,0.003525418,20,21,384,1090666,16917,3392333,29755,251,671485
1,9895,53.113145171435391,0.00363720232,20,27,384,1045583,19583,3578875,29883,251,671485
1,9896,53.116660005435392,0.003433043,20,27,384,1048166,11042,3524333,29819,251,671485
1,9897,53.120490088435389,0.0037475836,20,27,384,1049833,17542,3765042,29755,257,671521
1,9898,53.124347421435388,0.00392933656,20,27,384,1030625,20708,3730208,29883,257,671521
1,9899,53.127818921435392,0.00347504253,20,27,384,1061834,16500,3694375,29819,257,671521
1,9900,53.131261546435383,0.003314952,20,27,384,1093500,13333,3358042,29755,257,671521
1,9901,53.135021630435389,0.003991879,20,27,384,1164667,20625,3751292,29883,257,671521
1,9902,53.138818713435384,0.00355849625,20,27,384,1016583,11833,3645500,29819,257,671521
1,9903,53.142517046435387,0.00376746035,20,27,384,1087291,14125,3790625,29755,257,671521
1,9904,53.146239588435392,0.00373212877,20,27,384,1099250,16416,3625166,29883,257,671521
1,9905,53.150030546435389,0.00379550038,20,27,384,1046792,20250,3872625,30207,257,671521
1,9906,53.153533046435385,0.003528203,20,27,384,1085667,20125,3638958,29755,258,671523
1,9907,53.15701492143539,0.00350741926,20,27,384,1125583,14417,3441417,29883,258,671523
1,9908,53.16034554643538,0.003216128,20,27,384,1016250,27750,3335291,29819,258,671523
1,9909,53.164019255435392,0.00369958184,20,27,384,1100333,10958,3574500,29755,258,671523
1,9910,53.167648130435381,0.00376191176,20,27,384,1122791,17250,3690041,29883,258,671523
1,9911,53.171174671435381,0.0035024588,20,27,384,1039500,12500,3479125,29871,258,671523
1,9912,53.174546463435391,0.00333933532,20,27,384,1041542,19208,3489750,29755,258,671523
1,9913,53.178106213435385,0.00365783018,20,27,384,1089209,15375,3389375,29883,258,671523
1,9914,53.182462546435389,0.004198838,20,27,384,1039042,11333,4330209,40523,258,671523
1,9915,53.186508213435388,0.004237252,20,27,384,1062458,12542,4304250,38035,258,671523
1,9916,53.189657255435392,0.00302436925,20,27,384,1021792,11583,3045625,29883,258,671523
1,9917,53.193090338435383,0.00346425036,20,27,384,1100792,15167,3406750,29819,258,671523
1,9918,53.196351421435381,0.003328295,20,27,384,1053084,11875,3297000,29755,258,671523
1,9919,53.199751213435391,0.0033314554,20,27,384,983500,16875,3283666,29883,258,671523
1,9920,53.203065005435391,0.00326129538,20,27,384,974834,11792,3368250,29819,258,671523
1,9921,53.206623213435392,0.00347678573,20,27,384,1105958,11084,3414042,29755,258,671523
1,9922,53.210071171435388,0.00362233561,20,27,384,1145042,15167,3556667,29883,258,671523
1,9923,53.213589130435381,0.00332808238,20,27,384,1022333,13792,3349625,29819,258,671523
1,9924,53.217045713435382,0.00361625571,20,27,384,1076250,22292,3695750,29755,258,671523
1,9925,53.220516546435391,0.00331370463,20,27,384,1086042,12500,3288666,29883,258,671523
1,9926,53.224166255435392,0.00369066745,20,27,384,1098625,14125,3586834,29819,258,671523
1,9927,53.227651588435393,0.00357850059,20,27,384,1101959,18375,3657583,29755,258,671523
1,9928,53.231464255435384,0.003719331,20,27,384,1069083,11333,3652209,29883,258,671523
1,9929,53.235038755435383,0.00365175027,20,27,384,1130333,15208,3679834,29819,258,671523
1,9930,53.23864213043538,0.00347599923,20,27,384,1068042,20167,3505875,29755,258,671523
1,9931,53.242293046435393,0.003796627,20,27,384,1106666,18334,3695459,29883,258,671523
1,9932,53.246067005435393,0.00368145551,20,27,384,1048166,12625,3707792,29819,258,671523
1,9933,53.249436463435387,0.00342975487,20,27,384,1113542,16750,3569667,29755,258,671523
1,9934,53.252735755435381,0.00338003831,20,27,384,1109625,14959,3310583,29883,257,671521
1,9935,53.255978838435382,0.00319904345,20,27,384,1014000,17500,3290875,29819,257,671521
1,9936,53.259517880435382,0.00334537262,20,27,384,1114541,11541,3280041,29755,257,671521
1,9937,53.263237713435387,0.003975085,20,27,384,1121125,11250,3776083,29883,257,671521
1,9938,53.266907755435383,0.00355075113,20,27,384,1044625,12125,3678208,29819,257,671521
1,9939,53.27049771343539,0.003566043,20,27,384,1079250,13208,3585959,30143,257,671521
1,9940,53.274183380435389,0.003803954,20,27,384,1144083,14791,3578750,29883,258,671523
1,9941,53.277420963435389,0.0032417092,20,27,384,1057875,12250,3450792,29819,258,671523
1,9942,53.280957796435388,0.00330841844,20,27,384,1036541,16042,3299667,29755,258,671523
1,9943,53.284314713435393,0.00359541527,20,27,384,1087416,18666,3603125,29883,258,671523
1,9944,53.287972755435391,0.00356374728,20,27,384,1024792,16083,3438583,29819,258,671523
1,9945,53.29167675543539,0.00379108568,20,27,384,1097500,14417,3848583,29755,258,671523
1,9946,53.295059671435382,0.00339175179,20,27,384,1039750,17750,3387667,29883,258,671523
1,9947,53.298342421435379,0.0030989584,20,27,384,1037750,11125,3193042,29819,258,671523
1,9948,53.301843005435387,0.00355516584,20,27,384,1148833,15417,3530000,29755,258,671523
1,9949,53.305464380435382,0.00359749864,20,27,384,1037291,17625,3470792,29883,258,671523
1,9950,53.309013255435389,0.0036286707,20,27,384,1106209,20000,3696541,29819,258,671523
1,9951,53.312502546435383,0.003425078,20,27,384,1047375,21750,3452958,29755,258,671523
1,9952,53.31617771343538,0.00377816753,20,27,384,1138916,14833,3452792,29883,258,671523
1,9953,53.319787421435379,0.00346766575,20,27,384,1066375,12500,3751917,29819,258,671523
1,9954,53.323199213435387,0.00344225485,20,24,384,1075417,18208,3416500,29755,258,671523
1,9955,53.32666813043538,0.00355991349,20,24,384,1113542,23167,3512667,29883,258,671523
1,9956,53.33019979643538,0.00342612667,20,24,384,1049541,15667,3380584,29819,255,671437
1,9957,53.334166505435391,0.00421566749,20,24,384,1086125,23833,4378750,40197,255,671437
1,9958,53.33835554643538,0.00394533,20,24,384,982875,10583,3880042,38163,255,671437
1,9959,53.34158533843538,0.003338088,20,24,384,1111000,10875,3338208,29819,255,671437
1,9960,53.344936588435388,0.00332387327,20,24,384,1063250,15916,3376083,29755,255,671437
1,9961,53.348627088435379,0.00358249713,20,24,384,1120792,12458,3416250,29883,255,671437
1,9962,53.352418838435383,0.00390841858,20,18,384,1138500,17083,3946375,29819,254,671435
1,9963,53.355841380435379,0.00343383639,20,18,384,1039833,19167,3539000,29755,254,671435
1,9964,53.359341046435389,0.00342453946,20,18,384,1111125,12291,3279833,29883,247,671399
1,9965,53.362824546435391,0.00357808243,20,10,384,1046166,14958,3571334,29819,247,671399
1,9966,53.366493588435389,0.00360850338,20,10,384,1032625,18666,3625834,29755,247,671399
1,9967,53.370365463435391,0.003988414,20,10,384,1082625,19042,3909417,29883,239,671287
1,9968,53.373724380435391,0.00323841418,20,10,384,1021833,12833,3301500,29871,239,671287
1,9969,53.377129671435384,0.00341212447,20,10,384,1054459,15917,3471375,29755,239,671287
1,9970,53.38075192143539,0.0035739583,20,10,384,1106917,16000,3501125,29883,239,671287
1,9971,53.38406421343538,0.00342091848,20,10,384,1099541,11416,3514875,29819,239,671287
1,9972,53.387412796435385,0.00324904337,20,10,384,1036000,11042,3292333,29755,239,671287
1,9973,53.390991838435383,0.003680917,20,10,384,1111042,12583,3479417,30271,239,671287
1,9974,53.394336421435383,0.00332433381,20,10,384,1040750,13709,3444875,29819,240,671289
1,9975,53.397804338435392,0.00341033167,20,10,384,1069250,15959,3336750,29755,240,671289
1,9976,53.401269088435384,0.00349312648,20,10,384,1107209,21084,3503916,29883,240,671289
1,9977,53.404630588435381,0.00348991645,20,10,384,1014791,12208,3418167,29819,240,671289
1,9978,53.408158505435381,0.00338841416,20,10,384,1004791,11000,3463167,29755,240,671289
1,9979,53.411992213435383,0.00392242055,20,10,384,1075458,14042,3544791,29883,240,671289
1,9980,53.415627921435387,0.00343695446,20,10,384,1078500,10541,3681875,37979,240,671289
1,9981,53.419458796435379,0.003946542,20,10,384,1136709,16709,3792625,29755,240,671289
1,9982,53.423081671435384,0.00355199841,20,10,384,1041625,12584,3774833,29883,240,671289
1,9983,53.426638921435384,0.003714711,20,10,384,1062709,16250,3595375,29819,240,671289
1,9984,53.429793421435392,0.003137996,20,10,384,1034125,13375,3384791,29755,240,671289
1,9985,53.433010171435384,0.00325729884,20,10,384,1063083,12709,3183250,29883,240,671289
1,9986,53.436312130435383,0.00323662139,20,10,384,995083,17709,3281416,29819,240,671289
1,9987,53.439625088435392,0.00316620618,20,10,384,1073833,16667,3228584,29755,240,671289
1,9988,53.443119505435391,0.00377333467,20,10,384,1129250,10917,3502708,29883,240,671289
1,9989,53.446578005435384,0.003344083,20,10,384,962125,11708,3476333,29819,240,671289
1,9990,53.449938963435386,0.00332142157,20,10,384,1025625,18625,3399125,29755,240,671289
1,9991,53.453048046435384,0.00321895559,20,10,384,1086750,14708,3173792,29883,240,671289
1,9992,53.456002380435379,0.00287874858,20,10,384,977958,17084,3005209,29819,240,671289
1,9993,53.459721713435385,0.00362067041,20,10,384,1083625,14250,3423417,29755,240,671285
1,9994,53.463253963435392,0.00363541674,20,10,384,1019791,14500,3607083,29883,240,671285
1,9995,53.466704255435388,0.00344557827,20,10,384,1028292,13625,3471250,29819,240,671285
1,9996,53.469878171435383,0.00316746021,20,10,384,1011500,20750,3239833,29755,240,671285
1,9997,53.473475130435389,0.00352987531,20,10,384,1074833,11375,3458583,29883,240,671285
1,9998,53.476735171435379,0.00334345945,20,10,384,1032709,20333,3395583,29819,240,671285
1,9999,53.480452255435381,0.00362583622,20,10,384,1041875,11292,3491875,29755,240,671285
1,10000,53.485257671435392,0.00495103467,20,10,384,1027334,11833,5025459,40325,240,671285
1,10001,53.48911675543539,0.003825921,20,10,384,1009083,13667,3873416,38099,240,671285
1,10002,53.492271005435384,0.00311974925,20,10,384,1058333,11167,3178750,29755,240,671285
1,10003,53.495505963435392,0.003194997,20,10,384,1041083,15041,3099792,29883,240,671285
1,10004,53.499083088435384,0.00354279345,20,10,384,1092125,16500,3406542,29819,240,671285
1,10005,53.502292505435392,0.00329812919,20,0,384,1060875,11916,3469917,29755,240,671285
1,10006,53.505800255435389,0.00342857861,20,0,384,1064125,13125,3324416,31749,240,671285
1,10007,53.509248921435386,0.00349683245,20,0,384,1005459,12458,3516333,30207,230,671167
1,10008,53.512635963435386,0.003342999,20,0,384,1026000,18000,3354625,29755,230,671167
1,10009,53.516145880435388,0.003642588,20,0,384,1091125,11583,3506125,29883,230,671167
1,10010,53.519342880435389,0.003109375,20,0,384,1004833,15333,3284667,29819,230,671167
1,10011,53.522744713435387,0.00342666521,20,0,384,989625,17041,3413417,29755,230,671167
1,10012,53.525972171435384,0.00331500149,20,0,384,1032042,15333,3281834,29883,230,671167
1,10013,53.528996505435387,0.00298916525,20,0,384,932875,16625,3001250,29819,230,671167
1,10014,53.532479921435382,0.003388747,20,0,384,1013958,13625,3294500,29755,230,671167
1,10015,53.53585929643539,0.00348558673,20,0,384,1038375,18833,3527541,29883,230,671167
1,10016,53.539291505435386,0.00325299753,20,0,384,990584,10708,3342208,29819,230,671167
1,10017,53.542637171435388,0.00347517012,20,0,384,1025209,17917,3425709,29755,230,671167
1,10018,53.545780046435382,0.00312675023,20,0,384,1052833,10500,3155083,29883,230,671167
1,10019,53.548876588435391,0.0031483348,20,0,384,1049834,12625,3113084,29819,230,671167
1,10020,53.551906463435387,0.00306157884,20,0,384,978667,15000,3063250,29755,230,671167
1,10021,53.554957796435389,0.00311408727,20,0,384,989875,11125,3142458,29883,230,671167
1,10022,53.558446380435385,0.003265958,20,0,384,919917,14125,3215959,29819,230,671167
1,10023,53.561699880435384,0.003334042,20,0,384,1024667,17833,3346417,29755,230,671167
1,10024,53.564938880435392,0.00316070719,20,0,384,1057167,10750,3123250,29883,230,671167
1,10025,53.568150005435385,0.00337412138,20,0,384,1081125,20167,3381583,29819,230,671167
1,10026,53.571261255435388,0.00300792232,20,0,384,973375,13167,3016542,29755,230,671167
1,10027,53.574512921435385,0.00332141435,20,0,384,1047625,14292,3278709,29935,230,671167
1,10028,53.577523338435384,0.00304437359,20,0,384,975875,17125,3080459,29819,230,671167
1,10029,53.580624046435389,0.00290128961,20,0,384,980833,9417,3019750,29755,230,671167
1,10030,53.584170588435384,0.00368854171,20,0,384,1057209,13584,3491000,29883,230,671167
1,10031,53.58754546343539,0.00326524954,20,0,384,981334,17208,3310541,29819,230,671167
1,10032,53.591382046435385,0.00388425449,20,0,384,1095833,16750,3785667,29755,230,671167
1,10033,53.594504213435386,0.00320691615,20,0,384,1025875,17958,3329083,29883,230,671167
1,10034,53.597737463435379,0.0031632937,20,0,384,994292,15833,3169833,29819,230,671167
1,10035,53.601365255435383,0.0035942886,20,0,384,1076291,9625,3486459,29755,229,671165
1,10036,53.604651588435388,0.00335500273,20,0,384,989125,16708,3406458,29883,229,671165
1,10037,53.60794746343538,0.00332157733,20,0,384,1003459,18958,3295416,29819,229,671165
1,10038,53.610880838435392,0.00297042239,20,0,384,1019208,16291,3098334,29755,229,671165
1,10039,53.614047463435384,0.00310424459,20,0,384,999667,12125,2981750,29883,229,671165
1,10040,53.617501255435386,0.00347029488,20,0,384,1016250,17167,3427333,29819,229,671165
1,10041,53.62077950543538,0.00310979318,20,0,384,996500,17042,3224750,29755,229,671165
1,10042,53.624157588435381,0.00361270551,20,0,384,1068750,15833,3430833,29883,229,671165
1,10043,53.627348671435385,0.00304775359,20,0,384,941625,11833,3177459,29819,229,671165
1,10044,53.630847130435384,0.00347799738,20,0,384,1041500,11375,3408542,30143,229,671165
1,10045,53.635051421435392,0.004347789,20,0,384,1067542,19959,4355458,40325,230,671167
1,10046,53.639431713435386,0.00420679571,20,0,384,1013917,11083,4257042,38099,230,671167
1,10047,53.642607630435393,0.00333512621,20,0,384,1087625,12833,3378708,29755,230,671167
1,10048,53.64598854643539,0.003297371,20,0,384,1050750,9000,3133041,29883,230,671167
1,10049,53.649389796435386,0.00340766716,20,0,384,1063500,10541,3379541,29819,230,671167
1,10050,53.652596088435388,0.0032717546,20,0,384,1017500,19458,3414709,29755,230,671167
1,10051,53.655753171435379,0.00309945433,20,0,384,1004208,10625,3149584,29883,230,671167
1,10052,53.659210505435382,0.00340449973,20,0,384,1054458,12083,3252000,29819,230,671167
1,10053,53.662480796435389,0.00333837862,20,0,384,1002584,15125,3362250,29755,230,671167
1,10054,53.665818755435382,0.00338382926,20,0,384,1039584,11917,3283875,29883,230,671167
1,10055,53.668942213435386,0.00310437218,20,0,384,993750,16709,3259000,29819,230,671167
1,10056,53.672230421435387,0.0032409227,20,0,384,1026875,10375,3224917,29755,230,671167
1,10057,53.675653880435391,0.00343674887,20,0,384,1088125,11375,3399708,29883,230,671167
1,10058,53.67889050543539,0.00312183239,20,0,384,1004334,15333,3184917,29819,230,671167
1,10059,53.682262921435381,0.00347295916,20,0,384,1032625,18750,3303792,29755,230,671167
1,10060,53.685558588435384,0.003383709,20,0,384,1026542,19166,3426125,29883,230,671167
1,10061,53.688717255435392,0.0031686225,20,0,384,967708,11291,3280542,29819,230,671167
1,10062,53.691932380435389,0.00312437653,20,0,384,950750,13292,3170833,29755,230,671167
1,10063,53.695033755435389,0.00317687774,20,0,384,1054000,21584,3105875,29883,230,671167
1,10064,53.698247755435389,0.0030159934,20,0,384,979166,14000,2989333,29819,230,671167
1,10065,53.70173992143539,0.00353633775,20,0,384,1142250,16250,3505125,29755,230,671167
1,10066,53.705431546435392,0.00380324549,20,0,384,996292,17625,3693291,29883,230,671167
1,10067,53.708884713435381,0.00343992352,20,0,384,981833,15875,3504583,29819,230,671167
1,10068,53.712143630435392,0.00321703521,20,0,384,1001250,18708,3291584,29755,230,671167
1,10069,53.715597630435383,0.003443006,20,0,384,1099959,11625,3196375,29883,230,671167
1,10070,53.71909413043538,0.0034375,20,0,384,1038625,13208,3611584,29819,230,671167
1,10071,53.722674505435393,0.00360687356,20,0,384,1010541,16334,3580791,29755,230,671167
1,10072,53.72598617143538,0.0034259567,20,0,384,1049834,22041,3482167,29883,230,671167
1,10073,53.729275963435384,0.003205336,20,0,384,985083,14166,3186666,29819,230,671167
1,10074,53.732641421435389,0.00333262468,20,0,384,1060334,14125,3306208,29755,230,671167
1,10075,53.736011505435386,0.00351337157,20,0,384,1081250,18625,3512167,29883,230,671167
1,10076,53.739482963435393,0.00331612816,20,0,384,970417,12791,3305333,29819,230,671167
1,10077,53.742944630435389,0.00352199539,20,0,384,1025959,12917,3472291,29755,230,671167
1,10078,53.746605046435391,0.00364345941,20,0,384,1043833,21084,3606250,29883,230,671167
1,10079,53.749880213435389,0.003331165,20,0,384,1036083,16125,3374042,30207,230,671167
1,10080,53.753136505435393,0.00321284,20,0,384,1040459,10834,3304250,29755,231,671169
1,10081,53.756429171435386,0.00324207777,20,0,384,1073500,14042,3195625,29883,231,671169
1,10082,53.760007046435391,0.00369937648,20,0,384,1033875,18542,3430250,29819,231,671169
1,10083,53.763365588435391,0.00334479171,20,0,384,943125,13792,3559916,29755,231,671169
1,10084,53.766727880435383,0.00338596222,20,0,384,993917,19209,3385917,29883,231,671169
1,10085,53.770036255435386,0.00326566049,20,0,384,977209,16916,3294125,29819,231,671169
1,10086,53.773269588435383,0.00321471086,20,0,384,1013792,20084,3304917,29755,231,671169
1,10087,53.776454588435385,0.00325383362,20,0,384,1063583,19417,3195167,29935,231,671169
1,10088,53.779679338435386,0.00313662132,20,0,384,1010000,14583,3023416,29819,231,671169
1,10089,53.783148171435386,0.00353784021,20,0,384,976750,13709,3465583,29755,231,671169
1,10090,53.786984463435388,0.00394116342,20,0,384,974250,18208,4135792,40325,231,671169
1,10091,53.790775671435384,0.00366362673,20,0,384,954292,9791,3566833,38099,231,671169
1,10092,53.793947255435384,0.00319041242,20,0,384,1010792,11041,3283792,29755,231,671169
1,10093,53.797343213435383,0.00330025516,20,0,384,1061500,8333,3195791,29883,231,671169
1,10094,53.800912213435382,0.00359204225,20,0,384,1041583,24791,3597333,29819,231,671169
1,10095,53.804164380435381,0.0032787486,20,0,384,979250,16541,3272750,29755,231,671169
1,10096,53.807536546435387,0.00349175162,20,0,384,1039167,18666,3336750,29883,231,671169
1,10097,53.810552338435386,0.00299182953,20,0,384,963375,12292,3199625,29819,231,671169
1,10098,53.814342171435385,0.00357954227,20,0,384,990917,10167,3363750,29755,231,671169
1,10099,53.817654755435385,0.00357079087,20,0,384,1057750,25833,3601166,29883,231,671169
1,10100,53.820971505435381,0.003059708,20,0,384,940917,11958,3207958,29819,231,671169
1,10101,53.824420046435392,0.00354250288,20,0,384,1041667,17542,3576083,29755,231,671169
1,10102,53.827742755435381,0.00341658155,20,0,384,1059792,13209,3303125,29883,231,671169
1,10103,53.83083742143539,0.0030520407,20,0,384,970042,11750,3193791,29819,231,671169
1,10104,53.834116588435393,0.00327308662,20,0,384,1065084,11625,3191750,29755,231,671169
1,10105,53.837320088435391,0.00317537552,20,0,384,1034500,13625,3179000,29883,231,671169
1,10106,53.840687880435382,0.00326541252,20,0,384,1044125,16458,3116666,29819,231,671169
1,10107,53.843977046435384,0.0034127906,20,0,384,1021709,14000,3562750,29755,231,671169
1,10108,53.84739533843539,0.00342346239,20,0,384,1045916,10375,3431083,29883,231,671169
1,10109,53.850633671435389,0.00321782869,20,0,384,1022584,16459,3178417,30303,231,671169
1,10110,53.853637505435387,0.0030135063,20,0,384,1033500,13459,3131584,29755,231,671169
1,10111,53.856777296435382,0.00310095656,20,0,384,1037625,15250,2970750,29883,231,671169
1,10112,53.860228380435387,0.003468247,20,0,384,1023416,20542,3477542,29819,231,671169
1,10113,53.863370005435385,0.00319608836,20,0,384,965875,19792,3201416,29755,231,671169
1,10114,53.866713921435391,0.0032646188,20,0,384,1047875,12292,3197875,29883,230,671167
1,10115,53.86993646343538,0.0032591694,20,0,384,998583,18416,3326917,30207,230,671167
1,10116,53.873299755435383,0.00325975055,20,0,384,1063417,10167,3169333,29755,231,671169
1,10117,53.876910713435379,0.00386770838,20,0,384,1080250,18500,3870916,29883,231,671169
1,10118,53.880050921435384,0.00291954353,20,0,384,959625,10042,3015958,29819,231,671169
1,10119,53.883479088435379,0.00350116217,20,0,384,1008000,17750,3409708,29755,231,671169
1,10120,53.88658342143539,0.00312054274,20,0,384,1043833,13042,3186958,29883,231,671169
1,10121,53.889795380435388,0.0031067885,20,0,384,1046750,15292,3084417,29819,231,671169
1,10122,53.89330258843539,0.003599419,20,0,384,1125875,12125,3496708,29755,231,671169
1,10123,53.896552005435382,0.00332916668,20,0,384,1007166,17625,3399875,29883,231,671169
1,10124,53.899910005435387,0.00328450254,20,0,384,944458,17083,3234458,29819,231,671169
1,10125,53.903100588435379,0.00313933543,20,0,384,945125,16500,3225417,29755,231,671169
1,10126,53.906322380435384,0.003171875,20,0,384,1095750,11708,3128250,29883,231,671169
1,10127,53.909977046435387,0.00376495183,20,0,384,1097833,14583,3676542,29819,231,671169
1,10128,53.91324888043539,0.00326433522,20,0,384,992333,19041,3328125,29755,231,671169
1,10129,53.916656005435385,0.00342295924,20,0,384,1017750,16750,3383708,29883,231,671169
1,10130,53.919898296435392,0.00315929,20,0,384,998458,21209,3224666,29819,231,671169
1,10131,53.923279963435391,0.0033923327,20,0,384,1005417,18208,3272084,29755,231,671169
1,10132,53.926616380435391,0.003411501,20,0,384,1049500,18125,3477375,29883,231,671169
1,10133,53.929826796435393,0.00320779486,20,0,384,988792,15209,3224583,29819,231,671169
1,10134,53.933224963435379,0.00337420637,20,0,384,1000250,16917,3282291,29755,231,671169
1,10135,53.93725192143539,0.004105421,20,0,384,1004875,16875,4202000,40325,231,671169
1,10136,53.941332213435388,0.00398028642,20,0,384,1004917,9792,3993542,38099,231,671169
1,10137,53.94433508843538,0.003138584,20,0,384,986875,10334,3194875,29755,231,671169
1,10138,53.947700963435381,0.00325891445,20,0,384,1008416,7375,3084583,29883,231,671169
1,10139,53.950887463435379,0.00315029756,20,0,384,997416,19042,3301709,29819,231,671169
1,10140,53.953983463435392,0.00312407874,20,0,384,1068417,15084,3118083,29755,231,671169
1,10141,53.957296588435383,0.003362918,20,0,384,1072833,13625,3272875,29883,231,671169
1,10142,53.96042879643538,0.003032582,20,0,384,985875,13750,3060000,29819,231,671169
1,10143,53.963626130435387,0.003300836,20,0,384,1000875,17417,3341000,29755,231,671169
1,10144,53.96723100543538,0.00360116223,20,0,384,1020041,8834,3395167,29883,231,671169
1,10145,53.970378296435385,0.00309150363,20,0,384,1000208,14459,3237167,29819,231,671169
1,10146,53.973615046435384,0.00307604158,20,0,384,1051375,18583,3042541,29755,231,671169
1,10147,53.976974338435383,0.00363142,20,0,384,1115458,20125,3603250,29935,231,671169
1,10148,53.980265005435385,0.00315929,20,0,384,941708,11125,3208209,29819,231,671169
1,10149,53.984215130435388,0.004095791,20,0,384,963041,13875,3999834,29755,231,671169
1,10150,53.987409338435384,0.003045082,20,0,384,959792,11166,3141125,29883,231,671169
1,10151,53.990966255435382,0.00358241913,20,0,384,1001375,16375,3437750,30207,231,671169
1,10152,53.994153088435382,0.00321558258,20,0,384,1009667,12542,3361458,29755,232,671171
1,10153,53.997526671435381,0.00343983131,20,0,384,1037042,11125,3331000,29883,232,671171
1,10154,54.000849505435383,0.00317874853,20,0,384,983667,11209,3186000,29819,232,671171
1,10155,54.004139421435383,0.00331196142,20,0,384,971625,17500,3362208,29755,232,671171
1,10156,54.007868130435384,0.00379970949,20,0,384,1070666,14041,3630833,29883,232,671171
1,10157,54.011240546435388,0.003344161,20,0,384,1005292,14208,3510125,29819,232,671171
1,10158,54.014558088435379,0.00321812648,20,0,384,1000458,17541,3282833,29947,232,671171
1,10159,54.018102963435382,0.00367599912,20,0,384,1118667,14584,3401125,29883,232,671171
1,10160,54.021701421435381,0.00327862822,20,0,384,999792,13125,3377959,29819,232,671171
1,10161,54.025309713435391,0.00379208475,20,0,384,1098750,17583,3812333,29947,232,671171
1,10162,54.02870954643538,0.00356016145,20,0,384,1087583,19167,3521166,29883,232,671171
1,10163,54.032119755435389,0.00324575533,20,0,384,977750,15334,3254458,29819,232,671171
1,10164,54.03563713043539,0.003640455,20,0,384,1024833,19417,3690167,29947,232,671171
1,10165,54.039177713435379,0.00344150374,20,0,384,992834,20292,3414417,29883,232,671171
1,10166,54.042555713435391,0.00346879242,20,0,384,1031333,11000,3488542,29819,232,671171
1,10167,54.04576567143539,0.00309453649,20,0,384,1023250,18458,3235625,29755,232,671171
1,10168,54.049393005435391,0.00376991928,20,0,384,1125458,18167,3465125,30075,232,671171
1,10169,54.05264967143539,0.00322874868,20,0,384,1010042,12459,3413333,29819,232,671171
1,10170,54.05607446343538,0.00335737667,20,0,384,1003584,17000,3258000,29755,232,671171
1,10171,54.05951775543538,0.00346779334,20,0,384,1031583,18875,3493666,30075,232,671171
1,10172,54.062783505435391,0.00322708325,20,0,384,968917,14417,3308042,29819,232,671171
1,10173,54.066565046435386,0.00380524388,20,0,384,1109541,9541,3699583,29755,232,671171
1,10174,54.070117463435381,0.003613088,20,0,384,1014584,19042,3530209,31695,232,671171
1,10175,54.07360200543539,0.00333366636,20,0,384,1041292,12292,3461459,30011,232,671171
1,10176,54.076762921435389,0.00328966836,20,0,384,1062458,25708,3391083,29755,232,671171
1,10177,54.080092671435381,0.00331986952,20,0,384,1049667,15250,3181541,29883,232,671171
1,10178,54.083538171435379,0.00350925443,20,0,384,973083,12334,3414000,30011,232,671171
1,10179,54.087664588435388,0.004123122,20,0,384,977333,13375,4187916,40197,232,671171
1,10180,54.091650671435389,0.00402437663,20,0,384,1016042,14916,4103542,38163,232,671171
1,10181,54.094747421435386,0.00299091544,20,0,384,986500,10167,3083625,29819,232,671171
1,10182,54.097904171435388,0.00311225187,20,0,384,1105666,12041,3085292,29947,232,671171
1,10183,54.101405880435379,0.00357991783,20,0,384,1077459,19625,3412833,29883,232,671171
1,10184,54.104730713435387,0.0033711663,20,0,384,939208,13833,3311542,29819,232,671171
1,10185,54.108157713435389,0.00337599916,20,0,384,946209,11458,3472084,30335,232,671171
1,10186,54.111491963435384,0.00337912422,20,0,384,1021958,11875,3371542,29883,233,671173
1,10187,54.114743546435392,0.00313904486,20,0,384,962125,10834,3208459,29819,233,671173
1,10188,54.118476005435383,0.0036674533,20,0,384,1089417,12709,3569667,29755,233,671173
1,10189,54.121979796435383,0.00369066745,20,0,384,1023417,19125,3641959,30075,233,671173
1,10190,54.125481463435392,0.00344775361,20,0,384,987167,13000,3492917,29819,233,671173
1,10191,54.12881713043538,0.00325783016,20,0,384,999250,21417,3329291,29755,233,671173
1,10192,54.132159713435385,0.003385459,20,0,384,1120125,10625,3264375,30075,233,671173
1,10193,54.135562296435381,0.00346762338,20,0,384,1024000,12625,3520875,29819,233,671173
1,10194,54.138898088435383,0.00315070851,20,0,384,996459,16291,3239792,29755,233,671173
1,10195,54.142367713435391,0.00361387478,20,0,384,1077209,10917,3509500,29883,233,671173
1,10196,54.145759630435393,0.00331121031,20,0,384,1004750,18167,3325083,30011,233,671173
1,10197,54.149299671435386,0.00355395419,20,0,384,1078750,19166,3466917,29755,233,671173
1,10198,54.152705130435379,0.00354246027,20,0,384,1043417,19833,3533209,29883,233,671173
1,10199,54.156240546435384,0.00340862386,20,0,384,984500,12833,3469459,30011,232,671171
1,10200,54.159841380435381,0.00349824969,20,0,384,1060459,17541,3490917,29755,232,671171
1,10201,54.163350380435389,0.00369821419,20,0,384,1003667,21708,3602917,29883,232,671171
1,10202,54.167041505435392,0.00370058115,20,0,384,1029542,12083,3688041,29819,231,671169
1,10203,54.170306005435393,0.00326045929,20,0,384,974667,14791,3405208,30161,231,671169
1,10204,54.174255505435383,0.003896209,20,0,384,1013709,13459,3678916,29883,231,671169
1,10205,54.177644921435387,0.00334595377,20,0,384,1066875,13500,3481375,29871,231,671169
1,10206,54.181253671435385,0.00347721088,20,0,384,1061583,19542,3504458,29947,231,671169
1,10207,54.184675713435382,0.00363233429,20,0,384,1095667,18417,3599042,29883,231,671169
1,10208,54.188124005435384,0.003478876,20,0,384,987666,17833,3456708,29819,231,671169
1,10209,54.191655796435384,0.0034539965,20,0,384,964125,21500,3441292,29947,231,671169
1,10210,54.195228463435384,0.00360250147,20,0,384,1038084,17209,3501000,29883,231,671169
1,10211,54.199213046435389,0.00392979,20,0,384,1012792,15000,3794250,29819,231,671169
1,10212,54.202835671435381,0.003547123,20,0,384,1023083,12375,3835500,29755,231,671169
1,10213,54.206824380435393,0.00404625153,20,0,384,1129333,17375,3847875,29883,231,671169
1,10214,54.21023596343538,0.003490377,20,0,384,1060208,17667,3619125,29819,231,671169
1,10215,54.213717713435386,0.00341291819,20,0,384,982667,21084,3441291,29755,231,671169
1,10216,54.217179713435385,0.00352003961,20,0,384,1062375,13125,3514500,29883,231,671169
1,10217,54.220542338435379,0.00321024656,20,0,384,1000500,17042,3219834,29819,231,671169
1,10218,54.223813380435388,0.00339396251,20,0,384,1054084,19334,3366750,29947,231,671169
1,10219,54.227024046435389,0.0032803358,20,0,384,1037625,17083,3267625,29883,231,671169
1,10220,54.230364046435383,0.00322787,20,0,384,948625,15000,3219583,30207,231,671169
1,10221,54.234535296435382,0.00424970966,20,0,384,1065416,21250,4017708,29755,232,671171
1,10222,54.238821463435386,0.004215625,20,0,384,1036417,12250,4469750,40325,232,671171
1,10223,54.242836630435391,0.00418399926,20,0,384,1027125,11833,4190458,38147,232,671171
1,10224,54.24652225543538,0.003743665,20,0,384,967500,12334,3735709,38339,231,671169
1,10225,54.249694671435392,0.003012585,20,0,384,947333,9083,2955500,29883,231,671169
1,10226,54.25302058843539,0.00329404045,20,0,384,996875,17041,3331750,29819,231,671169
1,10227,54.256496796435385,0.003447293,20,0,384,1020542,18417,3450333,29755,231,671169
1,10228,54.259895713435384,0.0035395408,20,0,384,1053250,19375,3288709,29883,231,671169
1,10229,54.263051838435388,0.00301379687,20,0,384,918917,9042,3221416,29819,231,671169
1,10230,54.266616421435387,0.00362157729,20,0,384,1066458,17958,3566542,29755,231,671169
1,10231,54.270106546435386,0.00351754529,20,0,384,1003292,20583,3435834,29883,231,671169
1,10232,54.273211171435392,0.00302383071,20,0,384,983708,18041,3256875,29819,231,671169
1,10233,54.276726171435385,0.00357825262,20,0,384,1093417,15167,3422958,29755,231,671169
1,10234,54.28027125543538,0.00351104024,20,0,384,1006500,17042,3388208,29883,231,671169
1,10235,54.284143213435385,0.00404229,20,0,384,1010709,10750,4235333,29819,231,671169
1,10236,54.287202380435389,0.00294804433,20,0,384,951584,11125,2966833,29755,231,671169
1,10237,54.290620796435391,0.003430747,20,0,384,1044708,9958,3359250,29883,231,671169
1,10238,54.293758546435384,0.00313046342,20,0,384,987375,18125,3212167,29819,231,671169
1,10239,54.296883588435392,0.00309841265,20,0,384,1025833,10709,3072250,29755,231,671169
1,10240,54.300130796435383,0.00315791531,20,0,384,1029125,14750,3101542,29883,230,671167
1,10241,54.30341075543538,0.00333850621,20,0,384,1024417,17875,3356416,29819,230,671167
1,10242,54.306754755435392,0.0032321217,20,0,384,1070750,16416,3247500,29755,230,671167
1,10243,54.310164630435381,0.00365487533,20,0,384,1086708,20125,3578958,29883,230,671167
1,10244,54.313397005435391,0.00311554,20,0,384,945250,16625,3115042,29819,230,671167
1,10245,54.316832380435386,0.00344749866,20,0,384,1022167,17833,3481291,29755,230,671167
1,10246,54.319999421435384,0.00310233841,20,0,384,1046416,12750,3150541,29883,230,671167
1,10247,54.32343471343539,0.00341945863,20,0,384,1014292,10375,3358292,29819,230,671167
1,10248,54.32682267143538,0.00351774367,20,0,384,1023125,21250,3486958,29755,230,671167
1,10249,54.330176421435382,0.00336304563,20,0,384,986791,15500,3401416,29883,230,671167
1,10250,54.33405288043538,0.003983128,20,0,384,961750,18625,4007167,29819,230,671167
1,10251,54.337225380435385,0.00291395257,20,0,384,933208,11125,2921250,29755,230,671167
1,10252,54.340927880435387,0.00370854582,20,0,384,1097708,19584,3373500,29883,230,671167
1,10253,54.344532463435385,0.00362999574,20,0,384,1042458,12917,3894000,29819,230,671167
1,10254,54.34813271343539,0.00348558673,20,0,384,1027708,17834,3475375,29755,230,671167
1,10255,54.351819005435388,0.00387183251,20,0,384,1088459,15417,3781959,30271,230,671167
1,10256,54.355598005435382,0.00369641441,20,0,384,1005750,13833,3714709,29819,231,671169
1,10257,54.35912946343538,0.00341375428,20,0,384,1027041,22083,3480166,29755,231,671169
1,10258,54.362602921435382,0.00361199677,20,0,384,1036833,21250,3532750,29883,231,671169
1,10259,54.36597692143539,0.003440625,20,0,384,1041625,16625,3470458,29819,231,671169
1,10260,54.369065880435386,0.00315753976,20,0,384,996084,17834,3247958,29755,231,671169
1,10261,54.372462546435386,0.00335400365,20,0,384,1003084,11208,3151875,29883,231,671169
1,10262,54.375727505435393,0.003184375,20,0,384,1008334,10833,3270083,29819,231,671169
1,10263,54.37937171343539,0.00343903759,20,0,384,1031542,18459,3458459,29807,231,671169
1,10264,54.382939213435392,0.00389766856,20,0,384,1063166,23334,3727166,29883,231,671169
1,10265,54.386430921435391,0.00341766584,20,0,384,964208,12625,3489750,29819,231,671169
1,10266,54.391034880435384,0.00453475071,20,0,384,985375,17709,4600833,40197,231,671169
1,10267,54.395324796435389,0.00427133637,20,0,384,1078833,13417,4252292,38163,231,671169
1,10268,54.39875471343538,0.00321416534,20,0,384,1123250,12917,3322125,29819,231,671169
1,10269,54.402343380435383,0.00387116638,20,0,384,1125500,23542,3760542,29755,231,671169
1,10270,54.405810588435386,0.00342608429,20,0,384,999791,19458,3426750,29883,231,671169
1,10271,54.409288713435387,0.00341653917,20,0,384,989542,21334,3415250,29819,231,671169
1,10272,54.413138963435387,0.00394017156,20,0,384,1099000,16167,3911000,29755,231,671169
1,10273,54.416852963435389,0.00375695154,20,0,384,1000792,19209,3660209,29883,231,671169
1,10274,54.420436005435391,0.00332917366,20,0,384,992000,13083,3403625,29819,231,671169
1,10275,54.42410742143538,0.00389453652,20,0,384,1099750,18958,3804333,29755,231,671169
1,10276,54.427505088435382,0.00334208482,20,0,384,1025416,14834,3460792,29883,231,671169
1,10277,54.431105255435384,0.00354583329,20,0,384,1052375,17125,3415834,29819,230,671167
1,10278,54.43442333843538,0.00346658169,20,0,384,1054042,23292,3597125,29755,230,671167
1,10279,54.437762630435387,0.003339463,20,0,384,1016625,12625,3210834,29883,230,671167
1,10280,54.44622779643538,0.003500744,20,0,384,975375,18542,3481500,29819,230,671167
1,10281,54.466599005435384,0.009029754,20,0,384,5375750,13333,9071875,82259,230,671167
1,10282,54.47064321343538,0.0201003328,20,0,384,5089167,20084,20074167,208348,230,671181
1,10283,54.474179380435388,0.00370562635,20,0,384,1054917,13875,3732709,30207,230,671171
1,10284,54.47741767143539,0.00329479156,20,0,384,1025084,20500,3451750,29755,231,671173
1,10285,54.481285380435381,0.00375191332,20,0,384,1040417,13917,3538375,29883,231,671173
1,10286,54.484702421435387,0.003521712,20,0,384,1083125,13000,3595541,29819,231,671173
1,10287,54.488144421435379,0.00339307683,20,0,384,1009958,19458,3414625,29755,231,671173
1,10288,54.491612463435388,0.00360092125,20,0,384,1009041,21375,3479541,29883,231,671173
1,10289,54.494539421435391,0.00290270685,20,0,384,977625,12916,3131708,29819,231,671173
1,10290,54.497418255435392,0.00290908455,20,0,384,1020417,11500,2943334,29755,231,671173
1,10291,54.501089671435381,0.00358737237,20,0,384,1004250,12667,3313750,29883,231,671173
1,10292,54.504828838435387,0.003590958,20,0,384,978208,11458,3649042,29819,231,671173
1,10293,54.508489796435384,0.00375554129,20,0,384,1100209,22250,3738584,29755,231,671173
1,10294,54.511783546435382,0.00329117058,20,0,384,1032334,18333,3368958,29883,231,671173
1,10295,54.515585005435383,0.00386012625,20,0,384,1076875,16834,3633458,29819,231,671173
1,10296,54.518880005435392,0.00318620331,20,0,384,1045375,11375,3472167,29755,231,671173
1,10297,54.522441838435384,0.00367850065,20,0,384,1034083,15625,3603125,29883,231,671173
1,10298,54.525813755435379,0.003365462,20,0,384,989834,17625,3380417,29819,231,671173
1,10299,54.529029046435383,0.00308920769,20,0,384,1034041,16000,3167791,29755,231,671173
1,10300,54.533249463435382,0.00422683544,20,0,384,1140333,15459,3928583,29883,231,671173
1,10301,54.537053088435385,0.0039690407,20,0,384,1083417,15417,3932333,29819,231,671173
1,10302,54.541439755435391,0.00425687339,20,0,384,1024042,11459,4460542,40197,231,671173
1,10303,54.54560363043538,0.004212585,20,0,384,1034166,12584,4231625,38163,231,671173
1,10304,54.549362046435391,0.00381066464,20,0,384,1114709,11792,3565959,29819,231,671173
1,10305,54.55281413043538,0.00335416663,20,0,384,1035375,13500,3631834,29755,231,671173
1,10306,54.556381588435386,0.003553706,20,0,384,1096250,16625,3426208,29883,231,671173
1,10307,54.560676671435388,0.00435133232,20,0,384,1082875,16500,4354208,39843,231,671173
1,10308,54.564176380435384,0.003500418,20,0,384,1009917,11500,3559917,29755,231,671173
1,10309,54.567726463435392,0.003547541,20,0,384,1076000,13083,3495042,29883,231,671173
1,10310,54.571192630435391,0.00353716686,20,0,384,1028666,20333,3506125,29819,231,671173
1,10311,54.574550630435382,0.00323350332,20,0,384,980042,17250,3369291,29755,231,671173
1,10312,54.578186796435389,0.00374341686,20,0,384,1110708,13209,3551334,29883,231,671173
1,10313,54.581719255435388,0.00335366349,20,0,384,1035041,15459,3446917,29871,231,671173
1,10314,54.585147463435391,0.00353845675,20,0,384,1049042,21083,3578334,29755,231,671173
1,10315,54.588799505435389,0.00334520964,20,0,384,1056583,12917,3222459,30271,231,671173
1,10316,54.592518213435383,0.0040349206,20,0,384,1332375,22750,3999333,29819,232,671175
1,10317,54.59606558843538,0.00353583484,20,0,384,1042875,14708,3642416,29755,232,671175
1,10318,54.599547880435381,0.003469409,20,0,384,1056000,17209,3445625,29883,232,671175
1,10319,54.602935796435389,0.003448753,20,0,384,1007417,13917,3440375,29819,232,671175
1,10320,54.606341296435389,0.003306087,20,0,384,1018334,17750,3233084,29755,232,671175
1,10321,54.609912880435388,0.00372033031,20,0,384,1068792,22792,3596125,29883,231,671173
1,10322,54.613140796435388,0.00313237659,20,0,384,996834,13292,3308459,29819,231,671173
1,10323,54.61641029643539,0.003275248,20,0,384,1055958,15541,3373708,29755,231,671173
1,10324,54.619633005435389,0.0032046272,20,0,384,1066125,16166,3166333,29883,231,671173
1,10325,54.622753630435383,0.00320849638,20,0,384,1013125,16291,3248125,29819,231,671173
1,10326,54.625918546435386,0.00317337736,20,0,384,1054458,9666,3172584,29755,231,671173
1,10327,54.628954755435387,0.003009956,20,0,384,1009250,10958,3002334,29883,231,671173
1,10328,54.632398671435382,0.00341687934,20,0,384,1081917,7834,3214334,29819,231,671173
1,10329,54.635900088435392,0.00350062363,20,0,384,1020333,17542,3612791,29755,231,671173
1,10330,54.639502755435387,0.00350958039,20,0,384,1055667,14292,3466958,29883,231,671173
1,10331,54.642946755435389,0.00348487822,20,0,384,1068542,13167,3487708,29819,231,671173
1,10332,54.646358213435391,0.00355503825,20,0,384,1068750,18375,3558375,29755,231,671173
1,10333,54.649529588435385,0.00314529473,20,0,384,939625,19834,3114333,29883,231,671173
1,10334,54.65264608843539,0.003103954,20,0,384,988292,17125,3231000,29819,231,671173
1,10335,54.655738463435384,0.0030186295,20,0,384,1043250,12917,3076750,29755,231,671173
1,10336,54.659004421435384,0.00328466552,20,0,384,1120208,14917,3095416,29883,231,671173
1,10337,54.661945088435388,0.00302212313,20,3,384,933292,12958,3088750,29819,231,671173
1,10338,54.66522142143539,0.00306041655,20,3,384,1031417,9084,3100375,29755,231,671173
1,10339,54.66867996343538,0.00364404055,20,3,384,1181000,16541,3523541,29883,234,671271
1,10340,54.671851546435391,0.00311734,20,3,384,1003833,19583,3164791,29819,234,671271
1,10341,54.67489142143539,0.00312445429,20,3,384,1049541,10625,3191875,29995,234,671271
1,10342,54.677824921435388,0.002925503,20,3,384,998334,14542,2925125,29883,234,671271
1,10343,54.680936046435392,0.0030037486,20,6,384,1021125,9417,2987917,29819,234,671271
1,10344,54.684444046435388,0.00352808251,20,6,384,1019459,13042,3484792,29755,234,671271
1,10345,54.688045005435384,0.003709793,20,6,384,1075875,14875,3462542,29883,237,671369
1,10346,54.692077046435386,0.00401566736,20,6,384,1010042,11500,4236250,40261,237,671369
1,10347,54.69587479643539,0.00378887472,20,6,384,1031625,14083,3740375,38035,237,671369
1,10348,54.699691880435381,0.00359012187,20,6,384,1030292,15584,3436750,29883,237,671369
1,10349,54.70319592143538,0.003626878,20,6,384,1131417,13500,3751125,29819,237,671369
1,10350,54.70671808843538,0.003397208,20,6,384,1065875,17042,3345292,29755,237,671369
1,10351,54.710110213435385,0.003593084,20,6,384,1080375,20625,3600167,30271,237,671369
1,10352,54.713260671435393,0.0031791667,20,9,384,997709,18666,3290750,29819,238,671371
1,10353,54.716722380435385,0.003375333,20,9,384,1010583,16000,3392250,29755,238,671371
1,10354,54.720132630435387,0.00335383369,20,9,384,1070875,13750,3296667,29883,241,671469
1,10355,54.723506838435384,0.00335212587,20,9,384,1023375,13042,3305041,29819,241,671469
1,10356,54.726940546435387,0.00353049883,20,9,384,1049709,20292,3573625,29755,241,671469
1,10357,54.730251130435391,0.00332891149,20,9,384,1060541,13542,3309292,29883,241,671469
1,10358,54.734013546435392,0.00379375,20,12,384,1013959,18000,3673375,29819,241,671469
1,10359,54.737171296435392,0.00312037976,20,12,384,1026167,12541,3278250,29755,241,671469
1,10360,54.740583713435385,0.00339599629,20,12,384,1059833,10917,3137750,29883,244,671567
1,10361,54.74402875543538,0.00347175449,20,12,384,1005541,11541,3644958,29819,244,671567
1,10362,54.747291338435389,0.00323528913,20,12,384,1025166,16834,3327667,29755,244,671567
1,10363,54.750609130435379,0.0033449193,20,13,384,1083542,14292,3305750,29883,244,671567
1,10364,54.753730255435386,0.00312216557,20,13,384,1027500,16375,3154584,29819,244,671567
1,10365,54.757075296435389,0.003277211,20,13,384,1085334,9458,3053584,29755,245,671613
1,10366,54.760411296435379,0.00336470385,20,13,384,1039500,22250,3529375,29883,245,671613
1,10367,54.763552838435388,0.00318179559,20,13,384,980333,11083,3229209,29819,245,671613
1,10368,54.767040963435392,0.00344353751,20,13,384,1058667,13250,3311208,29755,245,671613
1,10369,54.770295838435388,0.00325929,20,13,384,1066125,22209,3334333,29883,245,671613
1,10370,54.773617546435389,0.00332312915,20,13,384,1056458,15833,3158083,29819,245,671613
1,10371,54.776982463435388,0.00337529043,20,13,384,1033333,20292,3540000,29755,245,671613
1,10372,54.780622463435392,0.00359137612,20,13,384,1090708,12958,3362542,29883,244,671611
1,10373,54.784194921435386,0.00376670924,20,13,384,1065417,11416,3866500,29871,244,671611
1,10374,54.787430671435388,0.003062415,20,13,384,965916,10875,3130875,29755,244,671611
1,10375,54.790745213435386,0.00341545488,20,13,384,1091791,10875,3374792,29883,244,671611
1,10376,54.794068546435383,0.00330646266,20,13,384,980792,16417,3344208,29819,244,671611
1,10377,54.79722354643539,0.00313899526,20,13,384,985667,18958,3227167,29755,244,671611
1,10378,54.80073688043538,0.00343367341,20,13,384,1055334,11000,3313375,29883,244,671611
1,10379,54.80392850543538,0.00320045347,20,13,384,984500,14750,3263459,29819,244,671611
1,10380,54.807471005435389,0.003519501,20,13,384,1108459,9583,3346375,29755,244,671611
1,10381,54.810956130435386,0.003632164,20,13,384,1049667,18500,3676583,29883,244,671611
1,10382,54.814402630435382,0.00326758786,20,13,384,979125,13375,3281458,29819,244,671611
1,10383,54.817684005435382,0.00344124855,20,13,384,1074375,22750,3588667,29755,244,671611
1,10384,54.82116017143538,0.00332266861,20,13,384,1024334,16208,3189834,29883,244,671611
1,10385,54.82462796343539,0.003609956,20,13,384,1009667,20709,3625750,29819,244,671611
1,10386,54.827817296435384,0.00305437227,20,13,384,992542,16541,3159334,29755,244,671611
1,10387,54.831315713435387,0.00351129542,20,13,384,1053000,13625,3329542,30271,244,671611
1,10388,54.834654921435387,0.00344895828,20,13,384,1088125,12458,3509792,29819,245,671613
1,10389,54.838653421435382,0.00353708188,20,13,384,1011709,18666,3309416,29755,245,671613
1,10390,54.84361000543538,0.00538383657,20,13,384,1281417,17500,5547209,40325,245,671613
1,10391,54.847877088435382,0.004175,20,13,384,1030917,16208,4214208,38099,245,671613
1,10392,54.85177283843538,0.00390245183,20,13,384,1162792,13250,3775250,29755,245,671613
1,10393,54.855775088435379,0.00398975331,20,13,384,1069041,20958,3905542,29883,245,671613
1,10394,54.85961533843539,0.00366646121,20,13,384,1101167,16834,3890250,29819,245,671613
1,10395,54.863533713435388,0.004032788,20,13,384,1124833,22291,3975541,29755,245,671613
1,10396,54.867773921435386,0.00430791546,20,13,384,1122667,24166,4126417,29883,244,671611
1,10397,54.871095796435384,0.003337918,20,13,384,1113458,15625,3576708,29819,244,671611
1,10398,54.874461588435381,0.003444168,20,13,384,1103250,14125,3404709,29755,244,671611
1,10399,54.877536880435386,0.00315770973,20,13,384,1035209,17625,3183000,29883,244,671611
1,10400,54.88068158843538,0.00303025078,20,13,384,952583,14792,3094958,29819,243,671609
1,10401,54.884049505435385,0.003318495,20,13,384,1016417,8959,3265542,29755,243,671609
1,10402,54.887367838435381,0.00338042085,20,13,384,1091792,16625,3360416,29883,242,671607
1,10403,54.890761796435385,0.00333499862,20,13,384,1050250,15375,3173042,29819,242,671607
1,10404,54.893940171435389,0.00326220947,20,13,384,1053750,18750,3484833,29755,242,671607
1,10405,54.897262963435381,0.00328358146,20,13,384,1043125,15417,3199125,29883,242,671607
1,10406,54.900896713435387,0.00357200252,20,13,384,1043458,15750,3488667,29819,242,671607
1,10407,54.904165255435387,0.00334466412,20,13,384,1013375,17792,3485416,29755,242,671607
1,10408,54.90767917143539,0.0035388323,20,13,384,1056500,13041,3407791,29883,242,671607
1,10409,54.910875796435391,0.003224334,20,13,384,1000500,20584,3259333,29819,242,671607
1,10410,54.914236505435383,0.00320487539,20,13,384,987292,17459,3232959,29755,242,671607
1,10411,54.917616296435384,0.00350233843,20,13,384,1124375,13833,3401709,29883,242,671607
1,10412,54.921116921435384,0.00337095372,20,13,384,1017041,17000,3392792,29819,242,671607
1,10413,54.924684880435379,0.003665292,20,13,384,1023792,17000,3689333,29755,242,671607
1,10414,54.928084880435392,0.003453458,20,13,384,1042959,13125,3446750,29883,242,671607
1,10415,54.931307505435385,0.00319141871,20,13,384,1027333,15833,3235584,29819,242,671607
1,10416,54.934685755435382,0.003362918,20,13,384,1071083,13875,3319959,29755,242,671607
1,10417,54.938253630435383,0.00355941756,20,13,384,1074667,11250,3443125,29883,242,671607
1,10418,54.94172400543539,0.00347487256,20,13,384,1031542,12167,3543292,29819,242,671607
1,10419,54.945218546435385,0.00342183257,20,13,384,1035750,17458,3474125,29755,242,671607
1,10420,54.948454338435383,0.0032989583,20,13,384,1097834,16084,3303875,30271,242,671607
1,10421,54.951696088435384,0.00331950118,20,13,384,1028334,19417,3280583,29819,242,671607
1,10422,54.954947838435388,0.00321325124,20,13,384,1020291,15708,3219125,29755,242,671607
1,10423,54.958656005435387,0.00365720666,20,13,384,1037292,16958,3593791,29883,242,671607
1,10424,54.961825296435393,0.003249419,20,13,384,980041,12583,3297375,29819,242,671607
1,10425,54.96549321343538,0.00357791246,20,13,384,1021708,13625,3412125,29755,242,671607
1,10426,54.968793505435386,0.00340241636,20,13,384,1049041,20958,3583750,29883,242,671607
1,10427,54.972319755435379,0.00346179144,20,9,384,999416,17541,3382375,29819,242,671607
1,10428,54.975466838435381,0.00317371031,20,9,384,1029959,18000,3288208,29755,242,671607
1,10429,54.978935046435382,0.00333287264,20,9,384,1058459,17834,3246625,29883,238,671583
1,10430,54.982406171435386,0.00355792232,20,9,384,1077542,12500,3543416,29819,238,671583
1,10431,54.985713380435385,0.003366539,20,9,384,1060541,13833,3419833,29807,238,671583
1,10432,54.98934304643538,0.00367649528,20,9,384,1041000,11000,3485625,29883,238,671583
1,10433,54.993676588435392,0.00430775248,20,9,384,1021083,10625,4425708,40261,238,671583
1,10434,54.997636005435382,0.00382375275,20,9,384,1033333,11500,3853625,38035,238,671583
1,10435,55.001063588435386,0.00346066477,20,9,384,1134666,13625,3392208,29883,238,671583
1,10436,55.004302838435379,0.00334387762,20,9,384,1006959,12125,3272625,29819,238,671583
1,10437,55.007539630435389,0.003218828,20,9,384,990708,15375,3316542,29755,238,671583
1,10438,55.010751130435381,0.00325946,20,9,384,1016542,13625,3304125,29883,238,671583
1,10439,55.014117755435379,0.00314516714,20,9,384,979667,14417,3124417,29819,238,671583
1,10440,55.01755638043538,0.00359129114,20,9,384,1130166,19041,3559542,29755,238,671583
1,10441,55.021208755435381,0.003521209,20,9,384,1056250,12833,3471292,29883,238,671583
1,10442,55.024723463435379,0.0036,20,9,384,1065042,12583,3611792,29819,238,671583
1,10443,55.028178421435385,0.00340750418,20,9,384,1044667,18916,3448375,29755,238,671583
1,10444,55.031566588435382,0.003430917,20,9,384,1110083,10791,3365333,30203,238,671583
1,10445,55.035090046435386,0.00355428713,20,9,384,1062666,15584,3563084,30483,238,671583
1,10446,55.038512630435392,0.00340371323,20,9,384,1026708,20291,3421917,29755,238,671583
1,10447,55.042134296435393,0.00367436931,20,9,384,982792,13125,3684542,29883,238,671583
1,10448,55.045275046435393,0.00315629249,20,9,384,1012208,17917,3209209,29819,238,671583
1,10449,55.04877408843538,0.00343729439,20,9,384,1042708,10917,3195833,29755,238,671583
1,10450,55.052058880435382,0.00337962015,20,1,384,1038042,18542,3575792,29883,238,671583
1,10451,55.055049796435384,0.003042836,20,1,384,974125,14708,3101167,29819,238,671583
1,10452,55.058461921435381,0.003232249,20,1,384,986875,10375,3100916,29755,230,671211
1,10453,55.061624463435379,0.00330121163,20,1,384,998500,15958,3341208,29883,230,671211
1,10454,55.06478038043538,0.0029589145,20,1,384,968708,17541,3041416,29819,230,671211
1,10455,55.068298046435388,0.00358762755,20,1,384,1167000,13583,3469791,29755,230,671211
1,10456,55.071643838435392,0.00337570859,20,1,384,1034709,14959,3330125,30271,230,671211
1,10457,55.075216005435379,0.00357103883,20,1,384,1025208,13042,3600542,29819,231,671213
1,10458,55.078482046435383,0.00323241926,20,1,384,1035334,17541,3302042,29755,231,671213
1,10459,55.08171675543538,0.0032531675,20,1,384,997250,16167,3179167,29883,231,671213
1,10460,55.085351713435387,0.00361762336,20,1,384,1032792,17875,3578250,29819,231,671213
1,10461,55.08871863043538,0.00336524937,20,1,384,1037875,20708,3411042,29755,231,671213
1,10462,55.09238621343539,0.00372858555,20,1,384,1089875,12291,3702209,29883,231,671213
1,10463,55.095694588435393,0.003277622,20,1,384,1006916,15750,3285250,29819,231,671213
1,10464,55.100034713435392,0.00402858574,20,1,384,1046334,17792,3913791,29755,231,671213
1,10465,55.10373721343538,0.004052374,20,1,384,1183292,16542,4051916,29883,231,671213
1,10466,55.107297421435391,0.00343699683,20,1,384,1055916,14416,3426500,29819,231,671213
1,10467,55.110817421435385,0.00361271249,20,1,384,1055958,19375,3727250,29755,231,671213
1,10468,55.114289796435386,0.0034549532,20,1,384,1026209,13875,3455958,29883,231,671213
1,10469,55.11775288043539,0.003490214,20,1,384,1035291,17833,3395417,29819,231,671213
1,10470,55.121273588435386,0.003415122,20,1,384,996625,17875,3469208,29755,231,671213
1,10471,55.12498696343539,0.00381400227,20,1,384,1016625,19542,3723959,29883,231,671213
1,10472,55.128440171435386,0.00345162279,20,1,384,1024709,14291,3509417,29819,231,671213
1,10473,55.131792171435379,0.003299752,20,1,384,1039459,19958,3390625,29755,231,671213
1,10474,55.135409421435384,0.003738251,20,1,384,1058625,13916,3552792,29883,231,671213
1,10475,55.139025421435392,0.00334503967,20,1,384,1006209,12958,3443333,29819,231,671213
1,10476,55.14244817143539,0.00366441323,20,1,384,1070458,16708,3579209,29755,231,671213
1,10477,55.146484213435386,0.004094168,20,1,384,993292,20667,4228875,40325,231,671213
1,10478,55.15077158843539,0.00422183238,20,0,384,988875,10500,4177042,38099,231,671213
1,10479,55.153924338435388,0.00315050315,20,0,384,1054250,11667,3224208,31593,231,671213
1,10480,55.15743275543538,0.003587585,20,0,384,1081166,8459,3363333,29883,230,671167
1,10481,55.161475671435383,0.0037246244,20,0,384,965708,12459,3678542,29819,230,671167
1,10482,55.165614921435392,0.00412512058,20,0,384,1110875,14917,4226583,29755,230,671167
1,10483,55.169222755435385,0.00389616634,20,0,384,1105333,29917,3825750,29883,230,671167
1,10484,55.172842630435383,0.00349204219,20,0,384,1004625,14208,3541750,29819,230,671167
1,10485,55.176164421435388,0.00336617068,20,0,384,1085625,20333,3485167,29755,230,671167
1,10486,55.17998263043539,0.00372095383,20,0,384,1067083,14208,3589000,29883,230,671167
1,10487,55.183326630435388,0.00345916953,20,0,384,1034000,13625,3496292,29819,230,671167
1,10488,55.186606588435382,0.00322387321,20,0,384,1035250,18500,3330000,29807,230,671167
1,10489,55.189818380435383,0.00326670916,20,0,384,1079750,12917,3268041,30271,230,671167
1,10490,55.192958213435389,0.00317741628,20,0,384,1061791,11750,3185834,29819,231,671169
1,10491,55.196466713435385,0.00354137621,20,0,384,1024500,13083,3358583,29755,231,671169
1,10492,55.199985963435381,0.00342587149,20,0,384,1004833,12833,3543209,29883,231,671169
1,10493,55.203422380435384,0.00348308543,20,0,384,977708,14459,3444458,29819,231,671169
1,10494,55.206646171435381,0.00317025231,20,0,384,1006250,19750,3246833,29755,231,671169
1,10495,55.209945130435386,0.00339887338,20,0,384,1080625,18666,3328792,29883,231,671169
1,10496,55.213261255435384,0.00315833325,20,0,384,985333,17416,3156292,29819,231,671169
1,10497,55.216639380435382,0.0034532526,20,0,384,1090583,18250,3491000,29755,231,671169
1,10498,55.219903338435387,0.00326779345,20,0,384,1067166,13833,3210792,29883,231,671169
1,10499,55.223382130435382,0.00346995471,20,0,384,965292,12834,3489458,29819,231,671169
1,10500,55.226663463435386,0.00331724784,20,0,384,1032708,17083,3389750,29755,231,671169
1,10501,55.22989125543539,0.00330154481,20,0,384,1066541,12208,3191208,29883,231,671169
1,10502,55.233293713435387,0.00330441468,20,0,384,982375,16834,3313667,29819,231,671169
1,10503,55.236575255435383,0.0032336663,20,0,384,1021750,15875,3285541,29755,231,671169
1,10504,55.239822296435392,0.00312912418,20,0,384,1104166,11584,3170959,29883,231,671169
1,10505,55.243248671435381,0.00361921056,20,0,384,1078625,20334,3472500,29819,231,671169
1,10506,55.246601463435383,0.003302289,20,0,384,1010583,17833,3352375,29755,231,671169
1,10507,55.249761880435386,0.0032988803,20,0,384,1046000,19875,3286291,29883,231,671169
1,10508,55.252779546435391,0.00299812225,20,0,384,957333,15834,3085250,29819,231,671169
1,10509,55.25582504643539,0.003002792,20,0,384,1006333,13416,2996167,29755,231,671169
1,10510,55.259204380435392,0.003311501,20,0,384,1041750,11291,3199708,29883,231,671169
1,10511,55.26256133843539,0.00340128969,20,0,384,976583,12750,3421125,29819,231,671169
1,10512,55.26604946343538,0.00346183381,20,0,384,1054083,15250,3382584,29755,231,671169
1,10513,55.269202005435389,0.00325637753,20,0,384,1015708,17333,3354209,29883,231,671169
1,10514,55.272281755435387,0.00302149937,20,0,384,956375,17208,3118833,29819,231,671169
1,10515,55.275669505435388,0.00338557968,20,0,384,1060167,9250,3207125,29755,231,671169
1,10516,55.278962880435387,0.00315154484,20,0,384,1008667,14667,3203333,29883,231,671169
1,10517,55.282590171435388,0.00378978881,20,0,384,1013750,13417,3594375,29819,231,671169
1,10518,55.286061380435385,0.00341937365,20,0,384,1017125,12000,3595417,29755,231,671169
1,10519,55.28951108843539,0.00344216987,20,0,384,1032000,11042,3387584,29883,231,671169
1,10520,55.292924338435384,0.003463003,20,0,384,1046875,17500,3399291,29819,231,671169
1,10521,55.296860005435391,0.00399233261,20,0,384,981250,17959,4135959,40197,231,671169
1,10522,55.301210463435382,0.00424116338,20,0,384,988375,12375,4154500,38163,231,671169
1,10523,55.304793505435384,0.00348770549,20,0,384,1004250,13084,3412417,29819,231,671169
1,10524,55.308189213435384,0.00349409017,20,0,384,1078667,13792,3572583,30143,231,671169
1,10525,55.31164258843539,0.0035114584,20,0,384,1044125,13667,3404208,29883,232,671171
1,10526,55.31482829643538,0.00306303846,20,0,384,1008667,12875,3266667,29819,232,671171
1,10527,55.318673380435385,0.00382025237,20,0,384,1102375,16291,3638792,29755,232,671171
1,10528,55.322414338435379,0.00378787564,20,0,384,1015084,12959,3671833,29883,232,671171
1,10529,55.325674213435391,0.00332545349,20,0,384,1081917,15625,3579042,29819,232,671171
1,10530,55.32878050543539,0.00312721077,20,0,384,1036708,14625,3137334,29755,232,671171
1,10531,55.332203421435381,0.00337874866,20,0,384,1054333,14417,3063791,29883,232,671171
1,10532,55.335693671435379,0.00353895966,20,0,384,1036417,14875,3737833,29819,232,671171
1,10533,55.339234463435389,0.003318913,20,0,384,983459,18709,3362750,29755,232,671171
1,10534,55.343409338435379,0.004391043,20,0,384,1106916,16458,4159292,29883,232,671171
1,10535,55.347085921435379,0.00366658159,20,0,384,1002292,13500,3723000,29819,232,671171
1,10536,55.350517046435385,0.0033861252,20,0,384,987166,14375,3588875,29755,232,671171
1,10537,55.353862088435392,0.00336804846,20,0,384,1073542,13708,3290458,29883,231,671169
1,10538,55.356888963435381,0.002986749,20,0,384,1037459,20459,3100750,29819,231,671169
1,10539,55.360318130435388,0.00333624566,20,0,384,1098416,18000,3288542,29755,231,671169
1,10540,55.363960546435379,0.003722293,20,0,384,1055625,12792,3601417,29883,231,671169
1,10541,55.36749358843538,0.00348266726,20,0,384,1043667,18833,3498459,29819,231,671169
1,10542,55.371022255435392,0.00358375139,20,0,384,1085667,15209,3546708,29755,231,671169
1,10543,55.374795921435393,0.0038850836,20,0,384,1059500,20000,3841416,29883,231,671169
1,10544,55.378114255435392,0.00325291231,20,0,384,995042,11625,3373083,29819,231,671169
1,10545,55.381483588435387,0.00320108421,20,0,384,1032500,16375,3227166,29755,231,671169
1,10546,55.38494100543538,0.003690625,20,0,384,1050458,19375,3388375,29883,231,671169
1,10547,55.388347671435383,0.00336641865,20,0,384,1013208,12250,3596917,29871,231,671169
1,10548,55.39186558843538,0.00352850067,20,0,384,986125,17417,3491375,29755,231,671169
1,10549,55.395049505435381,0.00316199684,20,0,384,1030583,13375,3249125,29883,231,671169
1,10550,55.398262088435388,0.00308450265,20,0,384,997833,20666,3132875,29819,231,671169
1,10551,55.40202363043538,0.00382333482,20,0,384,1123667,16708,3610375,29755,231,671169
1,10552,55.405602921435388,0.00348970387,20,0,384,978083,13583,3486458,29883,231,671169
1,10553,55.409803755435391,0.004157667,20,0,384,1083959,17625,4102958,29819,231,671169
1,10554,55.41399304643538,0.00428383658,20,0,384,1102667,23500,3940958,29755,231,671169
1,10555,55.417732796435388,0.00387520553,20,0,384,1117542,14833,4238375,38060,231,671169
1,10556,55.421289130435383,0.003550921,20,0,384,977833,14084,3327625,29819,231,671169
1,10557,55.424766963435388,0.00338262483,20,0,384,949208,12584,3671583,29755,230,671167
1,10558,55.42798463043539,0.003371209,20,0,384,988917,17625,3464334,30939,230,671167
1,10559,55.431083380435382,0.00305929,20,0,384,946083,15500,3063750,29819,231,671169
1,10560,55.43448563043539,0.00335391867,20,0,384,1036500,10708,3252000,29755,231,671169
1,10561,55.43780192143538,0.00330350059,20,0,384,1015667,19291,3294209,29883,231,671169
1,10562,55.441542588435382,0.00373895257,20,0,384,1039208,12625,3709417,29819,231,671169
1,10563,55.444796755435391,0.003297463,20,0,384,979792,12416,3327625,30229,231,671169
1,10564,55.449110421435392,0.004266709,20,0,384,1022208,20417,4184250,40325,231,671169
1,10565,55.453194005435392,0.00414861832,20,0,384,1055917,12542,4255084,38099,231,671169
1,10566,55.456616088435382,0.00320621463,20,0,384,1019083,10208,3209167,29755,231,671169
1,10567,55.460306630435383,0.00386445574,20,0,384,1093833,15875,3718917,29883,231,671169
1,10568,55.463724588435383,0.00336733274,20,0,384,981917,12834,3464417,29819,231,671169
1,10569,55.46685963043538,0.003166709,20,0,384,1036792,20708,3289708,29755,231,671169
1,10570,55.46994146343539,0.00316154328,20,0,384,1080208,13667,3093333,29883,231,671169
1,10571,55.473356546435383,0.00330445729,20,0,384,984167,16500,3223458,29819,231,671169
1,10572,55.476736963435386,0.003483624,20,0,384,1042917,21417,3503250,29755,231,671169
1,10573,55.480273088435382,0.00336170639,20,0,384,994542,10583,3262209,29883,231,671169
1,10574,55.484114796435392,0.0039342544,20,0,384,1001583,12875,3998583,29819,231,671169
1,10575,55.487725546435385,0.00357041531,20,0,384,1017875,21292,3564250,29755,231,671169
1,10576,55.491374296435382,0.00374749862,20,0,384,1072500,13375,3633458,29883,231,671169
1,10577,55.494599505435389,0.00319275074,20,0,384,1007709,13292,3305000,29819,231,671169
1,10578,55.497776546435389,0.00317691336,20,0,384,1010833,17417,3284208,29755,231,671169
1,10579,55.501290463435382,0.003492921,20,0,384,1079375,11791,3379750,29883,231,671169
1,10580,55.504735546435384,0.00342795486,20,0,384,957417,14041,3343375,29819,231,671169
1,10581,55.50806396343539,0.00339146121,20,0,384,1052292,11750,3457458,29755,230,671167
1,10582,55.511112421435385,0.00311699975,20,0,384,990042,16166,3183500,29883,230,671167
1,10583,55.51434400543539,0.00310645555,20,0,384,935750,16875,3094708,29819,230,671167
1,10584,55.517773588435389,0.00345983566,20,0,384,1093333,11500,3403958,29755,230,671167
1,10585,55.521567255435386,0.00374933379,20,0,384,1049250,13042,3621625,29883,230,671167
1,10586,55.525491630435383,0.00390462717,20,0,384,1015375,14292,3967625,29819,230,671167
1,10587,55.529016671435386,0.00346457632,20,0,384,1030625,20917,3508833,29755,229,671165
1,10588,55.532661130435386,0.0037404194,20,0,384,1122916,19708,3674084,29883,229,671165
1,10589,55.535941963435391,0.00334120612,20,0,384,1014042,19292,3458625,29819,229,671165
1,10590,55.539440130435381,0.00330783729,20,0,384,1024083,12500,3333292,29755,229,671165
1,10591,55.54284000543538,0.00360778766,20,0,384,1073708,13792,3508125,29883,229,671165
1,10592,55.546298046435382,0.00338937785,20,0,384,979250,15833,3370542,29819,229,671165
1,10593,55.549626546435391,0.00339275086,20,0,384,978750,11375,3410709,30143,229,671165
1,10594,55.552693838435388,0.003082164,20,0,384,1004417,12917,3156333,29883,230,671167
1,10595,55.555925838435385,0.003130669,20,0,384,1023084,11042,3073750,29819,230,671167
1,10596,55.559286380435381,0.00334158167,20,0,384,1064916,19000,3350750,29755,230,671167
1,10597,55.562624588435384,0.00345466984,20,0,384,1000417,18166,3341291,29883,230,671167
1,10598,55.565995088435386,0.00330820587,20,0,384,966250,17666,3364625,29819,229,671165
1,10599,55.569119921435387,0.00318125,20,0,384,1027291,19083,3293709,29755,229,671165
1,10600,55.572227171435387,0.00313208625,20,0,384,1014417,12875,3091417,29883,229,671165
1,10601,55.57563533843539,0.00336908316,20,0,384,996167,16541,3293542,29819,229,671165
1,10602,55.578867213435387,0.00314278621,20,0,384,1002500,17000,3191875,29755,229,671165
1,10603,55.582314171435385,0.00343008782,20,0,384,1006125,16125,3288833,29883,229,671165
1,10604,55.585948880435382,0.00366675179,20,0,384,1024542,24041,3724875,29819,229,671165
1,10605,55.589353296435391,0.003371875,20,0,384,1055125,18042,3485792,29807,229,671165
1,10606,55.592791671435393,0.00352833048,20,0,384,1102417,14500,3393125,29883,229,671165
1,10607,55.596207213435392,0.00346070714,20,0,384,1006541,19958,3267583,29819,229,671165
1,10608,55.600316505435387,0.00403195852,20,0,384,995542,13417,4316834,40197,229,671165
1,10609,55.604254546435385,0.00409204233,20,0,384,1010334,10708,4060583,38163,229,671165
1,10610,55.607606088435389,0.00322616915,20,0,384,957625,10792,3135250,29819,229,671165
1,10611,55.61117979643538,0.00336816185,20,0,384,1003208,19083,3389625,29755,229,671165
1,10612,55.614798505435388,0.003841043,20,0,384,1128625,24833,3802667,29883,229,671165
1,10613,55.618067171435385,0.00321579515,20,0,384,994667,16125,3187375,29819,229,671165
1,10614,55.621604796435392,0.003402459,20,0,384,990792,20416,3432958,29755,229,671165
1,10615,55.624833255435391,0.00345145981,20,0,384,1014750,22208,3443125,29883,229,671165
1,10616,55.627887880435381,0.00300141,20,0,384,982916,15708,3113167,29819,229,671165
1,10617,55.631191546435389,0.00321012619,20,0,384,1034291,10834,3186916,29755,229,671165
1,10618,55.63480333843539,0.00365396123,20,0,384,1106750,14667,3495958,29883,229,671165
1,10619,55.638309505435387,0.00346474629,20,0,384,1021917,21084,3557583,29819,229,671165
1,10620,55.641992713435386,0.00375821278,20,0,384,1017708,13000,3746000,29755,229,671165
1,10621,55.645127755435382,0.00316986954,20,0,384,1019500,18792,3243042,29883,229,671165
1,10622,55.648407505435387,0.00308237667,20,0,384,1020875,19375,3067708,29819,229,671165
1,10623,55.651684213435388,0.0034930415,20,0,384,1144250,14250,3465375,29755,229,671165
1,10624,55.655406005435381,0.003400418,20,0,384,1004125,11458,3206959,29883,229,671165
1,10625,55.659006463435389,0.003806498,20,0,384,1194209,23292,3896833,29819,229,671165
1,10626,55.662476546435386,0.00349345943,20,0,384,984791,12000,3534958,29755,229,671165
1,10627,55.665964838435386,0.00343045639,20,0,384,1047208,12667,3373833,29883,229,671165
1,10628,55.669136838435392,0.00333200116,20,0,384,1013125,19292,3470333,31671,229,671165
1,10629,55.672219380435379,0.003038166,20,0,384,993500,10167,3080500,29755,230,671167
1,10630,55.675514380435388,0.00333091686,20,0,384,1040291,14208,3197375,29883,230,671167
1,10631,55.678870130435385,0.00318879681,20,0,384,983292,16959,3192041,29819,230,671167
1,10632,55.682721755435381,0.003889541,20,0,384,1062583,18250,3815708,29755,230,671167
1,10633,55.686024505435384,0.003397626,20,0,384,1050250,19084,3484166,29883,230,671167
1,10634,55.689244463435386,0.00321028917,20,0,384,1007959,16375,3222292,29819,230,671167
1,10635,55.692511338435381,0.00325112673,20,0,384,1060625,9667,3251375,29755,230,671167
1,10636,55.696051880435391,0.00344007928,20,0,384,1044875,15417,3301709,29883,230,671167
1,10637,55.69965421343538,0.00365483272,20,0,384,1079167,19500,3703542,29819,230,671167
1,10638,55.702805296435386,0.00326491636,20,0,384,989834,12333,3317667,29755,230,671167
1,10639,55.705908588435392,0.00304829213,20,0,384,1012416,11125,3070000,29883,230,671167
1,10640,55.709239046435385,0.003305499,20,0,384,1058333,15375,3290667,29819,230,671167
1,10641,55.712342088435392,0.003111756,20,0,384,1071958,13334,3141334,29755,230,671167
1,10642,55.715793755435385,0.00349878822,20,0,384,1082834,12791,3363500,29883,230,671167
1,10643,55.71898900543539,0.00309362239,20,0,384,976541,13709,3209458,29819,230,671167
1,10644,55.722573463435381,0.0035766298,20,0,384,1004666,16084,3481166,29755,230,671167
1,10645,55.725954088435387,0.00349249574,20,0,384,1067209,18792,3490167,29923,230,671167
1,10646,55.729230213435386,0.00325779477,20,0,384,991666,17042,3294541,29819,230,671167
1,10647,55.732626921435383,0.00337074837,20,0,384,1044375,13834,3290667,29755,230,671167
1,10648,55.735803213435389,0.00323933526,20,0,384,1006958,20000,3346208,29883,230,671167
1,10649,55.739202255435387,0.00326416525,20,0,384,1003500,14416,3239292,29819,230,671167
1,10650,55.742576796435387,0.00345946,20,0,384,1012666,13166,3407666,29755,230,671167
1,10651,55.745714255435388,0.00317958486,20,0,384,1035000,14208,3261625,29883,230,671167
1,10652,55.749225796435383,0.00344907888,20,0,384,994042,12833,3136042,29819,230,671167
1,10653,55.753233588435393,0.00408120733,20,0,384,1046667,14000,4345500,40197,230,671167
1,10654,55.757045796435392,0.00367658725,20,0,384,1019042,9584,3631833,38163,230,671167
1,10655,55.760394380435386,0.00333274528,20,0,384,1032000,15375,3434000,29819,230,671167
1,10656,55.763842255435392,0.00356592261,20,0,384,1064250,16583,3461000,29755,230,671167
1,10657,55.76724833843538,0.00340416678,20,0,384,1022917,15208,3398833,29883,230,671167
1,10658,55.770252005435381,0.00300224638,20,0,384,967958,18125,3069667,29819,230,671167
1,10659,55.773325463435384,0.00295800017,20,0,384,1053375,9875,3010667,29755,230,671167
1,10660,55.776798421435387,0.00368871167,20,0,384,1089667,38750,3415834,29883,230,671167
1,10661,55.780142880435392,0.00312229316,20,0,384,956042,11833,3283291,29819,230,671167
1,10662,55.78395692143539,0.00402816059,20,0,384,1048458,17583,3946958,29755,230,671167
1,10663,55.787282505435385,0.003166624,20,0,384,963750,11375,3183875,29883,230,671167
1,10664,55.791099588435387,0.0037388748,20,0,384,1019458,20459,3649458,30259,230,671167
1,10665,55.794382713435382,0.00344100059,20,0,384,1043583,20875,3595334,29755,231,671169
1,10666,55.79799883843539,0.00359658455,20,0,384,1021666,11334,3407917,29883,231,671169
1,10667,55.801566088435379,0.00330883637,20,0,384,1014041,12125,3483958,29819,231,671169
1,10668,55.80519754643538,0.003878621,20,0,384,1087084,25792,3782125,29755,231,671169
1,10669,55.808885005435386,0.00372867053,20,0,384,994792,18625,3617000,29883,231,671169
1,10670,55.812494171435389,0.003465377,20,0,384,1014000,13291,3604000,29819,231,671169
1,10671,55.816297505435386,0.00383349624,20,0,384,1110084,19833,3781333,29755,231,671169
1,10672,55.820010255435392,0.003714959,20,0,384,1047542,24417,3635417,29883,231,671169
1,10673,55.82344154643539,0.003382249,20,0,384,1035000,12917,3553542,29819,231,671169
1,10674,55.827087796435393,0.0037510416,20,0,384,1118500,17291,3654625,29755,231,671169
1,10675,55.830727046435385,0.00364312646,20,0,384,1025875,19875,3442458,29883,231,671169
1,10676,55.834146671435391,0.003486834,20,0,384,1057292,16000,3733792,29819,231,671169
1,10677,55.837342130435388,0.00311445585,20,0,384,973458,18167,3197125,29755,231,671169
1,10678,55.841047505435384,0.003574086,20,0,384,1061458,14166,3258500,29883,231,671169
1,10679,55.844468338435391,0.00356228743,20,0,384,1101584,12875,3758125,29819,231,671169
1,10680,55.847931421435391,0.003374086,20,0,384,1013708,27375,3423250,29755,231,671169
1,10681,55.851396755435388,0.003619664,20,0,384,1095875,15167,3493584,29883,231,671169
1,10682,55.854639380435387,0.00318583474,20,0,384,978917,12416,3276625,29819,231,671169
1,10683,55.858173796435381,0.00345441466,20,0,384,997500,17875,3509667,29755,231,671169
1,10684,55.861542505435381,0.00343545922,20,0,384,1097834,26583,3331625,29883,231,671169
1,10685,55.86499300543538,0.003406505,20,0,384,979875,13041,3468708,29819,231,671169
1,10686,55.868473630435389,0.00368449558,20,0,384,1027625,22042,3598625,29755,231,671169
1,10687,55.871986505435387,0.00336792087,20,0,384,944166,11333,3374250,29883,231,671169
1,10688,55.875740005435389,0.003635537,20,0,384,1004083,27375,3596708,29819,231,671169
1,10689,55.879498546435386,0.00370892137,20,0,384,1069542,22209,3695959,29755,231,671169
1,10690,55.883217880435382,0.003922874,20,0,384,1035958,21916,3802833,29883,231,671169
1,10691,55.886886963435387,0.003536997,20,0,384,1030417,11542,3671041,29819,231,671169
1,10692,55.890699880435392,0.00378441741,20,0,384,1070208,19584,3710042,29755,231,671169
1,10693,55.894639505435393,0.003948753,20,0,384,1095917,20459,3886042,29883,231,671169
1,10694,55.898689171435379,0.00388579234,20,0,384,1141541,15792,4004417,29819,231,671169
1,10695,55.90229683843539,0.00382462447,20,0,384,1060458,27083,3759625,29755,231,671169
1,10696,55.907070838435388,0.00478604,20,0,384,1025875,19333,4836167,40325,231,671169
1,10697,55.911562630435384,0.00448220642,20,0,384,1053667,12458,4518625,38535,231,671169
1,10698,55.916074963435392,0.004517836,20,0,384,1092583,12458,4462750,38035,232,671171
1,10699,55.919901796435383,0.00367487245,20,0,384,1074708,13250,3705125,30155,232,671171
1,10700,55.923876380435388,0.004080584,20,0,384,1053667,21916,3999292,29819,232,671171
1,10701,55.927561338435382,0.0037009567,20,0,384,1051250,21792,3777375,29755,232,671171
1,10702,55.93165704643539,0.00418358855,20,0,384,1045375,22333,4002208,29883,232,671171
1,10703,55.93541250543538,0.00352407875,20,0,384,1026875,14209,3653959,29819,232,671171
1,10704,55.939031671435387,0.00363366632,20,0,384,1132958,24166,3707541,29755,232,671171
1,10705,55.942619755435388,0.00378616783,20,0,384,1063875,21791,3712333,29883,232,671171
1,10706,55.946477130435383,0.003880499,20,0,384,1001000,22584,3774333,29819,232,671171
1,10707,55.95037471343538,0.003828047,20,0,384,1044875,13750,3923208,29755,231,671169
1,10708,55.954042921435388,0.00366016151,20,0,384,1057208,20583,3567250,29883,231,671169
1,10709,55.957661921435388,0.003571542,20,0,384,1105125,13500,3643875,29819,231,671169
1,10710,55.961251796435391,0.0034964995,20,0,384,1051792,25334,3577459,29755,231,671169
1,10711,55.96506117143538,0.00389550021,20,0,384,1068125,18000,3688666,29883,231,671169
1,10712,55.968815005435388,0.00382654485,20,0,384,1106542,17292,3927708,29819,231,671169
1,10713,55.972470963435384,0.00361437071,20,0,384,1034041,20250,3662625,29755,231,671169
1,10714,55.976034380435379,0.00364642148,20,0,384,1083042,23916,3585083,29883,231,671169
1,10715,55.97971108843538,0.003525333,20,0,384,1007250,20667,3520292,29819,231,671169
1,10716,55.983673005435392,0.00401408039,20,0,384,1071584,13791,3981000,29755,231,671169
1,10717,55.987369755435381,0.00373920775,20,0,384,1084292,21917,3665000,29883,231,671169
1,10718,55.991201171435392,0.00377958477,20,0,384,1100167,14875,3727208,29819,231,671169
1,10719,55.994936296435384,0.00375228887,20,0,384,1130000,15292,3977000,29807,231,671169
1,10720,55.998748755435386,0.003665129,20,0,384,1115000,16292,3502625,29883,231,671169
1,10721,56.002646713435382,0.003962996,20,0,384,1144667,15875,4048125,29819,231,671169
1,10722,56.006703380435383,0.004153047,20,0,384,1144875,25375,3946917,29755,231,671169
1,10723,56.010408421435386,0.003843998,20,0,384,1047708,15500,3931750,29883,231,671169
1,10724,56.013835838435384,0.00337249856,20,0,384,1013917,12916,3539375,29819,231,671169
1,10725,56.017840088435392,0.00387379527,20,0,384,1044417,13167,3802417,29755,231,671169
1,10726,56.021598421435385,0.003824915,20,0,384,1068500,26250,3685958,29883,231,671169
1,10727,56.025164755435384,0.00351483142,20,0,384,1038583,11875,3690917,29819,231,671169
1,10728,56.02852263043539,0.003455421,20,0,384,1063333,13125,3492000,30143,231,671169
1,10729,56.032007380435388,0.00346374721,20,0,384,1066708,14833,3214417,29883,232,671171
1,10730,56.035879088435379,0.003854209,20,0,384,1015625,17167,3972292,29819,232,671171
1,10731,56.039464588435379,0.00349024939,20,0,384,1069084,15250,3610791,29755,232,671171
1,10732,56.048337505435384,0.003689711,20,0,384,1073292,19459,3487666,29883,232,671171
1,10733,56.068904338435388,0.009490207,20,0,384,5884541,22167,9387667,65555,232,671171
1,10734,56.074402505435387,0.0216268357,20,0,384,4788583,14625,21727417,203726,232,671187
1,10735,56.078948171435385,0.00462766457,20,0,384,1120375,26000,4760875,38211,231,671195
1,10736,56.083284838435389,0.004530166,20,0,384,1130834,14292,4516583,38099,229,671191
1,10737,56.086529463435383,0.003225,20,0,384,1045750,11292,3290833,29755,229,671191
1,10738,56.090395088435386,0.00383800315,20,0,384,1128042,8291,3592875,29883,229,671191
1,10739,56.093919213435385,0.00358170341,20,0,384,1036292,15458,3718583,29819,229,671191
1,10740,56.09731829643539,0.00332249864,20,0,384,1015000,19750,3357250,29755,229,671191
1,10741,56.100654380435387,0.003421131,20,0,384,1108500,14500,3406041,29883,229,671191
1,10742,56.103733380435386,0.00302191032,20,0,384,933959,14167,3113084,29819,229,671191
1,10743,56.107553921435382,0.003781335,20,0,384,1124583,12083,3481167,29755,229,671191
1,10744,56.11110267143539,0.00366729032,20,0,384,1054166,15209,3798542,29883,229,671191
1,10745,56.114466588435391,0.00326317316,20,0,384,1011792,13083,3392709,29819,229,671191
1,10746,56.117882213435379,0.00348424749,20,0,384,1130500,10042,3381583,29755,229,671191
1,10747,56.121380255435383,0.003437415,20,0,384,1038500,13625,3382459,29883,229,671191
1,10748,56.124926588435386,0.00357891875,20,0,384,993208,14875,3622708,29819,229,671191
1,10749,56.128366130435381,0.00346045918,20,0,384,1030209,20333,3434458,29755,229,671191
1,10750,56.131915963435389,0.00352949975,20,0,384,1024959,19625,3535750,29883,229,671191
1,10751,56.135075921435387,0.00322079076,20,0,384,1041833,19500,3308292,29819,229,671191
1,10752,56.138071546435384,0.00303920778,20,0,384,1034250,10500,3073166,29755,229,671191
1,10753,56.141740088435384,0.00348554412,20,0,384,1012709,9500,3217750,29883,229,671191
1,10754,56.145299338435379,0.00363641581,20,0,384,1086458,15292,3821875,29819,229,671191
1,10755,56.148748380435393,0.00342795486,20,0,384,1009958,16708,3270750,30143,229,671191
1,10756,56.152137671435383,0.00353479316,20,0,384,1046583,20708,3586125,29883,230,671193
1,10757,56.155414380435388,0.00312091829,20,0,384,962542,14083,3196541,29819,230,671193
1,10758,56.158872130435384,0.00342908152,20,0,384,1099000,16791,3487042,29755,230,671193
1,10759,56.162157130435389,0.00337125151,20,0,384,1040833,12833,3299708,29883,230,671193
1,10760,56.165389755435385,0.0032477465,20,0,384,1036000,18916,3202291,29819,230,671193
1,10761,56.168622796435386,0.00325841829,20,0,384,1033834,19708,3381000,29755,230,671193
1,10762,56.171800338435389,0.00315541378,20,0,384,1038459,11375,3101792,29883,230,671193
1,10763,56.175807880435386,0.00405546324,20,0,384,1005125,15459,4000208,39843,230,671193
1,10764,56.179252963435388,0.00326478877,20,0,384,1030042,11667,3252667,29755,230,671193
1,10765,56.182929588435385,0.00384450122,20,0,384,1025875,19916,3740791,29883,230,671193
1,10766,56.186161963435381,0.0032044996,20,0,384,1025125,11666,3321333,29819,230,671193
1,10767,56.189784338435388,0.00344758364,20,0,384,1022333,16708,3377625,29755,230,671193
1,10768,56.193376255435382,0.0037828302,20,0,384,1098875,19291,3743834,29883,230,671193
1,10769,56.19684583843538,0.00336058671,20,0,384,1011333,11917,3348541,29871,230,671193
1,10770,56.200500880435385,0.00364416814,20,0,384,1044625,16958,3690834,29755,230,671193
1,10771,56.204127671435387,0.00347095379,20,0,384,1020250,19500,3393291,29883,230,671193
1,10772,56.208476380435386,0.004673547,20,0,384,1169791,15584,4775458,40261,230,671193
1,10773,56.212331338435391,0.00378403487,20,0,384,999833,14000,3824875,38035,230,671193
1,10774,56.21568875543538,0.00334550021,20,0,384,1069333,10250,3271541,29883,230,671193
1,10775,56.218933088435392,0.00319617358,20,0,384,1012792,19667,3239708,29819,230,671193
1,10776,56.222311796435392,0.003397789,20,0,384,991125,17875,3468292,29755,230,671193
1,10777,56.225705005435387,0.00343845668,20,6,384,1096500,12208,3295000,29883,230,671193
1,10778,56.228991296435382,0.003224752,20,6,384,1018000,13333,3285750,29819,230,671193
1,10779,56.232576838435392,0.0036013322,20,6,384,1069292,16625,3599833,29755,236,671349
1,10780,56.235800546435385,0.00330208335,20,6,384,1032000,18042,3319416,29883,236,671349
1,10781,56.239244296435388,0.00318316324,20,6,384,982166,17583,3162125,29819,236,671349
1,10782,56.242464838435382,0.00342554552,20,6,384,1052625,20959,3496167,29755,236,671349
1,10783,56.245712546435385,0.00324833486,20,6,384,1054666,19708,3189542,29883,236,671349
1,10784,56.249437255435382,0.00372766447,20,6,384,1043625,16625,3629833,29819,236,671349
1,10785,56.252711963435388,0.00326325116,20,6,384,1012833,18792,3365791,29755,236,671349
1,10786,56.256100005435385,0.00339462166,20,6,384,1056875,12916,3305709,29883,236,671349
1,10787,56.25973413043539,0.003527707,20,6,384,1034166,18542,3500916,29819,236,671349
1,10788,56.263163838435389,0.00350967259,20,6,384,1027541,13500,3511417,29755,236,671349
1,10789,56.266574796435393,0.003438251,20,6,384,1063542,11125,3458541,29883,236,671349
1,10790,56.269775130435391,0.0032197067,20,6,384,967291,16875,3260667,30207,236,671349
1,10791,56.27296417143539,0.00305695855,20,7,384,1036833,14625,3141542,29755,237,671351
1,10792,56.276651671435388,0.00389945437,20,7,384,1167208,12917,3569458,29883,237,671351
1,10793,56.280058630435391,0.003252629,20,7,384,975459,12125,3425750,29819,238,671357
1,10794,56.283899921435392,0.003957001,20,7,384,1003083,11125,3943292,29755,238,671357
1,10795,56.287173838435379,0.00321287545,20,7,384,1005167,11667,3277084,29883,238,671357
1,10796,56.29067592143538,0.00342174736,20,7,384,1032583,19583,3269166,29819,238,671357
1,10797,56.294033171435387,0.00346682966,20,7,384,1079875,18209,3590166,29755,238,671357
1,10798,56.297270046435386,0.00322158448,20,7,384,1035375,11917,3282209,29883,238,671357
1,10799,56.300883921435386,0.00355875143,20,7,384,1044667,11000,3416292,29819,238,671357
1,10800,56.304338213435386,0.00346349925,20,7,384,994208,12375,3435291,29755,238,671357
1,10801,56.307914380435392,0.00367291667,20,7,384,1035875,19667,3652916,29883,238,671357
1,10802,56.31125258843538,0.00317283161,20,7,384,991541,13084,3287125,29819,238,671357
1,10803,56.314948546435389,0.00373212877,20,7,384,1113125,16875,3702333,29755,238,671357
1,10804,56.318344671435383,0.00344587583,20,7,384,1042959,22042,3452625,29883,238,671357
1,10805,56.321644171435381,0.00328258215,20,7,384,966917,11291,3224625,29819,238,671357
1,10806,56.325372380435383,0.00375137478,20,7,384,1048250,16791,3806917,29755,238,671357
1,10807,56.328602255435385,0.0031904974,20,7,384,1063709,11292,3231417,29883,238,671357
1,10808,56.332019463435387,0.003322293,20,7,384,1115333,14917,3151875,29819,238,671357
1,10809,56.335540921435381,0.00367020979,20,7,384,1080292,26583,3772250,29755,238,671357
1,10810,56.33887783843538,0.00325966557,20,7,384,1045125,12917,3307666,29883,238,671357
1,10811,56.342162713435386,0.00334466412,20,7,384,1036541,15625,3286500,29819,238,671357
1,10812,56.345268921435391,0.00309666945,20,7,384,1057834,10750,3196083,29755,238,671357
1,10813,56.348516296435392,0.00315958052,20,7,384,1106917,11833,3111333,29883,238,671357
1,10814,56.35209558843539,0.00368891726,20,7,384,1115125,19666,3611250,29819,238,671357
1,10815,56.356056588435379,0.003866546,20,7,384,1029041,16834,3694541,29755,238,671357
1,10816,56.360359463435387,0.00440966571,20,7,384,1117750,12375,4629125,40325,238,671357
1,10817,56.364437963435392,0.003983121,20,7,384,996041,12000,3960666,38099,238,671357
1,10818,56.367620921435389,0.00332037988,20,7,384,1163584,11166,3367250,29755,238,671357
1,10819,56.370897546435387,0.00321928854,20,7,384,1070584,8333,3148208,29883,238,671357
1,10820,56.374220588435392,0.003316546,20,7,384,1039375,17708,3345083,30057,238,671357
1,10821,56.377334505435385,0.00313695427,20,7,384,1052834,12250,3197292,29755,238,671357
1,10822,56.381086380435391,0.0034797478,20,7,384,1056250,13333,3302333,29883,238,671357
1,10823,56.384385046435384,0.00357867056,20,7,384,1129334,15834,3697042,29819,238,671357
1,10824,56.387522171435393,0.00305820582,20,7,384,1043875,13584,3089709,29755,238,671357
1,10825,56.391117838435392,0.00373521121,20,7,384,1090625,13041,3507125,30271,238,671357
1,10826,56.39448417143538,0.003277459,20,7,384,971959,12125,3427250,29819,239,671359
1,10827,56.397972046435385,0.00334516726,20,7,384,1048542,16917,3367541,29807,239,671359
1,10828,56.401456505435391,0.00368837151,20,7,384,1173875,12750,3496750,29883,239,671359
1,10829,56.404603213435379,0.00317424885,20,7,384,952625,10291,3345666,29819,239,671359
1,10830,56.408010671435392,0.00320487539,20,7,384,952667,14791,3239833,29755,239,671359
1,10831,56.411479713435384,0.00361125288,20,7,384,1137541,15042,3464334,29883,239,671359
1,10832,56.414956505435384,0.00324321142,20,7,384,997375,12334,3328708,29819,238,671357
1,10833,56.418728546435389,0.00390574685,20,7,384,1188750,15334,3820833,29755,238,671357
1,10834,56.422134963435383,0.00344466418,20,7,384,1006083,19167,3460667,29883,238,671357
1,10835,56.425846588435391,0.00369258784,20,7,384,1040167,18292,3707042,29819,238,671357
1,10836,56.429278046435385,0.0034321642,20,7,384,1051750,17792,3405666,29755,238,671357
1,10837,56.432890088435386,0.00360004255,20,7,384,1067667,22791,3475541,29883,238,671357
1,10838,56.436729463435384,0.00387066323,20,7,384,1078042,14500,3989833,29819,238,671357
1,10839,56.440215713435393,0.0032796273,20,7,384,1041083,19292,3398667,29755,238,671357
1,10840,56.443946130435393,0.00404421054,20,7,384,1125125,13084,3799875,29883,238,671357
1,10841,56.447253380435384,0.00323008071,20,7,384,1007250,11375,3392041,29819,238,671357
1,10842,56.450543005435392,0.0032610402,20,7,384,1045791,17000,3294375,29755,238,671357
1,10843,56.453686171435379,0.003218417,20,7,384,1065875,15583,3203333,29883,238,671357
1,10844,56.457000588435392,0.003190129,20,7,384,1006166,18000,3097584,29819,238,671357
1,10845,56.460561505435379,0.00353333331,20,7,384,1065875,21833,3581458,29755,238,671357
1,10846,56.464132505435387,0.0036832483,20,7,384,1033875,19291,3516958,29883,238,671357
1,10847,56.467437671435391,0.00336220954,20,7,384,1054042,14500,3483500,29819,238,671357
1,10848,56.470746713435389,0.00322070578,20,7,384,992375,18333,3295708,29755,238,671357
1,10849,56.474105880435388,0.00338987377,20,7,384,1093792,12250,3288542,29883,238,671357
1,10850,56.477540546435392,0.0034550454,20,7,384,1010958,21208,3454750,29819,238,671357
1,10851,56.481276338435393,0.00348637323,20,7,384,988500,20708,3549459,29755,238,671357
1,10852,56.48468258843539,0.003636919,20,7,384,1117417,20333,3586833,29883,238,671357
1,10853,56.488225171435388,0.00345629244,20,7,384,998875,18375,3403250,29819,238,671357
1,10854,56.491608796435386,0.00342641026,20,7,384,1059416,15416,3486083,29985,237,671355
1,10855,56.49480713043539,0.00326600065,20,7,384,1083167,15084,3300791,29883,237,671355
1,10856,56.498000921435391,0.003111749,20,7,384,1024000,14375,3131250,29819,237,671355
1,10857,56.501664255435387,0.00364937633,20,7,384,1127708,10458,3530041,29755,237,671355
1,10858,56.505091005435389,0.00348512619,20,7,384,1013041,18667,3527750,29883,237,671355
1,10859,56.50863688043539,0.00355966552,20,7,384,1000166,18667,3493125,30207,237,671355
1,10860,56.512587171435385,0.004026417,20,7,384,1025458,15417,4070166,40197,238,671357
1,10861,56.516847421435386,0.00420762459,20,7,384,1014792,11792,4224666,38163,238,671357
1,10862,56.520058130435388,0.003146627,20,7,384,1063625,11166,3245250,29819,238,671357
1,10863,56.523416671435385,0.00337675028,20,7,384,1041334,18792,3247333,29755,238,671357
1,10864,56.526807130435387,0.00344775361,20,7,384,1046917,14167,3434334,29883,238,671357
1,10865,56.530304588435385,0.00329887331,20,7,384,995958,17333,3355500,29819,238,671357
1,10866,56.534139630435391,0.0040844176,20,7,384,1161583,18625,3897000,29755,238,671357
1,10867,56.537433213435392,0.00313395681,20,7,384,979625,12916,3296209,29883,238,671357
1,10868,56.540921338435382,0.0034725836,20,7,384,1071250,19791,3386250,29819,238,671357
1,10869,56.544243963435392,0.00345182815,20,7,384,1015416,12667,3490292,29755,238,671357
1,10870,56.54747963043539,0.00321246451,20,7,384,1005875,18375,3285833,29883,238,671357
1,10871,56.550744880435388,0.00328874728,20,7,384,1056333,11417,3205083,29819,238,671357
1,10872,56.553758255435383,0.00300083612,20,7,384,1008083,17167,3105833,29755,238,671357
1,10873,56.557178380435388,0.003413747,20,7,384,1056958,12791,3195084,29883,238,671357
1,10874,56.56059408843538,0.003327126,20,7,384,1001125,15542,3470625,29819,238,671357
1,10875,56.563931463435381,0.00334878825,20,7,384,1013625,18833,3407708,29755,238,671357
1,10876,56.567253421435382,0.003394338,20,7,384,1143083,11834,3283334,29883,238,671357
1,10877,56.570440630435385,0.00321933115,20,7,384,1026583,19167,3300750,29819,238,671357
1,10878,56.573683421435391,0.00303595513,20,7,384,1027333,9791,2996917,29755,238,671357
1,10879,56.577107213435383,0.003693254,20,7,384,1160333,18584,3597875,29883,238,671357
1,10880,56.58035767143538,0.00309512462,20,7,384,950333,12000,3186417,29819,238,671357
1,10881,56.583929338435382,0.00367954234,20,7,384,977750,16083,3623750,29755,238,671357
1,10882,56.587129505435385,0.00311770826,20,7,384,961000,17417,3177750,29883,238,671357
1,10883,56.590434630435382,0.003308872,20,7,384,1063209,18666,3206291,29819,238,671357
1,10884,56.59354800543538,0.00315183541,20,7,384,1048500,17375,3336375,29755,238,671357
1,10885,56.596715005435385,0.00322016724,20,7,384,1060542,14542,3140667,29883,238,671357
1,10886,56.600010255435379,0.00321391714,20,7,384,976375,12250,3143333,29871,238,671357
1,10887,56.603359088435383,0.003357249,20,7,384,964041,17792,3339375,29755,238,671357
1,10888,56.606572671435387,0.00317908172,20,7,384,1043834,16333,3206458,29883,238,671357
1,10889,56.610126296435382,0.003569253,20,7,384,1081917,18125,3526416,29819,238,671357
1,10890,56.613526255435389,0.00334071,20,7,384,1009375,17208,3361917,29755,238,671357
1,10891,56.616881255435388,0.00348520419,20,7,384,1103958,13875,3498375,29883,238,671357
1,10892,56.620478380435387,0.00325833331,20,7,384,970458,18291,3195791,29819,238,671357
1,10893,56.62397088043538,0.00376062933,20,7,384,1091584,22542,3681833,29755,238,671357
1,10894,56.627231796435382,0.00326120318,20,7,384,1029041,17625,3405042,29883,237,671355
1,10895,56.630522463435383,0.00328062638,20,7,384,995375,18667,3303458,30207,237,671355
1,10896,56.634216671435382,0.00382974767,20,7,384,1080875,14292,3638666,29755,238,671357
1,10897,56.637513088435384,0.003175999,20,7,384,989792,11333,3319125,29883,238,671357
1,10898,56.641111130435391,0.003493502,20,7,384,1035584,15125,3423291,29819,238,671357
1,10899,56.644522588435379,0.00355620752,20,7,384,1054750,14917,3552166,29755,238,671357
1,10900,56.64759692143538,0.003105088,20,7,384,1001917,18250,3228250,29883,238,671357
1,10901,56.650773505435382,0.00311904051,20,7,384,1028333,12625,3097292,29819,238,671357
1,10902,56.653776338435392,0.00301041664,20,0,384,1038917,16875,3064209,29755,238,671357
1,10903,56.657362880435386,0.00352679286,20,0,384,1064000,16084,3230959,31713,238,671357
1,10904,56.660686838435382,0.00338779064,20,0,384,1019500,21541,3504792,29819,231,671193
1,10905,56.66466163043539,0.00401104,20,0,384,948916,16208,4096167,40197,231,671193
1,10906,56.668460380435391,0.00385612249,20,0,384,1007917,11708,3829750,38163,231,671193
1,10907,56.671561921435384,0.00305587449,20,0,384,979209,9167,3058125,29819,231,671193
1,10908,56.674892921435386,0.00323925028,20,0,384,996000,15084,3277500,33827,231,671193
1,10909,56.678331838435383,0.00348125,20,0,384,1048542,16666,3354125,33478,231,671193
1,10910,56.681614171435385,0.00320325256,20,0,384,968792,12000,3254416,29819,231,671193
1,10911,56.685207505435386,0.0036258786,20,0,384,1074292,13167,3590292,29755,231,671193
1,10912,56.688579755435384,0.00338270259,20,0,384,1055292,20917,3394334,29883,231,671193
1,10913,56.692094255435393,0.003561749,20,0,384,1026166,20167,3536917,29819,231,671193
1,10914,56.695378588435389,0.00322791957,20,0,384,1005458,16500,3298084,29755,231,671193
1,10915,56.698968880435388,0.00355458469,20,0,384,1077375,11834,3256375,30075,231,671193
1,10916,56.702188463435391,0.0033245394,20,0,384,1032833,11167,3552542,29819,231,671193
1,10917,56.705605130435387,0.00334937638,20,0,384,1011708,17291,3344500,29755,231,671193
1,10918,56.709094338435392,0.00353287277,20,0,384,1033167,17666,3491125,30075,231,671193
1,10919,56.712545505435386,0.003385459,20,0,384,1005333,20375,3426792,29819,231,671193
1,10920,56.715943380435391,0.00349124847,20,0,384,1050667,18708,3463125,29755,231,671193
1,10921,56.71915346343539,0.00313446,20,0,384,980416,18667,3203292,30075,231,671193
1,10922,56.722750296435379,0.00344937644,20,0,384,965875,17209,3389208,29819,231,671193
1,10923,56.726261380435389,0.00366670918,20,0,384,1190250,21125,3591583,29755,231,671193
1,10924,56.729878671435387,0.0036937925,20,0,384,1028583,22083,3601833,29883,231,671193
1,10925,56.733464505435393,0.003524497,20,0,384,993250,12667,3603542,30011,231,671193
1,10926,56.736820713435392,0.00336074969,20,0,384,1004000,19500,3471125,29755,231,671193
1,10927,56.740173338435383,0.00319812936,20,0,384,1046917,11541,3192292,29883,231,671193
1,10928,56.74366167143539,0.0036763323,20,0,384,1023833,20084,3565375,30011,231,671193
1,10929,56.746966088435386,0.00319666252,20,0,384,978208,18500,3318250,29755,231,671193
1,10930,56.750585463435385,0.00375325256,20,0,384,1069625,15500,3614208,30271,231,671193
1,10931,56.753800463435383,0.00314129121,20,0,384,979792,13334,3215709,29819,232,671195
1,10932,56.75705067143538,0.00313920784,20,0,384,1055000,20709,3155000,29947,231,671193
1,10933,56.760517130435389,0.00358858425,20,0,384,1104875,19292,3528250,29883,231,671193
1,10934,56.763987921435387,0.00341508654,20,0,384,983334,12875,3400583,29819,231,671193
1,10935,56.767792088435385,0.00374428858,20,0,384,1067459,17833,3681125,29947,231,671193
1,10936,56.771267755435389,0.00360350055,20,0,384,1076083,22375,3598708,29883,231,671193
1,10937,56.774684296435382,0.00344632939,20,0,384,1004500,18041,3476583,29819,231,671193
1,10938,56.777750796435384,0.00304409023,20,0,384,987083,20542,3204000,29755,231,671193
1,10939,56.780999046435383,0.003202955,20,0,384,1029542,12708,3096958,30075,231,671193
1,10940,56.784278296435389,0.00331233,20,0,384,989833,11875,3292917,29819,231,671193
1,10941,56.787698005435388,0.003427714,20,0,384,1031208,18292,3434292,29755,231,671193
1,10942,56.791223505435383,0.00357241347,20,0,384,1049875,12166,3460042,29883,230,671191
1,10943,56.79453583843538,0.00324858283,20,0,384,997250,13667,3381333,30011,230,671191
1,10944,56.797981546435381,0.00343108713,20,0,384,1020958,19042,3412167,29755,230,671191
1,10945,56.801251630435388,0.00325212581,20,0,384,1035875,18250,3289833,29935,230,671191
1,10946,56.804733046435388,0.00351458322,20,0,384,990541,17416,3341375,30011,230,671191
1,10947,56.807898421435382,0.00316920341,20,0,384,1067459,14375,3340458,29755,230,671191
1,10948,56.81141063043539,0.003622208,20,0,384,1043208,15459,3388291,29883,230,671191
1,10949,56.815525046435383,0.003964172,20,0,384,980375,11083,4119583,40453,230,671191
1,10950,56.819574130435385,0.0040422054,20,0,384,1088125,13958,4068959,38035,230,671191
1,10951,56.822828796435388,0.00335308257,20,0,384,1029875,9917,3307708,29883,230,671191
1,10952,56.826227713435387,0.00339008635,20,0,384,968583,18709,3405917,30011,230,671191
1,10953,56.829573213435381,0.00329253823,20,0,384,998709,18416,3234583,29755,230,671191
1,10954,56.832814421435387,0.003365129,20,0,384,1024292,20208,3349500,29883,230,671191
1,10955,56.835864588435385,0.00297066336,20,0,384,943834,13666,3068750,29819,230,671191
1,10956,56.83956029643538,0.003422123,20,0,384,1035375,13542,3400833,29947,230,671191
1,10957,56.843137963435382,0.003981002,20,0,384,1108500,17917,3713542,29883,230,671191
1,10958,56.846467921435391,0.00315712858,20,0,384,931708,11292,3386000,29819,230,671191
1,10959,56.849848546435382,0.00341024669,20,0,384,1031667,18958,3404333,29947,230,671191
1,10960,56.853140421435384,0.00333662843,20,0,384,1030750,11417,3307000,29883,230,671191
1,10961,56.856725255435393,0.00334978732,20,0,384,989791,12125,3376959,29819,230,671191
1,10962,56.860140588435385,0.0034999575,20,0,384,1147291,13833,3517959,29947,230,671191
1,10963,56.863440130435393,0.00347625418,20,0,384,998458,17375,3387042,29883,230,671191
1,10964,56.867045463435389,0.00346616353,20,0,384,994125,11708,3491042,29819,230,671191
1,10965,56.870320921435379,0.003322293,20,0,384,1011958,17125,3397500,30143,230,671191
1,10966,56.873785921435385,0.00361070712,20,0,384,1057833,11542,3395416,30075,231,671193
1,10967,56.876867713435388,0.0029462513,20,0,384,941167,10667,3166708,29819,231,671193
1,10968,56.880773630435385,0.00372549612,20,0,384,1038125,15542,3520500,29755,231,671193
1,10969,56.884274296435379,0.00374158868,20,0,384,1027166,18750,3791875,29883,231,671193
1,10970,56.887802755435388,0.003468247,20,0,384,961959,11834,3380125,29819,231,671193
1,10971,56.891331255435389,0.00352929416,20,0,384,991000,14250,3593333,29755,231,671193
1,10972,56.894533963435393,0.00328541663,20,0,384,1024375,15375,3370750,29883,231,671193
1,10973,56.897827296435381,0.00313795358,20,0,384,956791,17375,3155375,30011,231,671193
1,10974,56.901481880435384,0.00367025216,20,0,384,1109542,16167,3573541,29755,230,671191
1,10975,56.904944796435387,0.00362196,20,0,384,980875,19458,3562458,29883,230,671191
1,10976,56.908200213435393,0.0031888322,20,0,384,969125,12584,3314167,29819,230,671191
1,10977,56.911621296435385,0.00337383081,20,0,384,1020917,11500,3328833,29755,230,671191
1,10978,56.915145046435384,0.00364229735,20,0,384,1019625,19750,3584000,29883,230,671191
1,10979,56.918416130435389,0.00316762319,20,0,384,966375,12958,3260166,29819,230,671191
1,10980,56.921365296435383,0.003031746,20,0,384,944167,16167,3112584,30059,230,671191
1,10981,56.924522546435384,0.00310637755,20,0,384,1007167,9292,2992000,29883,230,671191
1,10982,56.927613588435392,0.00304291374,20,0,384,1004916,16083,3146541,29819,230,671191
1,10983,56.930798963435379,0.0032074193,20,0,384,1056500,13833,3165375,29795,230,671191
1,10984,56.93412375543538,0.00335462717,20,0,384,1042958,10583,3280125,29883,230,671191
1,10985,56.937475380435387,0.00322866347,20,0,384,972458,18500,3206292,29819,230,671193
1,10986,56.940891171435382,0.00340128969,20,0,384,1093416,20167,3380792,29755,230,671193
1,10987,56.944142088435385,0.00344545767,20,0,384,979250,17583,3426958,29883,230,671193
1,10988,56.947618838435389,0.00332650216,20,0,384,956000,13375,3382625,29819,230,671193
1,10989,56.950883046435379,0.003349171,20,0,384,1063958,15875,3385875,29755,230,671193
1,10990,56.954049296435386,0.003125248,20,0,384,1030208,14084,3120750,29883,230,671193
1,10991,56.957428213435392,0.00336362678,20,0,384,1011958,15584,3190125,29819,230,671193
1,10992,56.960788505435389,0.00337345526,20,0,384,1018250,19541,3499584,29755,230,671193
1,10993,56.964242505435379,0.00342808245,20,0,384,959792,16208,3262792,29883,230,671193
1,10994,56.968459380435391,0.004350085,20,0,384,1010375,15625,4518334,40261,230,671193
1,10995,56.971911796435393,0.00353837153,20,0,384,1000583,10334,3567042,38035,230,671193
1,10996,56.975032463435383,0.00301433541,20,0,384,938042,8833,2992458,29883,230,671193
1,10997,56.978096963435391,0.00300695864,20,0,384,972250,19292,3019041,29819,230,671193
1,10998,56.981342880435392,0.003015873,20,0,384,1015417,14000,3090583,29755,230,671193
1,10999,56.984942796435391,0.00383954076,20,0,384,1113417,10458,3557084,29883,230,671193
1,11000,56.988235838435386,0.0032627976,20,0,384,965667,11625,3332417,30207,230,671193
1,11001,56.991723380435388,0.003434956,20,0,384,1028000,15375,3576209,29755,231,671195
1,11002,56.995004046435383,0.00335087162,20,0,384,1085709,15459,3283416,29883,231,671195
1,11003,56.99857838043539,0.0032980016,20,0,384,1017834,17584,3214583,29819,231,671195
1,11004,57.002038088435384,0.003689874,20,0,384,1062500,23333,3730250,29807,231,671195
1,11005,57.005628338435386,0.00360571151,20,0,384,1038833,14375,3578959,29883,231,671195
1,11006,57.009261755435389,0.0035916667,20,0,384,1051000,11375,3590542,29819,231,671195
1,11007,57.01274092143538,0.00352595653,20,0,384,1038750,15792,3526584,29755,231,671195
1,11008,57.016349005435387,0.00369829219,20,0,384,1023291,19333,3562583,29883,231,671195
1,11009,57.01959521343538,0.00308904471,20,0,384,982541,12833,3299750,29819,230,671193
1,11010,57.023330130435383,0.00363307819,20,0,384,1008250,18250,3582292,29755,230,671193
1,11011,57.026937588435388,0.00381912547,20,0,384,1151417,13791,3666000,29883,230,671193
1,11012,57.030561796435393,0.00344233285,20,0,384,1002333,14167,3531084,29819,230,671193
1,11013,57.034341713435381,0.0038639172,20,0,384,1099458,20541,3888500,29755,230,671193
1,11014,57.037846921435388,0.003681087,20,0,384,1062667,21250,3531125,29883,230,671193
1,11015,57.041280213435385,0.003253373,20,0,384,972500,11250,3376083,29819,230,671193
1,11016,57.044418838435391,0.00320228888,20,0,384,1016875,14625,3295833,29755,230,671193
1,11017,57.047889505435393,0.00345017016,20,0,384,1045875,15667,3285541,29883,230,671193
1,11018,57.051373838435381,0.00340924738,20,0,384,1037542,14959,3392833,29819,230,671193
1,11019,57.055195671435385,0.00382362539,20,0,384,1068416,22583,3867667,29755,230,671193
1,11020,57.058916255435392,0.00365416659,20,0,384,1049167,21834,3621208,29883,230,671193
1,11021,57.062526880435385,0.00366074964,20,0,384,1045334,17625,3661417,29819,230,671193
1,11022,57.066321463435386,0.003846712,20,0,384,1095125,19208,3821625,29755,230,671193
1,11023,57.069625505435383,0.00341679412,20,0,384,1049042,20042,3494541,29883,230,671193
1,11024,57.07304604643538,0.00328307832,20,0,384,982250,16542,3299625,29819,230,671193
1,11025,57.076605421435389,0.00360675319,20,0,384,1112916,19667,3612208,29755,230,671193
1,11026,57.080031130435387,0.00337628974,20,0,384,1070291,11542,3368208,29883,230,671193
1,11027,57.083709046435388,0.0035836664,20,0,384,1031666,11666,3492500,29819,230,671193
1,11028,57.087403630435389,0.00380508788,20,0,384,1156417,20292,3835667,29755,230,671193
1,11029,57.090843880435386,0.00349603873,20,0,384,1076167,21917,3457583,29883,230,671193
1,11030,57.094799130435391,0.00378720951,20,0,384,1026625,19750,3615750,29819,230,671193
1,11031,57.098482630435385,0.00367429131,20,0,384,1163625,17458,3873416,29755,230,671193
1,11032,57.102089755435387,0.00380212581,20,0,384,1059750,22666,3796750,29883,230,671193
1,11033,57.105676838435386,0.003438166,20,0,384,1005792,21458,3406375,29819,230,671193
1,11034,57.108965505435393,0.00343129248,20,0,384,1045083,13000,3568625,30143,230,671193
1,11035,57.112222213435388,0.00323954085,20,0,384,1072625,12792,3176667,29883,231,671195
1,11036,57.115711838435388,0.0035025368,20,0,384,1041250,16292,3246583,29819,231,671195
1,11037,57.120036005435381,0.004041043,20,0,384,1000708,20125,4320625,40197,231,671195
1,11038,57.124611838435385,0.004923335,20,0,384,1273416,12500,4859084,38163,231,671195
1,11039,57.12808700543539,0.00330192037,20,0,384,1014833,11250,3286000,29819,231,671195
1,11040,57.131792713435388,0.00369428843,20,0,384,1119625,15875,3594417,29755,231,671195
1,11041,57.135321838435388,0.00365449977,20,0,384,1063000,22167,3712334,29883,231,671195
1,11042,57.139042713435387,0.00358599774,20,0,384,1031167,13500,3483333,29819,231,671195
1,11043,57.142678171435392,0.003496209,20,0,384,1050167,13125,3595583,29755,230,671193
1,11044,57.146423421435387,0.00399496173,20,0,384,1224250,18083,3906875,29883,230,671193
1,11045,57.150193380435383,0.003744834,20,0,384,1042625,16958,3780542,29819,230,671193
1,11046,57.153665463435388,0.00348087447,20,0,384,1033000,20083,3590125,29755,230,671193
1,11047,57.157171130435387,0.00356554,20,0,384,1072792,13041,3410917,29883,230,671193
1,11048,57.160627463435389,0.00329512474,20,0,384,997208,13583,3394208,29819,230,671193
1,11049,57.164498130435391,0.0037149163,20,0,384,1045792,18959,3688417,29755,230,671193
1,11050,57.168445671435393,0.00427562371,20,0,384,1284292,21292,4018542,29883,230,671193
1,11051,57.172168005435381,0.00363696134,20,0,384,1043708,12625,3847917,29819,230,671193
1,11052,57.176112213435388,0.00384212029,20,0,384,1061625,20667,3813500,29755,229,671191
1,11053,57.180036838435385,0.00387083343,20,0,384,1122167,20792,3833500,29883,229,671191
1,11054,57.18441800543539,0.004588839,20,0,384,1121209,15000,4665875,29819,229,671191
1,11055,57.188112963435387,0.00366179133,20,0,384,1052708,12542,3671417,29755,229,671191
1,11056,57.191942671435385,0.00373399933,20,0,384,1028833,19417,3700625,29883,229,671191
1,11057,57.195992838435387,0.004016043,20,0,384,1100125,20833,3971334,29819,229,671191
1,11058,57.200134088435391,0.00413728738,20,0,384,1165333,17291,4131667,29755,229,671191
1,11059,57.203648380435382,0.00361887761,20,0,384,1073708,14000,3645542,29935,229,671191
1,11060,57.207808088435385,0.00415153755,20,0,384,1084500,13083,3943125,29819,229,671191
1,11061,57.211445380435393,0.00358608272,20,0,384,1059750,15084,3824666,29755,229,671191
1,11062,57.215644546435385,0.00404241774,20,0,384,1129084,17667,3953417,29883,229,671191
1,11063,57.219749755435387,0.00409329636,20,0,384,1171792,23667,4077375,29819,229,671191
1,11064,57.223941088435382,0.004459871,20,0,384,1155333,15458,4501917,29755,229,671191
1,11065,57.228095546435384,0.00380895683,20,0,384,1062125,13625,3851292,29883,229,671191
1,11066,57.231989963435382,0.004161919,20,0,384,1252750,18833,4047125,30207,229,671191
1,11067,57.235510796435392,0.00359108555,20,0,384,1060167,21833,3688375,29755,230,671193
1,11068,57.239353755435388,0.00370128965,20,0,384,1036792,19584,3690417,29883,230,671193
1,11069,57.243356130435387,0.004167708,20,0,384,1081250,15125,3915333,29819,230,671193
1,11070,57.246890213435393,0.003535289,20,0,384,1049875,14334,3778625,29755,230,671193
1,11071,57.250418505435391,0.00356062921,20,0,384,1023917,15250,3505625,29883,230,671193
1,11072,57.253895255435381,0.00336691458,20,0,384,1013167,13750,3407500,29819,230,671193
1,11073,57.257528130435389,0.00350762461,20,0,384,1107208,20667,3476500,29755,230,671193
1,11074,57.261136046435382,0.0037375,20,0,384,1163209,18250,3733084,29883,230,671193
1,11075,57.264829005435388,0.00363983144,20,0,384,1011834,10791,3664834,29819,230,671193
1,11076,57.268321338435385,0.00365163,20,0,384,1111959,24291,3576625,29755,230,671193
1,11077,57.272287630435386,0.00395095674,20,0,384,995791,15542,4106333,41507,230,671193
1,11078,57.276281755435392,0.00401095534,20,0,384,1079250,12042,3900500,38099,230,671193
1,11079,57.27980142143538,0.00333095947,20,0,384,1046167,11333,3385500,29755,230,671193
1,11080,57.283306380435391,0.00363687635,20,0,384,1041875,23458,3597834,29883,230,671193
1,11081,57.286507921435387,0.00321991928,20,0,384,1023291,20458,3256625,29819,230,671193
1,11082,57.289726130435383,0.0031464994,20,0,384,1080125,12792,3239458,29755,230,671193
1,11083,57.293218255435391,0.00362332771,20,0,384,1125084,14750,3296208,29883,230,671193
1,11084,57.296380796435386,0.00311641861,20,0,384,1017666,11791,3384708,29819,230,671193
1,11085,57.299991796435393,0.003533879,20,0,384,1058292,14375,3415167,29755,230,671193
1,11086,57.30316996343538,0.00329133356,20,0,384,1013375,17917,3378833,29883,230,671193
1,11087,57.306540338435383,0.00322083337,20,0,384,999875,14500,3210500,29819,230,671193
1,11088,57.310026588435392,0.003603621,20,0,384,1115875,21750,3530667,29755,230,671193
1,11089,57.313137296435386,0.0032099206,20,0,384,1040250,13917,3252084,29883,230,671193
1,11090,57.316633421435384,0.003410289,20,0,384,947750,16917,3400917,29819,230,671193
1,11091,57.319828505435382,0.00305241649,20,0,384,1020958,15292,3164834,29755,230,671193
1,11092,57.32332608843538,0.003475248,20,0,384,1076000,10417,3333042,29883,230,671193
1,11093,57.32670308843538,0.00355817028,20,0,384,1105917,21958,3557458,29819,230,671193
1,11094,57.329885630435385,0.00318845664,20,0,384,984250,18542,3224375,29755,230,671193
1,11095,57.333393963435384,0.00349666947,20,0,384,1024583,13916,3398500,29883,230,671193
1,11096,57.336735255435386,0.00322720385,20,0,384,1011292,12500,3306625,29819,230,671193
1,11097,57.34070013043538,0.00375775225,20,0,384,1112125,19375,3502333,29755,230,671193
1,11098,57.344392921435386,0.00410758238,20,0,384,1112833,18750,4168583,29883,230,671193
1,11099,57.348262630435386,0.00338679133,20,0,384,958875,13125,3494417,29819,230,671193
1,11100,57.35199088043538,0.00401229458,20,0,384,1241875,19125,4090792,30143,230,671193
1,11101,57.355730963435391,0.00375291239,20,0,384,1106291,17333,3597250,29883,231,671195
1,11102,57.359302088435385,0.00352395838,20,0,384,1050416,12792,3601083,29819,231,671195
1,11103,57.362894255435393,0.00364438072,20,0,384,1030083,18875,3572125,29755,231,671195
1,11104,57.366714755435382,0.00382899656,20,0,384,1076083,18375,3811417,29883,231,671195
1,11105,57.370254213435388,0.00352358283,20,0,384,1079125,12542,3621917,29819,231,671195
1,11106,57.373882880435389,0.00361520681,20,0,384,1089292,19458,3563625,29755,231,671195
1,11107,57.377275005435379,0.003585041,20,0,384,1074417,13584,3561250,29883,231,671195
1,11108,57.380489213435382,0.00302437646,20,0,384,944458,13042,3132625,29819,231,671195
1,11109,57.384215921435384,0.00388125,20,0,384,1041208,15250,3749041,29755,231,671195
1,11110,57.387294338435382,0.00304666953,20,0,384,971500,13125,3146167,29883,231,671195
1,11111,57.390772755435393,0.00335245882,20,0,384,1008292,13875,3218709,29819,231,671195
1,11112,57.393940463435385,0.00331149367,20,0,384,1046042,21584,3450041,29755,231,671195
1,11113,57.397412921435389,0.00337625435,20,0,384,1017791,9458,3226416,29883,231,671195
1,11114,57.401117130435381,0.00363246165,20,0,384,1092917,16125,3686583,29819,231,671195
1,11115,57.404760546435384,0.0037651218,20,0,384,1027792,13834,3722458,29807,231,671195
1,11116,57.408081296435384,0.00336741772,20,0,384,1006708,14250,3448917,29883,231,671195
1,11117,57.41136283843538,0.003225666,20,0,384,988209,17334,3193958,29819,231,671195
1,11118,57.414993130435391,0.00350999855,20,0,384,1037708,18000,3207416,29755,231,671195
1,11119,57.418516421435385,0.003662833,20,0,384,1082375,14083,3828250,38043,231,671195
1,11120,57.423168921435391,0.004535665,20,0,384,955542,11250,4478292,40261,231,671195
1,11121,57.427075921435389,0.004073292,20,0,384,1119417,15500,4319667,38035,231,671195
1,11122,57.430282546435393,0.003097959,20,0,384,990666,10500,3059875,29883,231,671195
1,11123,57.434276421435385,0.00409421045,20,0,384,1012959,16917,4018958,29819,231,671195
1,11124,57.437555838435387,0.00319428858,20,0,384,1028500,11000,3270125,29755,231,671195
1,11125,57.44114958843538,0.00351641863,20,0,384,1067333,12167,3489084,29883,231,671195
1,11126,57.444335588435379,0.00332874851,20,0,384,1019208,16833,3344958,29819,231,671195
1,11127,57.44736188043538,0.00301887747,20,0,384,1004250,15708,3144625,29755,231,671195
1,11128,57.450793588435388,0.003463329,20,0,384,1033084,10250,3305250,29883,231,671195
1,11129,57.453841505435392,0.002971209,20,0,384,979458,14875,3086792,29819,231,671195
1,11130,57.45706146343538,0.00318229175,20,0,384,1067583,17125,2993833,29755,231,671195
1,11131,57.460212755435393,0.003196457,20,0,384,1058458,14875,3313917,29883,231,671195
1,11132,57.463338296435381,0.00316284015,20,0,384,959792,16625,3182125,29819,231,671195
1,11133,57.466651421435387,0.00325020542,20,0,384,1047917,11833,3204209,29755,231,671195
1,11134,57.469898630435381,0.00339287845,20,0,384,1022667,13000,3287459,30271,231,671195
1,11135,57.473101255435381,0.00301441317,20,0,384,963625,10875,3100542,29819,232,671197
1,11136,57.476416963435383,0.00346779334,20,0,384,1107709,12333,3304542,29755,232,671197
1,11137,57.479536296435384,0.00300778775,20,0,384,949083,17750,3185458,29883,232,671197
1,11138,57.483228630435391,0.003736253,20,0,384,976500,17166,3500709,29819,232,671197
1,11139,57.486606838435392,0.00333107985,20,0,384,1033083,11917,3538875,29755,232,671197
1,11140,57.489961213435393,0.00325358566,20,0,384,1072916,15458,3254083,29883,231,671195
1,11141,57.493385088435389,0.0035617915,20,0,384,1082417,20709,3490334,29819,231,671195
1,11142,57.496539921435385,0.00319683249,20,0,384,1040917,16667,3292916,29755,231,671195
1,11143,57.499880255435386,0.00325433677,20,0,384,1035500,11958,3194709,29883,231,671195
1,11144,57.50278138043538,0.00297628972,20,0,384,992250,15459,3085000,29819,231,671195
1,11145,57.505914713435388,0.00310079358,20,0,384,1030917,12583,3013250,29755,231,671195
1,11146,57.509197630435381,0.00327220815,20,0,384,1064333,10500,3184583,29883,231,671195
1,11147,57.512225171435389,0.0030485827,20,0,384,1017167,17375,3214250,29819,231,671195
1,11148,57.515366796435387,0.0031042092,20,0,384,1028125,17250,2988833,29755,231,671195
1,11149,57.518839088435385,0.0035394982,20,0,384,1052166,14875,3439458,29883,231,671195
1,11150,57.522440755435383,0.00344116357,20,0,384,956708,11542,3449250,29819,231,671195
1,11151,57.526908671435379,0.004444211,20,0,384,1081875,21375,4258292,29755,231,671195
1,11152,57.530792713435389,0.003982044,20,0,384,1080791,21708,4035500,29883,230,671193
1,11153,57.53429738043539,0.00351858,20,0,384,1063708,12666,3685709,29819,230,671193
1,11154,57.53777154643538,0.00332233566,20,0,384,1032083,20125,3394042,29755,230,671193
1,11155,57.541709838435381,0.003982958,20,0,384,1175417,16459,3795125,29883,230,671193
1,11156,57.545411255435383,0.00372520555,20,0,384,1062209,12459,3798000,29819,230,671193
1,11157,57.549120630435382,0.003684127,20,0,384,1081334,23125,3682791,29755,230,671193
1,11158,57.552774255435381,0.0037484623,20,0,384,1105500,17791,3608708,29883,230,671193
1,11159,57.556682838435393,0.003819501,20,0,384,1112209,11917,3889583,29819,230,671193
1,11160,57.560251713435392,0.00358008081,20,0,384,1050291,24042,3668250,29755,230,671193
1,11161,57.563645921435381,0.003549249,20,0,384,1032792,17834,3524667,29883,230,671193
1,11162,57.567094088435383,0.00343275233,20,0,384,971833,13958,3448917,29819,230,671193
1,11163,57.570229380435393,0.00315516582,20,0,384,1006208,21000,3117583,29755,230,671193
1,11164,57.574314963435384,0.004075248,20,0,384,1004709,16916,4110166,40325,230,671193
1,11165,57.578172171435384,0.00385121163,20,0,384,1028208,9709,3897375,38099,230,671193
1,11166,57.581407713435382,0.00301979156,20,0,384,1053542,9917,3082083,29755,230,671193
1,11167,57.584926505435391,0.003674497,20,0,384,1135959,13916,3482625,29883,230,671193
1,11168,57.58806479643539,0.00319929142,20,0,384,988625,21083,3313208,30207,230,671193
1,11169,57.591436546435389,0.00331533444,20,0,384,1036375,14125,3217542,29755,231,671195
1,11170,57.594718046435389,0.00331016863,20,0,384,1047667,18041,3389375,29883,231,671195
1,11171,57.597861005435391,0.00314253825,20,0,384,1044375,16292,3137084,29819,231,671195
1,11172,57.601204421435384,0.00322412839,20,0,384,1077709,10750,3252292,29755,231,671195
1,11173,57.604642921435385,0.003552537,20,0,384,1051958,16500,3447542,29935,231,671195
1,11174,57.608082130435392,0.00341387466,20,0,384,1060791,12584,3432375,29819,231,671195
1,11175,57.611100838435391,0.00310037564,20,0,384,1074333,11417,3224417,29755,231,671195
1,11176,57.614308505435389,0.00314979441,20,0,384,1031459,13375,3071500,29883,231,671195
1,11177,57.617754505435386,0.00342391571,20,0,384,1077959,13625,3311125,29819,231,671195
1,11178,57.621275588435381,0.00350432959,20,0,384,1029250,18208,3430458,29755,231,671195
1,11179,57.624791046435391,0.0035396684,20,0,384,983041,12750,3627000,29883,231,671195
1,11180,57.628117588435387,0.00332517014,20,0,384,1039500,19625,3368833,29819,231,671195
1,11181,57.631365005435384,0.00322979013,20,0,384,1060167,12292,3245833,29755,231,671195
1,11182,57.634672963435392,0.00337491487,20,0,384,1094750,10375,3294709,29883,231,671195
1,11183,57.63807213043539,0.003444005,20,0,384,997875,18041,3383291,29819,231,671195
1,11184,57.64605871343538,0.0034797478,20,0,384,1007416,12208,3507959,29755,231,671195
1,11185,57.663563380435392,0.00831425,20,0,384,5105959,21583,8183250,56879,231,671195
1,11186,57.667400963435384,0.0173355024,20,0,384,3166625,12834,17457833,154641,231,671233
1,11187,57.670885671435386,0.00356737524,20,0,384,1036792,15000,3645292,29755,231,671247
1,11188,57.674283130435384,0.00346420775,20,0,384,1067792,15791,3379000,29883,231,671247
1,11189,57.677450838435391,0.003194997,20,0,384,997833,20084,3265667,29819,231,671247
1,11190,57.681203505435391,0.00360512338,20,0,384,1017167,11500,3537167,29755,231,671247
1,11191,57.684539588435385,0.003408213,20,0,384,1006375,21959,3483000,29883,231,671247
1,11192,57.688137296435386,0.00359024946,20,0,384,1025042,19167,3451542,29819,231,671247
1,11193,57.691466380435386,0.003316539,20,0,384,1033125,13292,3448125,29755,231,671247
1,11194,57.694624963435388,0.00326679414,20,0,384,1080667,15541,3272084,29883,231,671247
1,11195,57.697937380435391,0.00321016158,20,0,384,993750,16750,3220208,29819,231,671247
1,11196,57.70162421343538,0.00372758647,20,0,384,1141958,10875,3409250,29755,231,671247
1,11197,57.704825255435381,0.00320612243,20,0,384,989667,11458,3477750,29883,231,671247
1,11198,57.708244588435392,0.00344846235,20,0,384,1008125,13833,3397916,30207,231,671247
1,11199,57.71126088043539,0.00302578649,20,0,384,1017000,16125,3146292,29755,232,671249
1,11200,57.714204880435389,0.002990044,20,0,384,1037625,10875,2937333,29883,232,671249
1,11201,57.717182963435391,0.00295629259,20,0,384,1007542,12458,2994083,29819,232,671249
1,11202,57.720630838435383,0.00323887472,20,0,384,982666,15833,3070916,29755,232,671249
1,11203,57.72499596343539,0.004588081,20,0,384,1044542,16375,4643416,40325,232,671249
1,11204,57.728893963435382,0.00377437635,20,0,384,1003166,10833,3812000,38099,232,671249
1,11205,57.732283088435381,0.00341191888,20,0,384,1055125,11334,3275333,29755,232,671249
1,11206,57.735607005435384,0.00337816752,20,0,384,1030375,19334,3449292,29883,232,671249
1,11207,57.738890546435385,0.00317587168,20,0,384,993833,18750,3227250,29819,232,671249
1,11208,57.74238271343539,0.00358854164,20,0,384,1040083,16584,3504291,29755,232,671249
1,11209,57.745573880435387,0.00322346226,20,0,384,994917,18917,3268250,29883,232,671249
1,11210,57.748786296435384,0.003155917,20,0,384,1000917,16459,3106792,29819,232,671249
1,11211,57.752216505435385,0.00343329087,20,0,384,1025167,12166,3462834,29755,232,671249
1,11212,57.755539796435386,0.00332295918,20,0,384,1038083,19333,3338875,29883,232,671249
1,11213,57.759005380435383,0.00337662268,20,0,384,1024541,15916,3292542,29819,232,671249
1,11214,57.762300963435379,0.00328733,20,0,384,1003583,17375,3373917,29755,232,671249
1,11215,57.765936130435392,0.00372254825,20,0,384,1130959,13542,3611000,29883,232,671249
1,11216,57.769281463435391,0.003374497,20,0,384,1005167,22291,3416958,29819,232,671249
1,11217,57.772635338435393,0.00329321134,20,0,384,983583,15750,3376500,29755,232,671249
1,11218,57.776022421435385,0.00339212012,20,0,384,1090750,16250,3301125,29883,232,671249
1,11219,57.77975229643539,0.00373683381,20,0,384,1026125,20375,3609417,29819,232,671249
1,11220,57.783703421435391,0.00378583465,20,0,384,1010583,12250,3792083,29755,231,671247
1,11221,57.787735880435392,0.0042392076,20,0,384,1147417,21667,4379583,39907,231,671247
1,11222,57.791660171435382,0.00382891856,20,1,384,1045042,11041,3687000,29819,231,671247
1,11223,57.795136838435383,0.00349375,20,1,384,1069750,20542,3592500,29755,231,671247
1,11224,57.798686755435384,0.00342708337,20,1,384,1099041,19667,3396917,29883,232,671423
1,11225,57.802094546435384,0.00358329085,20,2,384,1054791,14500,3562917,29819,232,671423
1,11226,57.805650921435387,0.00349778915,20,2,384,1043708,17333,3544666,29807,232,671423
1,11227,57.809201713435385,0.00365637755,20,2,384,1087834,18250,3581125,29883,233,671529
1,11228,57.812898880435384,0.00355316745,20,2,384,988166,18333,3522500,29819,233,671529
1,11229,57.81656192143538,0.00371057959,20,2,384,1112209,19291,3773375,29755,233,671529
1,11230,57.820289130435384,0.00363333337,20,2,384,1080250,16417,3626291,29883,232,671527
1,11231,57.823875546435389,0.00366300321,20,2,384,1075584,14584,3579458,29819,232,671527
1,11232,57.827320630435381,0.00342091126,20,2,384,1092458,12917,3587834,29755,232,671527
1,11233,57.830880171435382,0.00366996182,20,2,384,1094917,14958,3492958,30271,232,671527
1,11234,57.834183671435383,0.00333408453,20,2,384,1061292,12958,3369334,29819,233,671529
1,11235,57.837502213435386,0.00327620469,20,2,384,1003334,17083,3327375,29755,233,671529
1,11236,57.840995130435388,0.00336821144,20,2,384,1042667,12625,3369375,29883,233,671529
1,11237,57.845043130435386,0.00394362258,20,2,384,1064542,13417,3782125,29819,233,671529
1,11238,57.848796505435388,0.00383991632,20,2,384,1157833,15417,3902333,29755,233,671529
1,11239,57.852184171435383,0.00357196014,20,2,384,1102875,17042,3646875,29883,232,671527
1,11240,57.855885171435389,0.00354195712,20,2,384,999917,17209,3363667,29819,232,671527
1,11241,57.859513255435388,0.003624582,20,2,384,1121750,15125,3778458,29755,232,671527
1,11242,57.863050380435382,0.00362308673,20,2,384,1023334,20125,3534083,29883,232,671527
1,11243,57.866901088435384,0.00383187365,20,2,384,1066334,12083,3769875,29819,232,671527
1,11244,57.870372671435391,0.003484545,20,2,384,1050208,14417,3632083,29993,232,671527
1,11245,57.873974546435392,0.00363861956,20,2,384,1044917,20666,3439292,29883,232,671527
1,11246,57.878180546435388,0.004241879,20,2,384,1020125,14833,4433375,40261,232,671527
1,11247,57.882236505435387,0.003958872,20,2,384,1055375,11500,3874500,38035,231,671525
1,11248,57.885514130435382,0.00335779483,20,2,384,1030167,11458,3519458,29883,231,671525
1,11249,57.889275963435381,0.003662996,20,2,384,1051375,14417,3471667,29819,231,671525
1,11250,57.892668546435388,0.00349204219,20,2,384,1066792,14667,3597208,29755,231,671525
1,11251,57.895920046435393,0.00318112946,20,2,384,1036375,21083,3225584,29883,231,671525
1,11252,57.899385296435383,0.00341799879,20,2,384,1097583,18042,3245333,29819,231,671525
1,11253,57.902513921435386,0.003281335,20,2,384,1050291,14209,3491875,29755,231,671525
1,11254,57.905767296435386,0.00317258365,20,2,384,1035958,12542,3102958,29883,231,671525
1,11255,57.909269588435393,0.003515455,20,2,384,1051792,18208,3484584,29819,231,671525
1,11256,57.912396838435384,0.00309379259,20,2,384,1077834,10791,3210583,29755,231,671525
1,11257,57.915861130435388,0.0034760416,20,2,384,1071292,12833,3289834,29883,231,671525
1,11258,57.919329671435392,0.00345470523,20,2,384,1055834,14959,3508292,29819,231,671525
1,11259,57.922796963435388,0.00342904613,20,2,384,1011000,16958,3485833,29755,231,671525
1,11260,57.926516630435387,0.00388745754,20,2,384,1154167,12625,3599125,29883,231,671525
1,11261,57.929835171435386,0.00322783436,20,2,384,1010125,11208,3393291,29819,231,671525
1,11262,57.933402213435386,0.00357983285,20,2,384,1026792,11167,3602125,29755,231,671525
1,11263,57.936593796435389,0.00321762334,20,2,384,1036917,17583,3301625,29883,231,671525
1,11264,57.939908338435387,0.0030382087,20,4,384,1029375,15792,3082292,29819,231,671525
1,11265,57.94324738043538,0.003575666,20,4,384,1096458,20125,3468583,29755,231,671525
1,11266,57.946696421435391,0.00347016728,20,4,384,1061292,11916,3333541,29883,233,671577
1,11267,57.950298505435384,0.00358195859,20,4,384,1026208,11792,3688333,30207,233,671577
1,11268,57.953588796435383,0.00335408165,20,4,384,1046417,18500,3388083,29755,234,671579
1,11269,57.957125838435388,0.00344833476,20,4,384,1009792,17042,3392666,29883,234,671579
1,11270,57.960522755435392,0.00332096079,20,4,384,1037209,17833,3400625,29819,234,671579
1,11271,57.964244130435389,0.00376537,20,4,384,1048542,18666,3586208,29755,234,671579
1,11272,57.967518046435387,0.00336779328,20,4,384,1055125,25167,3500500,29883,234,671579
1,11273,57.97091775543538,0.00332874851,20,4,384,1021458,13750,3291125,29819,234,671579
1,11274,57.974398380435389,0.00345966546,20,4,384,1070083,13333,3314250,29755,234,671579
1,11275,57.978023046435382,0.00363954785,20,4,384,1029500,23125,3732250,29883,234,671579
1,11276,57.981652463435381,0.00337374583,20,4,384,1073500,13500,3431625,29819,233,671577
1,11277,57.985319421435392,0.00394817162,20,4,384,1125083,21625,3855583,29755,233,671577
1,11278,57.988838546435389,0.003411749,20,4,384,1063625,19625,3431375,29883,233,671577
1,11279,57.992363338435382,0.00362016726,20,4,384,1081584,22250,3606917,29819,233,671577
1,11280,57.995896671435389,0.0036154124,20,4,384,1040417,16875,3539916,29755,233,671577
1,11281,57.999407380435386,0.00332616922,20,4,384,1001541,13917,3350708,29883,233,671577
1,11282,58.002979255435392,0.00367120886,20,4,384,1067458,13541,3712750,29819,233,671577
1,11283,58.006511130435385,0.00338633079,20,4,384,1049250,19875,3367000,29807,233,671577
1,11284,58.010091046435392,0.00380341546,20,4,384,1140542,22125,3792459,29883,233,671577
1,11285,58.013460880435389,0.003288499,20,4,384,1010666,13584,3320583,29819,233,671577
1,11286,58.017026463435386,0.00361104729,20,4,384,1056416,19375,3578792,29755,233,671577
1,11287,58.020554213435389,0.003441624,20,4,384,1021667,20167,3502083,29883,233,671577
1,11288,58.023871130435381,0.0032858348,20,4,384,1025333,12875,3267500,29819,233,671577
1,11289,58.027637463435383,0.00371878548,20,4,384,1083792,18084,3562250,29755,233,671577
1,11290,58.032485713435392,0.00510975067,20,4,384,1168042,14625,5238125,40325,233,671577
1,11291,58.036208505435383,0.00371862948,20,4,384,997000,12208,3793083,38099,233,671577
1,11292,58.039393588435388,0.00302874856,20,4,384,1005167,10250,3073125,29755,233,671577
1,11293,58.042552088435386,0.00331108272,20,4,384,1086000,14042,3209458,29883,233,671577
1,11294,58.045486338435381,0.00290445727,20,4,384,980708,14084,2996541,29819,233,671577
1,11295,58.04901021343538,0.00345454225,20,4,384,1030542,12083,3301792,29755,233,671577
1,11296,58.052513880435384,0.00354387751,20,4,384,1053542,12125,3492000,29883,233,671577
1,11297,58.055806505435385,0.0032293296,20,4,384,1007250,12292,3315042,29819,233,671577
1,11298,58.059518671435384,0.00358529622,20,4,384,1063583,17250,3580375,29755,233,671577
1,11299,58.063013046435387,0.003691369,20,4,384,1060958,19334,3532375,29883,233,671577
1,11300,58.066721505435382,0.003491128,20,4,384,1004000,14000,3560667,29819,233,671577
1,11301,58.07069479643539,0.00416641869,20,4,384,1068583,23333,4176708,30143,233,671577
1,11302,58.07451933843538,0.00384499715,20,4,384,1065792,11667,3709167,29883,234,671579
1,11303,58.07793892143539,0.0033325823,20,4,384,1008958,12459,3507209,29819,234,671579
1,11304,58.081546630435383,0.003471542,20,4,384,1074375,16792,3485208,29755,234,671579
1,11305,58.084869921435384,0.00355512323,20,4,384,1079625,24292,3515208,29883,234,671579
1,11306,58.087991463435387,0.00311892014,20,4,384,993875,19083,3170875,29819,234,671579
1,11307,58.091339505435386,0.003300914,20,4,384,1028916,10958,3204042,29755,234,671579
1,11308,58.094490838435391,0.003162585,20,4,384,1026667,17458,3235416,29883,234,671579
1,11309,58.097819963435384,0.003171372,20,4,384,992375,17292,3229166,29819,234,671579
1,11310,58.101880630435389,0.00415046047,20,4,384,1184791,11917,3770375,29755,234,671579
1,11311,58.105972171435383,0.00397937931,20,4,384,1048000,12416,4138958,29883,234,671579
1,11312,58.109708088435383,0.003812996,20,4,384,1156708,16375,3800292,29819,234,671579
1,11313,58.113261213435379,0.003646124,20,4,384,1078375,22834,3746375,29755,234,671579
1,11314,58.116583796435393,0.00335612963,20,4,384,1032625,19334,3343166,29883,234,671579
1,11315,58.119623755435384,0.00297962013,20,4,384,1003208,17125,3073458,29819,234,671579
1,11316,58.12302096343538,0.00339429569,20,4,384,984875,14291,3409834,29755,234,671579
1,11317,58.12611392143539,0.00323258224,20,4,384,1060250,15834,3201458,30551,234,671579
1,11318,58.12904225543538,0.00283154054,20,4,384,992292,13500,2883458,29819,234,671579
1,11319,58.132408546435386,0.003364378,20,4,384,1094584,13041,3115958,29755,234,671579
1,11320,58.135882838435393,0.0034486677,20,4,384,1006208,18834,3564125,30357,234,671579
1,11321,58.139900213435382,0.00393570727,20,4,384,1027583,17208,3644292,29819,234,671579
1,11322,58.143780630435387,0.00379324681,20,4,384,1062625,13583,4048375,29755,234,671579
1,11323,58.147608588435389,0.004084793,20,3,384,1212958,14958,4007708,29883,234,671579
1,11324,58.15074892143538,0.003118665,20,3,384,974667,14125,3298250,29819,234,671579
1,11325,58.154275505435379,0.0034093326,20,3,384,1022500,13583,3330042,29755,233,671403
1,11326,58.157897630435386,0.00366896251,20,3,384,1114250,10875,3469375,29883,233,671403
1,11327,58.161485796435386,0.00352679286,20,3,384,1080125,14250,3706000,29819,233,671403
1,11328,58.164869963435379,0.003303125,20,3,384,1029916,12917,3362708,29755,233,671403
1,11329,58.168277588435387,0.00363374432,20,3,384,1171417,14958,3541875,29883,233,671403
1,11330,58.171496380435386,0.00309516722,20,3,384,958375,17417,3055042,29819,233,671403
1,11331,58.175124171435385,0.00367575116,20,3,384,1067834,18500,3681917,29755,233,671403
1,11332,58.178697338435384,0.0034585814,20,3,384,1060708,16416,3412666,29883,233,671403
1,11333,58.183243838435388,0.004659708,20,3,384,1078750,12000,4701375,40261,233,671403
1,11334,58.18753046343538,0.0042078374,20,2,384,1081791,12417,4242458,38035,233,671403
1,11335,58.191170671435387,0.003725666,20,2,384,1016167,21125,3634417,30271,233,671403
1,11336,58.194470088435381,0.0033008717,20,2,384,1054708,12500,3415875,29819,233,671299
1,11337,58.198145546435384,0.00358609,20,2,384,1077000,11667,3470542,29755,233,671299
1,11338,58.201644921435388,0.003546875,20,2,384,1088959,18917,3567958,29883,233,671299
1,11339,58.205068546435385,0.00346978451,20,2,384,1017000,12000,3518250,29819,233,671299
1,11340,58.208814130435385,0.00370063074,20,2,384,1055666,18667,3602666,29807,233,671299
1,11341,58.212313296435383,0.003466454,20,2,384,1060000,19000,3549959,29883,233,671299
1,11342,58.21572542143538,0.00345546333,20,2,384,1094833,20416,3433667,29819,233,671299
1,11343,58.219362380435385,0.00345204072,20,2,384,1061667,19333,3483500,29755,233,671299
1,11344,58.22322817143538,0.004025163,20,2,384,1134333,19459,3914417,29883,233,671299
1,11345,58.22677592143539,0.003571379,20,2,384,1034708,15625,3596000,29819,233,671299
1,11346,58.230349713435388,0.00358024379,20,2,384,1030209,19208,3599834,29755,233,671299
1,11347,58.233927463435393,0.00372150657,20,2,384,1043791,16750,3735167,29883,233,671299
1,11348,58.237062296435383,0.00295545626,20,2,384,968708,10291,3057000,29819,233,671299
1,11349,58.240968046435384,0.00388845662,20,2,384,1128500,12250,3686208,29755,233,671299
1,11350,58.244340380435389,0.00350004248,20,2,384,1023167,13792,3515541,29883,233,671299
1,11351,58.247918880435392,0.00344496174,20,2,384,1020000,13167,3563417,29819,233,671299
1,11352,58.251245046435386,0.00341774384,20,2,384,1108875,12667,3399667,29755,233,671299
1,11353,58.254596505435387,0.00336100487,20,2,384,1071042,14584,3267542,29883,233,671299
1,11354,58.25796138043539,0.00338566466,20,2,384,1003583,18250,3428875,29819,233,671299
1,11355,58.261312296435392,0.003149164,20,2,384,1010292,18292,3256833,29755,233,671299
1,11356,58.264927713435384,0.003695465,20,2,384,1105084,11250,3532917,29883,233,671299
1,11357,58.268395838435382,0.003540207,20,2,384,1064375,21667,3571458,29819,233,671299
1,11358,58.271858880435389,0.00343129248,20,2,384,1056000,17667,3415125,29755,233,671299
1,11359,58.275558213435389,0.00382050034,20,2,384,1076125,18959,3700584,29883,233,671299
1,11360,58.278984838435392,0.00315495324,20,2,384,1021500,11292,3329542,29819,233,671299
1,11361,58.282606671435389,0.003821542,20,2,384,1136833,16542,3761083,29755,233,671299
1,11362,58.285942213435391,0.00337670767,20,2,384,1036625,19208,3393875,29883,233,671299
1,11363,58.289584255435386,0.00357200252,20,2,384,992750,18125,3593292,29819,233,671299
1,11364,58.29290067143539,0.00335558387,20,2,384,1050708,20417,3394583,29755,233,671299
1,11365,58.296188338435385,0.003365958,20,2,384,1063167,14000,3169792,29883,233,671299
1,11366,58.299866880435388,0.003528373,20,2,384,965709,10458,3624292,29819,233,671299
1,11367,58.303165255435388,0.0033465845,20,2,384,1006958,12167,3395792,29755,233,671299
1,11368,58.306704338435381,0.00336862239,20,2,384,1068000,11250,3284166,29883,232,671297
1,11369,58.310453713435379,0.0038365433,20,2,384,1045583,21917,3804750,30207,232,671297
1,11370,58.313852546435385,0.00348541676,20,2,384,1046958,21833,3585417,29755,233,671299
1,11371,58.31721483843539,0.00338391447,20,2,384,1069458,10709,3297625,29883,233,671299
1,11372,58.320633796435388,0.003256753,20,2,384,1023250,18666,3349375,29819,233,671299
1,11373,58.324214130435379,0.00369224767,20,2,384,1098792,17583,3539583,29755,233,671299
1,11374,58.327676005435393,0.00352446153,20,0,384,1021792,18208,3560583,29883,233,671299
1,11375,58.331462713435386,0.00368429,20,0,384,1013375,11208,3540958,31651,233,671299
1,11376,58.335720755435389,0.00438779034,20,0,384,1054750,16750,4619250,40197,231,671247
1,11377,58.340253921435391,0.0042233346,20,0,384,1022084,12042,4161667,38211,231,671247
1,11378,58.344302755435379,0.00437383074,20,0,384,1107959,16666,4393584,38099,230,671245
1,11379,58.34764171343538,0.00327625428,20,0,384,1029875,11291,3304125,29755,230,671245
1,11380,58.351298796435387,0.00371958618,20,0,384,1066417,11459,3579375,29883,230,671245
1,11381,58.354694046435384,0.00333228451,20,0,384,969208,12042,3441333,29819,230,671245
1,11382,58.357995963435386,0.00330125424,20,0,384,1005917,18917,3353875,29755,230,671245
1,11383,58.36123633843539,0.00318604033,20,0,384,1060292,14291,3148666,29883,230,671245
1,11384,58.364777630435384,0.00348283025,20,0,384,1013666,13542,3449833,29819,230,671245
1,11385,58.368313463435385,0.00361845945,20,0,384,1133458,17250,3634334,29755,229,671243
1,11386,58.371686796435384,0.00344088022,20,0,384,1084875,13375,3351042,29883,229,671243
1,11387,58.374920171435392,0.00325866649,20,0,384,973708,19459,3295416,29819,229,671243
1,11388,58.378052005435393,0.0030980797,20,0,384,982833,16167,3175208,29755,229,671243
1,11389,58.381512713435384,0.00316870748,20,0,384,1043250,9667,3108834,29883,229,671243
1,11390,58.385076713435382,0.00380400359,20,0,384,1135250,19708,3729709,29819,229,671243
1,11391,58.388366005435387,0.003229953,20,0,384,1052167,18625,3350959,29755,229,671243
1,11392,58.391867421435393,0.003665129,20,0,384,1111875,15333,3523916,29883,229,671243
1,11393,58.395395463435392,0.00330841844,20,0,384,982834,13417,3280167,29819,229,671243
1,11394,58.39903233843539,0.00362753682,20,0,384,1081584,21333,3701167,29755,229,671243
1,11395,58.402376755435384,0.00353254681,20,0,384,1051917,20292,3554625,29883,229,671243
1,11396,58.40579192143538,0.00327033014,20,0,384,994042,19167,3320959,29819,229,671243
1,11397,58.40912258843538,0.003364378,20,0,384,1154417,13416,3404375,29807,228,671241
1,11398,58.412567296435384,0.00332824537,20,0,384,1094458,9375,3205042,29883,228,671241
1,11399,58.416030796435379,0.00364066754,20,0,384,1166292,23208,3589417,29819,228,671241
1,11400,58.419330838435386,0.00326070725,20,0,384,1049417,15708,3353167,29755,228,671241
1,11401,58.422651088435387,0.003340292,20,0,384,1002292,16458,3320791,29883,228,671241
1,11402,58.426343505435383,0.00362300174,20,0,384,1087000,16333,3516792,29819,228,671241
1,11403,58.429799046435392,0.00354304141,20,0,384,1039583,20208,3557167,30143,228,671241
1,11404,58.433214255435388,0.00344691752,20,0,384,1029750,20166,3513209,29883,229,671243
1,11405,58.436485671435392,0.0032672903,20,0,384,1027333,17375,3262750,29819,229,671243
1,11406,58.439679713435382,0.00301408721,20,0,384,1040250,16750,3148375,29755,229,671243
1,11407,58.443216588435391,0.00371653913,20,0,384,1145584,13250,3513667,29883,229,671243
1,11408,58.446430588435391,0.0032259142,20,0,384,1021750,17416,3262292,29819,229,671243
1,11409,58.449904671435391,0.003403125,20,0,384,1030542,14334,3397709,29755,229,671243
1,11410,58.453053046435386,0.00324895838,20,0,384,1092458,14500,3287958,29883,229,671243
1,11411,58.45623567143538,0.00310741924,20,0,384,998167,16000,3119541,29819,229,671243
1,11412,58.459722421435387,0.003443417,20,0,384,1107792,10209,3390250,29755,229,671243
1,11413,58.463119796435393,0.0035730442,20,0,384,999667,17875,3443625,29883,229,671243
1,11414,58.466309963435393,0.00313108,20,0,384,987458,11500,3252542,29819,229,671243
1,11415,58.469397255435382,0.00304591842,20,0,384,996917,16542,3121500,29755,229,671243
1,11416,58.47272046343538,0.0031875,20,0,384,1080541,10584,3149792,29883,229,671243
1,11417,58.476118088435385,0.003564959,20,0,384,1167167,13500,3495500,29819,229,671243
1,11418,58.479224130435384,0.00292045786,20,0,384,1025333,10209,3073416,29755,229,671243
1,11419,58.482915838435389,0.003929372,20,0,384,1111417,12250,3538291,29883,229,671243
1,11420,58.486846838435383,0.003944629,20,0,384,1000709,10792,4217666,40261,229,671243
1,11421,58.49099229643538,0.00391279068,20,0,384,997000,10042,3785833,38035,229,671243
1,11422,58.494225796435387,0.00342091848,20,0,384,1143125,15916,3553250,29883,229,671243
1,11423,58.497561505435385,0.00332932966,20,0,384,993667,14792,3332792,29819,229,671243
1,11424,58.501116046435385,0.0034355442,20,0,384,1040125,9667,3359042,29755,229,671243
1,11425,58.50481875543538,0.00378512614,20,0,384,1001708,14917,3645917,29883,229,671243
1,11426,58.50853654643538,0.00370104169,20,0,384,1053792,12458,3761708,29819,229,671243
1,11427,58.511890671435381,0.0033484553,20,0,384,1017875,19250,3450666,29755,229,671243
1,11428,58.515526880435388,0.00351987663,20,0,384,1057583,12084,3333834,29883,229,671243
1,11429,58.51929321343539,0.00378446,20,0,384,1081750,21333,3828708,29819,229,671243
1,11430,58.522883630435388,0.0036013322,20,0,384,1055709,11875,3666667,29755,229,671243
1,11431,58.526548796435392,0.00382733135,20,0,384,1130542,19167,3585458,29883,229,671243
1,11432,58.529918296435383,0.00330620748,20,0,384,997250,13375,3511500,29819,229,671243
1,11433,58.533397463435392,0.00342704076,20,0,384,994958,15666,3479833,29755,229,671243
1,11434,58.53656142143538,0.00325050321,20,0,384,1100416,14875,3274208,29883,229,671243
1,11435,58.53969913043538,0.002900248,20,0,384,1001834,16750,2993042,29819,229,671243
1,11436,58.543288880435384,0.00380504527,20,0,384,1185083,12500,3594042,29755,229,671243
1,11437,58.546514588435386,0.00320720673,20,0,384,1009167,17750,3314000,29883,229,671243
1,11438,58.549953796435389,0.00344545767,20,0,384,1026666,16583,3401458,30207,229,671243
1,11439,58.553274546435389,0.003306753,20,0,384,1039208,17917,3295583,29755,230,671245
1,11440,58.556529963435381,0.00311962166,20,0,384,1056958,17333,3197042,29883,230,671245
1,11441,58.559995963435384,0.003550999,20,0,384,1113209,14833,3479500,29819,230,671245
1,11442,58.563300546435386,0.00337529043,20,0,384,996708,17875,3323042,29755,230,671245
1,11443,58.566904880435388,0.00357275363,20,0,384,1012625,15041,3587834,29883,230,671245
1,11444,58.570086838435387,0.00320574688,20,0,384,1041625,19792,3282958,29819,230,671245
1,11445,58.573448796435386,0.00325017,20,0,384,1059083,12375,3210292,29755,230,671245
1,11446,58.576791380435381,0.00349841267,20,0,384,1121958,15125,3416500,29883,230,671245
1,11447,58.580078838435384,0.00317333476,20,0,384,989708,13500,3278708,29819,230,671245
1,11448,58.58401513043539,0.00412896136,20,0,384,1017000,17166,3990667,29755,230,671245
1,11449,58.587334921435385,0.00316541246,20,0,384,960667,10875,3210750,29883,230,671245
1,11450,58.590894671435379,0.00353062642,20,0,384,1077917,13167,3473042,29819,230,671245
1,11451,58.594385838435386,0.00355137466,20,0,384,1049375,21708,3597042,29755,230,671245
1,11452,58.597870130435382,0.00337679288,20,0,384,1033917,19500,3395459,29883,230,671245
1,11453,58.60163342143538,0.003774667,20,0,384,1111792,22459,3627125,29819,230,671245
1,11454,58.605184463435393,0.00359024946,20,0,384,1015917,13541,3671708,29755,230,671245
1,11455,58.608572963435392,0.00339570572,20,0,384,1031791,23083,3391083,29883,230,671245
1,11456,58.612355671435381,0.00371337868,20,0,384,1068375,18375,3704875,29871,230,671245
1,11457,58.616107296435388,0.00384708052,20,0,384,1114084,13959,3784084,29755,230,671245
1,11458,58.619553963435379,0.00338204368,20,0,384,1036375,19041,3486667,29883,230,671245
1,11459,58.623083421435382,0.00350350048,20,0,384,1034208,12375,3504333,29819,230,671245
1,11460,58.626463671435388,0.00349246035,20,0,384,1074750,21125,3382834,29755,230,671245
1,11461,58.629645213435381,0.003219083,20,0,384,1045042,17417,3314209,29883,230,671245
1,11462,58.633123796435385,0.00343028619,20,0,384,978583,18958,3365500,29819,230,671245
1,11463,58.637103546435384,0.004050333,20,0,384,1038708,15334,4123500,40197,230,671245
1,11464,58.64115204643538,0.003903465,20,0,384,1024583,10750,3885416,38163,230,671245
1,11465,58.644478880435386,0.00338203646,20,0,384,1065750,13875,3467125,29819,230,671245
1,11466,58.647885296435391,0.00336087728,20,0,384,1123792,7583,3234458,29755,230,671245
1,11467,58.65153563043539,0.00379904336,20,0,384,1127292,15333,3586500,29883,230,671245
1,11468,58.65500138043538,0.00338941324,20,0,384,999458,13542,3593125,29819,230,671245
1,11469,58.658513171435388,0.003477792,20,0,384,1025542,18791,3482917,29755,230,671245
1,11470,58.661667921435381,0.0032531675,20,0,384,984500,14833,3299667,29883,230,671245
1,11471,58.664996713435386,0.003102955,20,0,384,986750,17042,3100709,29819,230,671245
1,11472,58.668493755435392,0.00361692184,20,0,384,1104375,15875,3578875,30143,230,671245
1,11473,58.671803463435381,0.00334591838,20,0,384,1075125,13916,3304500,29883,231,671247
1,11474,58.675364463435386,0.003560204,20,0,384,1023791,18625,3599625,29819,231,671247
1,11475,58.678696213435387,0.00321716978,20,0,384,1039792,16708,3259250,29755,230,671245
1,11476,58.682273671435382,0.00374503969,20,0,384,1042166,20500,3442709,29883,230,671245
1,11477,58.685562046435379,0.00323154056,20,0,384,1030125,11750,3523333,29819,230,671245
1,11478,58.688912755435382,0.00326262764,20,0,384,1077708,11834,3264875,29755,230,671245
1,11479,58.692371796435381,0.00359041244,20,0,384,1116542,13250,3481250,29883,230,671245
1,11480,58.695536505435385,0.00310449977,20,0,384,997333,19583,3201708,29819,230,671245
1,11481,58.698740171435389,0.00310625,20,0,384,1099375,11167,3080917,29755,230,671245
1,11482,58.702020296435393,0.0034602962,20,0,384,1061084,16042,3426791,29883,230,671245
1,11483,58.705239255435387,0.00319537264,20,0,384,978125,17125,3185833,29819,230,671245
1,11484,58.708760630435393,0.00348424749,20,0,384,1009000,19083,3498250,29755,230,671245
1,11485,58.711971546435393,0.00326079223,20,0,384,1061708,14167,3279000,29883,230,671245
1,11486,58.715260630435381,0.00307641714,20,0,384,987417,17958,3107125,29819,230,671245
1,11487,58.718856463435387,0.003641128,20,0,384,1169125,17459,3523333,29755,230,671245
1,11488,58.722248546435381,0.00357191754,20,0,384,1052625,21875,3575958,30326,230,671245
1,11489,58.72567413043538,0.00338754244,20,0,384,1007000,13416,3406333,29819,230,671245
1,11490,58.728858796435389,0.003136912,20,0,384,991875,18041,3154709,29795,230,671245
1,11491,58.732727088435382,0.003692921,20,0,384,1100416,9583,3333042,29883,230,671245
1,11492,58.736288088435387,0.00369278621,20,0,384,1179083,18833,4080208,29819,230,671245
1,11493,58.739724005435392,0.00331220939,20,0,384,1108583,15208,3297167,29755,230,671245
1,11494,58.743242963435392,0.00371520687,20,0,384,1101917,19000,3607792,29883,230,671245
1,11495,58.746590921435384,0.003352962,20,0,384,1017209,15709,3382208,29819,230,671245
1,11496,58.75006275543538,0.00347520551,20,0,384,1016750,18792,3497666,29755,230,671245
1,11497,58.753191463435385,0.00316291815,20,0,384,1057583,10917,3221708,29883,230,671245
1,11498,58.756275213435387,0.003018835,20,0,384,1008875,15750,3064208,29819,230,671245
1,11499,58.76016329643538,0.003856746,20,0,384,1103792,12958,3481584,29755,230,671245
1,11500,58.763473255435386,0.00337683526,20,0,384,1029167,12333,3607084,29883,230,671245
1,11501,58.76689800543538,0.003422789,20,0,384,1016959,16209,3443083,29819,230,671245
1,11502,58.77011925543539,0.00316387461,20,0,384,1036291,18875,3246792,29755,230,671245
1,11503,58.773534546435386,0.00334575539,20,0,384,1111625,13500,3208250,29883,230,671245
1,11504,58.777012005435381,0.003637585,20,0,384,1055167,23167,3644875,29819,230,671245
1,11505,58.780157880435382,0.00309162424,20,0,384,995250,17541,3219375,29755,230,671245
1,11506,58.784069255435384,0.00400324538,20,0,384,1024041,14250,3763625,29883,230,671245
1,11507,58.788118588435381,0.00398425432,20,0,384,1003959,11334,4127291,40261,230,671245
1,11508,58.792060130435388,0.003984623,20,0,384,1008667,10084,4005375,38471,230,671245
1,11509,58.795625213435386,0.00357653759,20,0,384,1019542,11042,3590042,38163,231,671247
1,11510,58.798984255435386,0.00324575533,20,0,384,1053791,9417,3098500,29819,231,671247
1,11511,58.80195567143538,0.00305687357,20,0,384,996833,11833,3232042,29755,231,671247
1,11512,58.80510742143538,0.00308416947,20,0,384,1043041,11541,2961500,29883,231,671247
1,11513,58.808606171435386,0.00350316032,20,0,384,1057500,14750,3504208,29819,231,671247
1,11514,58.811838546435382,0.00324000139,20,0,384,1037167,18125,3299792,29807,231,671247
1,11515,58.815110963435387,0.003315292,20,0,384,1090208,12291,3277042,29883,231,671247
1,11516,58.818132671435393,0.00302479439,20,0,384,1023417,17750,3117625,29819,231,671247
1,11517,58.821375338435388,0.00293795345,20,0,384,1052542,12542,2977666,29755,231,671247
1,11518,58.825047255435379,0.00398300029,20,0,384,1221292,14292,3699125,29883,231,671247
1,11519,58.828199421435386,0.00310491771,20,0,384,1021125,12916,3252250,29819,231,671247
1,11520,58.831294130435381,0.003063003,20,0,384,1067750,17583,3138292,29755,231,671247
1,11521,58.835057630435386,0.00378841418,20,0,384,1098500,12875,3545625,29883,231,671247
1,11522,58.838611671435388,0.00350158731,20,0,384,1046875,14417,3554250,29819,231,671247
1,11523,58.841964505435385,0.003459956,20,0,384,1014834,12042,3494584,29755,231,671247
1,11524,58.845079171435387,0.003097371,20,0,384,1015500,17583,3154458,29883,231,671247
1,11525,58.848720255435381,0.00361271249,20,0,384,999083,17667,3418208,29819,231,671247
1,11526,58.851848630435384,0.00317196012,20,0,384,997792,20166,3393834,29755,231,671247
1,11527,58.855586880435382,0.00352329225,20,0,384,1045833,12792,3312875,29883,231,671247
1,11528,58.859190838435381,0.00370520842,20,0,384,1155125,14875,3785875,29819,231,671247
1,11529,58.86233825543539,0.00322370324,20,0,384,1014875,13042,3344167,29755,231,671247
1,11530,58.865730421435387,0.00340741919,20,0,384,1048041,12042,3229250,30909,231,671247
1,11531,58.86889817143539,0.00316974916,20,0,384,1000041,13167,3284875,29819,231,671247
1,11532,58.872038963435386,0.00315916957,20,0,384,1046500,15166,3211875,29755,231,671247
1,11533,58.875331880435382,0.0032698696,20,0,384,1046458,12250,3196416,29883,231,671247
1,11534,58.878598213435382,0.00311458344,20,0,384,1036459,10875,3164375,29819,231,671247
1,11535,58.881979838435385,0.00339092268,20,0,384,1065125,17833,3322042,29755,231,671247
1,11536,58.88528717143538,0.003484375,20,0,384,1097500,25708,3469000,29883,231,671247
1,11537,58.88834213043539,0.00304466416,20,0,384,984167,18709,3118042,29819,231,671247
1,11538,58.891882671435383,0.003441872,20,0,384,1048042,11334,3401375,29755,231,671247
1,11539,58.895124796435383,0.003290625,20,0,384,1102500,13042,3295584,29883,231,671247
1,11540,58.898664380435392,0.003383376,20,0,384,1055166,16000,3209959,29819,231,671247
1,11541,58.901930046435382,0.00344387745,20,0,384,1059958,15916,3624000,29755,231,671247
1,11542,58.905120088435382,0.00319237518,20,0,384,1065209,13416,3152792,29883,231,671247
1,11543,58.908582130435391,0.00343375141,20,0,384,990417,15333,3397333,30207,231,671247
1,11544,58.911693171435388,0.00311641162,20,0,384,1063708,17750,3246667,29755,232,671249
1,11545,58.914852546435384,0.00309125567,20,0,384,1073208,12125,3040125,29883,232,671249
1,11546,58.918174630435388,0.00342070567,20,0,384,1105542,14500,3346833,29819,232,671249
1,11547,58.92171396343538,0.00340975053,20,0,384,1029542,13958,3256375,29755,232,671249
1,11548,58.925101796435385,0.00353845675,20,0,384,1068459,13500,3685208,29883,232,671249
1,11549,58.928216130435388,0.00309237535,20,0,384,1017917,17750,3156500,29819,232,671249
1,11550,58.931574963435381,0.003310126,20,0,384,1064083,9250,3144042,29755,232,671249
1,11551,58.934940796435384,0.003431498,20,0,384,1041750,17917,3418792,29883,232,671249
1,11552,58.938990213435389,0.00394041929,20,0,384,1010791,12167,4066334,40261,232,671249
1,11553,58.942800130435387,0.00396033144,20,0,384,1042750,11959,3912125,38035,232,671249
1,11554,58.946154338435392,0.00337587879,20,0,384,997667,14417,3237125,29883,232,671249
1,11555,58.949607505435381,0.003369749,20,0,384,969334,13000,3448542,29819,232,671249
1,11556,58.95292471343538,0.00324912136,20,0,384,1011291,13417,3366542,29755,232,671249
1,11557,58.956929588435386,0.003970167,20,0,384,1114458,13917,3615500,29883,232,671249
1,11558,58.960408088435386,0.00351058668,20,0,384,1085959,17625,3764291,29819,232,671249
1,11559,58.963593463435387,0.00325474772,20,0,384,1011833,18375,3312416,29755,232,671249
1,11560,58.966960963435383,0.00341974921,20,0,384,1064083,13333,3311959,29883,232,671249
1,11561,58.969996838435392,0.00301412283,20,0,384,995000,11042,3134416,29819,232,671249
1,11562,58.973109505435389,0.00300908438,20,0,384,1036833,10417,3054792,29755,232,671249
1,11563,58.976803130435385,0.003784212,20,0,384,1124500,14958,3549000,29883,232,671249
1,11564,58.980128338435392,0.00326004112,20,0,384,1020708,12000,3344375,29819,232,671249
1,11565,58.983917796435392,0.003850751,20,0,384,991584,11791,3785792,29755,232,671249
1,11566,58.987249796435393,0.0032178713,20,0,384,1021083,12833,3335958,29883,232,671249
1,11567,58.990543921435389,0.00344908587,20,0,384,1103333,16958,3339250,29819,232,671249
1,11568,58.99350267143538,0.00295895687,20,0,384,980917,17041,3101959,29755,232,671249
1,11569,58.996689880435383,0.00315412413,20,0,384,1019250,12375,3088583,29883,232,671249
1,11570,59.000687296435387,0.00376041676,20,0,384,984292,19000,3722666,29819,232,671249
1,11571,59.00446142143538,0.0039932467,20,0,384,1112542,23084,3809375,29755,232,671249
1,11572,59.00800046343538,0.00354966684,20,0,384,1036709,13000,3664250,29883,232,671249
1,11573,59.011259671435383,0.00326483836,20,0,384,985917,13125,3327834,29819,231,671247
1,11574,59.014496546435382,0.00316449837,20,0,384,1001875,18375,3263208,29807,231,671247
1,11575,59.017779463435389,0.003418084,20,0,384,1110125,14083,3299875,29883,231,671247
1,11576,59.020908713435389,0.00292196,20,0,384,948916,17208,3009667,29819,231,671247
1,11577,59.024406005435381,0.00352495746,20,0,384,1080375,12250,3377000,29755,231,671247
1,11578,59.02767088043538,0.003381165,20,0,384,1092125,13750,3446625,29883,231,671247
1,11579,59.030863338435381,0.00314616645,20,0,384,956250,14792,3189042,30207,231,671247
1,11580,59.034333171435392,0.00344166672,20,0,384,1081750,13291,3444542,29755,232,671249
1,11581,59.037613671435381,0.00330041815,20,0,384,1081125,14167,3220333,29883,231,671247
1,11582,59.04120213043538,0.00355366361,20,0,384,1058958,17583,3488416,29819,231,671247
1,11583,59.044353921435388,0.00321996165,20,0,384,1018125,12958,3392000,29755,231,671247
1,11584,59.04748254643539,0.00310645555,20,0,384,1064791,13250,3080875,29883,231,671247
1,11585,59.050860088435385,0.00335800019,20,0,384,1084250,12708,3214083,29819,231,671247
1,11586,59.054468463435384,0.00365746184,20,0,384,1046750,17458,3622875,29755,231,671247
1,11587,59.057895713435386,0.00343095954,20,0,384,1005333,16250,3468250,29883,231,671247
1,11588,59.061139171435386,0.00315182819,20,0,384,1014875,12084,3230917,29819,231,671247
1,11589,59.064226546435393,0.00316104013,20,0,384,1020292,17625,3244458,29755,231,671247
1,11590,59.067677338435388,0.00349163124,20,0,384,1088041,13292,3302958,29883,231,671247
1,11591,59.071047546435381,0.00327050034,20,0,384,983208,17334,3306084,29819,231,671247
1,11592,59.075020546435383,0.00381974922,20,0,384,1083750,13084,3777167,29755,231,671247
1,11593,59.078745671435385,0.00383633072,20,0,384,1168542,15208,3815459,29883,231,671247
1,11594,59.082293213435392,0.003603458,20,0,384,1052542,12041,3575000,29819,230,671245
1,11595,59.085658588435379,0.0034654194,20,0,384,1037666,19958,3500917,29755,230,671245
1,11596,59.089900255435381,0.00415454246,20,0,384,978583,16667,4094500,40325,230,671245
1,11597,59.093747005435389,0.003948994,20,0,384,1101292,11917,4089292,38099,230,671245
1,11598,59.096950130435388,0.00308550172,20,0,384,1015334,11084,3097208,29755,230,671245
1,11599,59.10037871343539,0.00338012329,20,0,384,1091458,14333,3292125,29883,230,671245
1,11600,59.10378813043539,0.00342312921,20,0,384,1021875,12167,3495875,29819,230,671245
1,11601,59.107174380435382,0.00336587313,20,0,384,1112292,18875,3292875,29755,230,671245
1,11602,59.110383088435384,0.00336212432,20,0,384,1093833,16875,3371625,29883,230,671245
1,11603,59.113979296435389,0.003496875,20,0,384,966875,19375,3345542,29819,230,671245
1,11604,59.116973838435385,0.00311116781,20,0,384,1017958,15625,3371542,29755,230,671245
1,11605,59.120176380435382,0.00306420773,20,0,384,1047750,8541,3003125,29883,230,671245
1,11606,59.123746130435393,0.003492921,20,0,384,1006417,19250,3402167,29819,230,671245
1,11607,59.127329505435384,0.00370449969,20,0,384,1100500,22833,3695458,29755,230,671245
1,11608,59.131021463435388,0.0037334112,20,0,384,1013208,20583,3685000,29883,230,671245
1,11609,59.134373296435385,0.00336004118,20,0,384,1017834,14041,3408666,29819,230,671245
1,11610,59.137800463435383,0.0033853387,20,0,384,997084,18167,3317167,29755,230,671245
1,11611,59.14120671343538,0.003413747,20,0,384,1006625,12667,3456833,29883,230,671245
1,11612,59.144404338435379,0.003215292,20,0,384,976500,11708,3250416,29819,229,671243
1,11613,59.147770380435389,0.00321979169,20,0,384,1050250,17708,3132792,29755,229,671243
1,11614,59.151119838435392,0.00354749849,20,0,384,1076750,19500,3600875,30271,229,671243
1,11615,59.154493588435386,0.00332741649,20,0,384,962167,20167,3265917,29819,230,671245
1,11616,59.157916796435387,0.00337800453,20,0,384,1011458,12291,3419875,29755,230,671245
1,11617,59.161196296435392,0.00328620314,20,0,384,1036833,18709,3362625,29883,230,671245
1,11618,59.164741213435391,0.00354537973,20,0,384,963500,12000,3419917,29819,230,671245
1,11619,59.167750338435383,0.00301778619,20,0,384,1029333,17125,3205750,29755,230,671245
1,11620,59.170993088435381,0.003281335,20,0,384,1053083,17042,3188084,29883,230,671245
1,11621,59.17434567143539,0.003331831,20,0,384,1008208,16833,3221250,29819,230,671245
1,11622,59.177615463435387,0.0033050878,20,0,384,1023500,12041,3369541,29755,230,671245
1,11623,59.180916671435384,0.003238166,20,0,384,1021708,14500,3309375,29883,230,671245
1,11624,59.18445738043539,0.00335858134,20,0,384,998041,15833,3296375,29819,230,671245
1,11625,59.188022630435384,0.00383842131,20,0,384,1161250,21666,3652958,29755,230,671245
1,11626,59.191404921435392,0.00337753678,20,0,384,947250,12166,3447833,29883,230,671245
1,11627,59.194601755435386,0.003134963,20,0,384,989250,12917,3256875,29819,230,671245
1,11628,59.197626130435381,0.003015958,20,0,384,1057958,17375,3113291,29755,230,671245
1,11629,59.201089213435381,0.00343820872,20,0,384,1072417,12250,3210583,29883,230,671245
1,11630,59.204399880435389,0.00326716271,20,0,384,1003500,12500,3371584,29819,230,671245
1,11631,59.207950005435393,0.00357954227,20,0,384,1099417,14833,3519959,29755,230,671245
1,11632,59.211316005435393,0.0034585814,20,0,384,1049625,20250,3463291,29883,230,671245
1,11633,59.214591963435382,0.00316762319,20,0,384,1014708,14375,3234250,29871,230,671245
1,11634,59.21792071343539,0.00340595958,20,0,384,1116333,16583,3385792,29755,230,671245
1,11635,59.221169463435388,0.00319525227,20,0,384,1038208,13417,3179042,29883,230,671245
1,11636,59.224536796435387,0.00346483127,20,0,384,984459,17791,3406708,29819,230,671245
1,11637,59.227657380435389,0.00312091829,20,0,384,975250,15917,3222708,29755,230,671245
1,11638,59.230782838435388,0.00308883213,20,0,384,1018959,12416,3067875,29883,230,671245
1,11639,59.234140796435383,0.00336229452,20,0,384,1038125,13542,3288666,29819,230,671245
1,11640,59.23743667143539,0.00325204083,20,0,384,1026541,14167,3190125,29755,230,671245
1,11641,59.245854755435388,0.00420216843,20,0,384,1063125,17500,4312333,40325,230,671245
1,11642,59.263678546435386,0.008567206,20,0,384,5170167,11583,8516584,56303,230,671245
1,11643,59.267578046435389,0.0172024164,20,0,384,3211417,11333,17114583,154443,230,671245
1,11644,59.271293463435384,0.0038850836,20,0,384,1009000,13625,3834750,30271,230,671243
1,11645,59.274925088435381,0.003687337,20,0,384,1038417,10625,3812875,29819,231,671245
1,11646,59.278059546435387,0.003124249,20,0,384,969583,19166,3134417,29755,231,671245
1,11647,59.28156879643538,0.00323579228,20,0,384,1042291,11458,3247917,29883,231,671245
1,11648,59.28494621343539,0.0036595806,20,0,384,1087167,21625,3620834,29819,231,671245
1,11649,59.288057463435379,0.003117418,20,0,384,978792,19625,3156375,29755,231,671245
1,11650,59.291296921435389,0.00325604458,20,0,384,1029000,12584,3210458,29883,231,671245
1,11651,59.294582088435391,0.003235622,20,0,384,980083,15584,3257833,29819,231,671245
1,11652,59.297693088435381,0.003056668,20,0,384,1058459,10750,3136625,29755,231,671245
1,11653,59.30115671343539,0.00347716128,20,0,384,1071583,16917,3297750,29883,231,671245
1,11654,59.304566755435388,0.00335971522,20,0,384,982875,13125,3410417,29819,231,671245
1,11655,59.307981380435379,0.00353679131,20,0,384,1086250,18334,3480958,29755,231,671245
1,11656,59.311171671435389,0.00318837166,20,0,384,992875,18666,3190833,29883,231,671245
1,11657,59.314318130435382,0.00311420788,20,0,384,980500,11292,3227375,29819,231,671245
1,11658,59.317571213435386,0.003240958,20,0,384,1059834,10209,3251833,29755,231,671245
1,11659,59.32070617143539,0.00306833186,20,0,384,1028459,19584,3048875,29883,231,671245
1,11660,59.324136255435391,0.00351721235,20,0,384,1022500,21292,3354916,29819,231,671245
1,11661,59.327294421435383,0.00318687642,20,0,384,1001333,15125,3355292,29755,231,671245
1,11662,59.330535755435392,0.003247208,20,0,384,1032750,14167,3238792,29883,231,671245
1,11663,59.334062546435391,0.00363878976,20,0,384,1005417,16875,3503500,29819,231,671245
1,11664,59.337032421435381,0.00280691613,20,0,384,931084,10084,2957291,29755,231,671245
1,11665,59.340477880435387,0.0033125,20,0,384,1033459,12458,3131708,29883,230,671243
1,11666,59.343913505435381,0.0035201672,20,0,384,1035542,13292,3587542,29819,230,671243
1,11667,59.34729392143538,0.0034356222,20,0,384,1049041,15750,3384042,29755,230,671243
1,11668,59.350674921435385,0.00336987665,20,0,384,1056416,12000,3398084,29883,230,671243
1,11669,59.353807421435391,0.00316429278,20,0,384,1000833,17167,3226459,29819,230,671243
1,11670,59.357071546435392,0.00317933667,20,0,384,1063375,9541,3086541,29755,230,671243
1,11671,59.360572755435385,0.00353624579,20,0,384,1074750,18709,3524250,29883,230,671243
1,11672,59.363831796435392,0.00325766718,20,0,384,984083,11834,3345958,29819,230,671243
1,11673,59.367173171435383,0.00333908014,20,0,384,1081667,10708,3298083,29755,230,671243
1,11674,59.37063433843538,0.00345079368,20,0,384,1085791,12917,3390500,29883,230,671243
1,11675,59.374095255435392,0.00346287549,20,0,384,1070667,14417,3393958,29819,230,671243
1,11676,59.37745217143538,0.00336187636,20,0,384,1061375,14166,3507000,29755,230,671243
1,11677,59.38111071343539,0.00353891728,20,0,384,1082750,11500,3387917,30075,230,671243
1,11678,59.384396005435391,0.00341378967,20,0,384,1073833,14958,3486500,29819,230,671243
1,11679,59.388121338435383,0.00368633075,20,0,384,1060375,13959,3516583,29755,230,671243
1,11680,59.392748421435385,0.004745713,20,1,384,1062833,11875,4881833,40905,230,671243
1,11681,59.396809046435379,0.003993913,20,1,384,1021083,11625,4039167,38099,231,671245
1,11682,59.400841421435388,0.00396058662,20,1,384,1098500,11375,3938958,39779,232,671257
1,11683,59.404186255435391,0.00330795767,20,1,384,1082500,10083,3308583,29883,232,671257
1,11684,59.407681546435384,0.00362724625,20,1,384,1127584,16000,3598000,30011,232,671257
1,11685,59.410763463435387,0.00300850347,20,1,384,1018083,16625,3123334,29755,232,671257
1,11686,59.414269380435385,0.00350466976,20,1,384,1068125,13209,3350750,81527,232,671257
1,11687,59.418381630435391,0.004119331,20,1,384,1065375,14208,3705250,30063,232,671257
1,11688,59.422078338435384,0.00364000141,20,1,384,1027291,11917,4059917,37915,232,671257
1,11689,59.426043296435381,0.00411953637,20,1,384,1062875,19833,3806375,29883,232,671257
1,11690,59.429311755435393,0.00322625414,20,1,384,1029833,12583,3530292,30011,232,671257
1,11691,59.432950088435391,0.0035862457,20,1,384,1044125,17167,3586625,29755,232,671257
1,11692,59.43618925543538,0.00332150655,20,1,384,1055584,21292,3348708,29883,232,671257
1,11693,59.439610046435391,0.00316624856,20,1,384,1006417,17375,3230750,29819,232,671257
1,11694,59.443290755435385,0.00385929,20,1,384,1135000,16167,3699833,29947,232,671257
1,11695,59.446716963435392,0.0034858773,20,1,384,1036250,16958,3480500,176054,232,671257
1,11696,59.450214921435389,0.00346736819,20,1,384,1007333,12542,3545834,30957,232,671257
1,11697,59.453439505435384,0.003196294,20,1,384,1046083,16500,3267500,29947,232,671257
1,11698,59.456806963435383,0.00328208623,20,1,384,1092417,15333,3167917,54751,232,671257
1,11699,59.460586046435381,0.00386862247,20,1,384,1047541,21500,3802542,29819,232,671257
1,11700,59.46422833843539,0.00367304427,20,1,384,1006916,12083,3719250,29947,232,671257
1,11701,59.467671963435393,0.00347291678,20,1,384,1003500,18292,3473375,29883,232,671257
1,11702,59.470979380435381,0.003236834,20,1,384,992792,19833,3236916,29819,232,671257
1,11703,59.474622630435391,0.003602041,20,1,384,1078541,13042,3555125,29947,232,671257
1,11704,59.477929838435387,0.003418332,20,1,384,1079292,21792,3503625,29883,232,671257
1,11705,59.481393296435385,0.00324570574,20,1,384,1015833,18500,3178583,29819,232,671257
1,11706,59.485004963435387,0.00360804284,20,1,384,1069292,21542,3683958,297372,232,671257
1,11707,59.497567630435384,0.0126860049,20,1,384,1203375,16458,3525250,357850,232,671257
1,11708,59.501218296435383,0.00357366074,20,2,384,1077125,12000,12687833,33528,232,671257
1,11709,59.504676213435388,0.00360758929,20,2,384,1070083,13042,3558417,29755,231,671255
1,11710,59.508112296435385,0.003412911,20,2,384,1016375,20083,3412333,29883,232,671267
1,11711,59.511208505435391,0.00315788,20,2,384,992375,18167,3202667,30399,232,671267
1,11712,59.514877546435386,0.00352841546,20,2,384,1015875,12542,3404458,30352,233,671269
1,11713,59.518540755435382,0.003725,20,2,384,1090084,20958,3694291,122856,233,671269
1,11714,59.52220829643538,0.003678125,20,2,384,994333,13542,3691250,122544,233,671269
1,11715,59.525556505435389,0.003374249,20,2,384,1029375,15000,3489958,29755,233,671269
1,11716,59.528905713435392,0.00328216422,20,2,384,1062500,11209,3269042,292133,233,671269
1,11717,59.532301255435385,0.00341129536,20,3,384,1087958,20416,3308417,30011,233,671269
1,11718,59.535440921435381,0.00322079076,20,3,384,1070875,16250,3405791,29755,233,671269
1,11719,59.538741838435385,0.00318095949,20,3,384,1034250,13167,3063500,29883,234,671335
1,11720,59.54324229643538,0.00462724641,20,4,384,1015000,19041,4593875,40453,234,671335
1,11721,59.54732038043538,0.00402996037,20,4,384,1044917,11666,4020625,39100,234,671335
1,11722,59.550943130435385,0.003590455,20,4,384,1063958,15208,3594959,101868,235,671347
1,11723,59.554519963435382,0.00345187774,20,4,384,1048500,18458,3457125,103060,235,671347
1,11724,59.55832600543539,0.003886919,20,4,384,1174167,21084,3847750,29981,235,671347
1,11725,59.561701713435383,0.003505329,20,4,384,1021250,16500,3511042,122664,235,671347
1,11726,59.565303213435385,0.00334246038,20,4,384,994459,12958,3276667,30011,234,671345
1,11727,59.569076671435383,0.003964541,20,4,384,1117625,20833,3983417,29755,234,671345
1,11728,59.57257317143538,0.00344225485,20,4,384,1024500,20041,3495208,29883,234,671345
1,11729,59.57627575543539,0.00371437077,20,4,384,1077459,18583,3598792,29819,234,671345
1,11730,59.580041296435382,0.00368525367,20,4,384,1038042,23666,3775042,29755,234,671345
1,11731,59.584264921435391,0.004467751,20,4,384,1044375,13750,4502000,188173,234,671345
1,11732,59.587642630435383,0.00318324822,20,4,384,983750,12417,3202750,29819,234,671345
1,11733,59.591243921435392,0.00361433532,20,4,384,1139667,16334,3506000,29755,234,671345
1,11734,59.594651005435381,0.0035140377,20,4,384,1068291,21125,3609583,30075,234,671345
1,11735,59.598644755435387,0.00369529473,20,4,384,993708,17750,3476375,29819,234,671345
1,11736,59.602159713435384,0.003777792,20,4,384,1107083,24416,3916750,102805,234,671345
1,11737,59.605476130435392,0.003347123,20,4,384,999750,18583,3372833,29883,234,671345
1,11738,59.608901755435383,0.00349175162,20,4,384,1005459,15209,3494833,29819,234,671345
1,11739,59.611829338435385,0.00293612527,20,4,384,986000,19000,3100125,58516,234,671345
1,11740,59.615841463435387,0.00336699979,20,4,384,991958,13583,3084333,30895,234,671345
1,11741,59.619155505435387,0.003826084,20,4,384,997791,13834,4017542,171795,234,671345
1,11742,59.623616963435381,0.00454182969,20,4,384,1035916,13750,4399792,32799,234,671345
1,11743,59.627310796435381,0.00371549744,20,4,384,1032000,13417,3813167,30969,234,671345
1,11744,59.630573463435383,0.003163173,20,4,384,991208,11417,3102583,30207,234,671345
1,11745,59.63422358843539,0.00379816466,20,4,384,1048000,17709,3696750,305451,235,671347
1,11746,59.63777504643538,0.00345612247,20,4,384,981166,12084,3462959,29883,235,671347
1,11747,59.64157283843538,0.00376925315,20,4,384,1060875,10333,3771584,33907,235,671347
1,11748,59.644731130435389,0.00318574975,20,4,384,953166,12542,3363416,29755,235,671347
1,11749,59.648000796435383,0.00310612237,20,4,384,1034291,13916,3007541,29883,235,671347
1,11750,59.651703671435385,0.00388012337,20,4,384,1185042,11500,3726333,108192,235,671347
1,11751,59.655371213435387,0.00351733272,20,4,384,997792,14250,3493917,30271,235,671347
1,11752,59.658805755435381,0.003524256,20,4,384,1065125,22167,3669375,29883,235,671347
1,11753,59.662013130435383,0.003244331,20,4,384,985459,15916,3278792,29819,235,671347
1,11754,59.665217838435382,0.00305262185,20,4,384,1071208,14042,3099000,50401,235,671347
1,11755,59.668418130435384,0.00345775229,20,4,384,1177417,11208,3346833,29883,235,671347
1,11756,59.671370505435391,0.00292171212,20,4,384,946875,17250,3045458,29819,235,671347
1,11757,59.674989296435385,0.003455662,20,4,384,998292,12333,3294541,29755,234,671345
1,11758,59.678644713435389,0.00370883639,20,4,384,1102000,14416,3668125,29883,234,671345
1,11759,59.682162130435387,0.00330812065,20,4,384,1045167,11625,3359708,29819,234,671345
1,11760,59.685617546435381,0.00368808815,20,4,384,1192875,23834,3687167,174252,234,671345
1,11761,59.689054213435384,0.00348770549,20,4,384,1023750,25375,3394500,29883,234,671345
1,11762,59.693109130435388,0.0041359975,20,4,384,1028291,10708,4287834,40261,234,671345
1,11763,59.697043588435392,0.0037680415,20,4,384,982333,10166,3693459,38035,234,671345
1,11764,59.700517796435392,0.00345946,20,4,384,1106708,11792,3489250,29883,234,671345
1,11765,59.703848505435388,0.00338820857,20,4,384,988958,20250,3403500,29819,234,671345
1,11766,59.707597755435387,0.003722293,20,4,384,1040916,9709,3603791,29755,234,671345
1,11767,59.710919713435388,0.00337366783,20,4,384,1041375,19833,3490333,29883,234,671345
1,11768,59.714493588435388,0.00338670635,20,4,384,992500,14958,3372000,30259,234,671345
1,11769,59.718079171435392,0.003640044,20,4,384,1149000,19084,3599083,72664,234,671345
1,11770,59.721912838435387,0.00389016443,20,4,384,1116959,15500,3752875,65129,234,671345
1,11771,59.725799171435384,0.00385545637,20,4,384,1027583,11125,3944875,29819,234,671345
1,11772,59.729504380435387,0.00376045913,20,4,384,1071083,24958,3584584,29755,234,671345
1,11773,59.733467546435392,0.00395766739,20,4,384,1080583,13458,4081792,29883,234,671345
1,11774,59.737028130435391,0.00359487673,20,4,384,1041542,13500,3605833,29819,234,671345
1,11775,59.74065325543539,0.00353533169,20,4,384,1049791,14417,3409833,29755,234,671345
1,11776,59.744269630435383,0.00360124721,20,4,384,1003166,15459,3736750,29883,234,671345
1,11777,59.748146421435379,0.00372700533,20,4,384,1136000,13375,3742083,29819,234,671345
1,11778,59.752237713435392,0.00388583471,20,1,384,1137875,19125,3820667,30143,234,671345
1,11779,59.756517130435384,0.004441036,20,1,384,1435584,19250,4277417,69869,235,671347
1,11780,59.76033754643538,0.003918084,20,1,384,1287375,16167,4164791,30341,232,671311
1,11781,59.764292463435382,0.00393191632,20,1,384,1099917,21125,3806167,29755,232,671311
1,11782,59.767832880435392,0.003750255,20,1,384,1177125,19542,3799042,29883,232,671311
1,11783,59.771239171435383,0.00335853873,20,1,384,1026625,21625,3379500,29819,232,671311
1,11784,59.775027296435383,0.003871705,20,1,384,1074250,14417,3824584,90920,232,671311
1,11785,59.778662380435392,0.00349837728,20,1,384,998041,20459,3462500,29883,232,671311
1,11786,59.782124255435392,0.00355075113,20,1,384,1072041,15541,3521208,29819,232,671311
1,11787,59.785825338435387,0.003606002,20,1,384,1008000,23458,3646792,29755,232,671311
1,11788,59.789665130435381,0.003904039,20,1,384,1089334,25042,3867000,29883,232,671311
1,11789,59.793360005435389,0.00382454647,20,1,384,1029792,20458,3675917,29819,232,671311
1,11790,59.797472421435387,0.00384036987,20,1,384,1004750,12792,3881958,29755,232,671311
1,11791,59.801099630435388,0.00371254259,20,1,384,1096291,25958,3885708,29883,232,671311
1,11792,59.80465583843538,0.00366662419,20,1,384,1011042,20709,3618208,29819,232,671311
1,11793,59.808225463435392,0.00356821134,20,1,384,1007500,15042,3582209,107684,232,671311
1,11794,59.811357630435381,0.00319883088,20,1,384,1010375,16750,3279250,29883,232,671311
1,11795,59.81483942143538,0.00331746042,20,1,384,983167,18292,3203667,29819,232,671311
1,11796,59.818439671435385,0.003568169,20,1,384,1077584,23500,3589417,30271,232,671311
1,11797,59.822409255435389,0.003810537,20,1,384,1042541,22750,3714167,29935,232,671311
1,11798,59.826239005435383,0.00404854026,20,1,384,1214125,20125,4192583,29819,232,671311
1,11799,59.829956796435383,0.00371408719,20,1,384,1094417,17542,3646292,29755,232,671311
1,11800,59.834300546435387,0.004488209,20,1,384,1060167,22209,4523166,29883,232,671311
1,11801,59.837895380435384,0.00357733131,20,1,384,1020042,11375,3469625,29819,232,671311
1,11802,59.841696171435387,0.003660374,20,1,384,1018542,13667,3613375,29755,232,671311
1,11803,59.846362296435387,0.00471904036,20,1,384,1002166,18333,4880792,40325,232,671311
1,11804,59.850582463435387,0.0041108774,20,0,384,1112083,13125,4133292,84427,232,671311
1,11805,59.855391630435392,0.004361664,20,0,384,1208000,11417,4070083,634199,232,671311
1,11806,59.860113421435386,0.00483813044,20,0,384,1568375,20333,5008000,913081,231,671245
1,11807,59.86525363043539,0.00495208334,20,0,384,1359667,22416,4874417,806777,231,671245
1,11808,59.870425463435382,0.00495807827,20,0,384,1664750,17209,4762459,778751,231,671245
1,11809,59.875329796435381,0.00539858267,20,0,384,1775750,14958,5650834,954269,231,671245
1,11810,59.880227796435392,0.004160296,20,0,384,1364625,12042,4316625,607607,232,671247
1,11811,59.884722921435383,0.00543737225,20,0,384,2038916,15875,5164916,731881,232,671247
1,11812,59.889249296435381,0.00437774928,20,0,384,1215458,12416,4396291,620861,232,671247
1,11813,59.898403380435383,0.009406498,20,0,384,1405167,11167,6511708,532817,232,671247
1,11814,59.905349713435385,0.00684316875,20,0,384,1062250,11500,6843250,129061,232,671247
1,11815,59.91266467143538,0.007455003,20,0,384,1134000,11834,7329250,360565,232,671247
1,11816,59.92008292143538,0.00712857861,20,0,384,1084250,11041,7098625,187509,232,671247
1,11817,59.929372171435389,0.009254004,20,0,384,1295000,11916,9239750,169357,232,671247
1,11818,59.938544546435381,0.009220288,20,0,384,1287000,15333,9042042,177779,232,671247
1,11819,59.95851933843538,0.0199709181,20,0,384,1267792,12375,8365416,183513,232,671247
1,11820,59.963367671435392,0.00435966533,20,0,384,1292166,14541,19154083,71751,232,671247
1,11821,59.968086338435384,0.00490862364,20,0,384,1665875,26375,4979833,412765,231,671245
1,11822,59.972924005435388,0.00445625,20,0,384,1594208,13250,4503958,355047,231,671245
1,11823,59.977145255435389,0.00494717248,20,0,384,1995667,18417,5000209,468987,231,671245
1,11824,59.98185708843539,0.00412653759,20,0,384,1316125,16750,4075375,408903,230,671243
1,11825,59.986307796435383,0.004754627,20,0,384,1798209,12334,4769916,562751,230,671243
1,11826,59.991205630435388,0.004610374,20,0,384,1490625,17583,4414416,537835,230,671243
1,11827,59.995886546435386,0.00494758366,20,0,384,1830125,16792,4871875,572503,231,671245
1,11828,60.001629880435388,0.00577037269,20,0,384,1621000,13209,5835875,755225,231,671245
1,11829,60.008965421435391,0.00724375,20,0,384,1503375,14833,7315917,956550,231,671245
1,11830,60.01322813043538,0.00469883764,20,0,384,1693000,12125,4567333,601205,231,671245
1,11831,60.017948921435391,0.004498668,20,0,384,1217000,17583,4498291,589623,231,671245
1,11832,60.022598255435383,0.004667701,20,0,384,1447583,13250,4720125,629245,231,671245
1,11833,60.026873713435393,0.00418483559,20,0,384,1352666,13042,4249416,591401,230,671243
1,11834,60.031639171435387,0.00486812647,20,0,384,1493792,15000,4585083,664663,230,671243
1,11835,60.036335380435389,0.004063081,20,0,384,1449750,13375,4487708,682229,230,671243
1,11836,60.041223921435389,0.00523399934,20,0,384,2079333,23209,4915792,728603,230,671243
1,11837,60.045610130435392,0.004683631,20,0,384,1595167,12917,4896000,681735,230,671243
1,11838,60.050358630435383,0.00460374868,20,0,384,1397500,18875,4414917,619007,230,671243
1,11839,60.054366463435386,0.00418612547,20,0,384,1555625,14416,4376416,712895,230,671243
1,11840,60.059079505435392,0.004726665,20,0,384,1344083,17625,4704042,660469,230,671243
1,11841,60.063471296435381,0.00423266739,20,0,384,1286417,11041,4252167,621479,230,671243
1,11842,60.068051671435384,0.00449054,20,0,384,1486666,19583,4346875,639357,230,671243
1,11843,60.072420380435389,0.00470099924,20,0,384,1643500,10875,4781458,676817,230,671243
1,11844,60.077227296435382,0.0045875,20,0,384,1270209,15834,4504042,584363,230,671243
1,11845,60.08217008843539,0.004926793,20,0,384,1477084,13875,4596708,642357,230,671243
1,11846,60.086297880435382,0.004258879,20,0,384,1367750,14041,4776333,646965,230,671243
1,11847,60.090705130435381,0.004555747,20,0,384,1360666,20833,4105459,607903,230,671243
1,11848,60.095372130435379,0.004084205,20,0,384,1263833,11291,4375917,601145,230,671243
1,11849,60.099969755435382,0.005137918,20,0,384,1798375,15875,5122125,754673,230,671243
1,11850,60.104727088435382,0.00431929575,20,0,384,1209791,14042,4091083,579401,230,671243
1,11851,60.109739963435388,0.005068332,20,0,384,1660292,17583,5290833,700529,230,671243
1,11852,60.11436542143538,0.004727459,20,0,384,1534875,53625,4791042,667791,230,671243
1,11853,60.119673546435379,0.00475729164,20,0,384,1546875,12750,4443167,577915,231,671245
1,11854,60.124349921435382,0.00560391136,20,0,384,1984000,15625,5762042,803337,231,671245
1,11855,60.128068463435383,0.00368013047,20,0,384,1226000,12750,3958375,648693,231,671245
1,11856,60.132443755435389,0.00386033161,20,0,384,1276750,11542,3714625,542813,231,671245
1,11857,60.136355338435379,0.004399419,20,0,384,1692709,13833,4460750,616679,231,671245
1,11858,60.140802088435393,0.00371087017,20,0,384,1239875,10958,3752791,539469,231,671245
1,11859,60.144625505435386,0.00463846372,20,0,384,1832209,20125,4686833,663901,231,671245
1,11860,60.148731463435382,0.004093998,20,0,384,1261375,7625,3690042,546303,231,671245
1,11861,60.154953671435379,0.005229705,20,0,384,1218958,13750,5438875,764301,231,671245
1,11862,60.15980988043539,0.005818587,20,0,384,2208292,10792,5755125,823337,231,671245
1,11863,60.163904880435382,0.004056335,20,0,384,1186334,11791,4100000,609851,231,671245
1,11864,60.168096421435379,0.004194161,20,0,384,1286167,10958,4190250,574363,231,671245
1,11865,60.172250755435385,0.004109545,20,0,384,1248042,17167,4172542,570683,231,671245
1,11866,60.176247046435392,0.00392025243,20,0,384,1310209,17083,3801250,536931,231,671245
1,11867,60.180407921435389,0.00418695435,20,0,384,1363000,16792,4113708,578825,231,671245
1,11868,60.184666005435389,0.004397669,20,0,384,1279166,12292,4479792,662153,231,671245
1,11869,60.189216921435388,0.00392783433,20,0,384,1273542,11250,4043417,613165,231,671245
1,11870,60.193907421435384,0.0045100837,20,0,384,1828416,16917,4367000,619667,231,671245
1,11871,60.198367421435393,0.00497337,20,0,384,2024375,11916,4941125,720457,231,671245
1,11872,60.202669671435387,0.004351793,20,0,384,1493000,11292,4510000,644611,231,671245
1,11873,60.206716171435389,0.00411229441,20,0,384,1308167,16792,4136958,584549,231,671245
1,11874,60.210897088435388,0.004201665,20,0,384,1273292,33666,3964208,556225,231,671245
1,11875,60.215579130435387,0.00435037538,20,0,384,1323292,23833,4425375,639139,231,671245
1,11876,60.220336505435384,0.005002374,20,0,384,1692208,14250,4748583,701689,231,671245
1,11877,60.224691046435382,0.004570628,20,0,384,1383667,11375,4836750,715731,231,671245
1,11878,60.229144838435388,0.004250581,20,0,384,1222292,16500,4002500,679835,231,671245
1,11879,60.23331079643539,0.004281335,20,0,384,1426250,10375,4373625,592825,231,671245
1,11880,60.237479755435388,0.00408212142,20,0,384,1258791,24458,4050334,588179,232,671247
1,11881,60.24248838043539,0.00500546349,20,0,384,1387709,16125,5067708,873653,232,671247
1,11882,60.247146671435388,0.00415503839,20,0,384,1364209,12083,4251125,667089,232,671247
1,11883,60.25127742143539,0.004671875,20,0,384,1800334,18042,4731250,665959,232,671247
1,11884,60.25522533843538,0.004094997,20,0,384,1342458,16833,4125042,553513,232,671247
1,11885,60.259800546435386,0.004419962,20,0,384,1239291,10667,4374958,576439,231,671245
1,11886,60.264328880435386,0.00432291673,20,0,384,1223625,28416,4291875,614935,231,671245
1,11887,60.269281505435387,0.004405336,20,0,384,1522583,19916,4478917,616789,231,671245
1,11888,60.273510338435386,0.00501649641,20,0,384,2108709,13000,5091750,803227,231,671245
1,11889,60.277773671435384,0.004326956,20,0,384,1347417,16333,3976083,523247,231,671245
1,11890,60.282413380435386,0.00455054548,20,0,384,1268542,12666,4421708,597795,231,671245
1,11891,60.286746296435382,0.0043082484,20,0,384,1283417,13833,4769875,620653,231,671245
1,11892,60.290858046435389,0.004145458,20,0,384,1403584,16083,3833250,513345,229,671241
1,11893,60.295198421435387,0.004169168,20,0,384,1300792,19041,4441292,530383,229,671241
1,11894,60.30015875543539,0.00493895961,20,0,384,1557709,13417,4543625,766447,229,671241
1,11895,60.306098755435386,0.005969416,20,0,384,1484000,11083,5940709,1387956,229,671241
1,11896,60.311294463435388,0.005325624,20,0,384,1480500,24208,5622625,877127,229,671241
1,11897,60.315365213435385,0.00389321148,20,0,384,1421917,12375,3999667,514099,229,671241
1,11898,60.31990117143539,0.004513747,20,0,384,1574125,15209,4259084,543569,229,671241
1,11899,60.324465380435385,0.00493491348,20,0,384,1403500,13792,4839958,589249,228,671239
1,11900,60.328700046435387,0.00409404049,20,0,384,1258167,13125,4211083,552589,228,671239
1,11901,60.33281583843538,0.004281087,20,0,384,1335375,16084,4166417,525629,228,671239
1,11902,60.336868880435389,0.00394749874,20,0,384,1190750,13291,4089334,549679,228,671239
1,11903,60.341178671435387,0.004295791,20,0,384,1289375,20209,4088375,501299,228,671239
1,11904,60.345568963435383,0.00423537428,20,0,384,1260209,12333,4274083,545815,228,671239
1,11905,60.349747505435388,0.00413166825,20,0,384,1392709,15416,4322875,536903,228,671239
1,11906,60.354646505435383,0.00507191755,20,0,384,1443417,20000,5140500,614615,229,671241
1,11907,60.359262963435384,0.004337337,20,0,384,1317125,15208,4264417,512797,229,671241
1,11908,60.363682463435381,0.00479141157,20,0,384,1495125,21917,4786417,596285,229,671241
1,11909,60.368153255435388,0.00432646,20,0,384,1267875,13375,4304834,506977,229,671241
1,11910,60.372672713435392,0.004630336,20,0,384,1388125,14458,4373625,523019,229,671241
1,11911,60.376978713435392,0.0044057467,20,0,384,1307250,12750,4324334,527185,229,671241
1,11912,60.381967630435383,0.00396333635,20,0,384,1185042,11167,4283958,540761,229,671241
1,11913,60.386315546435384,0.00524574844,20,0,384,2084500,14416,5339791,640551,229,671241
1,11914,60.390866963435386,0.004511416,20,0,384,1293375,15041,4057584,490651,229,671241
1,11915,60.394838005435389,0.003988584,20,0,384,1353875,11792,4457208,551843,229,671241
1,11916,60.399371088435387,0.00444520963,20,0,384,1332833,20375,4132208,523867,229,671241
1,11917,60.403523880435387,0.00425625,20,0,384,1258708,15750,4545458,523959,229,671241
1,11918,60.408331213435389,0.00471787155,20,0,384,1315334,12625,4434000,498255,229,671241
1,11919,60.412716130435385,0.00440941751,20,0,384,1410459,15542,4419375,560657,229,671241
1,11920,60.417329880435389,0.004763046,20,0,384,1352625,19292,4886917,543401,229,671241
1,11921,60.422483463435384,0.00492562354,20,0,384,1256708,11375,4723667,547655,229,671241
1,11922,60.42739363043539,0.00456004124,20,0,384,1305500,24583,4480750,501003,229,671241
1,11923,60.431642255435392,0.004752126,20,0,384,1795166,14166,5127916,637207,229,671241
1,11924,60.43591658843539,0.00413604034,20,0,384,1271917,17875,3955292,468031,229,671241
1,11925,60.440443130435384,0.00454749865,20,0,384,1435292,12625,4484250,555809,229,671239
1,11926,60.445434046435381,0.00464691734,20,0,384,1290667,13792,4656250,553225,229,671241
1,11927,60.450001088435386,0.005009878,20,0,384,1732084,11959,5038959,591135,229,671241
1,11928,60.456868088435385,0.0061584115,20,0,384,1349708,12958,5745459,669135,229,671241
1,11929,60.465614255435383,0.008350461,20,0,384,1932500,26750,8584666,876401,229,671241
1,11930,60.473380213435391,0.00725620752,20,0,384,2303792,11958,7229583,708397,229,671241
1,11931,60.480186588435387,0.00746933836,20,0,384,2862416,13000,7443583,746247,229,671241
1,11932,60.486757171435386,0.00677445438,20,0,384,2162250,11042,7090042,623683,230,671243
1,11933,60.49136233843538,0.005083503,20,0,384,2015291,19167,4958667,512325,230,671243
1,11934,60.496863921435391,0.0049865786,20,0,384,1564500,17042,5141708,508267,230,671243
1,11935,60.501334421435388,0.00530587463,20,0,384,1996042,25917,5147916,576331,230,671243
1,11936,60.505758463435384,0.00439071,20,0,384,1197250,12000,4508250,520415,230,671243
1,11937,60.50979038043539,0.00402283156,20,0,384,1283083,11875,4088792,494063,230,671243
1,11938,60.51406675543538,0.00419467129,20,0,384,1301333,14834,4135542,487561,230,671243
1,11939,60.518197963435384,0.00409803726,20,0,384,1389084,13042,4236833,481679,230,671243
1,11940,60.522919880435381,0.004797754,20,0,384,1466708,11750,4551834,503687,230,671243
1,11941,60.527091005435381,0.00426828954,20,0,384,1301459,13250,4306542,510923,230,671243
1,11942,60.53135533843539,0.00415946,20,0,384,1247500,18041,4035584,466833,230,671243
1,11943,60.53527821343539,0.0040772534,20,0,384,1345042,14333,4308542,493847,230,671243
1,11944,60.539415963435388,0.003863499,20,0,384,1224792,13958,3870458,448613,230,671243
1,11945,60.543564880435383,0.00440133223,20,0,384,1407500,11583,4462542,530897,230,671243
1,11946,60.547815713435384,0.00416416535,20,0,384,1253916,17250,3835833,461141,230,671243
1,11947,60.551788796435389,0.00403566472,20,0,384,1362083,10042,4297334,479175,230,671243
1,11948,60.555745630435382,0.00380058819,20,0,384,1275209,15208,3782167,443713,230,671243
1,11949,60.55954750543539,0.003929415,20,0,384,1451000,11916,3897792,438843,230,671243
1,11950,60.563466630435386,0.00411104038,20,0,384,1187041,17708,4032292,425763,230,671243
1,11951,60.56744421343538,0.00389150367,20,0,384,1127292,12208,3977209,435643,230,671243
1,11952,60.571425880435385,0.0039493693,20,0,384,1144583,19667,3786667,1116213,230,671243
1,11953,60.575606713435391,0.00418587727,20,0,384,1161667,21750,4189541,29947,230,671243
1,11954,60.579650505435382,0.003906789,20,0,384,1168791,16208,3940292,29819,230,671243
1,11955,60.583748005435382,0.00428317,20,0,384,1201875,16458,4244375,29755,230,671243
1,11956,60.587980963435385,0.00414666953,20,0,384,1125041,20542,4095583,29979,230,671243
1,11957,60.592068171435386,0.004091036,20,0,384,1147291,21291,4190625,30207,230,671243
1,11958,60.596219838435388,0.00400579628,20,0,384,1102042,15042,3957917,29755,231,671245
1,11959,60.600466088435383,0.00443628849,20,0,384,1132750,17500,4332084,30043,231,671245
1,11960,60.605492880435392,0.005030421,20,0,384,1131000,14708,5201209,40261,231,671245
1,11961,60.610209130435379,0.00476870732,20,0,384,1187334,13667,4758750,38461,231,671245
1,11962,60.614436380435393,0.00420470536,20,0,384,1152084,13208,4155167,29883,231,671245
1,11963,60.618123630435392,0.00366050168,20,0,384,1161083,15458,3753500,29819,231,671245
1,11964,60.622133588435389,0.00392799731,20,0,384,1171417,15333,3860667,30043,231,671245
1,11965,60.626105171435384,0.00409329636,20,0,384,1149541,15375,4042333,30109,231,671245
1,11966,60.629940796435392,0.003937245,20,0,384,1097250,17209,3915250,29819,231,671245
1,11967,60.634516880435385,0.00453920756,20,0,384,1046584,15583,4573500,29807,231,671245
1,11968,60.638750880435381,0.004102211,20,0,384,1103250,13875,4050000,29883,231,671245
1,11969,60.64262696343539,0.003913917,20,0,384,1155917,13750,3938583,29819,231,671245
1,11970,60.64680321343539,0.00422096066,20,0,384,1119792,23584,4149959,29755,231,671245
1,11971,60.650662380435392,0.00387786981,20,0,384,1144792,15541,3940459,29883,230,671243
1,11972,60.65459879643538,0.00393904466,20,0,384,1107917,15834,3922667,29819,230,671243
1,11973,60.65874571343538,0.00404545758,20,0,384,1102625,14875,3972292,29755,230,671243
1,11974,60.662515338435384,0.00391549757,20,0,384,1121042,14292,3967667,29883,230,671243
1,11975,60.666318046435393,0.00375046069,20,0,384,1044792,20500,3812291,30363,230,671243
1,11976,60.670428921435388,0.00405929,20,0,384,1091042,21083,3999041,29755,230,671243
1,11977,60.674365588435393,0.00398875447,20,0,384,1118042,21208,3982625,29883,230,671243
1,11978,60.678082088435389,0.00367987528,20,0,384,1083333,16792,3753708,29819,230,671243
1,11979,60.682085421435389,0.00376220234,20,0,384,1073958,22125,3738250,29755,230,671243
1,11980,60.685980255435382,0.004266589,20,0,384,1151875,24583,4183417,30563,230,671243
1,11981,60.689666005435384,0.00354158157,20,0,384,1057125,13625,3692666,29883,230,671243
1,11982,60.693474338435379,0.00387529051,20,0,384,1153459,17333,3752875,29755,230,671243
1,11983,60.697632588435383,0.004055789,20,0,384,1054208,20750,4046958,29883,230,671243
1,11984,60.70180754643539,0.004103834,20,0,384,1169208,16292,4092042,29915,230,671243
1,11985,60.705954546435393,0.004122045,20,0,384,1128459,17417,4111584,29755,230,671243
1,11986,60.70999275543538,0.004304167,20,0,384,1194584,19167,4095583,30271,230,671243
1,11987,60.714002838435391,0.003902955,20,0,384,1075792,14166,4083375,29979,231,671245
1,11988,60.71778704643539,0.0038073766,20,0,384,1061584,16584,3806417,29755,231,671245
1,11989,60.721747463435392,0.003880499,20,0,384,1075125,22708,3856625,29883,231,671245
1,11990,60.72554571343538,0.0038604592,20,0,384,1140709,12792,3916291,30045,231,671245
1,11991,60.729555255435386,0.004065292,20,0,384,1099541,23584,3882125,29755,231,671245
1,11992,60.733162296435381,0.00360254385,20,0,384,1092208,14333,3796375,29883,231,671245
1,11993,60.736830921435384,0.0036082482,20,0,384,1047333,19958,3627667,29819,231,671245
1,11994,60.740840005435388,0.003987082,20,0,384,1123667,19208,3860125,30043,231,671245
1,11995,60.744606046435379,0.00380516588,20,0,384,1050875,16417,3844709,29883,230,671243
1,11996,60.748357088435384,0.0037220025,20,0,384,1113750,15083,3657500,29819,230,671243
1,11997,60.752112421435385,0.00386337168,20,0,384,1125750,17334,3846750,29755,230,671243
1,11998,60.756954338435392,0.004759751,20,0,384,1027625,13042,4853791,40325,230,671243
1,11999,60.76142417143538,0.00436304556,20,0,384,1138875,15542,4384250,38099,230,671243
1,12000,60.765350046435387,0.00394091569,20,0,384,1175250,15083,3779417,29755,230,671243
1,12001,60.769157921435379,0.003952289,20,0,384,1137292,22083,3982291,29883,230,671243
1,12002,60.772777713435389,0.003581087,20,0,384,1084958,15125,3715917,29819,230,671243
1,12003,60.776590505435379,0.00388995884,20,0,384,1104834,18125,3827167,29755,230,671243
1,12004,60.780332796435388,0.00353937084,20,0,384,1007208,19250,3561791,29883,230,671243
1,12005,60.78446196343539,0.0043458757,20,0,384,1137167,16375,4278709,29819,230,671243
1,12006,60.788605421435392,0.00408217125,20,0,384,1065834,14250,3982792,30299,230,671243
1,12007,60.792568088435388,0.003942411,20,0,384,1100208,15250,4033958,29883,230,671243
1,12008,60.796328880435382,0.00384812918,20,0,384,1101417,14333,3814000,29819,229,671241
1,12009,60.800060880435382,0.00355058117,20,0,384,1045292,14333,3650875,29755,229,671241
1,12010,60.804059963435392,0.00406116759,20,0,384,1036833,20417,3937375,29883,229,671241
1,12011,60.80817788043538,0.004117538,20,0,384,1154750,15083,4073791,29819,229,671241
1,12012,60.812210338435392,0.003910296,20,0,384,1135916,14959,4007791,31107,229,671241
1,12013,60.816246755435387,0.004214789,20,0,384,1244250,14417,4168541,29947,229,671241
1,12014,60.820149630435381,0.0037175878,20,0,384,1083042,14333,3767084,29819,229,671241
1,12015,60.82469946343538,0.00461536972,20,0,384,1127667,17083,4430333,30077,229,671241
1,12016,60.828890671435389,0.004081335,20,0,384,1203791,16083,4215000,29883,229,671241
1,12017,60.833207921435388,0.00443900237,20,0,384,1175750,22959,4368250,30207,229,671241
1,12018,60.837292671435392,0.004110204,20,0,384,1189875,16500,4117959,29967,230,671243
1,12019,60.846352296435384,0.00398558658,20,0,384,1142250,15958,4065125,29883,230,671243
1,12020,60.868325171435387,0.009509751,20,0,384,5999208,16792,9340375,48023,230,671243
1,12021,60.873096046435393,0.02208137,20,0,384,5147083,14334,22139917,184288,230,671243
1,12022,60.877331546435386,0.004370047,20,0,384,1150167,22667,4432125,29883,230,671207
1,12023,60.881266546435384,0.00384799461,20,0,384,1175500,25542,3876792,30363,230,671207
1,12024,60.88537975543538,0.00419500424,20,0,384,1179750,26792,4131625,29755,230,671207
1,12025,60.889395213435392,0.00402453961,20,0,384,1166750,25000,4046417,29883,230,671207
1,12026,60.893609671435385,0.004134212,20,0,384,1198875,15416,4124583,29819,230,671207
1,12027,60.897946921435391,0.00439791661,20,0,384,1257250,23458,4365875,29755,230,671207
1,12028,60.902213005435385,0.00420175027,20,0,384,1192833,16375,4123542,618405,230,671207
1,12029,60.906478463435391,0.00423866231,20,0,384,1242625,16959,4277417,1192503,230,671207
1,12030,60.911196171435392,0.00498820841,20,0,384,1329667,21958,5076834,1492957,230,671207
1,12031,60.915718296435386,0.00454558525,20,0,384,1127416,11459,4517292,470329,230,671207
1,12032,60.919763505435384,0.0037828302,20,0,384,1097459,13875,3833583,29819,230,671207
1,12033,60.923970630435392,0.004352126,20,0,384,1140750,22375,4119875,29755,230,671207
1,12034,60.927993463435385,0.0040464215,20,0,384,1119292,22584,4098541,30109,230,671207
1,12035,60.931770171435389,0.00372424885,20,0,384,1140833,14417,3882167,29819,230,671207
1,12036,60.935481005435392,0.003849915,20,0,384,1163792,18667,3796333,29755,230,671207
1,12037,60.939459463435384,0.00373937073,20,0,384,1041875,21208,3711000,29883,230,671207
1,12038,60.943476505435385,0.00419050455,20,0,384,1205542,17791,4148167,29819,230,671207
1,12039,60.947595380435388,0.00397295924,20,0,384,1078167,21584,3935042,29755,230,671207
1,12040,60.95149658843539,0.00401641149,20,0,384,1112250,25084,4084875,30271,230,671207
1,12041,60.955616255435388,0.004223668,20,0,384,1109666,22792,4105084,29819,231,671209
1,12042,60.959554546435385,0.003761919,20,0,384,1093500,13833,3874375,29755,231,671209
1,12043,60.963411838435391,0.00407874864,20,0,384,1085375,23750,4019333,29883,231,671209
1,12044,60.96729983843538,0.00374596077,20,0,384,1058792,14791,3784709,29819,231,671209
1,12045,60.971332796435391,0.004099079,20,1,384,1108792,22458,3958500,29755,231,671209
1,12046,60.975165755435384,0.003808376,20,1,384,1080583,14334,3917125,29883,231,671209
1,12047,60.97924988043539,0.00382887619,20,1,384,1099375,16833,3869584,29819,232,671229
1,12048,60.983327171435391,0.004301793,20,5,384,1216417,16667,4224750,29755,232,671229
1,12049,60.987162130435379,0.003917,20,5,384,1094041,21750,3911125,30939,232,671229
1,12050,60.991720963435384,0.00454762625,20,5,384,1087791,14750,4489375,29819,236,671267
1,12051,60.99589079643539,0.004113329,20,5,384,1105166,14917,4162959,29755,235,671265
1,12052,60.999965130435385,0.00405458454,20,5,384,1086416,23000,4022208,29883,235,671265
1,12053,61.003909505435388,0.00379987946,20,5,384,1102750,13750,3913458,29819,235,671265
1,12054,61.008003671435389,0.004232164,20,5,384,1249375,15875,4158834,29819,235,671265
1,12055,61.011817546435381,0.00384600344,20,5,384,1116875,21333,3807916,29883,235,671267
1,12056,61.016963838435387,0.005153203,20,5,384,1161750,15666,5195583,83547,235,671267
1,12057,61.021193130435393,0.004115547,20,5,384,1112750,12709,3987125,29755,235,671267
1,12058,61.025266046435391,0.00413954072,20,5,384,1112209,14000,4282667,30109,235,671267
1,12059,61.02928625543538,0.00396862254,20,5,384,1120208,22334,3948000,29819,235,671267
1,12060,61.033304505435382,0.004101998,20,5,384,1170458,15125,4041250,29755,235,671267
1,12061,61.037086171435391,0.003830584,20,5,384,1102083,22708,3850250,29935,234,671265
1,12062,61.041369338435388,0.004132171,20,5,384,1114125,13750,4149042,29819,234,671265
1,12063,61.045310005435383,0.003972704,20,5,384,1114125,19250,3970417,29755,234,671265
1,12064,61.049262880435393,0.00404329645,20,5,384,1187250,16542,3927834,29883,234,671265
1,12065,61.05330375543538,0.00390695175,20,5,384,1121209,15625,4037250,29819,234,671265
1,12066,61.057437880435387,0.004203876,20,5,384,1238625,14542,3946541,29755,234,671265
1,12067,61.062359171435389,0.00488195848,20,6,384,1133209,22417,5174792,40325,234,671265
1,12068,61.067234630435379,0.004894501,20,6,384,1144208,18292,4813000,38099,234,671265
1,12069,61.071092713435391,0.00380512327,20,6,384,1158584,14167,3881458,30143,235,671285
1,12070,61.074890296435385,0.00400620745,20,7,384,1231500,19334,3900791,29883,236,671287
1,12071,61.078575088435386,0.00357645983,20,7,384,1046209,15833,3617917,29819,236,671287
1,12072,61.08239908843538,0.00393499853,20,8,384,1072667,12500,3791250,29755,237,671307
1,12073,61.086011046435388,0.00361862965,20,8,384,1052917,14208,3748833,29883,237,671307
1,12074,61.089857963435392,0.003735955,20,8,384,1036208,13458,3723458,29819,238,671325
1,12075,61.093940880435383,0.00401775073,20,9,384,1074791,22875,3946041,29755,238,671325
1,12076,61.097915213435385,0.00401267,20,9,384,1159167,20875,4032833,29883,238,671325
1,12077,61.102054921435382,0.00404983,20,10,384,1141042,16458,4035541,29819,239,671345
1,12078,61.106107213435379,0.00408891728,20,10,384,1132083,18083,4057291,29755,239,671345
1,12079,61.110138880435386,0.00417274656,20,10,384,1160000,19166,4110667,29883,240,671365
1,12080,61.11411100543539,0.00386346364,20,10,384,1107542,13875,3977666,29819,240,671365
1,12081,61.117719046435383,0.00366641162,20,10,384,1157708,19667,3677166,29755,240,671365
1,12082,61.121704921435381,0.00394700235,20,10,384,1119708,12833,3874000,29883,240,671365
1,12083,61.126106046435382,0.0041132085,20,10,384,1115375,15125,4121167,30045,240,671365
1,12084,61.13022708843539,0.004370961,20,10,384,1374375,24500,4392833,29755,240,671365
1,12085,61.13459900543539,0.00448516849,20,12,384,1220208,14291,4403000,29883,240,671365
1,12086,61.138742338435392,0.004050248,20,12,384,1133333,16042,4089958,29819,240,671365
1,12087,61.142528338435383,0.003894997,20,12,384,1112834,13250,3898084,29755,242,671377
1,12088,61.146503838435393,0.00398995867,20,12,384,1044833,20750,3918333,29883,242,671377
1,12089,61.150809921435382,0.00415449962,20,12,384,1093791,15125,4265250,29819,242,671377
1,12090,61.154842880435382,0.0041212514,20,12,384,1148041,25334,4031708,29755,242,671377
1,12091,61.158986338435383,0.00409071,20,12,384,1098917,15333,4059084,30011,242,671377
1,12092,61.163037963435386,0.00406970643,20,12,384,1110542,12541,4125125,29819,242,671381
1,12093,61.166957338435381,0.00397300161,20,12,384,1168375,15208,3968041,29755,242,671381
1,12094,61.171072796435382,0.003993828,20,12,384,1096458,22417,3883959,31963,242,671381
1,12095,61.175490213435381,0.00445108442,20,12,384,1244333,13250,4499500,29819,242,671381
1,12096,61.180003671435387,0.004312422,20,12,384,1169750,15458,4263584,29755,242,671381
1,12097,61.184367421435383,0.00475803576,20,12,384,1185167,23625,4903000,29883,241,671379
1,12098,61.188171463435381,0.003600503,20,12,384,1065250,14959,3557125,29819,241,671379
1,12099,61.192347963435381,0.004222874,20,12,384,1111917,14375,4154750,30143,241,671379
1,12100,61.196737963435382,0.0043656677,20,12,384,1113500,22291,4297167,29883,242,671381
1,12101,61.200738005435383,0.00387483,20,12,384,1164666,17833,3972000,29819,242,671381
1,12102,61.204791255435381,0.00423129229,20,12,384,1154584,18709,4212416,29755,242,671381
1,12103,61.20862783843539,0.003844168,20,12,384,1108208,21625,3771250,29883,242,671381
1,12104,61.213786713435383,0.00502783433,20,12,384,1103625,13292,5141792,40261,242,671381
1,12105,61.218462380435383,0.00485274941,20,12,384,1252916,15708,4841084,38075,242,671381
1,12106,61.222262421435389,0.0037017928,20,12,384,1051875,11167,3723625,49680,242,671381
1,12107,61.226175421435386,0.00393137755,20,12,384,1131458,14708,3883916,92583,242,671381
1,12108,61.229674630435383,0.00357866357,20,12,384,1122250,18459,3552084,29755,242,671381
1,12109,61.232974005435381,0.00342345517,20,12,384,1055000,12708,3521000,29883,242,671381
1,12110,61.235835546435382,0.00285096373,20,12,384,1016625,13666,2984583,29819,242,671381
1,12111,61.238854130435385,0.00298508373,20,12,384,1048209,14083,2915625,29807,242,671377
1,12112,61.242258255435388,0.003334786,20,12,384,1019417,8875,3203292,29883,242,671377
1,12113,61.245685421435383,0.0033828374,20,12,384,1085666,18209,3474625,30487,242,671377
1,12114,61.249257171435389,0.00365403923,20,12,384,1108375,11792,3514625,29755,242,671377
1,12115,61.252786255435382,0.0035652495,20,12,384,1044417,21375,3551125,29883,242,671377
1,12116,61.256271088435383,0.00342616928,20,12,384,1025542,13000,3544208,29819,242,671377
1,12117,61.260114338435386,0.00371033163,20,12,384,1094750,10958,3604875,63025,242,671377
1,12118,61.264235213435384,0.00416267,20,12,384,1076917,15875,3985833,29947,242,671377
1,12119,61.267989171435389,0.00373574975,20,12,384,1143708,14959,3896875,29819,242,671377
1,12120,61.272132463435383,0.00415012054,20,12,384,1119959,21459,4145000,30051,242,671377
1,12121,61.275949171435386,0.00386187644,20,12,384,1116083,18791,3834458,29883,242,671377
1,12122,61.280256630435389,0.004164626,20,12,384,1080709,18834,4073209,29915,242,671377
1,12123,61.284464546435387,0.00443703961,20,12,384,1174875,14417,4507334,29755,242,671377
1,12124,61.288270630435392,0.003837004,20,12,384,1059375,13208,3751625,29883,242,671377
1,12125,61.291848671435389,0.0034841625,20,12,384,1060417,13083,3634541,29979,242,671377
1,12126,61.295850421435389,0.00387800462,20,12,384,1091875,14917,3821375,29755,242,671377
1,12127,61.300106088435385,0.004364038,20,12,384,1159500,21042,4191250,29883,242,671377
1,12128,61.303800880435389,0.00367391575,20,12,384,1065041,12458,3860208,29819,242,671377
1,12129,61.307801463435382,0.00387521251,20,12,384,1110416,17167,3734041,29819,242,671377
1,12130,61.311799213435393,0.00408679154,20,12,384,1156292,16625,4161000,30271,242,671379
1,12131,61.315985130435379,0.00422941474,20,12,384,1113292,21000,4112125,30107,243,671381
1,12132,61.320024671435391,0.00381083484,20,12,384,1123625,16083,4041291,29755,243,671381
1,12133,61.324210963435391,0.00449633645,20,12,384,1235417,15709,4252917,29883,243,671381
1,12134,61.328028171435392,0.00368679129,20,12,384,1085250,14459,3885875,30045,243,671381
1,12135,61.331962755435384,0.0038403275,20,12,384,1171500,13042,3805625,29755,243,671381
1,12136,61.336030838435391,0.004274334,20,12,384,1189500,21708,4109583,29883,243,671381
1,12137,61.340405630435384,0.003974334,20,12,384,1097083,13916,4079750,29819,243,671381
1,12138,61.344348046435385,0.00421037432,20,12,384,1247208,18625,4232792,29755,243,671381
1,12139,61.348413421435382,0.00406796345,20,10,384,1156542,16042,3952125,29883,243,671381
1,12140,61.352116921435382,0.00375800021,20,7,384,1197709,14292,3910041,29819,243,671381
1,12141,61.356030255435385,0.00379274366,20,7,384,1136500,16083,3785667,29755,241,671341
1,12142,61.359939171435386,0.003955584,20,7,384,1225000,24167,3778042,29883,238,671323
1,12143,61.36488879643538,0.00495063048,20,7,384,1108459,15625,5102666,40261,238,671323
1,12144,61.369751046435383,0.004909042,20,7,384,1226875,14625,4868667,38579,238,671323
1,12145,61.373677338435385,0.00387416384,20,7,384,1157791,14250,3808458,29883,238,671323
1,12146,61.377579505435392,0.00399146136,20,7,384,1095625,19291,4009500,29819,238,671323
1,12147,61.381864005435389,0.0041486253,20,7,384,1098333,15291,4181000,29755,238,671323
1,12148,61.385762546435387,0.00412478764,20,2,384,1129792,20583,3967792,29883,238,671323
1,12149,61.39008163043539,0.00406887755,20,2,384,1068083,12917,4124458,806819,238,671321
1,12150,61.393746880435387,0.003769501,20,2,384,1235041,14208,3933833,1500945,233,671221
1,12151,61.397892338435383,0.004131165,20,2,384,1237542,13250,3965708,1916697,233,671221
1,12152,61.401853463435387,0.00396296056,20,2,384,1232208,13458,3988083,1532903,233,671221
1,12153,61.405821505435384,0.00393516151,20,2,384,1098666,23208,4003291,1777219,233,671221
1,12154,61.40960133843538,0.00388441747,20,2,384,1203541,18708,3789541,1447231,233,671221
1,12155,61.413348046435388,0.00369841978,20,2,384,1138708,13792,3774500,1657615,233,671221
1,12156,61.417114380435393,0.00379741355,20,2,384,1149542,13417,3807000,1785511,233,671221
1,12157,61.421660380435384,0.004336295,20,2,384,1162917,12750,3735542,886847,233,671221
1,12158,61.425615671435381,0.00410520844,20,2,384,1183166,14542,4649625,37979,233,671221
1,12159,61.429554296435384,0.00411649654,20,2,384,1090209,23042,3756917,30369,233,671221
1,12160,61.433456005435389,0.003849086,20,2,384,1070584,12791,4054583,29883,234,671223
1,12161,61.437400255435392,0.00382225052,20,2,384,1091375,13625,4010125,29819,234,671223
1,12162,61.441455963435388,0.004035289,20,2,384,1163125,18166,3977125,29807,234,671223
1,12163,61.445223296435387,0.00395891443,20,2,384,1085083,15375,3855166,29883,234,671223
1,12164,61.449055921435388,0.0036822916,20,2,384,1069750,12375,3736083,29819,234,671223
1,12165,61.452955213435388,0.00389438076,20,2,384,1100625,23042,4037459,29755,234,671223
1,12166,61.456841255435393,0.003975581,20,2,384,1176500,18209,3750708,29947,234,671223
1,12167,61.460701088435385,0.00377216563,20,2,384,1095000,17292,3885833,29819,234,671223
1,12168,61.464711630435389,0.00400929,20,2,384,1072833,14833,3995250,29755,234,671223
1,12169,61.468854671435381,0.004240207,20,2,384,1094625,22583,4061583,29883,234,671223
1,12170,61.472763338435385,0.003747378,20,2,384,1112875,13542,3928750,29819,234,671223
1,12171,61.476672255435389,0.004021627,20,2,384,1192208,22292,4016833,29755,234,671223
1,12172,61.480711713435383,0.00392804,20,2,384,1085958,22833,3863875,29883,234,671223
1,12173,61.48447163043538,0.00383712444,20,2,384,1132125,14917,3904375,29819,234,671223
1,12174,61.488431546435393,0.00403837161,20,2,384,1127750,20833,3951166,29755,233,671221
1,12175,61.492433296435379,0.004078841,20,2,384,1082875,16458,4043125,29883,233,671221
1,12176,61.49636179643538,0.003788159,20,2,384,1057250,12750,3797959,29819,233,671221
1,12177,61.500657838435387,0.004100751,20,2,384,1065709,22166,4187792,30811,233,671221
1,12178,61.504692005435388,0.004231335,20,2,384,1163750,17125,4041667,29883,233,671221
1,12179,61.508589338435385,0.00392612675,20,2,384,1101208,15250,4043834,29819,233,671221
1,12180,61.512490963435383,0.00383591279,20,2,384,1070084,16834,3878625,29755,233,671221
1,12181,61.517017921435382,0.00465941755,20,2,384,1172333,20917,4701000,40325,233,671221
1,12182,61.521536838435381,0.00444467133,20,2,384,1117792,12584,4467792,38099,233,671221
1,12183,61.525251255435393,0.00369679,20,2,384,1067583,14208,3616125,29755,233,671221
1,12184,61.529487713435387,0.004144749,20,0,384,1084208,14666,4038500,30109,233,671221
1,12185,61.533259755435381,0.00392408576,20,0,384,1160000,15958,3969083,31661,233,671221
1,12186,61.537223630435392,0.003807164,20,0,384,1074167,15750,3865125,29755,231,671207
1,12187,61.541345713435391,0.004188747,20,0,384,1181000,23167,4020708,29883,231,671207
1,12188,61.545341463435392,0.0038595025,20,0,384,1109458,15125,4013917,29819,230,671205
1,12189,61.549076255435381,0.003928961,20,0,384,1179625,17208,3953500,30143,230,671205
1,12190,61.553030130435388,0.003955329,20,0,384,1111333,17625,3786541,29883,231,671207
1,12191,61.556760296435385,0.00361804129,20,0,384,1129542,14500,3722083,29819,231,671207
1,12192,61.560861921435389,0.004068169,20,0,384,1125750,22542,4088416,29755,231,671207
1,12193,61.565030463435392,0.0042642504,20,0,384,1100625,22834,4111500,29883,231,671207
1,12194,61.56890358843539,0.00384041946,20,0,384,1176584,14334,4007583,29819,231,671207
1,12195,61.57262983843539,0.00373320584,20,0,384,1169083,13708,3753583,29755,231,671207
1,12196,61.576387005435393,0.003809212,20,0,384,1176375,17333,3700792,29883,231,671207
1,12197,61.58064188043538,0.00418887474,20,0,384,1079709,21000,4160709,29819,231,671207
1,12198,61.584365880435385,0.00385724916,20,0,384,1142500,14167,3920667,29755,231,671207
1,12199,61.588347963435382,0.00396712031,20,0,384,1046417,20833,3857875,29883,231,671207
1,12200,61.591958921435392,0.00356371165,20,0,384,1137583,12459,3640166,29819,230,671205
1,12201,61.595817921435383,0.00386050181,20,0,384,1089000,22291,3875750,29755,230,671205
1,12202,61.599979255435386,0.004181661,20,0,384,1106375,20000,4012417,29883,230,671205
1,12203,61.603674380435393,0.00367517,20,0,384,1066084,14375,3844166,29819,230,671205
1,12204,61.607444963435384,0.00379537279,20,0,384,1098667,21292,3756084,29819,230,671205
1,12205,61.611391005435379,0.003934623,20,0,384,1066917,19459,3853875,29883,230,671207
1,12206,61.615249921435392,0.0038109622,20,0,384,1111958,13916,3923084,29819,230,671207
1,12207,61.619137421435383,0.00384929148,20,0,384,1106834,22125,3828875,29755,230,671207
1,12208,61.622997963435381,0.003898207,20,0,384,1084042,19125,3853042,29883,230,671207
1,12209,61.62659654643538,0.00370500283,20,0,384,1094125,18667,3734667,29819,230,671207
1,12210,61.630238963435389,0.00364829227,20,0,384,1041500,19167,3667250,29981,230,671207
1,12211,61.634215338435382,0.00398125,20,0,384,1041750,19167,3825208,29883,230,671207
1,12212,61.638142005435384,0.00387749425,20,0,384,1086916,14291,3944334,29819,230,671207
1,12213,61.642037796435389,0.003819005,20,0,384,1091750,16625,3816333,29807,230,671207
1,12214,61.645809671435387,0.00384486956,20,0,384,1065042,14916,3785292,29883,230,671207
1,12215,61.649600921435379,0.00377958477,20,0,384,1084292,17125,3893708,29819,230,671207
1,12216,61.653310338435389,0.00371008366,20,0,384,1101958,14416,3673250,29755,230,671207
1,12217,61.657224338435384,0.00388849922,20,0,384,1101667,15584,3724084,29883,230,671207
1,12218,61.661425963435391,0.00401304569,20,0,384,1127125,15083,4170459,29819,230,671207
1,12219,61.665351755435381,0.003973413,20,0,384,1139584,24167,3904250,29755,229,671205
1,12220,61.669880213435391,0.00476058666,20,0,384,1095625,21333,4838084,40713,229,671205
1,12221,61.674365755435389,0.004474164,20,0,384,1076667,14000,4467000,38099,230,671207
1,12222,61.678044505435381,0.00361229456,20,0,384,1103291,13333,3715458,29755,230,671207
1,12223,61.681940796435384,0.00384937646,20,0,384,1169208,14041,3663291,47715,230,671207
1,12224,61.68574033843538,0.00388845662,20,0,384,1077000,14916,3927000,29851,230,671207
1,12225,61.689706963435384,0.00386387482,20,0,384,1064208,15875,3872250,29755,230,671205
1,12226,61.693730838435386,0.00419153925,20,0,384,1110208,23292,4068750,29883,230,671205
1,12227,61.697802796435383,0.00382733834,20,0,384,1064459,12708,3906917,29819,230,671205
1,12228,61.70174404643538,0.003992581,20,0,384,1179583,24333,4026583,29755,230,671205
1,12229,61.705719171435391,0.004063294,20,0,384,1078875,17708,3963375,29883,230,671205
1,12230,61.70949888043539,0.00381332915,20,0,384,1133167,14833,3907625,29819,230,671205
1,12231,61.713333880435385,0.00381991919,20,0,384,1068375,22584,3816625,31835,229,671203
1,12232,61.717466255435383,0.0041520833,20,0,384,1079292,21083,3968625,29883,229,671203
1,12233,61.721378630435382,0.00377200264,20,0,384,1081583,14500,3888208,29819,229,671203
1,12234,61.725405130435391,0.00410416676,20,0,384,1073125,15458,4094042,29755,229,671203
1,12235,61.729621546435382,0.004156994,20,0,384,1095083,22292,4027792,29923,229,671203
1,12236,61.733330421435383,0.00378433964,20,0,384,1162917,22625,3958375,30045,229,671203
1,12237,61.736978713435391,0.00368103734,20,0,384,1077958,23417,3688666,29755,229,671203
1,12238,61.740813713435386,0.00369824981,20,0,384,1073666,20917,3604709,29883,229,671203
1,12239,61.744676171435387,0.003964498,20,0,384,1084625,17792,4003292,29819,229,671203
1,12240,61.748797796435383,0.004087252,20,0,384,1097916,19167,4007541,29755,229,671203
1,12241,61.752759505435392,0.00403466541,20,0,384,1112709,24917,4029500,29883,229,671203
1,12242,61.75662696343538,0.00376104726,20,0,384,1081000,15250,3843125,29883,229,671203
1,12243,61.76044471343539,0.0038676234,20,0,384,1116834,22833,3872500,29755,229,671205
1,12244,61.764477255435381,0.00413803849,20,0,384,1042334,15708,4019334,30653,229,671205
1,12245,61.768204880435391,0.00356962858,20,0,384,1071667,16208,3672375,29905,229,671205
1,12246,61.772068755435384,0.00395595934,20,0,384,1153333,16708,3941334,29917,229,671205
1,12247,61.775931421435388,0.003887245,20,0,384,1070417,21334,3757917,30483,229,671205
1,12248,61.780012088435384,0.00396258524,20,0,384,1102709,15625,4020208,30965,229,671205
1,12249,61.78467729643539,0.004710792,20,0,384,1125584,15000,4648334,29801,229,671205
1,12250,61.788517838435382,0.003911331,20,0,384,1159708,16375,3986125,29939,228,671203
1,12251,61.79228608843539,0.003775255,20,0,384,1028625,15250,3826125,30265,228,671203
1,12252,61.795862213435385,0.00358070433,20,0,384,1045375,20042,3604792,29855,229,671205
1,12253,61.800003046435393,0.004036416,20,0,384,1069209,18917,3798000,29921,229,671205
1,12254,61.804269713435389,0.004295167,20,0,384,1100250,15333,4375583,29865,229,671205
1,12255,61.808287880435387,0.00397437625,20,0,384,1167542,15750,4078750,29801,229,671205
1,12256,61.812180338435383,0.00392424874,20,0,384,1176125,18208,3896458,29989,229,671205
1,12257,61.816481421435384,0.004346542,20,0,384,1130500,17416,4200584,29859,229,671205
1,12258,61.821541255435392,0.004912918,20,0,384,1101250,14750,5069125,40245,229,671205
1,12259,61.826414380435381,0.005081831,20,0,384,1146459,16333,5040625,38249,229,671205
1,12260,61.830521921435391,0.00406066468,20,0,384,1067625,17542,3993625,29861,229,671205
1,12261,61.834599838435381,0.00402850052,20,0,384,1107083,13250,4082666,30059,229,671205
1,12262,61.838630046435384,0.00404254533,20,0,384,1094041,20625,3904417,29927,229,671203
1,12263,61.842609088435381,0.00394696,20,0,384,1085833,14459,4068291,29911,229,671203
1,12264,61.846401796435387,0.00382362539,20,0,384,1154333,22375,3874834,29793,229,671203
1,12265,61.850118588435393,0.00378229166,20,0,384,1098416,21042,3719959,29933,229,671203
1,12266,61.853851255435387,0.00376532739,20,0,384,1057375,19667,3713875,29869,229,671203
1,12267,61.857839546435386,0.00384791661,20,0,384,1054083,15959,3870458,29803,229,671203
1,12268,61.861911505435387,0.00410250155,20,0,384,1119541,23041,4004417,29977,229,671203
1,12269,61.866186546435387,0.004304875,20,0,384,1105500,14500,4303208,29865,229,671203
1,12270,61.869886338435393,0.00366337877,20,0,384,1116333,26625,3813625,29803,229,671203
1,12271,61.87402313043539,0.0042094104,20,0,384,1115375,18959,3969000,29969,229,671203
1,12272,61.877818171435379,0.00371442037,20,0,384,1090250,14542,3959959,29861,229,671203
1,12273,61.881673755435386,0.00367416372,20,0,384,1155916,21500,3615542,29793,229,671203
1,12274,61.885546630435385,0.00405529328,20,0,384,1097209,24083,3981458,32007,229,671203
1,12275,61.889710546435381,0.00419321144,20,0,384,1141917,15375,4225625,29859,229,671203
1,12276,61.89370608843538,0.00400770968,20,0,384,1084958,17000,4033333,29847,229,671203
1,12277,61.897817671435391,0.00406220229,20,0,384,1070875,21959,3948083,29933,229,671203
1,12278,61.90199429643539,0.00410500262,20,0,384,1181667,16291,4148875,29871,229,671203
1,12279,61.90621821343538,0.004138712,20,0,384,1144333,14875,4128375,29919,229,671203
1,12280,61.910063255435389,0.004075744,20,0,384,1182000,22459,3886875,30391,229,671205
1,12281,61.913968755435391,0.0037864584,20,0,384,1125666,15208,4008792,29883,230,671207
1,12282,61.917827130435384,0.003955378,20,0,384,1164375,23750,3990250,29755,230,671207
1,12283,61.921921546435385,0.003906789,20,0,384,1082833,21209,3756500,29883,230,671207
1,12284,61.925990796435386,0.004213251,20,0,384,1118167,25042,4327583,29915,230,671207
1,12285,61.930054546435386,0.003989498,20,0,384,1113417,20625,4002083,29755,230,671207
1,12286,61.934618963435383,0.004678876,20,0,384,1170292,25500,4580583,30109,230,671207
1,12287,61.938669713435388,0.00397783425,20,0,384,1148792,14375,4029292,29979,230,671207
1,12288,61.942580005435389,0.00395899964,20,0,384,1081750,15458,3982583,29755,230,671207
1,12289,61.946490088435382,0.00400437927,20,0,384,1096917,21042,3797542,29883,230,671207
1,12290,61.950552588435386,0.00401228759,20,0,384,1062167,14375,4182000,29819,230,671207
1,12291,61.954500130435392,0.00371187646,20,0,384,1071334,23250,3751625,29755,230,671207
1,12292,61.958765838435383,0.00443275226,20,0,384,1282625,15375,4234375,29883,230,671207
1,12293,61.962675713435388,0.004066957,20,0,384,1128000,13167,4146459,30107,230,671207
1,12294,61.966801546435391,0.00399379246,20,0,384,1069333,12500,3937083,29755,230,671207
1,12295,61.971756713435383,0.004916745,20,0,384,1130167,15625,5014417,40325,230,671207
1,12296,61.976675213435385,0.00495817047,20,0,384,1176291,18959,5005042,38099,230,671207
1,12297,61.980792088435379,0.003995543,20,0,384,1174709,14083,3970917,29755,230,671207
1,12298,61.98465308843538,0.004035126,20,0,384,1130208,14291,3971458,29883,230,671207
1,12299,61.988600713435389,0.00388891716,20,0,384,1056666,26041,3790167,29819,230,671205
1,12300,61.992394963435387,0.00382174738,20,0,384,1140208,16625,4000792,29755,230,671205
1,12301,61.996348671435385,0.003903791,20,0,384,1105417,14334,3724709,29883,230,671205
1,12302,62.000060046435379,0.00373570714,20,0,384,1170542,13792,3866833,29819,230,671205
1,12303,62.00379879643539,0.00373958331,20,0,384,1044458,17708,3748125,29755,230,671205
1,12304,62.007662755435391,0.003943502,20,0,384,1126417,22250,3841125,29883,230,671205
1,12305,62.011875505435384,0.00399525231,20,0,384,1065750,15875,4031709,30363,230,671205
1,12306,62.015786005435388,0.004085204,20,0,384,1189917,24125,4054625,29755,230,671205
1,12307,62.019838463435391,0.003924752,20,0,384,1066000,24166,3847750,29883,230,671205
1,12308,62.023842213435387,0.004056335,20,0,384,1156750,15458,4080875,29819,230,671205
1,12309,62.027980963435382,0.00398028642,20,0,384,1181834,15500,4149167,29755,230,671205
1,12310,62.031836796435385,0.004065625,20,0,384,1216542,18417,3901833,30271,230,671205
1,12311,62.035706671435392,0.0039351685,20,0,384,1093375,18083,3978542,30045,231,671207
1,12312,62.039537421435384,0.003581335,20,0,384,1051125,15167,3706500,29755,231,671207
1,12313,62.043708255435391,0.004269997,20,0,384,1186791,16084,3884292,29935,231,671207
1,12314,62.047642213435381,0.003985339,20,0,384,1168250,18291,4220750,29819,231,671207
1,12315,62.052236380435389,0.00461424328,20,0,384,1150500,19542,4361792,29755,231,671207
1,12316,62.056613713435382,0.00444217,20,0,384,1166709,16750,4517667,29947,231,671207
1,12317,62.060679255435389,0.00383949839,20,0,384,1110000,14500,4080375,29819,231,671209
1,12318,62.064551005435391,0.0039766226,20,0,384,1147583,22917,3914292,29755,231,671209
1,12319,62.068477338435386,0.00412075548,20,0,384,1132792,22792,4000167,31071,231,671209
1,12320,62.072424963435381,0.003811664,20,0,384,1054916,14292,3881375,29819,231,671209
1,12321,62.076110338435385,0.0037457482,20,0,384,1137458,16916,3880125,29755,231,671209
1,12322,62.080204713435393,0.00399875268,20,0,384,1153208,11458,3801083,29883,231,671209
1,12323,62.084489630435385,0.00444266573,20,0,384,1129334,13750,4478875,29819,231,671209
1,12324,62.088269005435393,0.00370537839,20,0,384,1071500,13875,3773375,29755,231,671209
1,12325,62.092371171435389,0.004154578,20,0,384,1054583,24041,4043083,29883,231,671209
1,12326,62.096529380435385,0.00410825526,20,0,384,1063834,14875,4062708,29819,231,671209
1,12327,62.100428755435388,0.003777792,20,0,384,1092916,16042,3926375,29755,231,671209
1,12328,62.104384130435392,0.0040941257,20,0,384,1096208,16459,3907833,30939,231,671209
1,12329,62.10828133843539,0.00385933253,20,0,384,1072250,22042,3972583,29819,231,671209
1,12330,62.112051213435393,0.003728621,20,0,384,1098458,19959,3793042,29755,231,671209
1,12331,62.115994838435384,0.004078458,20,0,384,1128750,21875,3915041,29883,231,671209
1,12332,62.120024005435383,0.00380817032,20,0,384,1066125,14209,3860041,29819,231,671209
1,12333,62.124834880435387,0.00500545651,20,0,384,1107125,13875,5103875,40197,230,671207
1,12334,62.129322630435382,0.00441345666,20,0,384,1087875,15917,4392875,38163,230,671207
1,12335,62.133275546435385,0.00401695725,20,0,384,1040292,25625,3999791,30045,230,671207
1,12336,62.136950046435388,0.00362733845,20,0,384,1047125,18250,3652125,29755,230,671205
1,12337,62.140969171435387,0.004003373,20,0,384,1089542,22042,3842083,29883,230,671205
1,12338,62.144667588435382,0.003709878,20,0,384,1039000,12916,3866167,29819,230,671205
1,12339,62.148561755435381,0.0037899164,20,0,384,1093750,22125,3721416,29755,230,671205
1,12340,62.152164130435381,0.00385029055,20,0,384,1082000,20167,3780792,30271,230,671205
1,12341,62.155934838435385,0.00354220532,20,0,384,1026542,13125,3603583,29819,231,671207
1,12342,62.160166338435388,0.004164711,20,0,384,1127209,22834,3993458,29755,231,671207
1,12343,62.164352255435389,0.00435224641,20,0,384,1136875,15042,4397250,29883,231,671207
1,12344,62.167972213435391,0.00365487533,20,0,384,1116166,15875,3781500,29819,231,671207
1,12345,62.171953046435391,0.00392258354,20,0,384,1052292,23625,3927584,29755,231,671207
1,12346,62.175733046435383,0.00389587577,20,0,384,1069083,32500,3772750,29883,231,671207
1,12347,62.179613546435391,0.003594168,20,0,384,1035791,15583,3692209,29819,231,671207
1,12348,62.18370592143539,0.004241709,20,0,384,1125917,24625,4187792,29755,231,671207
1,12349,62.18760667143539,0.00380520825,20,0,384,1088500,22667,3768667,29883,231,671207
1,12350,62.191383546435389,0.00389833469,20,0,384,1189834,17750,3941084,29819,231,671207
1,12351,62.195611963435383,0.004239456,20,0,384,1099042,14375,4086709,29755,231,671207
1,12352,62.199824130435388,0.00416608574,20,0,384,1127542,15917,4195500,29883,231,671207
1,12353,62.203711505435393,0.00386795634,20,0,384,1089042,14625,4023625,29819,231,671207
1,12354,62.207530963435389,0.00387754384,20,0,384,1137167,18709,3847375,29883,231,671207
1,12355,62.21154504643539,0.00405629259,20,0,384,1095958,20292,3922042,29883,231,671211
1,12356,62.215264005435387,0.00368024386,20,0,384,1080500,14625,3788500,29819,230,671209
1,12357,62.219156671435385,0.00380004244,20,0,384,1052667,18042,3828958,29755,230,671209
1,12358,62.223126296435382,0.00401187642,20,0,384,1080834,13000,3940750,29883,230,671209
1,12359,62.22690838043539,0.00384379248,20,0,384,1149875,16584,3867292,29819,230,671209
1,12360,62.23101000543538,0.004007625,20,0,384,1086292,14500,4032250,29755,230,671209
1,12361,62.235069713435379,0.00417325,20,0,384,1127667,22791,3899417,30109,230,671209
1,12362,62.23913654643539,0.003954294,20,0,384,1123792,14292,4205167,29819,230,671209
1,12363,62.24280042143539,0.003696457,20,0,384,1102792,13291,3764500,29755,230,671209
1,12364,62.246765546435384,0.00402179,20,0,384,1160666,17750,3852750,29935,229,671207
1,12365,62.250728880435389,0.003872541,20,0,384,1139875,13834,3944708,29819,229,671207
1,12366,62.254695713435382,0.00403796043,20,0,384,1141000,22791,4083250,29755,229,671207
1,12367,62.258749838435392,0.003991206,20,0,384,1065875,19917,3807542,29883,228,671205
1,12368,62.262663255435385,0.003918169,20,0,384,1135208,14250,4072250,29819,228,671205
1,12369,62.266705588435386,0.00402341271,20,0,384,1177334,14375,4010458,29755,228,671205
1,12370,62.270583755435382,0.00403704634,20,0,384,1059458,22541,3831250,30271,228,671205
1,12371,62.275393338435393,0.004758291,20,0,384,1093584,12542,4970417,40261,229,671207
1,12372,62.280285963435389,0.00464737834,20,0,384,1115583,14750,4641958,38035,229,671207
1,12373,62.284496671435392,0.004528784,20,0,384,1152750,21834,4414625,29883,229,671207
1,12374,62.28836821343539,0.0038242985,20,0,384,1068250,16208,3888417,31899,229,671203
1,12375,62.292083838435389,0.00367145683,20,0,384,1071500,15250,3718250,29755,229,671203
1,12376,62.29593763043539,0.00388099486,20,0,384,1111791,15750,3721417,29883,229,671203
1,12377,62.300039338435383,0.003985459,20,0,384,1079542,18958,4071625,29819,228,671201
1,12378,62.303848380435383,0.00381371169,20,0,384,1089625,15625,3833125,29755,228,671201
1,12379,62.307782421435391,0.00410795771,20,0,384,1160208,22625,3968584,29883,228,671201
1,12380,62.311561880435391,0.00368974637,20,0,384,1059875,14834,3815083,29819,228,671201
1,12381,62.315196713435384,0.003580421,20,0,384,1069458,16625,3669334,29755,228,671201
1,12382,62.319022880435384,0.00385975046,20,0,384,1144583,17291,3660541,29883,228,671201
1,12383,62.323185005435391,0.003935622,20,0,384,1071000,14833,4017875,29819,228,671201
1,12384,62.327026213435389,0.004032086,20,0,384,1253833,27625,4106125,29755,228,671201
1,12385,62.331034296435391,0.004087245,20,0,384,1169041,16916,3880250,29883,228,671201
1,12386,62.334944546435381,0.00400437927,20,0,384,1129708,14250,3905334,30045,228,671201
1,12387,62.33886833843539,0.00363733,20,0,384,1026542,13041,3891209,29755,228,671201
1,12388,62.342632755435389,0.00405096356,20,0,384,1117458,22625,3889833,29883,228,671201
1,12389,62.346463921435387,0.00373557955,20,0,384,1032333,13958,3759084,29819,228,671201
1,12390,62.350485213435391,0.003980088,20,0,384,1132958,14833,4040000,29755,228,671201
1,12391,62.354297505435383,0.003978373,20,0,384,1089458,21791,3889791,29883,228,671201
1,12392,62.357844088435385,0.00346087734,20,0,384,1014625,12583,3579375,29883,228,671201
1,12393,62.36151608843538,0.00357799744,20,0,384,1033083,21542,3606375,29755,228,671203
1,12394,62.365219130435392,0.003711416,20,0,384,1038916,22083,3600166,29883,228,671203
1,12395,62.36939046343538,0.004093041,20,0,384,1088375,17125,4133917,29819,228,671203
1,12396,62.373172380435392,0.00379328942,20,0,384,1160750,23125,3846333,29755,228,671203
1,12397,62.376999630435392,0.00405,20,0,384,1166916,17792,3887042,29883,228,671203
1,12398,62.380947671435379,0.00361583754,20,0,384,1036709,13167,3698500,29819,228,671203
1,12399,62.385081421435387,0.00424328959,20,0,384,1167042,14375,4094541,29755,228,671203
1,12400,62.389150255435382,0.004115958,20,0,384,1089750,23000,4190250,30271,228,671203
1,12401,62.392831630435381,0.003713499,20,0,384,1124833,17208,3806000,29819,229,671205
1,12402,62.396637963435381,0.00383871165,20,0,384,1081459,21959,3808541,29755,229,671205
1,12403,62.40060992143539,0.00397470966,20,0,384,1049667,22625,3879458,29883,229,671205
1,12404,62.404611255435384,0.003920663,20,0,384,1025209,14792,3980875,29819,229,671205
1,12405,62.408414088435393,0.00387037266,20,0,384,1143250,18000,3901791,29755,229,671205
1,12406,62.412387088435381,0.0039600837,20,0,384,1064750,19666,3823125,29883,229,671205
1,12407,62.41611346343538,0.00376808387,20,0,384,1137916,14125,3872917,29819,229,671205
1,12408,62.419902713435391,0.00363162556,20,0,384,1046375,21000,3690625,29755,229,671205
1,12409,62.42391458843538,0.004199915,20,0,384,1092542,25042,3981958,29883,229,671205
1,12410,62.428464255435387,0.0045309593,20,0,384,1068959,14750,4758167,40261,229,671205
1,12411,62.433234921435385,0.004691837,20,0,384,1108292,12833,4636667,38035,229,671205
1,12412,62.437171505435387,0.00388428988,20,0,384,1153666,13709,3838125,30109,229,671205
1,12413,62.446308463435386,0.004023122,20,0,384,1154875,22667,4048333,29819,229,671203
1,12414,62.467502671435383,0.009475631,20,0,384,5854500,24291,9343292,56879,229,671203
1,12415,62.47197763043539,0.0213354174,20,0,384,4969833,14375,21297042,170427,229,671215
1,12416,62.475710338435391,0.00378858414,20,0,384,1079625,14833,3948417,29819,229,671203
1,12417,62.480041046435389,0.004170996,20,0,384,1074167,18875,4114542,29755,228,671201
1,12418,62.48449696343539,0.00467233546,20,0,384,1139625,16417,4654417,29883,228,671201
1,12419,62.488741130435386,0.00408312073,20,0,384,1081500,14209,4031917,29819,228,671201
1,12420,62.49261050543538,0.0038480442,20,0,384,1206125,16000,3975583,29755,228,671201
1,12421,62.496617838435384,0.004246081,20,0,384,1238250,13875,4081708,29883,228,671201
1,12422,62.500655463435393,0.00381442043,20,0,384,1042791,13583,3904458,29819,228,671201
1,12423,62.504553630435382,0.003898207,20,0,384,1085417,16416,3833500,29755,228,671201
1,12424,62.50866300543538,0.00421154359,20,0,384,1090875,24250,4152625,29883,228,671201
1,12425,62.512527796435393,0.003756583,20,0,384,1089500,15125,3863000,30207,228,671201
1,12426,62.516436713435382,0.00403162558,20,0,384,1141166,21250,4035291,30899,228,671201
1,12427,62.52026642143538,0.0037388748,20,0,384,1073334,22583,3653792,29883,228,671201
1,12428,62.524370755435385,0.004255414,20,0,384,1135834,13709,4237417,29819,228,671201
1,12429,62.528098088435385,0.00362237822,20,0,384,1076542,15000,3763583,29755,228,671201
1,12430,62.53198238043538,0.00396949425,20,0,384,1123625,21500,3808667,29883,228,671201
1,12431,62.535788630435391,0.00379154622,20,0,384,1029459,15375,3919750,30045,228,671201
1,12432,62.539931421435384,0.00382966269,20,0,384,1050500,15209,3785125,29755,228,671201
1,12433,62.54386596343538,0.00426375447,20,0,384,1175875,20375,4148375,29883,228,671201
1,12434,62.547968838435381,0.0040235403,20,0,384,1102250,14208,4129416,30011,227,671199
1,12435,62.551818046435386,0.00385775231,20,0,384,1091500,22041,3872750,29755,227,671199
1,12436,62.555944505435392,0.004167751,20,0,384,1103042,19167,4031917,29883,227,671199
1,12437,62.559868463435393,0.00376641145,20,0,384,1127125,14042,3881917,30011,227,671199
1,12438,62.564010671435383,0.00422766432,20,0,384,1110625,15750,4190083,29755,227,671199
1,12439,62.567906713435391,0.00383959035,20,0,384,1146750,15542,3783167,29883,227,671199
1,12440,62.571945463435384,0.004187663,20,0,384,1172583,18500,4230375,30011,227,671199
1,12441,62.576019130435384,0.003976878,20,0,384,1066083,15125,3867834,29755,227,671199
1,12442,62.58096558843539,0.00487720361,20,0,384,1137459,19125,5039833,40325,227,671199
1,12443,62.585751088435387,0.00489625148,20,0,384,1143250,24625,4888833,38291,227,671199
1,12444,62.589602338435384,0.003749837,20,0,384,1139333,14667,3741333,29755,227,671199
1,12445,62.593336588435392,0.00394353736,20,0,384,1186583,15750,3810417,29883,227,671199
1,12446,62.597323838435386,0.00374158169,20,0,384,1042958,14416,3798791,30011,227,671199
1,12447,62.601489796435388,0.004001254,20,8,384,1221875,16791,4102958,29755,227,671199
1,12448,62.605450963435388,0.00432445435,20,8,384,1274750,18708,4146208,29883,227,671199
1,12449,62.609781338435383,0.004189711,20,8,384,1114250,13416,4243750,30011,235,671247
1,12450,62.61380538043538,0.00404800149,20,8,384,1164000,17459,4088625,29755,235,671247
1,12451,62.617523755435386,0.00387595664,20,8,384,1119875,21167,3793833,29883,235,671247
1,12452,62.621446213435391,0.00362183247,20,8,384,1036458,15583,3649708,30011,235,671247
1,12453,62.625565838435392,0.004156583,20,8,384,1168959,17875,4219333,29755,235,671247
1,12454,62.629511338435393,0.00409791665,20,8,384,1143417,15209,3965500,34399,235,671247
1,12455,62.634407005435392,0.00499483431,20,10,384,1090750,20333,5094334,40035,236,671249
1,12456,62.638262255435393,0.00376212434,20,10,384,1072291,13041,3760500,29981,236,671249
1,12457,62.64258463043538,0.00427233567,20,12,384,1094167,23000,4156667,30075,238,671321
1,12458,62.646770088435389,0.004252955,20,12,384,1080834,14167,4247208,29819,238,671321
1,12459,62.650696921435383,0.003786586,20,12,384,1122583,13959,3939083,29755,240,671393
1,12460,62.654749255435391,0.00422641728,20,12,384,1230125,15334,4056792,30127,240,671393
1,12461,62.658733880435392,0.003812918,20,12,384,1113875,12916,3857000,29819,240,671393
1,12462,62.662721963435388,0.003929578,20,12,384,1138583,15042,4052584,29755,240,671393
1,12463,62.666682005435391,0.00424271543,20,12,384,1257084,23541,4034791,30075,240,671393
1,12464,62.670438296435393,0.00362241361,20,12,384,1075750,14125,3767375,29819,240,671393
1,12465,62.67453529643538,0.00406220928,20,12,384,1132458,19750,4000334,29755,240,671393
1,12466,62.678638796435379,0.004063662,20,12,384,1134792,21875,3956583,30075,240,671393
1,12467,62.68275038043538,0.00417258358,20,12,384,1178958,14292,4252708,29819,240,671393
1,12468,62.68679042143539,0.00400037551,20,12,384,1134500,16500,4110083,29947,240,671393
1,12469,62.691062338435387,0.00438987371,20,12,384,1193417,16917,4169417,29883,240,671393
1,12470,62.69492192143538,0.00373554416,20,12,384,1118625,14583,3917792,29819,240,671393
1,12471,62.699434255435392,0.00445408141,20,12,384,1158375,21250,4279583,29947,240,671393
1,12472,62.703521296435383,0.004173044,20,12,384,1171750,15583,4273542,29883,240,671393
1,12473,62.707442130435382,0.003955208,20,12,384,1132500,21417,3928958,29819,240,671393
1,12474,62.711302963435386,0.00387429143,20,12,384,1112375,22500,3936583,29947,240,671393
1,12475,62.71526246343538,0.00390437222,20,12,384,1107708,19875,3818334,29883,240,671393
1,12476,62.71918008843538,0.00389416819,20,12,384,1145209,15708,3934917,30011,240,671393
1,12477,62.723327546435385,0.0040807114,20,12,384,1106125,14916,4057125,29755,240,671393
1,12478,62.727355505435384,0.00424941164,20,12,384,1190334,21833,4046292,29883,240,671393
1,12479,62.732226463435381,0.00474467129,20,12,384,1105833,12250,4979667,40453,240,671393
1,12480,62.73701442143539,0.00473791827,20,12,384,1214375,12541,4750458,38261,240,671393
1,12481,62.741057505435393,0.004071287,20,12,384,1233209,14875,3981500,29883,240,671393
1,12482,62.745244296435388,0.004042921,20,12,384,1089958,18625,4118750,30011,240,671393
1,12483,62.749146921435383,0.00408932846,20,12,384,1233291,14791,4079750,30143,240,671393
1,12484,62.753217130435388,0.004121046,20,12,384,1153917,14042,3931709,30075,241,671395
1,12485,62.757189463435381,0.003671542,20,12,384,1169583,13500,3859292,29819,241,671395
1,12486,62.760978796435381,0.00401166361,20,12,384,1296416,16833,3978750,29755,241,671395
1,12487,62.765111463435389,0.00406408729,20,12,384,1076875,19708,3917125,30075,241,671395
1,12488,62.769189380435392,0.004097456,20,12,384,1240500,16459,4253250,29819,241,671395
1,12489,62.773038963435383,0.00388320582,20,12,384,1204667,14834,3832917,29755,241,671395
1,12490,62.777125088435383,0.004247541,20,12,384,1178625,25417,4115250,30075,241,671395
1,12491,62.781047171435389,0.003716709,20,12,384,1089417,13625,3879792,29819,241,671395
1,12492,62.784974963435388,0.00407337723,20,12,384,1142333,16333,3891875,29755,241,671395
1,12493,62.789163255435383,0.004196039,20,12,384,1102833,17084,4115417,30075,241,671395
1,12494,62.792779296435384,0.00352833769,20,12,384,1133417,14667,3863125,29819,241,671395
1,12495,62.79664204643538,0.00394007936,20,12,384,1254458,9167,3849417,29755,241,671395
1,12496,62.801140713435387,0.00423754239,20,12,384,1103958,20083,4039042,29883,241,671395
1,12497,62.80534417143538,0.004458291,20,12,384,1254709,16708,4558375,30011,241,671395
1,12498,62.809344671435383,0.003942751,20,12,384,1099458,16375,3953375,29755,241,671395
1,12499,62.813565255435392,0.00428670645,20,12,384,1164959,19084,4179625,29883,241,671395
1,12500,62.81733175543539,0.003784375,20,12,384,1132500,13083,3908875,29819,241,671395
1,12501,62.821265130435393,0.00365666812,20,12,384,1065208,20417,3707209,29755,241,671395
1,12502,62.825312546435384,0.00432362547,20,12,384,1172083,30958,4168209,29883,241,671395
1,12503,62.829371755435389,0.00390212587,20,12,384,1106084,15000,3942750,29819,241,671395
1,12504,62.833313755435384,0.00403541652,20,12,384,1185583,18791,4050166,29755,241,671395
1,12505,62.837124421435391,0.003894664,20,12,384,1128208,23250,3841125,30109,241,671395
1,12506,62.84097013043538,0.00377375283,20,12,384,1113500,12583,3821125,30123,241,671395
1,12507,62.844837588435382,0.003819083,20,12,384,1030542,14500,3867583,29755,241,671395
1,12508,62.848692046435389,0.003914831,20,12,384,1159125,20292,3846208,29883,241,671395
1,12509,62.852377005435386,0.00367925176,20,12,384,1107542,22792,3733042,29819,241,671395
1,12510,62.856314338435382,0.00391708454,20,12,384,1111333,20167,3863125,29807,241,671395
1,12511,62.860346921435379,0.00403137738,20,12,384,1128417,20458,3933917,29883,241,671395
1,12512,62.864408755435392,0.004156994,20,12,384,1101500,13750,4156083,29819,241,671395
1,12513,62.868361046435382,0.00380454212,20,12,384,1103833,14375,3784125,29755,241,671395
1,12514,62.872789380435393,0.00445121154,20,10,384,1098708,18167,4403709,30271,241,671395
1,12515,62.876657838435392,0.00399716571,20,10,384,1209375,13917,4093750,29819,242,671397
1,12516,62.880659171435383,0.00381683675,20,10,384,1075250,14500,3779833,29755,239,671323
1,12517,62.88504117143539,0.00467074849,20,10,384,1134250,14000,4794916,40325,239,671323
1,12518,62.88944671343539,0.004219331,20,10,384,1021000,13167,4204959,38099,239,671323
1,12519,62.893308838435388,0.00380545645,20,10,384,1197833,13208,3872834,29755,239,671323
1,12520,62.89730675543538,0.00413137767,20,10,384,1196917,16750,3920292,29883,239,671323
1,12521,62.900971546435386,0.003587748,20,10,384,1097500,15292,3680375,29819,239,671323
1,12522,62.904797713435386,0.00388862682,20,10,384,1043167,15292,3885875,29755,239,671323
1,12523,62.908651338435391,0.003829457,20,10,384,1067417,19500,3700916,29883,239,671323
1,12524,62.912526463435384,0.00375987822,20,10,384,1114000,18166,3958333,29819,239,671323
1,12525,62.916776546435386,0.004336834,20,10,384,1176167,12250,4230042,29755,239,671323
1,12526,62.920728005435393,0.00390853873,20,10,384,1097167,20750,3807125,29883,239,671323
1,12527,62.92475629643539,0.00405883649,20,10,384,1124417,23917,4185875,29819,239,671323
1,12528,62.928552421435384,0.003760622,20,10,384,1108709,24584,3801500,29755,239,671323
1,12529,62.932636963435385,0.004144664,20,10,384,1167000,18916,3896125,29883,239,671323
1,12530,62.936486588435386,0.003834375,20,10,384,1113792,17250,4079125,29819,239,671323
1,12531,62.940692421435386,0.004064548,20,10,384,1131917,13917,3918958,29981,239,671323
1,12532,62.944771255435384,0.004195833,20,10,384,1115084,22417,4219667,29883,239,671323
1,12533,62.94864429643539,0.00380882947,20,10,384,1114500,16417,3846917,29819,239,671323
1,12534,62.952594588435389,0.004019253,20,8,384,1168125,22667,4002500,29755,239,671323
1,12535,62.95666600543538,0.004102041,20,8,384,1098083,21250,4000375,29883,239,671323
1,12536,62.960599505435383,0.00376128824,20,8,384,1134875,15208,3884000,29819,237,671251
1,12537,62.964737213435384,0.004195458,20,8,384,1164250,17917,4100041,29755,237,671251
1,12538,62.968656421435384,0.00404846249,20,8,384,1181084,21625,3978833,29883,237,671251
1,12539,62.972674463435382,0.00392158469,20,8,384,1131833,13666,4014666,29819,237,671251
1,12540,62.976729130435388,0.00402453961,20,8,384,1176458,15708,4130000,29755,237,671251
1,12541,62.981126880435383,0.004298498,20,8,384,1232958,17417,4040583,29883,237,671251
1,12542,62.985097546435384,0.004099837,20,8,384,1280125,13709,4095333,29819,237,671251
1,12543,62.989175338435388,0.00401875,20,8,384,1129834,15833,4195541,30143,237,671251
1,12544,62.993325921435385,0.004376956,20,8,384,1173750,18584,4090583,29883,238,671253
1,12545,62.997372088435384,0.00384066743,20,8,384,1084750,13083,4101208,29819,238,671253
1,12546,63.001221921435388,0.00386074977,20,8,384,1169625,23083,3889000,29755,238,671253
1,12547,63.005309880435391,0.00422825245,20,8,384,1096958,21750,4018583,29883,238,671253
1,12548,63.009582588435393,0.00416179141,20,8,384,1119666,13750,4274625,29819,238,671253
1,12549,63.013729546435385,0.004117333,20,8,384,1159084,16167,4105375,29755,238,671253
1,12550,63.01773663043538,0.00425204076,20,8,384,1218459,16084,4184000,29883,238,671253
1,12551,63.021721671435387,0.00369483419,20,8,384,1031708,13708,3817166,29819,238,671253
1,12552,63.025550421435383,0.0039791665,20,8,384,1171166,16333,3972125,29755,238,671253
1,12553,63.02936817143538,0.003797038,20,8,384,1092084,21500,3753625,29883,238,671253
1,12554,63.033212880435386,0.00388466544,20,8,384,1086625,19833,3814375,29819,238,671253
1,12555,63.038711005435388,0.005181916,20,8,384,1079125,20417,5223417,40197,238,671253
1,12556,63.043382088435379,0.00501091965,20,8,384,1243500,15958,5032875,38389,238,671253
1,12557,63.047477255435382,0.00390358549,20,8,384,1072625,17709,3934917,29819,238,671253
1,12558,63.051099338435392,0.00379978749,20,0,384,1215417,14542,3801625,29755,238,671253
1,12559,63.055105005435379,0.004085587,20,0,384,1093791,21083,3911875,31723,238,671253
1,12560,63.059027380435381,0.00376112526,20,0,384,1065625,13667,3884000,29871,230,671203
1,12561,63.06282054643539,0.003864626,20,0,384,1075000,14916,3836417,29755,230,671203
1,12562,63.066961505435387,0.0041820365,20,0,384,1064416,20333,4039917,29883,230,671203
1,12563,63.070901463435391,0.00380300451,20,0,384,1089416,15042,3985083,29819,230,671203
1,12564,63.07494013043538,0.004053954,20,0,384,1154500,22750,4016292,29755,230,671203
1,12565,63.079354296435383,0.00412933668,20,0,384,1154250,20792,4104750,29883,230,671203
1,12566,63.083483921435388,0.00450849626,20,0,384,1261500,21125,4476458,29819,230,671203
1,12567,63.087447130435393,0.00374725065,20,0,384,1067667,15375,3899833,29755,230,671203
1,12568,63.091508796435392,0.00428704638,20,0,384,1283834,16875,4079167,29883,230,671203
1,12569,63.095379671435381,0.00372691336,20,0,384,1080709,14375,3851750,29819,230,671203
1,12570,63.099422296435392,0.00402446138,20,0,384,1178792,19959,3935959,29755,230,671203
1,12571,63.103550755435393,0.004178125,20,0,384,1114125,15042,4100334,29883,230,671203
1,12572,63.107857046435385,0.00426912541,20,0,384,1211875,13959,4303833,29819,230,671203
1,12573,63.111809338435393,0.003928869,20,0,384,1087333,25084,4092709,30143,230,671203
1,12574,63.115645171435389,0.00401837425,20,0,384,1244709,17542,3881458,29883,231,671205
1,12575,63.119365046435391,0.003600588,20,0,384,1035875,23750,3694084,29819,231,671205
1,12576,63.123611213435382,0.004311997,20,0,384,1060375,14250,4297916,29755,230,671203
1,12577,63.127738505435389,0.00407666527,20,0,384,1059666,25167,3882667,29883,230,671203
1,12578,63.131688921435384,0.0039653345,20,0,384,1192209,14417,4025583,29819,230,671203
1,12579,63.135609213435387,0.003913754,20,0,384,1130875,17125,4075958,29755,230,671203
1,12580,63.13973663043538,0.00408604043,20,0,384,1198708,18875,3892166,29883,230,671203
1,12581,63.143615380435392,0.00398849929,20,0,384,1135750,12917,4109708,30045,230,671203
1,12582,63.147540880435386,0.00388253969,20,0,384,1087792,15542,3887417,29755,230,671203
1,12583,63.151408296435392,0.003919586,20,0,384,1102209,20875,3782500,29883,230,671203
1,12584,63.155447880435389,0.004015122,20,0,384,1064791,15250,4117459,29819,230,671203
1,12585,63.159413963435384,0.00388779771,20,0,384,1077167,17458,3882250,29755,230,671203
1,12586,63.16343288043538,0.00415661838,20,0,384,1073959,15083,4021334,29883,230,671203
1,12587,63.167332630435382,0.00373925036,20,0,384,1075041,14167,3851292,29819,230,671203
1,12588,63.171386671435386,0.004163917,20,0,384,1157834,23250,4060458,29755,230,671203
1,12589,63.175595421435389,0.00420200545,20,0,384,1103583,16500,4137125,29883,230,671203
1,12590,63.17967688043538,0.00394832762,20,0,384,1129291,15250,4113916,30081,230,671203
1,12591,63.184829463435392,0.00518308533,20,0,384,1102583,16709,4953625,29755,230,671203
1,12592,63.189781755435391,0.00499979453,20,0,384,1190875,17250,5197083,40325,230,671203
1,12593,63.194272213435383,0.004605626,20,0,384,1204042,13334,4649667,38099,230,671203
1,12594,63.198098463435386,0.00368662132,20,0,384,1090083,13166,3728167,30017,230,671203
1,12595,63.202056463435383,0.003922123,20,0,384,1196917,15792,3766958,29883,230,671203
1,12596,63.206344963435384,0.00428704638,20,0,384,1094042,14500,4328750,29819,230,671203
1,12597,63.210170005435387,0.00391120324,20,0,384,1190667,21042,3994042,29755,230,671203
1,12598,63.213995171435386,0.00381300319,20,0,384,1145792,17541,3689542,29883,230,671203
1,12599,63.21761363043538,0.00365408161,20,0,384,1125542,16417,3712875,29819,230,671203
1,12600,63.221650546435384,0.003959588,20,0,384,1109917,18375,3886167,29755,230,671203
1,12601,63.225884255435389,0.00422241352,20,0,384,1066500,15042,4097708,29883,230,671203
1,12602,63.229643505435391,0.00393679133,20,0,384,1160375,14833,4056583,30207,230,671203
1,12603,63.233425755435391,0.00370299746,20,0,384,1031667,14541,3739208,29755,231,671205
1,12604,63.237195255435381,0.0038138323,20,0,384,1068000,19375,3714459,29883,231,671205
1,12605,63.24153683843538,0.00418771245,20,0,384,1106917,14125,4179917,30045,231,671205
1,12606,63.245311255435382,0.00383208622,20,0,384,1131209,16583,3961792,29755,231,671205
1,12607,63.249172796435388,0.00389262335,20,0,384,1162500,17834,3697000,29883,231,671205
1,12608,63.253277671435384,0.00402741646,20,0,384,1093792,21625,4089958,29819,231,671205
1,12609,63.257328255435382,0.00417683553,20,0,384,1171958,19584,4124875,29755,231,671205
1,12610,63.26122963043538,0.00386616355,20,0,384,1070792,16167,3859541,29935,231,671205
1,12611,63.265064296435384,0.00381329376,20,0,384,1074917,14334,3828167,29819,231,671205
1,12612,63.268904796435393,0.00381870754,20,0,384,1119834,16792,3979875,29755,231,671205
1,12613,63.273097088435392,0.00422045775,20,0,384,1164292,18792,4006083,29883,231,671205
1,12614,63.276819005435385,0.00378579227,20,0,384,1149292,14792,3900334,29819,231,671205
1,12615,63.280632046435386,0.003584205,20,0,384,1054750,19375,3668958,29755,231,671205
1,12616,63.284570838435386,0.00420537824,20,0,384,1140125,21667,4014208,29883,231,671205
1,12617,63.288337296435387,0.00377470953,20,0,384,1066583,17125,3841667,29819,231,671205
1,12618,63.29245429643538,0.00402495731,20,0,384,1043042,14500,4044166,29755,231,671205
1,12619,63.296317755435382,0.00396695733,20,0,384,1075791,23292,3878542,29883,231,671205
1,12620,63.300211630435385,0.00371116772,20,0,384,1058958,13000,3798458,29819,231,671205
1,12621,63.304111546435379,0.0039116214,20,0,384,1079875,18041,3949208,29755,231,671205
1,12622,63.307982380435391,0.004024752,20,0,384,1168500,14625,3839833,29883,231,671205
1,12623,63.311845671435393,0.00377412839,20,0,384,1073375,14292,3902958,29819,231,671205
1,12624,63.315576088435392,0.00367003959,20,0,384,1113333,14000,3694458,29755,231,671205
1,12625,63.319362046435387,0.00384153915,20,0,384,1131709,21125,3759500,29883,231,671205
1,12626,63.32339896343538,0.00389904343,20,0,384,1061375,13834,3926542,29819,231,671205
1,12627,63.32741233843538,0.004069501,20,0,384,1142417,30334,4085250,29755,231,671205
1,12628,63.331504796435382,0.00427495735,20,0,384,1174334,25083,4110500,29883,231,671205
1,12629,63.335231380435388,0.00369807961,20,0,384,1057917,15416,3725875,29819,231,671205
1,12630,63.33970508843538,0.00434600329,20,0,384,1049416,14166,4544333,40197,231,671205
1,12631,63.344224046435386,0.004627792,20,0,384,1156333,11583,4538958,38389,231,671205
1,12632,63.348336713435387,0.003830747,20,0,384,1098333,13792,3852333,29819,231,671205
1,12633,63.352018796435388,0.0039245463,20,0,384,1215792,20375,3967250,30143,231,671205
1,12634,63.356126630435384,0.004118998,20,0,384,1165333,16792,3921792,29883,232,671207
1,12635,63.360004838435387,0.003846875,20,0,384,1112250,14167,3937958,29819,232,671207
1,12636,63.364021921435381,0.003994997,20,0,384,1044833,13791,4055250,29755,231,671205
1,12637,63.367846505435381,0.0038850836,20,0,384,1124458,17000,3695666,29883,230,671203
1,12638,63.371673838435385,0.00386420777,20,0,384,1134334,13875,4016458,38043,230,671203
1,12639,63.375787171435391,0.003968417,20,0,384,1030042,21000,3884417,29755,230,671203
1,12640,63.379756088435386,0.004095252,20,0,384,1109333,22000,4031541,29883,230,671203
1,12641,63.383623255435381,0.00387112377,20,0,384,1055750,12625,3954250,29819,230,671203
1,12642,63.387401921435384,0.00369775365,20,0,384,1063458,17458,3748417,29755,230,671203
1,12643,63.391364213435381,0.0040272465,20,0,384,1123625,20000,3829625,341221,230,671203
1,12644,63.39513988043538,0.00382595672,20,0,384,1104417,16833,3975167,1309635,230,671203
1,12645,63.398812463435391,0.00347421342,20,0,384,1044500,14542,3428875,196593,230,671203
1,12646,63.402526546435382,0.00396425044,20,0,384,1071125,23167,3894333,86339,230,671203
1,12647,63.406234713435381,0.00352307968,20,0,384,1042667,14291,3666167,29859,230,671203
1,12648,63.410155880435383,0.00400300464,20,0,384,1172000,17167,3946167,30651,230,671203
1,12649,63.413938088435387,0.00389066036,20,0,384,1062542,20542,3769667,29947,230,671203
1,12650,63.417393171435393,0.003371294,20,0,384,1039375,14958,3567625,29819,230,671203
1,12651,63.421561421435385,0.004095252,20,0,384,1072375,13625,3532125,29755,230,671203
1,12652,63.425716671435381,0.00423779059,20,0,384,1094250,14792,4567875,38043,230,671203
1,12653,63.429775213435391,0.00405637734,20,0,384,1057875,15542,3823000,29915,230,671203
1,12654,63.434358880435383,0.00462504243,20,0,384,1092292,13333,5031834,29755,230,671203
1,12655,63.43818200543538,0.00384375,20,0,384,1058250,13375,3693917,29883,230,671203
1,12656,63.442065963435383,0.00364311924,20,0,384,1041958,14625,3724708,29979,230,671203
1,12657,63.446103421435382,0.004193417,20,0,384,1111459,15500,4174750,29981,230,671203
1,12658,63.449905921435388,0.00384287839,20,0,384,1055167,13500,3804084,29883,229,671201
1,12659,63.453850255435384,0.00381983421,20,0,384,1043417,17500,3856667,29819,229,671201
1,12660,63.45771888043538,0.00393391447,20,0,384,1133791,14375,3945833,29755,229,671201
1,12661,63.461521713435388,0.00377404341,20,0,384,1057958,21750,3682416,29935,229,671201
1,12662,63.465226671435389,0.00358703942,20,0,384,1088833,13833,3710584,29819,229,671201
1,12663,63.46906038043538,0.003952083,20,0,384,1092417,19917,3905125,30431,229,671201
1,12664,63.472983546435387,0.00391387474,20,0,384,1060208,22500,3880791,29883,230,671203
1,12665,63.476575421435385,0.00365504529,20,0,384,1092542,20209,3702208,29819,230,671203
1,12666,63.48024733843539,0.00353932823,20,0,384,1044291,22083,3585666,29755,230,671203
1,12667,63.484466921435384,0.00444246037,20,0,384,1065958,20584,4255292,29883,230,671203
1,12668,63.488254088435383,0.00377333467,20,0,384,1036167,13042,3708583,29819,230,671203
1,12669,63.492888338435392,0.00459725037,20,0,384,1034041,14167,4799417,40197,230,671203
1,12670,63.49772288043539,0.004722038,20,0,384,1065791,13041,4661792,38163,230,671203
1,12671,63.501360546435393,0.00356279057,20,0,384,1158083,15250,3648250,29819,230,671203
1,12672,63.505258796435385,0.00401804131,20,0,384,1118708,15875,3962417,29755,230,671203
1,12673,63.508977880435381,0.00373225613,20,0,384,1071333,22042,3715417,29883,230,671203
1,12674,63.512709588435385,0.00364583335,20,0,384,1031875,20750,3655666,29819,230,671203
1,12675,63.516274255435391,0.00367724639,20,0,384,1128833,14042,3732875,30299,229,671201
1,12676,63.519991130435386,0.00363933528,20,0,384,1083375,16208,3509875,29883,229,671201
1,12677,63.523963130435391,0.004030917,20,0,384,1070875,14583,4007167,29819,229,671201
1,12678,63.527639255435389,0.00370233133,20,0,384,1032416,23166,3761833,29755,229,671201
1,12679,63.531453588435383,0.00376999727,20,0,384,1024667,22292,3712792,29883,229,671201
1,12680,63.534989171435384,0.00359733566,20,0,384,1070250,16084,3668125,29819,229,671201
1,12681,63.538766838435393,0.0035882087,20,0,384,1018042,19542,3615083,29755,229,671201
1,12682,63.542396755435391,0.00377628976,20,0,384,1107166,22209,3693791,29883,229,671201
1,12683,63.547044588435384,0.004542042,20,0,384,1047125,24166,4384375,30045,229,671201
1,12684,63.551843296435379,0.00476829661,20,0,384,1194875,15250,4962709,29755,229,671201
1,12685,63.555984713435393,0.004180166,20,0,384,1164500,17583,4040334,29883,229,671199
1,12686,63.560319255435388,0.00429691747,20,0,384,1143167,16000,4128708,29819,229,671199
1,12687,63.564325088435382,0.00402682833,20,0,384,1116167,18375,4251834,29755,229,671199
1,12688,63.568315046435387,0.00413046358,20,0,384,1135708,21291,3894083,29883,229,671199
1,12689,63.572437588435392,0.003914952,20,0,384,1080959,12458,4120916,29819,228,671197
1,12690,63.576342880435391,0.00393029349,20,0,384,1184250,22084,3974333,29755,227,671195
1,12691,63.580375588435388,0.00417420641,20,0,384,1197667,23083,4042125,29883,227,671195
1,12692,63.584541380435383,0.00413492043,20,0,384,1055000,13667,4201625,29819,227,671195
1,12693,63.588422338435393,0.003863499,20,0,384,1123959,14667,3917959,29755,227,671195
1,12694,63.592144296435393,0.003843835,20,0,384,1029167,19833,3805583,30271,227,671195
1,12695,63.59583054643538,0.0034778344,20,0,384,1020708,13750,3524708,29819,228,671197
1,12696,63.599885713435384,0.0041330005,20,0,384,1170458,21917,4065875,29755,228,671197
1,12697,63.603787796435384,0.00398903759,20,0,384,1038583,14792,3889375,29883,228,671197
1,12698,63.607752255435386,0.004024086,20,0,384,1100250,15459,4115083,29819,228,671197
1,12699,63.611293171435392,0.00345270685,20,0,384,1036583,12709,3554875,29755,228,671197
1,12700,63.615042171435391,0.00372854318,20,0,384,1092000,14084,3619416,29883,228,671197
1,12701,63.61882746343538,0.00359049742,20,0,384,1079792,21166,3665709,29819,228,671197
1,12702,63.62280146343538,0.00411254261,20,0,384,1134333,23500,4036500,29755,228,671197
1,12703,63.626562421435381,0.00390520832,20,0,384,1123625,24500,3895084,30939,228,671197
1,12704,63.630092046435379,0.00352728879,20,0,384,1014458,15000,3584875,29819,228,671197
1,12705,63.634415463435388,0.004364463,20,0,384,1019709,18125,4252875,29755,228,671197
1,12706,63.638438338435392,0.003918913,20,0,384,1046041,12875,3782792,29883,228,671197
1,12707,63.64322329643538,0.00482375268,20,0,384,1049334,12958,5031708,40261,228,671197
1,12708,63.647682588435387,0.00445208326,20,0,384,1095375,14875,4508208,38261,228,671197
1,12709,63.651133546435389,0.00345153781,20,0,384,1111292,14375,3383292,29883,228,671197
1,12710,63.654873546435383,0.00381091982,20,0,384,1045667,20208,3711542,29819,228,671197
1,12711,63.658642588435384,0.00358683383,20,0,384,1042583,13708,3689208,29755,228,671197
1,12712,63.662205463435384,0.003712585,20,0,384,1057334,22166,3604666,29935,228,671197
1,12713,63.66606579643539,0.00374525227,20,0,384,1059500,12292,3772375,29819,228,671197
1,12714,63.669842755435383,0.00381853734,20,0,384,1080792,15333,3856041,30795,228,671197
1,12715,63.673605880435389,0.0037875,20,0,384,1080000,21125,3662708,29883,228,671197
1,12716,63.677205005435383,0.00361925317,20,0,384,1044959,15083,3757208,29819,228,671197
1,12717,63.681075088435392,0.00355853885,20,0,384,1009792,21041,3602125,29755,228,671197
1,12718,63.684894088435385,0.00420449954,20,0,384,1223000,18708,3980292,29883,228,671197
1,12719,63.68860563043539,0.003632164,20,0,384,1026625,13916,3716125,29819,228,671197
1,12720,63.692497130435385,0.003762755,20,0,384,1054000,15959,3881542,29755,228,671197
1,12721,63.696345755435388,0.00399579061,20,0,384,1179917,17209,3818542,29883,228,671197
1,12722,63.700095755435385,0.00363991642,20,0,384,1081583,11750,3692000,29819,228,671197
1,12723,63.70392071343538,0.00380179286,20,0,384,1046708,17541,3835833,29755,228,671197
1,12724,63.708049380435384,0.00422132947,20,0,384,1147583,21292,4060334,29883,228,671197
1,12725,63.711663755435382,0.00366646121,20,0,384,1056959,14291,3837792,30207,228,671197
1,12726,63.715698005435385,0.00395070855,20,0,384,1030000,19875,3834792,29755,229,671199
1,12727,63.719730713435382,0.00403016573,20,0,384,1100250,16916,3961250,29883,229,671199
1,12728,63.723288421435385,0.00353041384,20,0,384,1072959,12584,3721209,29819,229,671199
1,12729,63.726990380435382,0.00378325535,20,0,384,1114334,17958,3744292,29755,229,671199
1,12730,63.730720130435387,0.00369562069,20,0,384,1049209,18083,3651584,29883,229,671199
1,12731,63.734179005435379,0.0035024588,20,0,384,1076084,12708,3589334,29819,229,671199
1,12732,63.738197088435385,0.0039802934,20,0,384,1065959,12208,3789291,29755,229,671199
1,12733,63.74224583843538,0.003949001,20,0,384,1087417,14833,3902042,29883,229,671199
1,12734,63.746099963435384,0.0037669572,20,0,384,1093250,14667,3982583,30045,229,671199
1,12735,63.750133796435392,0.00410991348,20,0,384,1223000,18250,4005500,29755,229,671199
1,12736,63.754132755435393,0.00404620869,20,0,384,1141250,22416,3949750,29883,229,671199
1,12737,63.758133421435389,0.00396583742,20,0,384,1153583,15791,4040459,29819,229,671199
1,12738,63.76238363043538,0.003979287,20,0,384,1117709,22666,4074333,29755,229,671199
1,12739,63.766487463435382,0.004445337,20,0,384,1274167,16708,4222125,29883,229,671199
1,12740,63.770171838435388,0.00368545926,20,0,384,1119792,16125,3815042,29819,229,671199
1,12741,63.774285046435381,0.00403579231,20,0,384,1098125,16792,3968958,29755,229,671199
1,12742,63.778218421435383,0.00403320557,20,0,384,1142667,21500,3977125,29883,229,671199
1,12743,63.782095171435387,0.00349587575,20,0,384,1105916,13583,3700792,29819,229,671199
1,12744,63.786038546435393,0.004276162,20,0,384,1186833,25208,4160416,29755,229,671199
1,12745,63.790123338435393,0.003963166,20,0,384,1104833,19458,3834291,29883,229,671199
1,12746,63.795004130435387,0.00495125446,20,0,384,1204292,15333,5121084,40261,229,671199
1,12747,63.800051130435392,0.00505324546,20,0,384,1140875,24750,4978250,38035,229,671199
1,12748,63.803829713435391,0.00399766862,20,0,384,1100459,18750,3957292,29883,229,671199
1,12749,63.807576588435381,0.00354966684,20,0,384,1031542,12375,3615333,29819,229,671199
1,12750,63.811535671435379,0.00399783161,20,0,384,1102333,22209,3931042,29755,229,671199
1,12751,63.815334046435382,0.0036877126,20,0,384,1072500,17500,3761708,29883,229,671199
1,12752,63.819315838435386,0.0040606223,20,0,384,1108375,22000,3994959,29819,229,671199
1,12753,63.82345667143538,0.00412821025,20,0,384,1064167,13667,4103625,29755,229,671199
1,12754,63.827535505435392,0.004046379,20,0,384,1094125,21250,4030667,29883,229,671199
1,12755,63.831647338435388,0.004056498,20,0,384,1153959,14667,4064375,30207,229,671199
1,12756,63.835453130435383,0.00398662128,20,0,384,1152750,25541,4000500,29755,230,671201
1,12757,63.839347213435389,0.00379008637,20,0,384,1052583,19709,3785792,29883,230,671201
1,12758,63.84337508843538,0.004069246,20,0,384,1119750,14375,4049000,31899,230,671201
1,12759,63.847185630435391,0.0037792942,20,0,384,1096166,23792,3816916,29981,230,671201
1,12760,63.85099942143539,0.003924164,20,0,384,1132416,18417,3818375,29883,230,671201
1,12761,63.855147963435385,0.004074922,20,0,384,1076541,13542,4090958,29819,230,671201
1,12762,63.859379338435389,0.003941667,20,0,384,1109250,14334,3979291,29755,230,671201
1,12763,63.863596755435381,0.004557915,20,0,384,1211458,26250,4445792,29935,230,671201
1,12764,63.867581338435386,0.00381704234,20,0,384,1120250,15125,3942125,29819,230,671201
1,12765,63.871933296435387,0.00441024639,20,0,384,1206084,22667,4378166,29755,230,671201
1,12766,63.875782296435389,0.00397845823,20,0,384,1153083,23375,3921750,29883,230,671201
1,12767,63.87978392143539,0.00389800174,20,0,384,1069416,16375,3887541,29819,230,671201
1,12768,63.88457688043539,0.00486937352,20,0,384,1090750,14750,4873416,29755,230,671201
1,12769,63.888762380435381,0.00414520968,20,0,384,1109833,15291,4148375,29883,230,671201
1,12770,63.892767255435388,0.003906087,20,0,384,1122583,13625,3952959,29819,230,671201
1,12771,63.897244171435389,0.00442804,20,0,384,1165542,22375,4334833,29755,230,671201
1,12772,63.901339338435392,0.00416558236,20,0,384,1216625,16584,4259042,29883,230,671201
1,12773,63.905343463435386,0.004046627,20,0,384,1082917,17084,4041916,29819,230,671201
1,12774,63.909489671435381,0.004100744,20,0,384,1160291,14375,4040833,29755,230,671201
1,12775,63.913585921435384,0.004203295,20,0,384,1147291,22083,4159958,29883,230,671201
1,12776,63.917314255435386,0.00372179,20,0,384,1107375,14042,3834958,29819,230,671201
1,12777,63.921215796435391,0.00384254544,20,0,384,1060875,18708,3781084,29755,229,671199
1,12778,63.92515454643538,0.004007582,20,0,384,1066334,15541,4001666,29883,229,671199
1,12779,63.928996588435382,0.0037609553,20,0,384,1089125,15000,3768625,29819,229,671199
1,12780,63.933241796435382,0.00431725476,20,0,384,1165750,16125,4236167,29755,229,671199
1,12781,63.937138630435385,0.003926708,20,0,384,1089250,13792,3949833,29883,229,671199
1,12782,63.941258755435385,0.00399353728,20,0,384,1098208,13959,3857209,29819,229,671199
1,12783,63.946168713435384,0.00493720965,20,0,384,1103959,15041,5064459,40197,229,671199
1,12784,63.95081396343538,0.00479574827,20,0,384,1127250,13792,4886875,38825,229,671199
1,12785,63.955437380435384,0.00455387635,20,0,384,1099917,11875,4549292,38099,230,671201
1,12786,63.959575005435383,0.003953961,20,0,384,1121583,13250,3848833,29755,230,671201
1,12787,63.963604296435392,0.00424528774,20,0,384,1137209,16125,4223958,29883,230,671201
1,12788,63.967731671435388,0.00416458352,20,0,384,1112917,14625,4166291,29819,230,671201
1,12789,63.97179317143538,0.004003628,20,0,384,1045333,15208,3955041,29755,230,671201
1,12790,63.975680380435392,0.00380195584,20,0,384,1091792,15583,3915875,29883,230,671201
1,12791,63.980038546435381,0.004210126,20,0,384,1127250,21959,4079875,29819,230,671201
1,12792,63.984584338435383,0.004789335,20,0,384,1196083,18042,4774417,29755,230,671201
1,12793,63.98858183843538,0.00404275069,20,0,384,1101917,14750,4104417,29883,230,671201
1,12794,63.992417380435384,0.00372216548,20,0,384,1072792,13125,3805834,29819,230,671201
1,12795,63.996508546435393,0.00415046047,20,0,384,1098417,17458,4013167,29755,230,671201
1,12796,64.000466213435388,0.0039035005,20,0,384,1071958,14375,3991166,29883,230,671201
1,12797,64.004730546435383,0.004096457,20,0,384,1048209,13667,3994542,29819,230,671201
1,12798,64.008718005435384,0.00416195439,20,0,384,1252416,16917,4196542,29755,230,671201
1,12799,64.012643046435386,0.00401875,20,0,384,1109875,21041,3999541,29883,230,671201
1,12800,64.016616796435386,0.003900333,20,0,384,1050875,14416,3893167,29819,230,671201
1,12801,64.02067179643538,0.00385646266,20,0,384,1114875,16500,3888334,29755,230,671201
1,12802,64.024671921435385,0.00428374438,20,0,384,1142625,23417,4291083,29883,230,671201
1,12803,64.028476921435384,0.00377825252,20,0,384,1024500,14917,3728834,29819,230,671201
1,12804,64.032577171435392,0.00406708475,20,0,384,1066542,14000,4068791,29755,230,671201
1,12805,64.036439130435383,0.00386475329,20,0,384,1058833,20292,3842041,29883,230,671201
1,12806,64.040330546435385,0.003675078,20,0,384,1113167,14166,3752375,29819,230,671201
1,12807,64.048810755435383,0.0039460035,20,0,384,1121917,16667,3921042,29755,230,671201
1,12808,64.070568421435382,0.008660168,20,0,384,5699458,21542,8654292,48415,230,671201
1,12809,64.07505800543538,0.0222095381,20,0,384,5659958,14917,22103334,255599,230,671201
1,12810,64.079103380435384,0.003941121,20,0,384,1062125,14333,4143042,30195,230,671183
1,12811,64.083257630435384,0.004361168,20,0,384,1144792,18458,4235417,29883,231,671185
1,12812,64.087461380435386,0.004105754,20,0,384,1079209,14208,4096084,29819,231,671185
1,12813,64.09166558843539,0.00426295353,20,0,384,1158500,22500,4200000,29755,230,671183
1,12814,64.096343546435392,0.00482175453,20,0,384,1091166,21083,4986125,40325,230,671183
1,12815,64.101096421435386,0.00460620737,20,0,384,1013875,16250,4507416,38099,229,671181
1,12816,64.104916130435385,0.00389316888,20,0,384,1060542,15167,3909292,29755,229,671181
1,12817,64.109009796435387,0.004095621,20,0,384,1060584,14417,4067416,29883,229,671181
1,12818,64.112842421435388,0.00373029336,20,0,384,1043333,15209,3717125,29819,229,671181
1,12819,64.116566130435388,0.00379150361,20,0,384,1167000,17375,3784458,29755,229,671181
1,12820,64.120624296435381,0.003938414,20,0,384,1078083,18333,3914042,29883,229,671181
1,12821,64.1246577554354,0.004247704,20,0,384,1154583,15542,4182042,29819,229,671181
1,12822,64.128235171435392,0.00350504532,20,0,384,1035375,13583,3663583,29755,229,671181
1,12823,64.132374088435384,0.004088414,20,0,384,1074333,19542,3829958,29883,229,671181
1,12824,64.136405630435391,0.00399804441,20,0,384,1126625,14916,4176750,29819,229,671181
1,12825,64.1404193384354,0.00383429,20,0,384,1093875,22041,3898000,29755,229,671181
1,12826,64.144334130435382,0.0042368765,20,0,384,1148250,20583,4068500,29883,229,671181
1,12827,64.148339046435382,0.00381420786,20,0,384,1063792,13083,3919750,30045,229,671181
1,12828,64.152024671435385,0.003812415,20,0,384,1144542,18666,3817666,29755,229,671181
1,12829,64.156202338435392,0.00412487937,20,0,384,1058792,23000,3980750,29883,229,671181
1,12830,64.16018833843539,0.00378070446,20,0,384,1192084,13125,3902541,29819,229,671181
1,12831,64.164213546435391,0.004196712,20,0,384,1156875,22833,4166167,29755,229,671181
1,12832,64.1680205054354,0.003945125,20,0,384,1134333,20541,3806625,29883,229,671181
1,12833,64.172060380435383,0.004011579,20,0,384,1076958,15458,4032500,29819,229,671181
1,12834,64.175888005435382,0.00381729729,20,0,384,1097291,15833,3950583,29755,229,671181
1,12835,64.179749921435388,0.003844331,20,0,384,1051209,18750,3661500,29883,229,671181
1,12836,64.184438546435388,0.004740625,20,0,384,1059542,12958,4865042,29819,229,671181
1,12837,64.188347088435393,0.00354837719,20,0,384,1083083,13750,3684292,29755,229,671181
1,12838,64.192598338435388,0.004531994,20,0,384,1335167,12417,4357333,30271,229,671181
1,12839,64.197059255435391,0.00425625,20,0,384,1134750,14417,4054542,29819,230,671183
1,12840,64.200981421435387,0.00405604439,20,0,384,1242208,19709,4334750,29755,230,671183
1,12841,64.20505383843539,0.00418612547,20,0,384,1047208,22500,4028167,29883,230,671183
1,12842,64.209162963435389,0.004083914,20,0,384,1095125,15250,4149625,29819,230,671183
1,12843,64.213019088435388,0.00376412971,20,0,384,1073000,21625,3818083,29755,229,671181
1,12844,64.216822130435389,0.003949497,20,0,384,1151833,21208,3890000,29883,229,671181
1,12845,64.220895713435382,0.004029004,20,0,384,1067458,14250,3902917,29819,229,671181
1,12846,64.224912546435391,0.004026042,20,0,384,1045916,14208,4175625,29755,229,671181
1,12847,64.228788546435382,0.00384553568,20,0,384,1068500,17875,3756000,29883,229,671181
1,12848,64.232949921435392,0.004148753,20,0,384,1142417,13584,4127417,29819,229,671181
1,12849,64.237103880435384,0.004167,20,0,384,1124583,16375,4219667,29755,229,671181
1,12850,64.241160630435388,0.00396041665,20,0,384,1092042,14958,3972000,34011,229,671181
1,12851,64.245165546435388,0.00406045932,20,0,384,1102250,14208,3899458,29819,229,671181
1,12852,64.251076546435385,0.00594074558,20,0,384,1094917,21958,6122708,61571,229,671181
1,12853,64.255909046435391,0.004790462,20,0,384,1110042,16417,4755666,38163,229,671181
1,12854,64.260029421435391,0.004122626,20,0,384,1164625,21500,3990500,29819,229,671181
1,12855,64.263718588435381,0.00372012472,20,3,384,1064375,13292,3890458,29755,229,671181
1,12856,64.267459713435386,0.00382795488,20,3,384,1121917,14917,3711916,29883,229,671181
1,12857,64.271411130435382,0.00390017,20,3,384,1068916,14042,4000375,29819,232,671229
1,12858,64.275293380435386,0.00381416525,20,5,384,1076834,20792,3779667,29755,232,671229
1,12859,64.279450671435384,0.004096166,20,5,384,1119500,21125,3953375,29935,232,671229
1,12860,64.28337571343539,0.00400925474,20,14,384,1112334,14625,4126833,29819,234,671255
1,12861,64.287440880435383,0.00393666374,20,14,384,1097792,22250,3945583,29755,234,671255
1,12862,64.291912296435385,0.004509708,20,14,384,1198917,24750,4342959,29883,242,671323
1,12863,64.296108046435393,0.004103373,20,15,384,1184875,20000,4253500,29819,242,671323
1,12864,64.300142380435389,0.00415966567,20,15,384,1269542,22042,4146708,29755,242,671323
1,12865,64.304042921435382,0.003952792,20,21,384,1084375,20542,3793291,29883,243,671329
1,12866,64.307874796435385,0.003811834,20,21,384,1168084,16125,3902166,29819,243,671329
1,12867,64.311686671435382,0.003864874,20,21,384,1092250,16583,3989500,30143,249,671493
1,12868,64.315365338435385,0.00366633362,20,27,384,1126375,12250,3595334,30551,250,671495
1,12869,64.319160921435383,0.00376033876,20,27,384,1044792,22792,3805334,29819,250,671495
1,12870,64.323157046435384,0.00392578635,20,27,384,1065125,14875,3775250,29755,256,671531
1,12871,64.32707488043539,0.004063336,20,27,384,1175833,23833,4039334,30357,256,671531
1,12872,64.330874171435383,0.00367841544,20,27,384,1134708,13417,3846625,29819,256,671531
1,12873,64.335058671435391,0.004192205,20,27,384,1175334,17500,4136542,29755,256,671531
1,12874,64.339366588435382,0.00421421463,20,27,384,1173334,15250,4061250,29883,256,671531
1,12875,64.343547838435384,0.004317496,20,27,384,1223916,15584,4446292,29819,256,671531
1,12876,64.347936588435388,0.004308291,20,27,384,1123250,18791,4257291,29755,256,671531
1,12877,64.351942921435381,0.004078628,20,27,384,1170583,19917,4076417,30109,256,671531
1,12878,64.356044880435391,0.004044834,20,27,384,1128792,22791,4091958,29819,256,671531
1,12879,64.360130255435379,0.00401837425,20,27,384,1174250,21750,4029541,29755,256,671531
1,12880,64.364295838435382,0.00431112526,20,27,384,1130541,23750,4175250,29883,256,671531
1,12881,64.367977630435391,0.00368941319,20,27,384,1183250,15417,3873042,29819,256,671531
1,12882,64.372155630435387,0.00405546324,20,27,384,1147416,17000,3984375,29755,256,671531
1,12883,64.376116005435392,0.00405308232,20,27,384,1216958,20541,3913500,29883,256,671531
1,12884,64.380452130435387,0.00421857974,20,27,384,1146375,15916,4274250,29819,256,671531
1,12885,64.384579046435391,0.00418767,20,27,384,1178042,17250,4311416,29755,256,671531
1,12886,64.388806505435383,0.00433249725,20,27,384,1257750,11417,4110750,29883,256,671531
1,12887,64.392627921435391,0.00380004244,20,27,384,1121042,13791,3959292,29819,256,671531
1,12888,64.396839130435382,0.00426854473,20,27,384,1120333,21375,4087708,29755,256,671531
1,12889,64.401805005435392,0.004948703,20,27,384,1114208,13333,5104792,40325,256,671531
1,12890,64.406627130435382,0.004677962,20,27,384,1038667,21292,4704459,38099,256,671531
1,12891,64.410427296435387,0.00387529051,20,27,384,1255333,13375,3924875,29755,256,671531
1,12892,64.414451213435385,0.00402028766,20,27,384,1192875,13000,3864209,29883,256,671531
1,12893,64.418612213435381,0.00407671463,20,27,384,1160334,13833,4086500,29819,256,671531
1,12894,64.422465838435386,0.003910785,20,27,384,1150166,14583,4004708,29755,256,671531
1,12895,64.42651375543538,0.004056753,20,27,384,1182500,13709,3903458,29883,256,671531
1,12896,64.430891463435387,0.004215377,20,27,384,1135125,13667,4240333,30207,256,671531
1,12897,64.434765546435386,0.004080251,20,27,384,1324250,15667,4142667,29755,257,671533
1,12898,64.439071296435387,0.00416408,20,27,384,1107166,22500,3994958,29883,257,671533
1,12899,64.443146005435381,0.004174001,20,27,384,1219917,15125,4299750,29819,257,671533
1,12900,64.447536963435383,0.004332788,20,27,384,1138667,22958,4340750,29755,257,671533
1,12901,64.451785130435383,0.00429788139,20,27,384,1192125,22125,4033583,30109,257,671533
1,12902,64.455780255435386,0.00403032871,20,27,384,1203208,14125,4302875,29819,257,671533
1,12903,64.459824213435382,0.00389183662,20,27,384,1123708,23625,3893375,29755,257,671533
1,12904,64.463936755435384,0.004330626,20,27,384,1155500,23833,4170875,29883,257,671533
1,12905,64.467745963435391,0.00378983142,20,27,384,1139375,13708,3931000,29819,257,671533
1,12906,64.471653963435386,0.0039196643,20,27,384,1096167,24625,3928375,29755,257,671533
1,12907,64.47550967143539,0.00387925166,20,27,384,1079583,22583,3837125,29883,257,671533
1,12908,64.479427671435388,0.00371091976,20,27,384,1062792,18833,3709250,29871,257,671533
1,12909,64.483435296435388,0.004209162,20,27,384,1115958,25209,4187000,29755,257,671533
1,12910,64.487584046435387,0.00402512774,20,27,384,1066500,19125,3907250,29883,257,671533
1,12911,64.49159875543539,0.00410537142,20,27,384,1234125,14417,4178708,30603,257,671533
1,12912,64.495607505435387,0.00385367055,20,27,384,1119167,16125,3955584,29755,257,671533
1,12913,64.499823671435379,0.00432857871,20,27,384,1252875,17875,4144000,29883,257,671533
1,12914,64.50392538043539,0.00419538,20,27,384,1120791,12333,4218750,29819,257,671533
1,12915,64.507789921435389,0.00385041814,20,27,384,1114167,13583,3843375,29755,257,671533
1,12916,64.51179004643538,0.00396312354,20,27,384,1090750,14291,4019750,29883,257,671533
1,12917,64.515810255435383,0.00393812358,20,27,384,1093708,20958,3883167,29819,257,671533
1,12918,64.5197870884354,0.003909956,20,27,384,1132833,22541,4030292,29755,257,671533
1,12919,64.5238114634354,0.004173753,20,24,384,1155958,15541,3964167,29883,257,671533
1,12920,64.527659505435381,0.003797038,20,24,384,1139625,16125,3971875,29819,257,671533
1,12921,64.531654880435383,0.00391633343,20,24,384,1154583,16042,3909208,29755,254,671447
1,12922,64.535478546435385,0.004025503,20,24,384,1156291,26875,3895792,29883,254,671447
1,12923,64.539742671435391,0.003960707,20,24,384,1098209,13250,4091042,29819,254,671447
1,12924,64.543651421435385,0.004021542,20,24,384,1224375,16083,3964167,29755,254,671447
1,12925,64.548080005435381,0.004493665,20,24,384,1224666,14750,4324792,29883,254,671447
1,12926,64.552798255435391,0.0048295,20,18,384,1153792,15417,5018542,40875,254,671447
1,12927,64.557471880435386,0.004655336,20,18,384,1089334,13666,4576250,38035,255,671449
1,12928,64.561477505435391,0.00381141575,20,18,384,1083625,13292,3856875,29883,249,671415
1,12929,64.565573921435387,0.004271124,20,10,384,1151917,19083,4135542,29819,249,671415
1,12930,64.569314213435391,0.00372233568,20,10,384,1100708,15167,3959834,29755,249,671415
1,12931,64.573423505435386,0.004038627,20,10,384,1135083,18167,3808292,29883,241,671303
1,12932,64.57731683843538,0.00383241219,20,10,384,1165375,18333,4001250,29819,241,671303
1,12933,64.581488838435391,0.004082292,20,10,384,1193833,18542,3993917,29755,241,671303
1,12934,64.585403921435386,0.00424345955,20,10,384,1179958,18125,4114042,29883,241,671303
1,12935,64.589388088435385,0.00380558381,20,10,384,1060333,13000,3966791,29819,241,671303
1,12936,64.593321171435392,0.003997874,20,10,384,1147667,22125,3794458,29755,241,671303
1,12937,64.5973662134354,0.004059878,20,10,384,1131792,16083,4096042,29883,241,671303
1,12938,64.601391046435381,0.00377653772,20,10,384,1152875,13917,3990791,29819,241,671303
1,12939,64.605324921435383,0.00414467137,20,10,384,1206458,19834,4057708,29755,241,671303
1,12940,64.609301046435391,0.00410603732,20,10,384,1114750,21292,3943917,29883,241,671303
1,12941,64.613163046435389,0.00382295926,20,10,384,1069625,14667,3898500,29819,241,671303
1,12942,64.617053380435379,0.00382979028,20,10,384,1095292,12791,3887208,29755,241,671303
1,12943,64.620964296435389,0.00385371316,20,10,384,1099291,22584,3727958,29883,241,671303
1,12944,64.624743796435382,0.00384845515,20,10,384,1058875,15084,3947333,29819,241,671303
1,12945,64.628513088435383,0.003775581,20,10,384,1068416,19833,3828500,29755,241,671303
1,12946,64.632464713435382,0.00395433651,20,10,384,1072166,17000,3857333,29883,241,671303
1,12947,64.636280421435387,0.00376687222,20,10,384,1066666,20791,3811541,29819,241,671303
1,12948,64.640349296435389,0.00388212875,20,10,384,1123125,14167,3887416,29755,241,671303
1,12949,64.644403296435385,0.004299249,20,10,384,1135500,20541,4184167,29883,241,671303
1,12950,64.648426505435381,0.00390037568,20,10,384,1072125,14625,4008750,29819,241,671303
1,12951,64.65237583843539,0.003994586,20,10,384,1135334,22875,4013375,29755,241,671303
1,12952,64.656512630435387,0.00413078954,20,10,384,1154709,16500,3971583,30109,241,671303
1,12953,64.66054658843538,0.00390420924,20,10,384,1151792,15208,4064833,29819,241,671303
1,12954,64.664372046435389,0.003979953,20,10,384,1140083,21500,3929500,29755,241,671299
1,12955,64.668393421435383,0.004048335,20,10,384,1119500,19000,3793458,29883,241,671299
1,12956,64.672034630435391,0.003700999,20,10,384,1101333,12542,3985125,30207,241,671299
1,12957,64.675619796435385,0.00358829368,20,10,384,1059708,21125,3589083,29755,241,671299
1,12958,64.679468796435387,0.00369133358,20,10,384,1067792,13917,3560750,29935,241,671299
1,12959,64.683266171435392,0.00389337447,20,10,384,1071791,22833,3932875,29819,241,671299
1,12960,64.687176796435381,0.00382054271,20,10,384,1090084,21541,3871166,29755,241,671299
1,12961,64.69135504643539,0.00423337566,20,10,384,1145083,23833,4112792,29883,241,671299
1,12962,64.695115463435386,0.00380983553,20,10,384,1149750,14458,3899542,29819,241,671299
1,12963,64.6993775054354,0.00416670227,20,10,384,1087625,16958,4002875,29755,241,671299
1,12964,64.704257588435382,0.00485183531,20,0,384,1103334,13500,5007250,40325,241,671299
1,12965,64.70899825543539,0.00484321127,20,0,384,1221833,16500,4788417,39965,241,671299
1,12966,64.713014671435388,0.00400387635,20,0,384,1114708,16208,3961709,29755,231,671181
1,12967,64.716859921435386,0.00395145267,20,0,384,1095292,22000,3914916,29883,230,671179
1,12968,64.720655255435389,0.00355854584,20,0,384,1044250,15375,3679833,29819,230,671179
1,12969,64.72463704643539,0.004185204,20,0,384,1134458,12375,4120334,29755,230,671179
1,12970,64.728442088435386,0.00384850474,20,0,384,1051750,18291,3796292,29883,230,671179
1,12971,64.73208217143538,0.003444083,20,0,384,1062250,13792,3570459,29859,230,671179
1,12972,64.735775755435384,0.00379199977,20,0,384,1148166,25709,3776584,29755,230,671179
1,12973,64.739621296435388,0.003769664,20,0,384,1074417,19708,3721209,29883,230,671179
1,12974,64.743474046435381,0.00394970924,20,0,384,1112458,14583,3910750,29819,230,671179
1,12975,64.747353130435386,0.003827792,20,0,384,1043000,21667,3870292,29755,230,671179
1,12976,64.751236713435389,0.00393116474,20,0,384,1125500,19709,3793500,29883,230,671179
1,12977,64.755065755435382,0.00390571146,20,0,384,1103875,14792,4044666,30045,230,671179
1,12978,64.758951296435384,0.00366228749,20,0,384,1019417,14500,3660791,29755,230,671179
1,12979,64.763074630435383,0.004345082,20,0,384,1091917,23375,4192334,29883,230,671179
1,12980,64.766800338435388,0.00363079645,20,0,384,1054042,13875,3786500,29819,230,671179
1,12981,64.771006296435388,0.00392128667,20,0,384,1097000,17958,3823666,29755,230,671179
1,12982,64.774993296435383,0.00428562937,20,0,384,1276917,28625,4267334,29883,230,671179
1,12983,64.779038463435384,0.003944416,20,0,384,1092542,14417,4020291,29819,230,671179
1,12984,64.78284096343539,0.003933957,20,0,384,1103083,14333,3866791,29755,230,671179
1,12985,64.786653838435385,0.00381395966,20,0,384,1039333,19833,3733416,29883,230,671179
1,12986,64.790342005435392,0.00360704376,20,0,384,1046292,12000,3666125,30207,230,671179
1,12987,64.794074338435379,0.0037987032,20,0,384,1097125,16708,3879417,29755,231,671181
1,12988,64.798152921435388,0.00397592131,20,0,384,1059458,18250,3806334,29883,231,671181
1,12989,64.802249130435385,0.004058206,20,0,384,1178917,15667,4168334,29819,231,671181
1,12990,64.806335213435389,0.0040809596,20,0,384,1089125,24625,4022750,29755,231,671181
1,12991,64.810371005435385,0.00423537428,20,0,384,1148292,24250,4149250,29883,231,671181
1,12992,64.814318963435383,0.003824334,20,0,384,1072291,13166,3923083,29819,231,671181
1,12993,64.81820238043538,0.00401150063,20,0,384,1135625,16458,3898125,29755,231,671181
1,12994,64.822195213435393,0.00387666514,20,0,384,1043791,16041,3892458,29883,231,671181
1,12995,64.825816463435388,0.00368525367,20,0,384,1100459,14125,3800750,29819,231,671181
1,12996,64.829889755435389,0.00396733265,20,0,384,1058750,17417,3936208,29755,231,671181
1,12997,64.834436213435382,0.00471820449,20,0,384,1136458,21250,4698333,29883,231,671181
1,12998,64.838202296435384,0.003641291,20,0,384,1063291,13500,3662458,29819,231,671181
1,12999,64.842184380435384,0.003957334,20,0,384,1080250,21083,3965959,29755,231,671181
1,13000,64.846071630435389,0.004022754,20,0,384,1025000,23000,3871084,29883,231,671181
1,13001,64.850160838435386,0.004071542,20,0,384,1075541,13084,4022000,29819,231,671181
1,13002,64.854782171435389,0.00465595257,20,0,384,1049417,14917,4901750,40423,231,671181
1,13003,64.859486588435388,0.004650418,20,0,384,1055916,12041,4584375,38163,231,671181
1,13004,64.86327517143539,0.00384941883,20,0,384,1013250,14834,3749000,29819,231,671181
1,13005,64.867144421435384,0.00376212434,20,0,384,1034708,15000,3838084,29755,231,671181
1,13006,64.871048630435382,0.00402395846,20,0,384,1084083,20584,3912708,29883,231,671181
1,13007,64.87496713043538,0.00384887331,20,0,384,1041000,13542,3879792,29819,231,671181
1,13008,64.878899755435384,0.003846457,20,0,384,1057917,17000,3941416,29755,231,671181
1,13009,64.883087255435385,0.004248087,20,0,384,1023667,18000,4044042,29935,231,671181
1,13010,64.886830088435389,0.00368745741,20,0,384,1129792,15000,3902708,29819,231,671181
1,13011,64.890681546435388,0.003900418,20,0,384,1130334,13875,3785375,29755,231,671181
1,13012,64.894448755435391,0.00385716418,20,0,384,1058250,20458,3785125,29883,230,671179
1,13013,64.89821742143539,0.00353925023,20,0,384,1062917,13250,3690333,29819,230,671179
1,13014,64.901987630435386,0.00384412566,20,0,384,1188583,18708,3836417,29755,230,671179
1,13015,64.905902171435386,0.003946875,20,0,384,1036250,21125,3772292,29883,230,671179
1,13016,64.909633130435381,0.003678706,20,0,384,1110458,13583,3883000,30207,230,671179
1,13017,64.913619463435381,0.004009042,20,0,384,1157041,17916,3931917,29755,230,671179
1,13018,64.917339755435393,0.00384496176,20,0,384,1102750,21042,3750666,29883,230,671179
1,13019,64.921413921435388,0.00399033446,20,0,384,1034167,14375,3986709,29819,230,671179
1,13020,64.925245880435384,0.003858709,20,0,384,1069167,13250,3899708,29755,230,671179
1,13021,64.929054588435392,0.0037052508,20,0,384,1065625,19542,3686667,29883,230,671179
1,13022,64.933170505435385,0.004213081,20,0,384,1133625,13458,4216458,29819,230,671179
1,13023,64.937244338435391,0.00404599635,20,0,384,1088709,14208,3975583,29755,230,671179
1,13024,64.941196130435387,0.00393900229,20,0,384,1105042,15541,3894250,29883,230,671179
1,13025,64.944943546435383,0.0037670848,20,0,384,1085375,14167,3935833,29819,230,671179
1,13026,64.94870467143538,0.003719168,20,0,384,1108584,21375,3650292,29755,230,671179
1,13027,64.952432671435389,0.00390561926,20,0,384,1115125,16334,3822375,29883,230,671179
1,13028,64.956332755435383,0.00367008918,20,0,384,1027667,13791,3779417,30045,230,671179
1,13029,64.960189171435388,0.00392699847,20,0,384,1142250,20375,3906500,29755,230,671179
1,13030,64.964211963435389,0.004018417,20,0,384,1037500,15417,3881667,29883,230,671179
1,13031,64.967957880435392,0.003778288,20,0,384,1156958,13917,3975708,29819,230,671179
1,13032,64.971856588435386,0.00390274939,20,0,384,1131542,14458,3840166,29755,230,671179
1,13033,64.975748671435383,0.00398896,20,0,384,1060250,22708,3869167,29883,230,671179
1,13034,64.979652963435385,0.00379529479,20,0,384,1048416,14625,3895958,29819,230,671179
1,13035,64.983361088435387,0.00373449549,20,0,384,1030708,13625,3774000,29755,230,671179
1,13036,64.987022421435384,0.00373891718,20,0,384,1087541,17292,3595708,29883,230,671179
1,13037,64.990651921435386,0.00355192041,20,0,384,1071625,12750,3615333,29819,230,671179
1,13038,64.994487505435387,0.00381782884,20,0,384,1049958,21792,3824000,29755,230,671179
1,13039,64.998287921435391,0.00379550038,20,0,384,1060541,22166,3748667,29883,230,671179
1,13040,65.002020963435385,0.00372650218,20,0,384,1091208,15500,3694166,29819,230,671179
1,13041,65.006758630435385,0.004715001,20,0,384,1015792,15583,4814125,40197,230,671179
1,13042,65.011178546435389,0.004541709,20,0,384,1161666,17125,4521500,38163,230,671179
1,13043,65.015008963435392,0.0036427083,20,0,384,1049000,14334,3650458,29819,230,671179
1,13044,65.018999463435392,0.00404970953,20,0,384,1160250,24583,4015875,29755,230,671179
1,13045,65.022891421435389,0.003981661,20,0,384,1032792,16292,3887833,29883,230,671179
1,13046,65.026754380435392,0.00367083331,20,0,384,1122833,12000,3767792,29819,230,671179
1,13047,65.030363088435379,0.0037827522,20,0,384,1122250,21875,3806750,30143,230,671179
1,13048,65.034457421435391,0.004166957,20,0,384,1078583,16125,4030000,29883,231,671181
1,13049,65.038449088435385,0.00389846228,20,0,384,1059875,15459,3919542,29819,231,671181
1,13050,65.042281380435384,0.00386870746,20,0,384,1047292,13458,3944917,29755,230,671179
1,13051,65.046042546435388,0.0037432895,20,0,384,1045125,19667,3643208,29883,230,671179
1,13052,65.050069671435381,0.00401883526,20,0,384,1082500,14792,4049708,29819,230,671179
1,13053,65.05372738043539,0.00360587449,20,0,384,1086583,17416,3671416,29755,230,671179
1,13054,65.057669380435385,0.00407287432,20,0,384,1112875,18416,3912917,30109,230,671179
1,13055,65.061418005435385,0.0035757937,20,0,384,1035291,14375,3733958,29819,230,671179
1,13056,65.065297546435389,0.00382757932,20,0,384,1088667,15666,3857417,29755,230,671179
1,13057,65.0690641304354,0.004025836,20,0,384,1193209,20333,3846583,29883,230,671179
1,13058,65.0726395884354,0.00346412277,20,0,384,1035833,13167,3625291,29819,230,671179
1,13059,65.076127963435383,0.00348020834,20,0,384,1105292,20042,3496708,29755,230,671179
1,13060,65.080386671435392,0.004171046,20,0,384,1102625,17958,3938500,29883,230,671179
1,13061,65.084448046435384,0.004233957,20,0,384,1122375,14833,4309083,29871,230,671179
1,13062,65.088488880435392,0.00379416812,20,0,384,1059375,12792,3804166,29755,230,671179
1,13063,65.092137838435391,0.003946372,20,0,384,1177209,19500,3927916,29883,230,671179
1,13064,65.095740005435388,0.00339645683,20,0,384,976125,14792,3495667,38043,230,671179
1,13065,65.099721463435387,0.00401812652,20,0,384,1167792,17417,3896500,29755,230,671179
1,13066,65.103274005435381,0.00373570714,20,0,384,1049209,14084,3705292,29883,230,671179
1,13067,65.107162088435388,0.00374124851,20,0,384,1006333,11416,3701625,29819,230,671179
1,13068,65.11093929643539,0.00379584031,20,0,384,1076458,18250,3936250,29755,230,671179
1,13069,65.114922171435381,0.003987245,20,0,384,1055958,21375,3828250,29883,230,671179
1,13070,65.118850296435383,0.0037924177,20,0,384,1102291,15292,3927791,1364711,230,671179
1,13071,65.122588296435381,0.00374649954,20,0,384,1119333,14583,3775833,1678759,230,671179
1,13072,65.126434713435387,0.00397628965,20,0,384,1185875,17292,3793708,1433591,230,671179
1,13073,65.130132421435391,0.003790462,20,0,384,1131833,12500,3955375,9860482,230,671179
1,13074,65.134405005435383,0.004225914,20,0,384,987416,18416,4173833,8870381,230,671179
1,13075,65.146321921435387,0.004031711,20,0,384,1103125,11875,3682375,1638791,230,671179
1,13076,65.154036130435387,0.0154992063,20,0,384,8869416,14333,12612625,18634919,230,671179
1,13077,65.198891838435387,0.04462979,20,0,384,1096834,11208,47532417,12345633,230,671179
1,13078,65.203915421435383,0.005267212,20,0,384,1148541,18042,5602708,40775,230,671179
1,13079,65.208295505435387,0.004492375,20,0,384,1127209,17042,4476959,38263,229,671177
1,13080,65.21182375543539,0.00339791668,20,0,384,1041500,13375,3504125,29835,229,671177
1,13081,65.215813296435385,0.00400374876,20,0,384,1163084,15792,3796958,29931,229,671177
1,13082,65.219943755435381,0.00399304135,20,0,384,1081708,15167,4008333,29943,229,671177
1,13083,65.223832713435385,0.003986253,20,0,384,1097625,17416,3995000,29821,229,671177
1,13084,65.227773838435382,0.00407487247,20,0,384,1116750,16875,4021417,30559,229,671177
1,13085,65.231632380435386,0.003691872,20,0,384,1028917,13208,3761083,29889,229,671177
1,13086,65.235370713435387,0.00389370741,20,0,384,1112708,23000,3929292,29825,229,671177
1,13087,65.239267171435387,0.003667418,20,0,384,1015792,21458,3651458,30029,229,671177
1,13088,65.243195671435387,0.00402133632,20,0,384,1157708,14458,3899750,29869,229,671177
1,13089,65.247220546435386,0.00409504,20,0,384,1085292,21000,4159708,29813,229,671177
1,13090,65.250863963435393,0.00367521262,20,0,384,1096458,14667,3716959,30005,229,671177
1,13091,65.254669880435387,0.003774497,20,0,384,1023416,22292,3603667,29879,229,671177
1,13092,65.258409921435387,0.00365274935,20,0,384,1097833,16708,3796375,30037,229,671177
1,13093,65.262170338435382,0.003927211,20,0,384,1071916,15209,3877166,30007,229,671177
1,13094,65.26659654643538,0.00431153644,20,0,384,1062417,15708,4298250,29879,229,671177
1,13095,65.270293255435391,0.00370371318,20,0,384,1038334,14333,3774042,31827,229,671177
1,13096,65.274075130435392,0.003705747,20,0,384,1102166,20417,3620583,31041,230,671179
1,13097,65.278070130435381,0.00409871,20,0,384,1109166,25083,4064916,29861,230,671179
1,13098,65.282084713435381,0.00373062631,20,0,384,1064917,19708,3827625,29801,230,671179
1,13099,65.285942880435385,0.004225,20,0,384,1129416,31750,4110958,29973,230,671179
1,13100,65.289829046435386,0.00370224635,20,0,384,1052125,13584,3774542,29895,230,671179
1,13101,65.293593921435388,0.003864626,20,0,384,1143667,23333,3887000,30039,230,671179
1,13102,65.297253296435386,0.003667503,20,0,384,1083375,21209,3690292,29925,230,671179
1,13103,65.300966296435391,0.00368333329,20,0,384,1088875,21208,3607708,29855,230,671179
1,13104,65.30472925543539,0.00386412279,20,0,384,1027667,16583,3865000,29931,230,671179
1,13105,65.308474713435388,0.00375946,20,0,384,1012333,13417,3726750,29977,230,671179
1,13106,65.3120762964354,0.0035167872,20,0,384,1032417,13625,3536792,29913,230,671179
1,13107,65.316002046435386,0.003800418,20,0,384,1087042,18292,3749416,29849,230,671179
1,13108,65.320056796435381,0.00412816741,20,0,384,1148416,24959,4092500,30073,230,671179
1,13109,65.324075046435382,0.004085041,20,0,384,1089375,14500,4004042,29905,230,671179
1,13110,65.32798217143538,0.00383887463,20,0,384,1075166,17292,4034958,29947,230,671179
1,13111,65.331812213435384,0.00384371448,20,0,384,1119750,14333,3749750,29977,230,671179
1,13112,65.33569196343538,0.003954124,20,0,384,1119959,15625,3935209,29911,230,671179
1,13113,65.339944088435388,0.00400787266,20,0,384,1052459,13875,4050458,29931,230,671179
1,13114,65.34367200543538,0.00404000143,20,0,384,1114250,18083,3957500,29981,230,671179
1,13115,65.347518505435389,0.00368908024,20,0,384,1027875,13000,3717833,29901,230,671179
1,13116,65.351238671435382,0.00384454359,20,0,384,1097250,21000,3809458,29841,230,671179
1,13117,65.355982880435391,0.00468349643,20,0,384,1014167,21041,4799458,40515,230,671179
1,13118,65.36032713043538,0.00432008924,20,0,384,1116709,14750,4323541,38421,230,671179
1,13119,65.36421517143539,0.00385216135,20,0,384,1072000,14166,3867042,29943,230,671179
1,13120,65.367901671435391,0.00375454221,20,0,384,1110125,25042,3680000,32043,230,671179
1,13121,65.371691463435383,0.00383266713,20,0,384,1030709,21708,3705625,29889,230,671179
1,13122,65.375374963435391,0.00361779332,20,0,384,1050833,15584,3782916,29921,230,671179
1,13123,65.379103005435383,0.00366491638,20,0,384,1095000,14167,3587459,29963,230,671179
1,13124,65.383147505435389,0.00410291972,20,0,384,1033833,20208,4100583,29901,230,671179
1,13125,65.386784963435389,0.00361487386,20,0,384,1089166,21417,3689792,29907,230,671179
1,13126,65.390332713435384,0.003615873,20,0,384,1042667,19667,3597625,30355,230,671179
1,13127,65.393797338435391,0.00352504244,20,0,384,1045125,19208,3514458,29901,231,671181
1,13128,65.3976633384354,0.00376624847,20,0,384,986458,20292,3795292,29837,231,671181
1,13129,65.401216505435386,0.003507086,20,0,384,1082208,19416,3468708,29963,231,671181
1,13130,65.40526867143538,0.00414408324,20,0,384,1042500,19167,3946833,34071,231,671181
1,13131,65.409019338435385,0.00367591414,20,0,384,1086875,13958,3853125,29817,231,671181
1,13132,65.412778005435385,0.003827707,20,0,384,1099709,14667,3715041,29945,231,671181
1,13133,65.416637171435383,0.003855917,20,0,384,1049583,19250,3787833,29943,231,671181
1,13134,65.420643421435386,0.003786586,20,0,384,1082958,14625,4008417,29817,231,671181
1,13135,65.424868088435389,0.00449049752,20,0,384,1149542,17166,3975542,30007,231,671181
1,13136,65.42873604643539,0.00370258652,20,0,384,1048542,11459,4119542,38041,231,671181
1,13137,65.433083921435383,0.00438599754,20,0,384,1159667,19000,4067917,29817,231,671181
1,13138,65.436811630435386,0.003775248,20,0,384,1123333,15875,4124584,30007,231,671181
1,13139,65.440993505435387,0.00408658572,20,0,384,1065834,19583,3950375,29881,231,671181
1,13140,65.444796880435391,0.00380999851,20,0,384,1062500,15625,3905042,29817,231,671181
1,13141,65.448546046435382,0.00375704374,20,0,384,1137750,20166,3684792,30005,231,671181
1,13142,65.452330630435384,0.00388450245,20,0,384,1109541,16834,3858667,29879,231,671181
1,13143,65.45639025543538,0.00396233,20,0,384,1059875,16292,4043083,29815,231,671181
1,13144,65.460407588435388,0.00402116636,20,0,384,1095833,20459,3912541,30169,231,671181
1,13145,65.464216421435381,0.0038586664,20,0,384,1085875,15041,3954250,29881,231,671181
1,13146,65.467966088435389,0.00363592,20,0,384,1084875,19959,3607792,29879,231,671181
1,13147,65.471947213435385,0.004188747,20,0,384,1169416,28958,4123417,29945,231,671181
1,13148,65.475701421435389,0.003702629,20,0,384,1049042,13458,3767500,29895,231,671181
1,13149,65.479590005435384,0.00378499855,20,0,384,1035375,20750,3697625,29803,231,671181
1,13150,65.483515588435381,0.00412028749,20,0,384,1049541,15500,4103792,29991,231,671181
1,13151,65.487272921435391,0.003536919,20,0,384,1039250,16250,3618500,29919,231,671181
1,13152,65.491250505435389,0.004072456,20,0,384,1162708,22709,4057250,29803,231,671181
1,13153,65.495070296435387,0.003852211,20,0,384,1059541,21666,3806417,29979,231,671181
1,13154,65.498986713435386,0.00385616487,20,0,384,1106458,14000,3693292,29865,231,671181
1,13155,65.502772463435392,0.00376074971,20,0,384,1075666,15417,3942750,29815,231,671181
1,13156,65.507566296435385,0.00486062933,20,0,384,1099667,18125,4924958,40423,231,671181
1,13157,65.51237933843538,0.004898916,20,0,384,1074750,12458,4881625,38583,231,671181
1,13158,65.516877296435382,0.00449199975,20,0,384,1042125,13125,4518709,38151,232,671183
1,13159,65.520573338435383,0.00341954362,20,0,384,1055709,12792,3450125,29927,232,671183
1,13160,65.524533130435387,0.004172456,20,0,384,1142333,20625,4043291,29945,232,671183
1,13161,65.528208046435381,0.003649249,20,0,384,1056125,24458,3690375,29817,231,671181
1,13162,65.5319885054354,0.00375779485,20,0,384,1105833,17875,3591250,29935,231,671181
1,13163,65.535978671435387,0.00404204242,20,0,384,1102584,16125,4067167,29867,231,671181
1,13164,65.539867796435388,0.00360874436,20,0,384,1067625,15292,3811791,30125,231,671181
1,13165,65.543735963435381,0.0042164186,20,0,384,1158917,24834,4048042,29931,231,671181
1,13166,65.547548880435386,0.00370908435,20,0,384,1041333,15458,3758834,29865,231,671181
1,13167,65.551198463435384,0.00368933543,20,0,384,1085041,20250,3700083,29877,231,671181
1,13168,65.554998921435384,0.0038984553,20,0,384,1045417,19084,3816750,29933,231,671181
1,13169,65.559021421435389,0.003909871,20,0,384,1025000,16167,3864125,30105,231,671181
1,13170,65.562818380435388,0.003736841,20,0,384,1023292,13750,3788041,29843,231,671181
1,13171,65.566711505435393,0.00396978436,20,0,384,1102208,22083,3993166,29927,231,671181
1,13172,65.570463755435384,0.003709878,20,0,384,1046916,14417,3661208,29865,231,671181
1,13173,65.574398130435384,0.00383499847,20,0,384,1103125,14125,3917333,29865,231,671181
1,13174,65.578035088435385,0.00385525078,20,0,384,1170792,16125,3822791,29927,231,671181
1,13175,65.581737796435391,0.00348078948,20,0,384,1031667,12834,3483959,29885,231,671181
1,13176,65.585311921435391,0.00370929716,20,0,384,1055708,14250,3754125,29821,231,671181
1,13177,65.588983796435386,0.00363016571,20,0,384,1061375,19458,3615791,29931,231,671181
1,13178,65.5925704634354,0.00362400082,20,0,384,1096333,20667,3521458,29945,231,671181
1,13179,65.596468463435386,0.00385807827,20,0,384,1050542,21875,3904375,29805,231,671181
1,13180,65.600214546435382,0.0037044643,20,0,384,1107084,14042,3668541,29937,231,671181
1,13181,65.603926796435388,0.00376153621,20,0,384,1057667,15000,3726042,29889,231,671181
1,13182,65.607653338435384,0.00370892137,20,0,384,1096417,15084,3700792,29879,231,671181
1,13183,65.611635046435381,0.004104372,20,0,384,1090375,22708,4057167,29951,231,671181
1,13184,65.61575579643538,0.004092836,20,0,384,1058584,11834,4009583,29885,231,671181
1,13185,65.619509755435388,0.00360891433,20,0,384,1076083,14125,3812083,29857,231,671181
1,13186,65.623455755435387,0.00392041542,20,0,384,1064500,19834,3864000,29925,231,671181
1,13187,65.627468713435391,0.003989711,20,0,384,1146875,17166,4008458,29915,231,671181
1,13188,65.63141296343538,0.00395199843,20,0,384,1130333,15084,3989167,30187,231,671181
1,13189,65.635372838435387,0.00411687233,20,0,384,1122333,21666,3971000,30121,232,671183
1,13190,65.639627130435386,0.00405116938,20,0,384,1086333,13375,4102916,29923,232,671183
1,13191,65.648451838435392,0.00394658465,20,0,384,1148083,15542,3997959,29849,232,671183
1,13192,65.670057130435382,0.009067956,20,0,384,5649042,20500,8993333,74451,232,671183
1,13193,65.674789255435385,0.02218446,20,0,384,5597167,16000,22009500,217124,232,671155
1,13194,65.680245296435388,0.005477792,20,0,384,1147375,14000,5724792,50457,232,671161
1,13195,65.685037963435391,0.004953458,20,0,384,1115166,16708,4909000,38407,231,671159
1,13196,65.689336463435382,0.004100503,20,0,384,1048792,15500,4054042,29987,231,671159
1,13197,65.693470421435393,0.004327331,20,0,384,1154458,24917,4134666,29807,231,671159
1,13198,65.69754504643538,0.00401991233,20,0,384,1095167,14083,4141292,30121,231,671159
1,13199,65.701474255435386,0.00382321421,20,0,384,1125875,13750,3892416,38173,231,671159
1,13200,65.705464755435386,0.004047959,20,0,384,1078375,17417,4060583,29803,231,671159
1,13201,65.709150963435391,0.00378649379,20,0,384,1134625,14708,3727500,30195,231,671159
1,13202,65.713076463435385,0.00388650084,20,0,384,1060042,15125,3942542,29883,231,671159
1,13203,65.717024671435382,0.0038867488,20,0,384,1071709,16041,3938542,29755,231,671159
1,13204,65.721098963435381,0.00397446146,20,0,384,1142833,16750,3822208,30075,231,671159
1,13205,65.725094421435386,0.004132249,20,0,384,1116375,17334,4182750,29915,231,671159
1,13206,65.729015880435384,0.0038655824,20,0,384,1092709,15166,3912500,29755,231,671159
1,13207,65.733133130435391,0.00423304271,20,0,384,1148958,22750,4083167,30075,231,671159
1,13208,65.737006255435389,0.00374904345,20,0,384,1099584,13375,3938792,29979,231,671159
1,13209,65.741156630435384,0.00414824951,20,0,384,1152417,21416,4034125,29947,231,671159
1,13210,65.745166588435382,0.004070373,20,0,384,1057250,16584,3985792,29883,231,671159
1,13211,65.749063255435388,0.00386750279,20,0,384,1078708,14250,3919125,30207,231,671159
1,13212,65.752846130435387,0.0037705854,20,0,384,1104834,15167,3837375,29947,232,671161
1,13213,65.756816130435382,0.00396295357,20,0,384,1085541,23875,3844791,30171,232,671161
1,13214,65.76071479643538,0.003799249,20,0,384,1160542,16208,3965208,30045,232,671161
1,13215,65.764927463435384,0.00421150075,20,0,384,1134250,23709,4122958,29947,232,671161
1,13216,65.768901005435382,0.00412058551,20,0,384,1195750,18042,4111250,29883,232,671161
1,13217,65.772897713435384,0.00394008635,20,0,384,1094667,23708,3980459,29819,232,671161
1,13218,65.776831505435382,0.00395966554,20,0,384,1158875,21917,3904334,29947,232,671161
1,13219,65.780862671435386,0.00398128526,20,0,384,1103417,20834,3879833,29883,232,671161
1,13220,65.78470542143539,0.00391838141,20,0,384,1134625,15416,4088541,29819,232,671161
1,13221,65.78864838043539,0.003956746,20,0,384,1119500,17584,3873958,29755,232,671161
1,13222,65.7925590054354,0.00401812652,20,0,384,1079000,14041,3918500,30075,232,671161
1,13223,65.796364380435392,0.003711586,20,0,384,1057292,13416,3746584,29819,232,671161
1,13224,65.80011788043538,0.00361412275,20,0,384,1066583,15750,3734334,29755,232,671161
1,13225,65.80431821343538,0.00428966852,20,0,384,1106750,24959,4046500,30619,232,671161
1,13226,65.808464671435388,0.00419266568,20,0,384,1101333,21666,4252084,29819,232,671161
1,13227,65.81240779643538,0.00373433251,20,0,384,1130250,14791,3919708,29755,232,671161
1,13228,65.816321046435391,0.004133794,20,0,384,1304500,17250,3956208,30075,231,671159
1,13229,65.820232005435386,0.003639456,20,0,384,1122000,14459,3775834,29819,231,671159
1,13230,65.824480630435389,0.00442833034,20,0,384,1238459,15125,4412125,29755,231,671159
1,13231,65.828454796435381,0.004093672,20,0,384,1148667,22125,3860416,30075,230,671157
1,13232,65.833299005435393,0.00488416245,20,0,384,1118208,13083,5137125,40261,230,671157
1,13233,65.837781088435392,0.0044031674,20,0,384,1100459,14042,4388792,38227,230,671157
1,13234,65.841639380435382,0.0037836663,20,0,384,1087375,15166,3688625,29883,230,671157
1,13235,65.845757880435386,0.00404254533,20,0,384,1088334,15083,4046000,29819,230,671157
1,13236,65.849720546435393,0.00407708343,20,0,384,1205750,19916,4060000,29947,230,671157
1,13237,65.853933880435392,0.004146705,20,0,384,1105500,20833,4008875,29883,230,671157
1,13238,65.85791963043539,0.003949837,20,0,384,1223834,14958,4063167,29819,230,671157
1,13239,65.862116796435387,0.00411007646,20,0,384,1194000,22167,4145916,30173,230,671157
1,13240,65.86635821343539,0.004354209,20,3,384,1163375,21125,4239875,29883,230,671157
1,13241,65.870365046435381,0.00400437927,20,3,384,1154250,17500,4122541,30207,230,671157
1,13242,65.874470630435383,0.00405078661,20,3,384,1174458,22375,3972750,29755,234,671257
1,13243,65.878788671435387,0.0042410004,20,3,384,1217792,22958,4201833,29883,234,671257
1,13244,65.882939505435388,0.00433621043,20,6,384,1241250,15625,4390375,30011,234,671257
1,13245,65.886791755435382,0.0038276643,20,6,384,1140666,17000,3881000,29755,234,671257
1,13246,65.890884005435382,0.00425834,20,6,384,1152875,21750,4106750,29935,237,671355
1,13247,65.89460138043539,0.00360833341,20,6,384,1071083,14250,3771084,29819,237,671355
1,13248,65.898356296435381,0.00374632934,20,6,384,1100916,21167,3721792,29755,237,671355
1,13249,65.902584796435391,0.004154748,20,6,384,1108750,21084,3967625,30939,237,671355
1,13250,65.906514505435382,0.0039009992,20,6,384,1153250,18584,4106625,29819,237,671355
1,13251,65.910531380435387,0.00411325134,20,6,384,1187959,15458,4036209,29755,237,671355
1,13252,65.914432796435392,0.003919083,20,9,384,1109042,23500,3857625,29883,237,671355
1,13253,65.918504588435383,0.00406862935,20,9,384,1148417,12375,3944334,30295,237,671355
1,13254,65.922558755435389,0.003980038,20,9,384,1090125,15375,4148125,29755,240,671453
1,13255,65.92677167143539,0.004268332,20,9,384,1158292,23375,4195000,29883,240,671453
1,13256,65.930774421435387,0.003960296,20,9,384,1100833,17042,3998208,29819,240,671453
1,13257,65.934294296435382,0.00366420788,20,12,384,1139708,24458,3774792,29755,240,671453
1,13258,65.938455546435392,0.00405545626,20,12,384,1075333,11542,3799959,29883,240,671453
1,13259,65.942335921435387,0.00394491944,20,12,384,1098083,14084,4106584,29819,243,671551
1,13260,65.946296088435389,0.003826247,20,12,384,1073875,19167,3698375,29755,243,671551
1,13261,65.950524921435388,0.004335289,20,12,384,1127708,27125,4284417,29883,243,671551
1,13262,65.954347588435382,0.00377000426,20,13,384,1147917,15958,3971542,29819,243,671551
1,13263,65.958291046435392,0.003985877,20,13,384,1150750,16292,3914792,29755,243,671551
1,13264,65.962200713435379,0.0038331633,20,13,384,1084166,19292,3737125,30109,244,671597
1,13265,65.966122421435387,0.00405128952,20,13,384,1164250,13000,4066209,29819,244,671597
1,13266,65.969830630435382,0.003650085,20,13,384,1091333,14125,3867042,30019,244,671597
1,13267,65.973580421435386,0.0037748795,20,13,384,1172667,17708,3611083,29883,243,671595
1,13268,65.977709255435386,0.00399732869,20,13,384,1089500,15041,4026417,29819,243,671595
1,13269,65.981700421435391,0.00395329529,20,13,384,1182167,22375,3852458,29755,243,671595
1,13270,65.98644471343539,0.004870706,20,13,384,1113375,16334,4998541,40325,243,671595
1,13271,65.991315921435387,0.004954748,20,13,384,1139208,13833,4904292,38535,243,671595
1,13272,65.996063171435381,0.00467254128,20,13,384,1097792,14667,4607542,38035,244,671597
1,13273,66.000596796435389,0.0044994615,20,13,384,1105000,14166,4387417,29883,244,671597
1,13274,66.00447133843538,0.00392274652,20,13,384,1105291,14000,4058333,29819,244,671597
1,13275,66.008168755435392,0.00372512755,20,13,384,1106167,15041,3803583,29755,244,671597
1,13276,66.012217880435387,0.00396970659,20,13,384,1105750,14000,3822208,29883,244,671597
1,13277,66.0161342134354,0.003975,20,13,384,1203125,15334,3995083,29819,244,671597
1,13278,66.020350130435389,0.00399804441,20,13,384,1111250,16583,4098250,29755,244,671597
1,13279,66.024668880435385,0.00454679,20,13,384,1166959,22334,4381208,29883,244,671597
1,13280,66.028690338435382,0.00397783425,20,13,384,1113584,16292,3962625,29819,244,671597
1,13281,66.032778838435391,0.00405128952,20,13,384,1154125,16208,4114875,29755,244,671597
1,13282,66.036888255435386,0.00408854149,20,13,384,1157208,22292,4033125,29883,243,671595
1,13283,66.041075088435392,0.00415179273,20,13,384,1230833,14666,4176458,30499,243,671595
1,13284,66.045189713435391,0.00405646255,20,13,384,1138041,14042,4148459,29819,243,671595
1,13285,66.049259755435386,0.004261954,20,13,384,1275875,16792,4050166,29883,243,671595
1,13286,66.053581421435382,0.004105336,20,13,384,1142791,14208,4241250,29819,243,671595
1,13287,66.057547380435381,0.0041375,20,13,384,1256000,23291,4120500,29755,242,671593
1,13288,66.0617863804354,0.004059793,20,13,384,1133458,21083,3966459,29979,242,671593
1,13289,66.065741505435383,0.00418795366,20,13,384,1183541,19958,4227000,30045,242,671593
1,13290,66.069512088435388,0.00374425319,20,13,384,1083666,16083,3909000,29755,242,671593
1,13291,66.073431421435387,0.0038577877,20,13,384,1131875,14666,3670000,30043,242,671593
1,13292,66.07744221343539,0.00399329653,20,13,384,1167958,16166,4117625,29819,242,671593
1,13293,66.081557130435385,0.00393304275,20,13,384,1195958,14417,3882041,29755,242,671593
1,13294,66.085542088435389,0.00428574951,20,13,384,1220875,17375,4202333,29883,242,671593
1,13295,66.089589421435392,0.00396953663,20,13,384,1086041,15125,3991166,29819,242,671593
1,13296,66.093733713435384,0.004086005,20,13,384,1141209,18791,4198292,29807,242,671593
1,13297,66.098081213435393,0.004375496,20,13,384,1189875,19458,4181500,30171,242,671593
1,13298,66.102065380435391,0.00391275529,20,13,384,1217750,14458,4063000,29819,242,671593
1,13299,66.106348796435384,0.004291036,20,13,384,1125625,24083,4209167,29755,242,671593
1,13300,66.110143713435392,0.004056753,20,13,384,1149000,22875,3983375,30271,242,671593
1,13301,66.11419550543539,0.003846627,20,13,384,1074041,11708,3925250,29819,243,671595
1,13302,66.118015046435389,0.0038771613,20,13,384,1159000,16333,3988667,29755,243,671595
1,13303,66.122335630435387,0.00417916663,20,13,384,1170833,18042,3939916,29883,243,671595
1,13304,66.126454255435391,0.004191504,20,13,384,1242458,13875,4356375,29819,243,671595
1,13305,66.130460296435388,0.00403441768,20,13,384,1177375,17125,4035166,29755,243,671595
1,13306,66.134407171435384,0.00393954059,20,13,384,1131792,22083,3738375,29883,243,671595
1,13307,66.139594380435383,0.00511429273,20,13,384,1200708,17208,5308625,40261,243,671595
1,13308,66.144389588435388,0.004895911,20,13,384,1204709,14958,4820500,38035,243,671595
1,13309,66.1482487134354,0.00384829217,20,13,384,1207000,16667,3863250,29883,243,671595
1,13310,66.151992713435391,0.003859127,20,13,384,1137625,15708,3836459,29819,243,671595
1,13311,66.155962713435386,0.00387670775,20,13,384,1062708,16584,3856666,30299,243,671595
1,13312,66.160056338435382,0.00405483274,20,13,384,1150166,13917,3893208,29883,243,671595
1,13313,66.163980005435391,0.00401683664,20,13,384,1159917,17042,4194667,30045,243,671595
1,13314,66.167726005435384,0.003544501,20,13,384,1105042,16584,3579708,29755,243,671595
1,13315,66.172083630435381,0.00459699566,20,13,384,1275416,13333,4474125,29883,243,671595
1,13316,66.175973963435382,0.00377208763,20,9,384,1104292,13917,3830292,29819,243,671595
1,13317,66.180203963435389,0.00410495326,20,9,384,1164792,16792,4138209,29755,243,671595
1,13318,66.184484921435384,0.004547541,20,9,384,1156042,18750,4472292,29883,239,671571
1,13319,66.188528463435389,0.003981881,20,9,384,1093083,14541,3969917,29819,239,671571
1,13320,66.192723421435389,0.004066036,20,9,384,1126292,13500,4090375,29755,239,671571
1,13321,66.19696946343538,0.00441400241,20,9,384,1192833,22458,4357834,29883,239,671571
1,13322,66.201108380435386,0.0039531677,20,9,384,1097041,12583,4026834,29819,239,671571
1,13323,66.205210546435382,0.0041375,20,9,384,1149125,16167,4087583,29755,239,671571
1,13324,66.208914213435392,0.00386958616,20,9,384,1179000,15666,3894333,29883,239,671571
1,13325,66.212896380435382,0.00382478745,20,9,384,1057333,15250,3937250,29819,239,671571
1,13326,66.21676963043538,0.00396517152,20,9,384,1199875,17792,3850750,29755,239,671571
1,13327,66.220537755435387,0.00367566617,20,9,384,1071125,21166,3719000,29883,239,671571
1,13328,66.22459029643538,0.0041203727,20,9,384,1133292,13667,4070833,29819,239,671571
1,13329,66.228489296435384,0.00378533173,20,9,384,1118583,18708,3787500,29755,239,671571
1,13330,66.232502213435382,0.00414396264,20,9,384,1141083,20708,4006292,30271,239,671571
1,13331,66.236449130435389,0.00391729036,20,9,384,1115917,16875,4105959,29819,240,671573
1,13332,66.240358380435381,0.0036673327,20,9,384,1159208,14584,3659166,29755,240,671573
1,13333,66.244202671435389,0.00415499555,20,9,384,1148000,26417,4047542,29883,240,671573
1,13334,66.248356463435385,0.00416845968,20,9,384,1100042,14750,4072625,29819,240,671573
1,13335,66.25222563043539,0.00382658723,20,9,384,1108167,14167,3933583,29755,240,671573
1,13336,66.25601508843539,0.00379182957,20,1,384,1102458,18292,3812042,29883,240,671573
1,13337,66.25991408843538,0.00391750271,20,1,384,1086042,14334,3691750,29819,240,671573
1,13338,66.263887546435384,0.00386320869,20,1,384,1042791,13750,4090208,31037,232,671201
1,13339,66.267911088435383,0.00403266726,20,1,384,1165959,17583,3918167,29883,232,671201
1,13340,66.271742296435391,0.003989874,20,1,384,1141000,17167,4038958,29819,232,671201
1,13341,66.27535092143539,0.00357874855,20,1,384,1040500,14375,3622708,29755,232,671201
1,13342,66.279169046435385,0.003578373,20,1,384,1094042,13375,3553625,29883,232,671201
1,13343,66.283282921435386,0.004297959,20,1,384,1149375,23416,4236666,29819,232,671201
1,13344,66.287444671435381,0.00407412834,20,1,384,1085375,23667,3918792,29755,232,671201
1,13345,66.292398421435379,0.005056335,20,1,384,1211208,13875,5283292,40325,232,671201
1,13346,66.296943171435387,0.00462412136,20,1,384,1147917,13333,4607209,38151,232,671201
1,13347,66.300762630435386,0.00357308681,20,1,384,1082792,12834,3561291,29755,232,671201
1,13348,66.304703421435391,0.00417637452,20,1,384,1080375,21958,4091292,29883,232,671201
1,13349,66.308689421435389,0.00384220527,20,1,384,1078333,12292,3809959,29819,232,671201
1,13350,66.312838130435381,0.00414633658,20,1,384,1120958,22709,4106250,29755,232,671201
1,13351,66.316890588435385,0.00420470536,20,1,384,1126209,17167,4193959,29883,232,671201
1,13352,66.320922505435391,0.00368878967,20,1,384,1061542,14667,3786167,29819,232,671201
1,13353,66.325073630435384,0.00435700128,20,1,384,1234375,13542,4294875,29755,231,671199
1,13354,66.328925671435385,0.004027289,20,1,384,1118042,22875,4008458,29883,231,671199
1,13355,66.332605463435385,0.00359258777,20,1,384,1036583,13000,3666250,29819,231,671199
1,13356,66.336344505435392,0.00367750134,20,1,384,1042458,20333,3683292,29755,231,671199
1,13357,66.340279796435382,0.00372549612,20,1,384,1094000,20334,3711042,29883,231,671199
1,13358,66.344115255435383,0.004113875,20,1,384,1169958,17042,4091417,29819,231,671199
1,13359,66.348254421435385,0.00384421065,20,1,384,1059458,20458,3890083,29755,231,671199
1,13360,66.351872713435384,0.003981583,20,1,384,1210500,14000,4048833,30271,231,671199
1,13361,66.356083796435385,0.00401462568,20,0,384,1079250,10833,3956334,29819,232,671201
1,13362,66.359783838435391,0.00370491785,20,0,384,1159333,19209,3586000,31593,232,671201
1,13363,66.36345408843539,0.00385487522,20,0,384,1055417,20792,3884167,29883,231,671155
1,13364,66.36710829643539,0.0035344176,20,0,384,1038625,15583,3514625,30045,231,671155
1,13365,66.37125346343538,0.00418779068,20,0,384,1073666,21250,4020875,29755,231,671155
1,13366,66.37508246343539,0.00390583184,20,0,384,1088834,16958,4067333,29883,231,671155
1,13367,66.378959713435393,0.00356733287,20,0,384,1048750,13458,3650916,29819,230,671153
1,13368,66.382724921435383,0.00401875,20,0,384,1160291,26500,3940167,29755,230,671153
1,13369,66.386239880435383,0.00357362535,20,0,384,1044750,20292,3620333,29883,230,671153
1,13370,66.389765755435391,0.00337937218,20,0,384,1013667,14083,3451625,29819,230,671153
1,13371,66.39379196343539,0.004101963,20,0,384,1128041,13875,3789292,29755,230,671153
1,13372,66.397734046435389,0.003907334,20,0,384,1059916,15167,4015084,29883,230,671153
1,13373,66.401767380435388,0.004108872,20,0,384,1129167,14166,3967417,29819,230,671153
1,13374,66.40542471343538,0.00359924883,20,0,384,1020542,12958,3816333,29755,230,671153
1,13375,66.409300463435386,0.003911919,20,0,384,1072833,20125,3884459,29883,230,671153
1,13376,66.41305133843538,0.003784127,20,0,384,1037167,14208,3763333,29819,230,671153
1,13377,66.417133630435387,0.00399237545,20,0,384,1053042,14500,3940500,29755,230,671153
1,13378,66.420983380435388,0.0038200398,20,0,384,1057167,23375,3787375,30659,230,671153
1,13379,66.424598130435385,0.003691206,20,0,384,1042542,24875,3790333,29859,230,671153
1,13380,66.428125671435382,0.00357587868,20,0,384,1035459,23917,3577125,30343,230,671153
1,13381,66.431705755435388,0.00348012336,20,0,384,1029917,19042,3412708,31079,229,671151
1,13382,66.435494255435387,0.00388191617,20,0,384,1051625,17917,3882041,29881,229,671151
1,13383,66.439367713435388,0.00377916661,20,0,384,1027958,17667,3718625,527421,229,671151
1,13384,66.443788588435382,0.004533666,20,0,384,1089333,12375,4688250,1246881,229,671151
1,13385,66.448124588435391,0.00418574968,20,0,384,1078791,10416,4191834,1202223,229,671151
1,13386,66.451511380435392,0.00349075254,20,0,384,1217417,12667,3539584,956283,229,671151
1,13387,66.454975838435388,0.00355441472,20,0,384,1151084,8250,3450250,973263,229,671151
1,13388,66.458539463435386,0.003397045,20,0,384,1020875,12917,3399084,912897,229,671151
1,13389,66.462022130435386,0.00356245739,20,0,384,1072875,19208,3548958,1067145,229,671151
1,13390,66.4658649634354,0.00382928713,20,0,384,1070250,17416,3660125,981021,229,671151
1,13391,66.469561880435393,0.00365291955,20,0,384,1070750,14708,3850167,1142567,229,671151
1,13392,66.473383671435386,0.00371500151,20,0,384,1126083,18916,3613750,1021243,230,671153
1,13393,66.477175130435384,0.003946372,20,0,384,1143166,21208,3949958,1065617,230,671153
1,13394,66.480973838435389,0.00360928988,20,0,384,1085917,15000,3635125,985535,230,671153
1,13395,66.484736588435382,0.003929457,20,0,384,1157166,19208,3900500,1046123,230,671153
1,13396,66.488787713435386,0.00394287845,20,0,384,1070250,19292,3852042,1092017,230,671153
1,13397,66.4923869634354,0.00368679129,20,0,384,1233584,14875,3831709,1037389,230,671153
1,13398,66.495981546435388,0.00361408014,20,0,384,1105834,12750,3559750,1030199,230,671153
1,13399,66.49984779643539,0.00371912564,20,0,384,1100458,12458,3733084,975965,230,671153
1,13400,66.50344283843539,0.00374088017,20,0,384,1150500,18041,3784125,1079361,230,671153
1,13401,66.507189046435386,0.0036832483,20,0,384,1084500,19834,3519292,1050405,230,671153
1,13402,66.511027796435386,0.00395479,20,0,384,1134708,21333,4045583,1141675,230,671153
1,13403,66.515094380435386,0.004038499,20,0,384,1058250,13250,4028958,1138393,230,671153
1,13404,66.518798880435384,0.0035799602,20,0,384,1078000,15375,3591000,973229,229,671151
1,13405,66.522616963435382,0.00388908014,20,0,384,1094500,20917,3887625,1196119,229,671151
1,13406,66.5262276714354,0.003624837,20,0,384,1079875,19417,3590833,942785,229,671151
1,13407,66.530073963435385,0.00382233551,20,0,384,1092500,19584,3800250,1186241,229,671151
1,13408,66.534281588435391,0.00434837025,20,0,384,1113500,16791,4425875,1340637,229,671151
1,13409,66.537948463435384,0.00364550017,20,0,384,1060625,12584,3575750,1101513,229,671151
1,13410,66.541806921435381,0.00369625143,20,0,384,1049042,14083,3683208,1007885,229,671151
1,13411,66.5454254634354,0.00370587432,20,0,384,1073042,19167,3689125,1085567,229,671151
1,13412,66.549161921435385,0.00371442037,20,0,384,1072334,12917,3710333,1037283,229,671151
1,13413,66.552732255435387,0.003613577,20,0,384,1098084,14834,3654875,1031457,229,671151
1,13414,66.556347588435386,0.00348463,20,0,384,1075167,18875,3525208,1085495,229,671151
1,13415,66.560299130435382,0.00397495739,20,0,384,1151167,17750,3891959,979001,229,671151
1,13416,66.56385150543538,0.003650496,20,0,384,1111334,14750,3700834,1070777,229,671151
1,13417,66.567373505435384,0.003524419,20,0,384,1123708,11708,3495208,950257,229,671151
1,13418,66.570946046435381,0.00358146266,20,0,384,1060750,19625,3569250,1103891,229,671151
1,13419,66.574842838435387,0.00378128537,20,0,384,1059958,20333,3818791,1027053,229,671151
1,13420,66.578612171435381,0.0036549177,20,0,384,1195750,15500,3624125,1072563,229,671151
1,13421,66.582232671435392,0.00386387482,20,0,384,1205708,14417,3777625,952419,229,671151
1,13422,66.58623421343539,0.003809042,20,0,384,1055041,19667,3844292,1100327,229,671151
1,13423,66.590069088435385,0.003994416,20,0,384,1089958,22375,3829917,1086803,229,671151
1,13424,66.594583130435382,0.00456254231,20,0,384,1125333,12834,4786834,1354811,230,671153
1,13425,66.598993546435381,0.004269501,20,0,384,1112459,11417,4132167,1297173,230,671153
1,13426,66.602722713435384,0.0037749575,20,0,384,1145250,12500,3905167,1146263,230,671153
1,13427,66.606239880435382,0.00351666659,20,0,384,1120625,13916,3541708,1052775,230,671153
1,13428,66.609909963435385,0.00376187637,20,0,384,1144417,17375,3657208,1024077,230,671153
1,13429,66.613449380435384,0.003540873,20,0,384,1064584,18959,3534208,1069071,230,671153
1,13430,66.617015546435383,0.003543587,20,0,384,1071375,12292,3599958,960291,230,671153
1,13431,66.62118638043539,0.00372407888,20,0,384,1096917,12250,3546708,1050887,230,671153
1,13432,66.625269005435385,0.00452833762,20,0,384,1291250,21458,4543292,919919,230,671153
1,13433,66.628984588435387,0.00362682831,20,0,384,1092500,13917,3743958,1084539,230,671153
1,13434,66.63306246343538,0.004119381,20,0,384,1128000,20583,4056167,1061957,230,671153
1,13435,66.636828963435391,0.00381820439,20,0,384,1075625,19250,3820500,1083239,230,671153
1,13436,66.641034796435392,0.00391162839,20,0,384,1093625,14750,3857792,969559,230,671153
1,13437,66.645188380435386,0.004126828,20,0,384,1219208,17875,4216458,1104231,230,671153
1,13438,66.649242421435389,0.00428492064,20,0,384,1359291,18042,4070208,1080635,230,671153
1,13439,66.653264755435387,0.00389778917,20,0,384,1153375,14459,4121875,1014409,230,671153
1,13440,66.65710354643538,0.00394362956,20,0,384,1207458,20125,3779125,1041815,230,671153
1,13441,66.660918963435392,0.00385441468,20,0,384,1117291,22500,3938417,1078285,230,671153
1,13442,66.66490642143539,0.00384253822,20,0,384,1068291,12125,3837834,1096793,230,671153
1,13443,66.668692880435387,0.003934793,20,0,384,1220292,22542,3976125,1131753,230,671153
1,13444,66.672510005435385,0.00377233559,20,0,384,1132250,14334,3721041,1088823,230,671153
1,13445,66.676186921435388,0.00369246025,20,0,384,1208000,11708,3776083,1105061,230,671153
1,13446,66.67994604643539,0.00378870475,20,0,384,1165417,16209,3719750,1092085,230,671153
1,13447,66.684332588435382,0.004436586,20,0,384,1051458,12584,4502416,1406779,230,671153
1,13448,66.688181255435381,0.00381237245,20,0,384,1113667,12209,3764500,1160787,230,671153
1,13449,66.6921108804354,0.00385571155,20,0,384,1125042,19000,3796083,965323,230,671153
1,13450,66.695702463435381,0.00368195865,20,0,384,1157333,13791,3688958,1111321,230,671153
1,13451,66.6994859634354,0.00371558242,20,0,384,1101708,26208,3713917,1009579,230,671153
1,13452,66.703276213435387,0.00378920767,20,0,384,1100041,13000,3823916,1176423,230,671153
1,13453,66.707276255435389,0.003913705,20,0,384,1195500,11791,3869333,1071611,230,671153
1,13454,66.710999671435388,0.00390108419,20,0,384,1141667,22417,3867209,1079375,230,671153
1,13455,66.714631338435382,0.00349216978,20,0,384,1072625,12166,3606708,1049367,231,671155
1,13456,66.718429296435389,0.00389774656,20,0,384,1241416,13709,3773875,988933,231,671155
1,13457,66.722113171435382,0.003631002,20,0,384,1053792,12917,3721666,1143555,231,671155
1,13458,66.7258502134354,0.00375958043,20,0,384,1160000,18083,3691750,1066477,231,671155
1,13459,66.729868630435391,0.004064045,20,0,384,1143375,16375,3958458,1167359,231,671155
1,13460,66.734352671435389,0.004517205,20,0,384,1154459,12625,4653167,1343487,231,671155
1,13461,66.73808650543539,0.00367566617,20,0,384,1127792,13291,3622042,1110723,231,671155
1,13462,66.74210400543538,0.003992255,20,0,384,1118042,19916,3852084,1038311,231,671155
1,13463,66.746571255435384,0.00453120749,20,0,384,1094542,11084,4736666,1322511,231,671155
1,13464,66.750794088435384,0.00427816762,20,0,384,1145667,12250,4254667,1152849,231,671155
1,13465,66.754393380435388,0.00341212447,20,0,384,1099584,13292,3387667,1058115,231,671155
1,13466,66.75839742143539,0.00405537151,20,0,384,1188875,16875,4001583,1056847,231,671155
1,13467,66.76188596343539,0.0035617135,20,0,384,1076833,12917,3603833,1103335,231,671155
1,13468,66.765587380435392,0.003657164,20,0,384,1097709,19167,3575375,1030355,231,671155
1,13469,66.769305338435387,0.003772045,20,0,384,1118792,20000,3824417,1141127,231,671155
1,13470,66.773133421435389,0.0036409155,20,0,384,1080583,19917,3665625,1103003,231,671155
1,13471,66.776953338435391,0.00404970953,20,0,384,1286166,11375,3934084,1150111,231,671155
1,13472,66.780814296435381,0.003684042,20,0,384,1083666,14042,3771250,1139293,231,671155
1,13473,66.784447130435382,0.00373695442,20,0,384,1119958,15541,3680458,1011601,231,671155
1,13474,66.788215671435381,0.00382495741,20,0,384,1113500,18375,3786042,1083505,231,671155
1,13475,66.792089421435392,0.00370396115,20,0,384,1112834,13042,3710959,1085423,231,671155
1,13476,66.79629788043539,0.004196627,20,0,384,1184542,14000,4197000,1004745,230,671153
1,13477,66.800720546435386,0.00434516,20,0,384,1224292,19958,4301291,958079,230,671153
1,13478,66.804959755435391,0.00437508523,20,0,384,1211750,15417,4396375,1045415,230,671153
1,13479,66.809229505435383,0.004165625,20,0,384,1147292,16500,4175708,1049593,229,671151
1,13480,66.813403630435388,0.00433583464,20,0,384,1250541,19666,4268500,1007025,229,671151
1,13481,66.817459421435387,0.00393541669,20,0,384,1121458,13500,4017875,533865,229,671151
1,13482,66.821494838435385,0.003949164,20,0,384,1154667,22541,3998875,1079747,229,671151
1,13483,66.825971171435384,0.00442625443,20,0,384,1212500,17750,4294208,967483,229,671151
1,13484,66.830359380435382,0.00454745628,20,0,384,1225708,15959,4541708,1059869,228,671149
1,13485,66.834617463435393,0.004346294,20,0,384,1216291,13875,4267750,918479,229,671151
1,13486,66.84004579643539,0.004401665,20,0,384,1150166,13792,4452542,946929,229,671151
1,13487,66.844544796435386,0.005408872,20,0,384,1386625,14958,5390625,1288523,229,671151
1,13488,66.848498171435381,0.003970798,20,0,384,1196250,22084,4024917,1041433,229,671151
1,13489,66.85243738043539,0.00396237243,20,0,384,1154834,23000,4013416,999917,229,671151
1,13490,66.856487755435381,0.00390583184,20,0,384,1170833,19375,3875542,890497,229,671151
1,13491,66.860394755435379,0.003975461,20,0,384,1300625,20625,4013584,948831,229,671151
1,13492,66.864326963435389,0.00383812352,20,0,384,1154292,13000,3765958,962297,229,671151
1,13493,66.868443171435388,0.004310587,20,0,384,1327792,22541,4238792,1014643,229,671151
1,13494,66.872484380435381,0.00395195559,20,0,384,1143167,20459,4046583,1048951,229,671151
1,13495,66.8768416304354,0.0045233774,20,0,384,1234917,18792,4412666,1045349,229,671151
1,13496,66.880926213435387,0.003684623,20,0,384,1141625,12416,3786250,980167,229,671151
1,13497,66.884835421435383,0.004168998,20,0,384,1319875,18500,4184625,894135,229,671151
1,13498,66.889537463435389,0.004707171,20,0,384,1235667,21167,4577000,661799,229,671151
1,13499,66.893408421435382,0.00403745752,20,0,384,1205083,14625,4082708,1097347,229,671151
1,13500,66.897975380435383,0.00447057839,20,0,384,1082667,17584,4538250,1370171,229,671151
1,13501,66.90241938043539,0.004463046,20,0,384,1238709,17250,4496458,1214587,229,671151
1,13502,66.90616929643538,0.00374887325,20,0,384,1089333,13917,3691208,1108807,229,671151
1,13503,66.910248505435391,0.00405862369,20,0,384,1123834,20792,3983708,1090225,229,671151
1,13504,66.91394663043539,0.0037388748,20,0,384,1146375,23333,3799208,1062433,229,671151
1,13505,66.917739046435386,0.003785296,20,0,384,1100209,14833,3799042,978843,229,671151
1,13506,66.921724213435382,0.00389520265,20,0,384,1131916,18583,3756958,1042115,229,671151
1,13507,66.925709463435382,0.004100751,20,0,384,1148542,13375,4137833,1072203,229,671151
1,13508,66.929620963435383,0.00369275082,20,0,384,1125333,14125,3756958,947315,229,671151
1,13509,66.934476880435383,0.005087833,20,0,384,1292250,16750,5052709,1109059,229,671151
1,13510,66.938658338435388,0.00404871,20,0,384,1137958,15667,3975709,1194115,229,671151
1,13511,66.942562755435389,0.003974915,20,0,384,1142834,12916,4064291,1117469,229,671151
1,13512,66.946815088435386,0.003868332,20,0,384,1146541,20916,3798000,1068805,229,671151
1,13513,66.950698005435385,0.004268254,20,0,384,1435584,20333,4321375,1059589,229,671151
1,13514,66.954572421435387,0.00389758358,20,0,384,1142125,20125,3847792,1176121,230,671153
1,13515,66.9585632554354,0.003887996,20,0,384,1134083,19834,3837583,945149,230,671153
1,13516,66.962788046435392,0.004116086,20,0,384,1112583,14750,4021584,1027809,229,671151
1,13517,66.967142088435381,0.00436516432,20,0,384,1318084,23708,4471792,1029393,229,671151
1,13518,66.971661421435385,0.004486749,20,0,384,1307750,16583,4432875,1212451,229,671151
1,13519,66.975777796435381,0.00437916676,20,0,384,1271792,19583,4438292,1009367,229,671151
1,13520,66.979852713435392,0.0040183817,20,0,384,1120084,16084,3927583,928185,229,671151
1,13521,66.984592963435389,0.004795373,20,0,384,1119250,12750,4791958,1081765,229,671151
1,13522,66.989346713435381,0.004513166,20,0,384,1169292,12875,4530375,936231,229,671151
1,13523,66.9934045054354,0.00420620758,20,0,384,1371875,16042,4201208,960437,229,671151
1,13524,66.99759325543539,0.00407583639,20,0,384,1183458,15708,4125875,1194165,229,671151
1,13525,67.00177121343539,0.004307788,20,0,384,1207666,13375,4100291,962219,229,671151
1,13526,67.005885630435387,0.00398596236,20,0,384,1118917,13458,4184542,1157879,229,671151
1,13527,67.00977496343539,0.00403016573,20,0,384,1254375,23875,3991792,983661,229,671151
1,13528,67.014073546435384,0.004173916,20,0,384,1139625,22125,4097292,1114993,229,671151
1,13529,67.017935421435382,0.0039766226,20,0,384,1292458,15667,4190583,1062011,229,671151
1,13530,67.022260838435386,0.004265129,20,0,384,1210750,20292,4094333,1068405,229,671151
1,13531,67.026272255435387,0.00415445725,20,0,384,1146667,15583,4201833,999193,229,671151
1,13532,67.030233796435382,0.00387925166,20,0,384,1131459,14000,3803042,1036215,229,671151
1,13533,67.034519588435387,0.00442432659,20,0,384,1197333,13583,4394083,998609,229,671151
1,13534,67.038564046435383,0.00376712717,20,0,384,1087958,14958,3827167,1117693,229,671151
1,13535,67.042272130435393,0.00379745616,20,0,384,1270542,13458,3932666,955845,229,671151
1,13536,67.046643171435392,0.00429691747,20,0,384,1276750,9459,3970041,949265,229,671151
1,13537,67.05460679643538,0.00509496173,20,0,384,1174250,15167,5223250,1175261,229,671151
1,13538,67.063800546435388,0.0120020835,20,0,384,4148625,14875,9057333,1151099,229,671151
1,13539,67.094863546435391,0.0311064124,20,0,384,1263166,11042,34070875,3858929,229,671151
1,13540,67.098907921435384,0.00415529357,20,0,384,1144500,15375,4150583,1038093,229,671151
1,13541,67.102768088435383,0.0039503756,20,0,384,1100541,14500,4038167,1054111,230,671153
1,13542,67.10635083843539,0.00353975338,20,0,384,1095875,17083,3641917,983599,230,671153
1,13543,67.110071255435386,0.003804705,20,0,384,1188667,11458,3670958,981905,230,671153
1,13544,67.113495463435385,0.00341458339,20,0,384,1086500,14709,3526917,954191,230,671153
1,13545,67.117040088435388,0.00360062369,20,0,384,1119833,15125,3509375,936901,230,671153
1,13546,67.120971505435392,0.003718084,20,0,384,1045542,19209,3747667,1138211,230,671153
1,13547,67.124916130435381,0.00406974927,20,0,384,1142166,11959,4030291,894483,230,671153
1,13548,67.128797713435389,0.00366588,20,0,384,1086625,19375,3667958,894785,230,671153
1,13549,67.133122005435382,0.004620621,20,0,384,1312750,22875,4449583,815753,229,671151
1,13550,67.136733463435391,0.00349937635,20,0,384,1084917,12458,3694541,1118605,229,671151
1,13551,67.140829255435392,0.004042666,20,0,384,1142458,19917,3885958,984829,229,671151
1,13552,67.14444200543538,0.00376099767,20,0,384,1131750,12083,3818542,1130579,229,671151
1,13553,67.14817938043538,0.00365462736,20,0,384,1083250,12542,3661083,1083299,229,671151
1,13554,67.151990463435382,0.0038639172,20,0,384,1121750,22375,3867625,1119969,229,671151
1,13555,67.155710588435383,0.00365124713,20,0,384,1059458,20791,3706959,698967,229,671151
1,13556,67.159533046435385,0.00378604722,20,0,384,1103791,22375,3701541,207409,229,671151
1,13557,67.163489296435387,0.00401153648,20,0,384,1079625,13916,4012708,582989,229,671151
1,13558,67.1674590884354,0.00393224927,20,0,384,1111834,20250,3985500,471027,229,671151
1,13559,67.171416963435391,0.003916879,20,0,384,1128583,20500,3801959,451181,229,671151
1,13560,67.17555850543539,0.004219997,20,0,384,1197458,14583,4191291,268521,229,671151
1,13561,67.179267796435383,0.00366524933,20,0,384,1096917,15750,3802250,281957,229,671151
1,13562,67.182849380435385,0.00372945727,20,0,384,1045208,18791,3685666,29819,229,671151
1,13563,67.186228255435381,0.00335308956,20,0,384,1033625,17291,3427000,29755,229,671151
1,13564,67.189389838435389,0.00322462432,20,0,384,1022084,13208,3265292,30271,229,671151
1,13565,67.192838046435384,0.003275496,20,0,384,1033459,15291,3182875,29819,230,671153
1,13566,67.196771463435383,0.00414633658,20,0,384,1140583,15041,3953666,29755,230,671153
1,13567,67.201770671435384,0.00480841147,20,0,384,996583,12208,4963208,40325,230,671153
1,13568,67.206472921435392,0.00465588132,20,0,384,1071292,22584,4670625,38099,230,671153
1,13569,67.209796338435382,0.00355045358,20,0,384,1142959,15916,3622541,29755,230,671153
1,13570,67.213573796435384,0.00376237952,20,0,384,1048459,8750,3674417,29883,230,671153
1,13571,67.217077588435387,0.00347503554,20,0,384,1002541,12417,3498625,29819,230,671153
1,13572,67.220987505435389,0.003592673,20,0,384,1024958,19250,3542500,29755,230,671153
1,13573,67.224666546435387,0.00394716533,20,0,384,1181625,20875,3933583,29883,230,671153
1,13574,67.228252088435383,0.00361987669,20,0,384,1054375,18541,3617875,29819,230,671153
1,13575,67.231791463435385,0.00350720668,20,0,384,1041459,18709,3481000,29755,230,671153
1,13576,67.235418546435383,0.00368054141,20,0,384,1047625,20708,3660208,29883,230,671153
1,13577,67.23885329643538,0.00330224633,20,0,384,1036750,13500,3425875,29819,230,671153
1,13578,67.246997046435382,0.00360546354,20,0,384,1065167,18834,3507084,29755,230,671153
1,13579,67.266982463435383,0.009129039,20,0,384,5272041,21292,9029417,65791,230,671153
1,13580,67.27465146343539,0.01940046,20,0,384,4400166,25208,19371375,187944,230,671187
1,13581,67.278159755435382,0.00726895547,20,0,384,1049292,14041,7518542,1397699,230,671197
1,13582,67.283046505435379,0.00481092,20,0,384,1086833,8667,4652084,32447,229,671195
1,13583,67.287334463435386,0.0042049177,20,0,384,1061291,15000,4228417,30905,229,671195
1,13584,67.29131767143538,0.004022789,20,0,384,1137916,24834,3953875,29755,229,671195
1,13585,67.295376338435389,0.004171875,20,0,384,1105292,22834,4167208,29883,229,671195
1,13586,67.299650921435386,0.00421574526,20,0,384,1092792,14625,4327959,39843,229,671195
1,13587,67.302910588435381,0.00332534,20,0,384,1061250,15584,3351792,29755,229,671195
1,13588,67.306729213435389,0.003710041,20,0,384,1125167,9667,3525959,306207,229,671195
1,13589,67.310177255435391,0.00359803718,20,0,384,1055000,15834,3716625,30207,229,671195
1,13590,67.313308088435392,0.00317175454,20,0,384,1012416,15250,3263750,29755,230,671197
1,13591,67.3166579214354,0.00340053858,20,0,384,1030250,12333,3219583,29883,230,671197
1,13592,67.319922588435389,0.00300420914,20,0,384,977000,12791,3143125,29819,230,671197
1,13593,67.323693838435389,0.00387941464,20,0,384,1062042,22292,3647292,29755,230,671197
1,13594,67.3273464214354,0.00371974916,20,0,384,1028583,23750,3786583,29883,230,671197
1,13595,67.331818088435384,0.004276587,20,0,384,1033875,13875,4110875,29819,230,671197
1,13596,67.335583880435379,0.0038446642,20,0,384,1139708,18458,4110416,29755,230,671197
1,13597,67.339207380435383,0.00360508775,20,0,384,1094375,17000,3561708,190965,230,671197
1,13598,67.342585171435388,0.00353220664,20,0,384,1031833,13292,3521958,49709,230,671197
1,13599,67.345757630435386,0.00319375,20,0,384,994292,15542,3251375,30959,230,671197
1,13600,67.349390546435387,0.003570543,20,0,384,1015708,20334,3315250,30357,230,671197
1,13601,67.353287421435382,0.00406774366,20,0,384,1016375,13167,4328417,40261,230,671197
1,13602,67.35672783843539,0.00327142142,20,0,384,961208,9333,3257000,38035,230,671197
1,13603,67.360123630435382,0.0033573343,20,0,384,1059708,13042,3298500,30357,230,671197
1,13604,67.363766921435385,0.0035482496,20,0,384,974959,18375,3484750,29819,230,671197
1,13605,67.36740079643539,0.0037625425,20,0,384,1092042,22958,3808250,29755,230,671197
1,13606,67.371065088435387,0.003508709,20,0,384,1053125,14750,3383042,57125,230,671197
1,13607,67.84800183843538,0.003863166,20,0,384,1146250,20750,3903167,30985,230,671197
1,13608,67.856761796435393,0.480188072,20,0,384,1127583,24334,478662833,66465973,230,671197
1,13609,67.860518713435383,0.00556695741,20,0,384,1047667,16041,7142959,868981,230,671197
1,13610,67.864984713435391,0.004369707,20,0,384,1001750,18083,4380167,32311,231,671197
1,13611,67.86876050543539,0.003899171,20,0,384,1122250,12042,3933167,30841,231,671197
1,13612,67.871779963435387,0.003069834,20,0,384,981750,10500,3135125,29883,231,671197
1,13613,67.875593713435393,0.00371853751,20,0,384,1022875,8791,3516042,29819,231,671197
1,13614,67.878723713435392,0.00314625143,20,0,384,1031500,13959,3337500,29755,231,671197
1,13615,67.882231338435389,0.00339800166,20,0,384,1122917,7875,3231834,29883,231,671197
1,13616,67.88565858843539,0.00349587575,20,0,384,1050708,21875,3525750,29819,231,671197
1,13617,67.888923505435386,0.00314503978,20,0,384,968750,12291,3276875,29755,231,671197
1,13618,67.89277775543539,0.004072371,20,0,384,1253458,9125,3803292,51415,231,671197
1,13619,67.896838963435385,0.00386475329,20,0,384,986000,13208,3814416,29819,230,671195
1,13620,67.90045029643538,0.00371108274,20,0,384,1148375,15542,3867125,29755,230,671195
1,13621,67.904057005435391,0.00350283436,20,0,384,1037208,22667,3468334,30365,230,671195
1,13622,67.9087755464354,0.004739123,20,0,384,987333,14250,4808000,40435,230,671195
1,13623,67.912715755435386,0.004129585,20,0,384,1031500,10750,4149667,38035,230,671195
1,13624,67.9162164214354,0.00343346084,20,0,384,1029167,10208,3349542,29883,230,671195
1,13625,67.919523921435385,0.00334945437,20,0,384,1020625,12459,3396709,29819,230,671195
1,13626,67.922684546435391,0.00309946155,20,0,384,990291,17000,3202292,29755,230,671195
1,13627,67.926230338435388,0.00358358142,20,0,384,1099292,12333,3391875,29883,230,671195
1,13628,67.929496505435381,0.00316870748,20,0,384,938959,11917,3254458,29819,230,671195
1,13629,67.933510755435393,0.00394121325,20,0,384,1105375,22417,3835708,29755,230,671195
1,13630,67.936978296435385,0.00356074981,20,0,384,1065583,19667,3636208,30271,230,671195
1,13631,67.940724338435388,0.00380803575,20,0,384,1056708,17541,3656000,29819,231,671197
1,13632,67.944151713435389,0.00340892142,20,0,384,1009167,13917,3535583,29755,231,671197
1,13633,67.947512963435386,0.00329182972,20,0,384,1029916,20791,3351875,29883,231,671197
1,13634,67.95087304643539,0.00342967,20,0,384,1035125,11083,3391209,29819,231,671197
1,13635,67.95436950543538,0.0035712868,20,0,384,1042000,20042,3401625,30045,231,671197
1,13636,67.95783417143538,0.00341541949,20,0,384,981500,13958,3578333,29883,231,671197
1,13637,67.961205588435391,0.00317604165,20,0,384,1004333,17666,3156250,29819,231,671197
1,13638,67.96482188043538,0.00367308664,20,0,384,1125375,21666,3543042,29755,231,671197
1,13639,67.968632796435386,0.00388541678,20,0,384,1039208,22542,3894292,29883,231,671197
1,13640,67.972570380435386,0.00386532745,20,0,384,1044291,12167,3901625,29819,230,671195
1,13641,67.9759613804354,0.00356829655,20,0,384,1103333,15833,3594584,29755,230,671195
1,13642,67.97914113043538,0.00317103881,20,0,384,949166,18250,3161292,29883,230,671195
1,13643,67.982504380435387,0.00331454072,20,0,384,986666,15000,3324792,29819,230,671195
1,13644,67.985656796435393,0.00313137751,20,0,384,997500,19000,3259500,29755,230,671195
1,13645,67.98898442143539,0.00337196,20,0,384,988291,16042,3230292,29883,230,671195
1,13646,67.99254579643538,0.00357757928,20,0,384,1014000,13125,3587041,29819,230,671195
1,13647,67.995802171435386,0.00321746035,20,0,384,989459,19292,3267042,29755,230,671195
1,13648,67.999544130435382,0.0037600412,20,0,384,1060833,12125,3526083,29883,230,671195
1,13649,68.002989213435384,0.00339428848,20,0,384,1043583,13875,3581125,29819,230,671195
1,13650,68.00707479643539,0.00381320855,20,0,384,1058083,19542,3627250,29755,230,671195
1,13651,68.011363380435384,0.00469000125,20,0,384,1128375,15375,4875291,40325,230,671195
1,13652,68.015575088435384,0.004078125,20,0,384,997125,10958,3922750,38099,230,671195
1,13653,68.01896229643539,0.00350133213,20,0,384,1055500,15250,3718750,29755,230,671195
1,13654,68.022335171435387,0.00335175032,20,0,384,1029250,8208,3252083,29883,230,671195
1,13655,68.025945171435382,0.003410211,20,0,384,991417,17209,3390583,29819,230,671195
1,13656,68.029510255435383,0.00379275088,20,0,384,1052541,17375,3767791,29755,230,671195
1,13657,68.033083005435387,0.003514959,20,0,384,953208,18250,3418375,29883,229,671193
1,13658,68.03687508843538,0.00375812082,20,0,384,1021542,15125,3814125,29819,228,671191
1,13659,68.040595671435383,0.00370192039,20,0,384,1060042,13667,3677667,29755,228,671191
1,13660,68.043969630435384,0.00346420775,20,0,384,1004666,18250,3487167,29883,228,671191
1,13661,68.047407130435388,0.00322241359,20,0,384,981458,11708,3311000,29819,228,671191
1,13662,68.050715921435383,0.00346045918,20,0,384,1013667,20208,3484542,29755,228,671191
1,13663,68.054023255435382,0.00326212449,20,0,384,1060458,13542,3186125,30235,228,671191
1,13664,68.057573546435393,0.00360112661,20,0,384,1022958,17334,3411542,30259,228,671191
1,13665,68.061190463435381,0.00359758362,20,0,384,1011833,15166,3778167,29755,229,671193
1,13666,68.064753171435385,0.00342249847,20,0,384,1036166,18667,3415292,29883,229,671193
1,13667,68.06835608843538,0.003699504,20,0,384,1064625,26542,3666291,29819,229,671193
1,13668,68.07174463043539,0.003421705,20,0,384,994917,12834,3510875,29755,229,671193
1,13669,68.075062921435389,0.003372959,20,0,384,1060625,16208,3294458,29883,229,671193
1,13670,68.078307546435383,0.00324820727,20,0,384,1002500,14541,3285333,29819,229,671193
1,13671,68.081688796435387,0.00314920628,20,0,384,1017917,18833,3207250,29755,229,671193
1,13672,68.085390671435391,0.0039123795,20,0,384,1193458,17458,3743083,29883,229,671193
1,13673,68.088781880435391,0.00334970956,20,0,384,965625,11333,3356291,29819,229,671193
1,13674,68.092123963435384,0.00342808245,20,0,384,1020125,18792,3502000,29755,229,671193
1,13675,68.095272671435382,0.003134127,20,0,384,975208,17583,3176041,29883,229,671193
1,13676,68.098388255435381,0.0029807894,20,0,384,1006417,16875,3001625,29819,229,671193
1,13677,68.101710630435392,0.00348633085,20,0,384,1127542,19209,3382167,29755,229,671193
1,13678,68.105068088435388,0.00319562783,20,0,384,998000,14084,3203958,29883,229,671193
1,13679,68.108411630435384,0.00343633071,20,0,384,1046167,22500,3398917,29819,229,671193
1,13680,68.11157942143538,0.00322254119,20,0,384,969417,19958,3311833,29755,229,671193
1,13681,68.114823296435389,0.00319158169,20,0,384,1023291,10125,3082459,29883,229,671193
1,13682,68.11830263043538,0.00348829362,20,0,384,1000167,18167,3499666,29819,229,671193
1,13683,68.121968546435383,0.003478876,20,0,384,989167,20083,3491875,29755,229,671193
1,13684,68.125766213435384,0.003999504,20,0,384,1159000,19375,3903375,29883,229,671193
1,13685,68.129447213435384,0.00370491063,20,0,384,961083,12125,3682416,29819,229,671193
1,13686,68.13329325543539,0.003727296,20,0,384,1015875,12542,3804000,29755,229,671193
1,13687,68.136622588435387,0.00345499581,20,0,384,1059292,22250,3467667,29883,229,671193
1,13688,68.139934546435384,0.00313570723,20,0,384,986084,17500,3226917,29819,229,671193
1,13689,68.143306421435383,0.00348646543,20,0,384,1125916,13125,3410333,29755,229,671193
1,13690,68.146724963435389,0.003478288,20,0,384,1036000,11875,3381542,29883,229,671193
1,13691,68.15026775543538,0.00354100065,20,0,384,961500,11375,3601333,30043,229,671193
1,13692,68.1532706714354,0.0030046273,20,0,384,983167,13000,3133750,29755,229,671193
1,13693,68.156532463435383,0.00313274516,20,0,384,1028667,12250,3034416,29883,229,671193
1,13694,68.159956796435381,0.00357637461,20,0,384,1049458,20208,3403125,29819,229,671193
1,13695,68.163866338435383,0.00387424883,20,0,384,978000,12875,4090208,40197,229,671193
1,13696,68.168110546435386,0.004158879,20,0,384,1043083,9875,4124334,38163,229,671193
1,13697,68.171454296435385,0.00342220813,20,0,384,998500,12667,3361250,29819,229,671193
1,13698,68.17506846343538,0.00346608553,20,0,384,993459,14625,3489291,29755,229,671193
1,13699,68.178526796435392,0.00358887482,20,0,384,1075209,13167,3508750,30271,229,671193
1,13700,68.182305463435384,0.003778621,20,0,384,1047584,13292,3619333,29819,230,671195
1,13701,68.185752630435388,0.00334737822,20,0,384,1057417,12709,3602041,29755,230,671195
1,13702,68.189075838435386,0.00345875137,20,0,384,1018750,19459,3467959,29883,230,671195
1,13703,68.192351171435391,0.00332050025,20,0,384,997333,18708,3230917,29819,230,671195
1,13704,68.195364963435381,0.00292678573,20,0,384,951834,17583,3064375,29755,230,671195
1,13705,68.198838880435389,0.00336254248,20,0,384,1062542,12250,3101167,29883,230,671195
1,13706,68.202293921435384,0.00350675313,20,0,384,1075417,22625,3635041,29819,230,671195
1,13707,68.206256505435391,0.00382808247,20,0,384,1043584,19167,3739625,29755,230,671195
1,13708,68.20982508843538,0.00381429284,20,0,384,1070042,15541,3792250,29883,230,671195
1,13709,68.213400421435381,0.003446542,20,0,384,990792,12958,3499125,29819,230,671195
1,13710,68.216828130435388,0.003544579,20,0,384,1076958,19750,3567917,29755,230,671195
1,13711,68.220163796435386,0.0033070012,20,0,384,1004083,11625,3267541,29883,230,671195
1,13712,68.22366771343539,0.003469083,20,0,384,1011541,16416,3450375,29819,230,671195
1,13713,68.22717113043538,0.00342566613,20,0,384,1016917,17750,3476125,29755,230,671195
1,13714,68.230628796435383,0.00342979725,20,0,384,1020041,20666,3404208,29883,230,671195
1,13715,68.234201671435386,0.00373499864,20,0,384,1076625,24708,3700500,29819,230,671195
1,13716,68.237651963435383,0.00344649935,20,0,384,971334,21083,3368542,29755,230,671195
1,13717,68.241119088435383,0.0034841625,20,0,384,973167,11584,3514042,29883,230,671195
1,13718,68.244520505435389,0.00328221382,20,0,384,986292,13833,3388250,29819,230,671195
1,13719,68.2481801714354,0.00342899654,20,0,384,1066000,19250,3393584,29755,230,671195
1,13720,68.251692005435388,0.00386691466,20,0,384,1080042,22750,3823333,29883,230,671195
1,13721,68.254885796435389,0.003214541,20,0,384,986750,12542,3282625,29819,230,671195
1,13722,68.258336005435382,0.00344179431,20,0,384,962625,17292,3394292,29807,230,671195
1,13723,68.261378505435388,0.00304829213,20,0,384,968709,16333,3129417,29883,230,671195
1,13724,68.264430005435386,0.00295916945,20,0,384,976250,15875,2995167,29819,230,671195
1,13725,68.26781108843538,0.003390703,20,0,384,1082916,10541,3259958,29755,230,671195
1,13726,68.271112380435383,0.003268254,20,0,384,953584,18292,3292792,29883,230,671195
1,13727,68.274634838435389,0.00360529334,20,0,384,1053542,28334,3603500,29819,230,671195
1,13728,68.277810588435386,0.00317704072,20,0,384,993166,18167,3246959,29755,230,671195
1,13729,68.281162880435389,0.00327908155,20,0,384,1039125,12208,3145500,29883,230,671195
1,13730,68.284678296435388,0.00361024658,20,0,384,1095750,12083,3485666,29819,230,671195
1,13731,68.288073630435392,0.00310533587,20,0,384,973792,12291,3309417,29755,230,671195
1,13732,68.291647213435382,0.00380724925,20,0,384,1106083,19750,3668292,29883,230,671195
1,13733,68.294704421435384,0.0030964145,20,0,384,951917,12291,3217083,30207,230,671195
1,13734,68.29757108843539,0.002852629,20,0,384,997000,16709,2962958,29755,231,671197
1,13735,68.300942338435391,0.00340941758,20,0,384,1068875,7042,3224500,29883,231,671197
1,13736,68.304015755435387,0.00305274944,20,0,384,954208,18708,3081667,29819,231,671197
1,13737,68.30745200543538,0.00341179129,20,0,384,1008750,15208,3409125,29755,231,671197
1,13738,68.310569588435385,0.0031915037,20,0,384,933333,13084,3161625,29883,231,671197
1,13739,68.314826213435381,0.00406066468,20,0,384,952292,15125,4024583,40501,231,671197
1,13740,68.318392630435383,0.00384404045,20,0,384,1104541,13791,3977000,38035,230,671195
1,13741,68.321446755435389,0.002931583,20,0,384,920417,10166,2902750,29883,230,671195
1,13742,68.324818463435392,0.003363081,20,0,384,982917,16334,3290125,29819,230,671195
1,13743,68.32805250543538,0.002987833,20,0,384,976834,17333,3098500,29755,230,671195
1,13744,68.33165221343539,0.003761671,20,0,384,1144250,17166,3605208,29883,230,671195
1,13745,68.335113505435388,0.00350958039,20,0,384,1008334,23333,3495250,29819,230,671195
1,13746,68.338386921435387,0.00324404053,20,0,384,1010625,19291,3293875,29755,230,671195
1,13747,68.341927338435383,0.00362883369,20,0,384,1039542,18416,3602708,29883,230,671195
1,13748,68.344955005435381,0.00298195868,20,0,384,967958,12125,3048959,29819,229,671193
1,13749,68.348305421435384,0.003037415,20,0,384,1042375,12375,3039125,29755,229,671193
1,13750,68.352141713435387,0.004166667,20,0,384,1148375,19167,3981375,29883,229,671193
1,13751,68.355622880435391,0.00340800034,20,0,384,993459,12625,3513375,29819,229,671193
1,13752,68.359059338435387,0.003522208,20,0,384,1020250,18833,3487583,29755,229,671193
1,13753,68.362167088435385,0.00310079358,20,0,384,989291,16250,3197000,29883,229,671193
1,13754,68.365558296435381,0.00330095668,20,0,384,1002875,14833,3184958,29819,229,671193
1,13755,68.368646630435393,0.00315700122,20,0,384,970250,17000,3283833,29755,229,671193
1,13756,68.371832296435386,0.00317100342,20,0,384,1017709,14000,3105125,29883,229,671193
1,13757,68.374950796435385,0.00313991634,20,0,384,1022084,11292,3206667,29819,229,671193
1,13758,68.377922088435383,0.00299124862,20,0,384,1046458,11500,3029125,29755,229,671193
1,13759,68.38132442143538,0.00326425023,20,0,384,1028667,10291,3168750,29883,229,671193
1,13760,68.384808088435392,0.00359791657,20,0,384,1091791,19791,3511208,29819,228,671191
1,13761,68.38809463043539,0.00313579221,20,0,384,984959,17667,3182041,29755,228,671191
1,13762,68.391801421435389,0.00387974782,20,0,384,1046000,11000,3795708,29883,228,671191
1,13763,68.394902005435384,0.00312937936,20,0,384,1001625,12833,3229542,29819,228,671191
1,13764,68.39779838043539,0.002816539,20,0,384,978250,17250,2931708,29755,228,671191
1,13765,68.401440546435381,0.003752126,20,0,384,1109959,6833,3471458,29883,228,671191
1,13766,68.404595296435389,0.0030892503,20,0,384,967750,12792,3243375,29819,228,671191
1,13767,68.408196296435392,0.003459793,20,0,384,994209,16042,3377125,29755,228,671191
1,13768,68.411382546435391,0.003328125,20,0,384,1001458,16750,3404209,29883,228,671191
1,13769,68.414638171435385,0.003081583,20,0,384,987542,14917,3109208,29819,228,671191
1,13770,68.418285588435381,0.003778954,20,0,384,1110459,10375,3636125,30143,228,671191
1,13771,68.421550546435384,0.00328146247,20,0,384,992042,20083,3339625,29883,229,671193
1,13772,68.425111755435381,0.00351454085,20,0,384,1008958,16750,3526459,29819,229,671193
1,13773,68.428310796435383,0.00326707773,20,0,384,974542,17708,3255792,29755,229,671193
1,13774,68.431835463435391,0.00333862659,20,0,384,1011959,15750,3309542,29883,229,671193
1,13775,68.435481255435391,0.00384904328,20,0,384,1150125,11750,3880291,29819,229,671193
1,13776,68.438817296435388,0.0032971655,20,0,384,961042,17875,3318542,29755,228,671191
1,13777,68.442297921435383,0.00352375279,20,0,384,1033916,14834,3476791,29883,228,671191
1,13778,68.445563505435388,0.00306704221,20,0,384,962500,17625,3128542,29819,228,671191
1,13779,68.449062088435383,0.00364375,20,0,384,1048584,17125,3477167,29755,228,671191
1,13780,68.452131505435389,0.003153621,20,0,384,991209,19250,3295625,29883,228,671191
1,13781,68.455703255435381,0.003422378,20,0,384,946833,13625,3212750,29819,228,671191
1,13782,68.458991046435386,0.00336804148,20,0,384,1045791,14208,3560000,29807,228,671191
1,13783,68.462206921435381,0.0032355017,20,0,384,1036875,14083,3119875,29883,228,671191
