{"ts":"2026-08-08T14:04:07.729Z","tool":"get_editor_state","type":"resource","status":"SUCCESS","ms":0,"params":{}}
{"ts":"2026-08-08T14:04:07.929Z","tool":"get_project_info","type":"resource","status":"SUCCESS","ms":0,"params":{}}
{"ts":"2026-08-08T14:04:13.136Z","event":"session_start","unity":"6000.3.4f1"}
{"ts":"2026-08-08T14:04:13.136Z","tool":"get_editor_state","type":"resource","status":"SUCCESS","ms":1,"params":{}}
{"ts":"2026-08-08T14:04:13.329Z","tool":"get_project_info","type":"resource","status":"SUCCESS","ms":0,"params":{}}
{"ts":"2026-08-08T14:04:15.951Z","tool":"execute_code","type":"tool","status":"SUCCESS","ms":621,"action":"execute","params":{"action":"execute","code":"return new { ka = true };","safety_checks":true,"compiler":"auto"}}
{"ts":"2026-08-08T14:04:29.030Z","tool":"get_editor_state","type":"resource","status":"SUCCESS","ms":0,"params":{}}
{"ts":"2026-08-08T14:04:29.230Z","tool":"get_project_info","type":"resource","status":"SUCCESS","ms":0,"params":{}}
{"ts":"2026-08-08T14:04:33.633Z","tool":"get_test_job","type":"tool","status":"SUCCESS","ms":1,"params":{"job_id":"4e96fad957804ec4a57804a0e6332468","includeFailedTests":true}}
{"ts":"2026-08-08T14:04:39.825Z","tool":"get_test_job","type":"tool","status":"SUCCESS","ms":0,"params":{"job_id":"4e96fad957804ec4a57804a0e6332468","includeFailedTests":true}}
{"ts":"2026-08-08T14:05:16.823Z","tool":"execute_code","type":"tool","status":"SUCCESS","ms":700,"action":"execute","params":{"action":"execute","code":"return new { ka = true };","safety_checks":true,"compiler":"auto"}}
{"ts":"2026-08-08T14:06:15.305Z","tool":"get_editor_state","type":"resource","status":"SUCCESS","ms":0,"params":{}}
{"ts":"2026-08-08T14:06:15.324Z","tool":"get_project_info","type":"resource","status":"SUCCESS","ms":0,"params":{}}
{"ts":"2026-08-08T14:06:16.022Z","tool":"get_editor_state","type":"resource","status":"SUCCESS","ms":0,"params":{}}
{"ts":"2026-08-08T14:06:16.033Z","tool":"get_project_info","type":"resource","status":"SUCCESS","ms":0,"params":{}}
{"ts":"2026-08-08T14:06:16.622Z","tool":"get_editor_state","type":"resource","status":"SUCCESS","ms":0,"params":{}}
{"ts":"2026-08-08T14:06:16.822Z","tool":"get_project_info","type":"resource","status":"SUCCESS","ms":0,"params":{}}
{"ts":"2026-08-08T14:06:17.756Z","tool":"execute_code","type":"tool","status":"SUCCESS","ms":833,"action":"execute","params":{"action":"execute","code":"return new { ka = true };","safety_checks":true,"compiler":"auto"}}
{"ts":"2026-08-08T14:06:22.829Z","event":"session_start","unity":"6000.3.4f1"}
{"ts":"2026-08-08T14:06:22.829Z","tool":"get_editor_state","type":"resource","status":"SUCCESS","ms":1,"params":{}}
{"ts":"2026-08-08T14:06:23.024Z","tool":"get_project_info","type":"resource","status":"SUCCESS","ms":1,"params":{}}
{"ts":"2026-08-08T14:06:41.424Z","tool":"get_editor_state","type":"resource","status":"SUCCESS","ms":0,"params":{}}
{"ts":"2026-08-08T14:06:41.623Z","tool":"get_project_info","type":"resource","status":"SUCCESS","ms":0,"params":{}}
{"ts":"2026-08-08T14:06:46.728Z","tool":"get_test_job","type":"tool","status":"SUCCESS","ms":0,"params":{"job_id":"a49062f1718147f6b40f12538017d092","includeFailedTests":true}}
{"ts":"2026-08-08T14:06:54.823Z","tool":"get_test_job","type":"tool","status":"SUCCESS","ms":0,"params":{"job_id":"a49062f1718147f6b40f12538017d092","includeFailedTests":true}}
{"ts":"2026-08-08T14:06:57.323Z","tool":"get_test_job","type":"tool","status":"SUCCESS","ms":0,"params":{"job_id":"a49062f1718147f6b40f12538017d092","includeFailedTests":true}}
{"ts":"2026-08-08T14:06:59.424Z","tool":"get_test_job","type":"tool","status":"SUCCESS","ms":0,"params":{"job_id":"a49062f1718147f6b40f12538017d092","includeFailedTests":true}}
{"ts":"2026-08-08T14:07:01.625Z","tool":"get_test_job","type":"tool","status":"SUCCESS","ms":0,"params":{"job_id":"a49062f1718147f6b40f12538017d092","includeFailedTests":true}}
{"ts":"2026-08-08T14:07:03.824Z","tool":"get_test_job","type":"tool","status":"SUCCESS","ms":0,"params":{"job_id":"a49062f1718147f6b40f12538017d092","includeFailedTests":true}}
{"ts":"2026-08-08T14:07:05.925Z","tool":"get_test_job","type":"tool","status":"SUCCESS","ms":0,"params":{"job_id":"a49062f1718147f6b40f12538017d092","includeFailedTests":true}}
{"ts":"2026-08-08T14:07:08.025Z","tool":"get_test_job","type":"tool","status":"SUCCESS","ms":0,"params":{"job_id":"a49062f1718147f6b40f12538017d092","includeFailedTests":true}}
{"ts":"2026-08-08T14:07:10.125Z","tool":"get_test_job","type":"tool","status":"SUCCESS","ms":0,"params":{"job_id":"a49062f1718147f6b40f12538017d092","includeFailedTests":true}}
{"ts":"2026-08-08T14:07:12.225Z","tool":"get_test_job","type":"tool","status":"SUCCESS","ms":0,"params":{"job_id":"a49062f1718147f6b40f12538017d092","includeFailedTests":true}}
{"ts":"2026-08-08T14:07:14.425Z","tool":"get_test_job","type":"tool","status":"SUCCESS","ms":0,"params":{"job_id":"a49062f1718147f6b40f12538017d092","includeFailedTests":true}}
{"ts":"2026-08-08T14:07:16.525Z","tool":"get_test_job","type":"tool","status":"SUCCESS","ms":0,"params":{"job_id":"a49062f1718147f6b40f12538017d092","includeFailedTests":true}}
{"ts":"2026-08-08T14:07:18.653Z","tool":"execute_code","type":"tool","status":"SUCCESS","ms":727,"action":"execute","params":{"action":"execute","code":"return new { ka = true };","safety_checks":true,"compiler":"auto"}}
{"ts":"2026-08-08T14:07:18.725Z","tool":"get_test_job","type":"tool","status":"SUCCESS","ms":0,"params":{"job_id":"a49062f1718147f6b40f12538017d092","includeFailedTests":true}}
{"ts":"2026-08-08T14:07:20.925Z","tool":"get_test_job","type":"tool","status":"SUCCESS","ms":0,"params":{"job_id":"a49062f1718147f6b40f12538017d092","includeFailedTests":true}}
{"ts":"2026-08-08T14:07:22.953Z","tool":"get_test_job","type":"tool","status":"SUCCESS","ms":0,"params":{"job_id":"a49062f1718147f6b40f12538017d092","includeFailedTests":true}}
{"ts":"2026-08-08T14:07:25.025Z","tool":"get_test_job","type":"tool","status":"SUCCESS","ms":0,"params":{"job_id":"a49062f1718147f6b40f12538017d092","includeFailedTests":true}}
{"ts":"2026-08-08T14:07:27.225Z","tool":"get_test_job","type":"tool","status":"SUCCESS","ms":0,"params":{"job_id":"a49062f1718147f6b40f12538017d092","includeFailedTests":true}}
{"ts":"2026-08-08T14:07:29.325Z","tool":"get_test_job","type":"tool","status":"SUCCESS","ms":0,"params":{"job_id":"a49062f1718147f6b40f12538017d092","includeFailedTests":true}}
{"ts":"2026-08-08T14:07:31.425Z","tool":"get_test_job","type":"tool","status":"SUCCESS","ms":0,"params":{"job_id":"a49062f1718147f6b40f12538017d092","includeFailedTests":true}}
{"ts":"2026-08-08T14:07:33.526Z","tool":"get_test_job","type":"tool","status":"SUCCESS","ms":0,"params":{"job_id":"a49062f1718147f6b40f12538017d092","includeFailedTests":true}}
{"ts":"2026-08-08T14:07:35.625Z","tool":"get_test_job","type":"tool","status":"SUCCESS","ms":0,"params":{"job_id":"a49062f1718147f6b40f12538017d092","includeFailedTests":true}}
{"ts":"2026-08-08T14:07:37.725Z","tool":"get_test_job","type":"tool","status":"SUCCESS","ms":0,"params":{"job_id":"a49062f1718147f6b40f12538017d092","includeFailedTests":true}}
{"ts":"2026-08-08T14:07:39.924Z","tool":"get_test_job","type":"tool","status":"SUCCESS","ms":0,"params":{"job_id":"a49062f1718147f6b40f12538017d092","includeFailedTests":true}}
{"ts":"2026-08-08T14:07:42.025Z","tool":"get_test_job","type":"tool","status":"SUCCESS","ms":0,"params":{"job_id":"a49062f1718147f6b40f12538017d092","includeFailedTests":true}}
{"ts":"2026-08-08T14:07:44.125Z","tool":"get_test_job","type":"tool","status":"SUCCESS","ms":0,"params":{"job_id":"a49062f1718147f6b40f12538017d092","includeFailedTests":true}}
{"ts":"2026-08-08T14:07:46.225Z","tool":"get_test_job","type":"tool","status":"SUCCESS","ms":0,"params":{"job_id":"a49062f1718147f6b40f12538017d092","includeFailedTests":true}}
{"ts":"2026-08-08T14:07:48.425Z","tool":"get_test_job","type":"tool","status":"SUCCESS","ms":0,"params":{"job_id":"a49062f1718147f6b40f12538017d092","includeFailedTests":true}}
{"ts":"2026-08-08T14:07:50.624Z","tool":"get_test_job","type":"tool","status":"SUCCESS","ms":0,"params":{"job_id":"a49062f1718147f6b40f12538017d092","includeFailedTests":true}}
{"ts":"2026-08-08T14:07:52.726Z","tool":"get_test_job","type":"tool","status":"SUCCESS","ms":0,"params":{"job_id":"a49062f1718147f6b40f12538017d092","includeFailedTests":true}}
{"ts":"2026-08-08T14:07:54.826Z","tool":"get_test_job","type":"tool","status":"SUCCESS","ms":0,"params":{"job_id":"a49062f1718147f6b40f12538017d092","includeFailedTests":true}}
{"ts":"2026-08-08T14:07:56.924Z","tool":"get_test_job","type":"tool","status":"SUCCESS","ms":0,"params":{"job_id":"a49062f1718147f6b40f12538017d092","includeFailedTests":true}}
{"ts":"2026-08-08T14:07:59.026Z","tool":"get_test_job","type":"tool","status":"SUCCESS","ms":0,"params":{"job_id":"a49062f1718147f6b40f12538017d092","includeFailedTests":true}}
{"ts":"2026-08-08T14:08:01.225Z","tool":"get_test_job","type":"tool","status":"SUCCESS","ms":0,"params":{"job_id":"a49062f1718147f6b40f12538017d092","includeFailedTests":true}}
{"ts":"2026-08-08T14:08:03.325Z","tool":"get_test_job","type":"tool","status":"SUCCESS","ms":0,"params":{"job_id":"a49062f1718147f6b40f12538017d092","includeFailedTests":true}}
{"ts":"2026-08-08T14:08:05.525Z","tool":"get_test_job","type":"tool","status":"SUCCESS","ms":0,"params":{"job_id":"a49062f1718147f6b40f12538017d092","includeFailedTests":true}}
{"ts":"2026-08-08T14:08:07.624Z","tool":"get_test_job","type":"tool","status":"SUCCESS","ms":0,"params":{"job_id":"a49062f1718147f6b40f12538017d092","includeFailedTests":true}}
{"ts":"2026-08-08T14:08:09.926Z","tool":"get_test_job","type":"tool","status":"SUCCESS","ms":0,"params":{"job_id":"a49062f1718147f6b40f12538017d092","includeFailedTests":true}}
{"ts":"2026-08-08T14:08:12.125Z","tool":"get_test_job","type":"tool","status":"SUCCESS","ms":0,"params":{"job_id":"a49062f1718147f6b40f12538017d092","includeFailedTests":true}}
{"ts":"2026-08-08T14:08:14.232Z","tool":"get_test_job","type":"tool","status":"SUCCESS","ms":0,"params":{"job_id":"a49062f1718147f6b40f12538017d092","includeFailedTests":true}}
{"ts":"2026-08-08T14:08:19.430Z","tool":"execute_code","type":"tool","status":"SUCCESS","ms":691,"action":"execute","params":{"action":"execute","code":"return new { ka = true };","safety_checks":true,"compiler":"auto"}}
{"ts":"2026-08-08T14:09:20.289Z","tool":"execute_code","type":"tool","status":"SUCCESS","ms":749,"action":"execute","params":{"action":"execute","code":"return new { ka = true };","safety_checks":true,"compiler":"auto"}}
{"ts":"2026-08-08T14:10:11.172Z","tool":"get_editor_state","type":"resource","status":"SUCCESS","ms":0,"params":{}}
{"ts":"2026-08-08T14:10:11.228Z","tool":"get_project_info","type":"resource","status":"SUCCESS","ms":0,"params":{}}
{"ts":"2026-08-08T14:10:11.729Z","tool":"get_editor_state","type":"resource","status":"SUCCESS","ms":0,"params":{}}
{"ts":"2026-08-08T14:10:11.930Z","tool":"get_project_info","type":"resource","status":"SUCCESS","ms":0,"params":{}}
{"ts":"2026-08-08T14:10:12.426Z","tool":"get_editor_state","type":"resource","status":"SUCCESS","ms":0,"params":{}}
{"ts":"2026-08-08T14:10:12.526Z","tool":"get_project_info","type":"resource","status":"SUCCESS","ms":0,"params":{}}
{"ts":"2026-08-08T14:10:13.036Z","tool":"get_editor_state","type":"resource","status":"SUCCESS","ms":0,"params":{}}
{"ts":"2026-08-08T14:10:13.126Z","tool":"get_project_info","type":"resource","status":"SUCCESS","ms":0,"params":{}}
{"ts":"2026-08-08T14:10:18.736Z","event":"session_start","unity":"6000.3.4f1"}
{"ts":"2026-08-08T14:10:18.736Z","tool":"get_editor_state","type":"resource","status":"SUCCESS","ms":1,"params":{}}
{"ts":"2026-08-08T14:10:18.916Z","tool":"get_project_info","type":"resource","status":"SUCCESS","ms":0,"params":{}}
{"ts":"2026-08-08T14:10:21.088Z","tool":"execute_code","type":"tool","status":"SUCCESS","ms":673,"action":"execute","params":{"action":"execute","code":"return new { ka = true };","safety_checks":true,"compiler":"auto"}}
{"ts":"2026-08-08T14:10:34.804Z","tool":"get_editor_state","type":"resource","status":"SUCCESS","ms":0,"params":{}}
{"ts":"2026-08-08T14:10:35.004Z","tool":"get_project_info","type":"resource","status":"SUCCESS","ms":0,"params":{}}
{"ts":"2026-08-08T14:10:39.105Z","tool":"get_test_job","type":"tool","status":"SUCCESS","ms":0,"params":{"job_id":"78504356171644d79c15c1cfa1dddce4","includeFailedTests":true}}
{"ts":"2026-08-08T14:10:45.166Z","tool":"get_test_job","type":"tool","status":"SUCCESS","ms":0,"params":{"job_id":"78504356171644d79c15c1cfa1dddce4","includeFailedTests":true}}
{"ts":"2026-08-08T14:10:47.365Z","tool":"get_test_job","type":"tool","status":"SUCCESS","ms":0,"params":{"job_id":"78504356171644d79c15c1cfa1dddce4","includeFailedTests":true}}
{"ts":"2026-08-08T14:10:49.765Z","tool":"get_test_job","type":"tool","status":"SUCCESS","ms":0,"params":{"job_id":"78504356171644d79c15c1cfa1dddce4","includeFailedTests":true}}
{"ts":"2026-08-08T14:10:51.865Z","tool":"get_test_job","type":"tool","status":"SUCCESS","ms":0,"params":{"job_id":"78504356171644d79c15c1cfa1dddce4","includeFailedTests":true}}
{"ts":"2026-08-08T14:10:53.965Z","tool":"get_test_job","type":"tool","status":"SUCCESS","ms":0,"params":{"job_id":"78504356171644d79c15c1cfa1dddce4","includeFailedTests":true}}
{"ts":"2026-08-08T14:10:56.065Z","tool":"get_test_job","type":"tool","status":"SUCCESS","ms":0,"params":{"job_id":"78504356171644d79c15c1cfa1dddce4","includeFailedTests":true}}
{"ts":"2026-08-08T14:10:58.164Z","tool":"get_test_job","type":"tool","status":"SUCCESS","ms":0,"params":{"job_id":"78504356171644d79c15c1cfa1dddce4","includeFailedTests":true}}
{"ts":"2026-08-08T14:11:00.363Z","tool":"get_test_job","type":"tool","status":"SUCCESS","ms":0,"params":{"job_id":"78504356171644d79c15c1cfa1dddce4","includeFailedTests":true}}
{"ts":"2026-08-08T14:11:02.863Z","tool":"get_test_job","type":"tool","status":"SUCCESS","ms":0,"params":{"job_id":"78504356171644d79c15c1cfa1dddce4","includeFailedTests":true}}
{"ts":"2026-08-08T14:11:05.063Z","tool":"get_test_job","type":"tool","status":"SUCCESS","ms":0,"params":{"job_id":"78504356171644d79c15c1cfa1dddce4","includeFailedTests":true}}
{"ts":"2026-08-08T14:11:07.164Z","tool":"get_test_job","type":"tool","status":"SUCCESS","ms":0,"params":{"job_id":"78504356171644d79c15c1cfa1dddce4","includeFailedTests":true}}
{"ts":"2026-08-08T14:11:09.264Z","tool":"get_test_job","type":"tool","status":"SUCCESS","ms":0,"params":{"job_id":"78504356171644d79c15c1cfa1dddce4","includeFailedTests":true}}
{"ts":"2026-08-08T14:11:11.464Z","tool":"get_test_job","type":"tool","status":"SUCCESS","ms":0,"params":{"job_id":"78504356171644d79c15c1cfa1dddce4","includeFailedTests":true}}
{"ts":"2026-08-08T14:11:13.664Z","tool":"get_test_job","type":"tool","status":"SUCCESS","ms":0,"params":{"job_id":"78504356171644d79c15c1cfa1dddce4","includeFailedTests":true}}
{"ts":"2026-08-08T14:11:15.764Z","tool":"get_test_job","type":"tool","status":"SUCCESS","ms":0,"params":{"job_id":"78504356171644d79c15c1cfa1dddce4","includeFailedTests":true}}
{"ts":"2026-08-08T14:11:17.862Z","tool":"get_test_job","type":"tool","status":"SUCCESS","ms":0,"params":{"job_id":"78504356171644d79c15c1cfa1dddce4","includeFailedTests":true}}
{"ts":"2026-08-08T14:11:19.964Z","tool":"get_test_job","type":"tool","status":"SUCCESS","ms":0,"params":{"job_id":"78504356171644d79c15c1cfa1dddce4","includeFailedTests":true}}
{"ts":"2026-08-08T14:11:21.850Z","tool":"execute_code","type":"tool","status":"SUCCESS","ms":686,"action":"execute","params":{"action":"execute","code":"return new { ka = true };","safety_checks":true,"compiler":"auto"}}
{"ts":"2026-08-08T14:11:22.064Z","tool":"get_test_job","type":"tool","status":"SUCCESS","ms":0,"params":{"job_id":"78504356171644d79c15c1cfa1dddce4","includeFailedTests":true}}
{"ts":"2026-08-08T14:11:24.562Z","tool":"get_test_job","type":"tool","status":"SUCCESS","ms":0,"params":{"job_id":"78504356171644d79c15c1cfa1dddce4","includeFailedTests":true}}
{"ts":"2026-08-08T14:11:26.662Z","tool":"get_test_job","type":"tool","status":"SUCCESS","ms":0,"params":{"job_id":"78504356171644d79c15c1cfa1dddce4","includeFailedTests":true}}
{"ts":"2026-08-08T14:11:28.762Z","tool":"get_test_job","type":"tool","status":"SUCCESS","ms":0,"params":{"job_id":"78504356171644d79c15c1cfa1dddce4","includeFailedTests":true}}
{"ts":"2026-08-08T14:11:30.963Z","tool":"get_test_job","type":"tool","status":"SUCCESS","ms":0,"params":{"job_id":"78504356171644d79c15c1cfa1dddce4","includeFailedTests":true}}
{"ts":"2026-08-08T14:11:33.162Z","tool":"get_test_job","type":"tool","status":"SUCCESS","ms":0,"params":{"job_id":"78504356171644d79c15c1cfa1dddce4","includeFailedTests":true}}
{"ts":"2026-08-08T14:11:35.363Z","tool":"get_test_job","type":"tool","status":"SUCCESS","ms":0,"params":{"job_id":"78504356171644d79c15c1cfa1dddce4","includeFailedTests":true}}
{"ts":"2026-08-08T14:11:37.562Z","tool":"get_test_job","type":"tool","status":"SUCCESS","ms":0,"params":{"job_id":"78504356171644d79c15c1cfa1dddce4","includeFailedTests":true}}
{"ts":"2026-08-08T14:11:39.663Z","tool":"get_test_job","type":"tool","status":"SUCCESS","ms":0,"params":{"job_id":"78504356171644d79c15c1cfa1dddce4","includeFailedTests":true}}
{"ts":"2026-08-08T14:11:42.041Z","tool":"get_test_job","type":"tool","status":"SUCCESS","ms":0,"params":{"job_id":"78504356171644d79c15c1cfa1dddce4","includeFailedTests":true}}
{"ts":"2026-08-08T14:11:44.163Z","tool":"get_test_job","type":"tool","status":"SUCCESS","ms":0,"params":{"job_id":"78504356171644d79c15c1cfa1dddce4","includeFailedTests":true}}
{"ts":"2026-08-08T14:11:46.263Z","tool":"get_test_job","type":"tool","status":"SUCCESS","ms":0,"params":{"job_id":"78504356171644d79c15c1cfa1dddce4","includeFailedTests":true}}
{"ts":"2026-08-08T14:11:48.563Z","tool":"get_test_job","type":"tool","status":"SUCCESS","ms":0,"params":{"job_id":"78504356171644d79c15c1cfa1dddce4","includeFailedTests":true}}
{"ts":"2026-08-08T14:11:50.764Z","tool":"get_test_job","type":"tool","status":"SUCCESS","ms":0,"params":{"job_id":"78504356171644d79c15c1cfa1dddce4","includeFailedTests":true}}
{"ts":"2026-08-08T14:11:52.963Z","tool":"get_test_job","type":"tool","status":"SUCCESS","ms":0,"params":{"job_id":"78504356171644d79c15c1cfa1dddce4","includeFailedTests":true}}
{"ts":"2026-08-08T14:11:55.164Z","tool":"get_test_job","type":"tool","status":"SUCCESS","ms":0,"params":{"job_id":"78504356171644d79c15c1cfa1dddce4","includeFailedTests":true}}
{"ts":"2026-08-08T14:11:57.264Z","tool":"get_test_job","type":"tool","status":"SUCCESS","ms":0,"params":{"job_id":"78504356171644d79c15c1cfa1dddce4","includeFailedTests":true}}
{"ts":"2026-08-08T14:11:59.363Z","tool":"get_test_job","type":"tool","status":"SUCCESS","ms":0,"params":{"job_id":"78504356171644d79c15c1cfa1dddce4","includeFailedTests":true}}
{"ts":"2026-08-08T14:12:01.563Z","tool":"get_test_job","type":"tool","status":"SUCCESS","ms":0,"params":{"job_id":"78504356171644d79c15c1cfa1dddce4","includeFailedTests":true}}
{"ts":"2026-08-08T14:12:03.763Z","tool":"get_test_job","type":"tool","status":"SUCCESS","ms":0,"params":{"job_id":"78504356171644d79c15c1cfa1dddce4","includeFailedTests":true}}
{"ts":"2026-08-08T14:12:05.863Z","tool":"get_test_job","type":"tool","status":"SUCCESS","ms":0,"params":{"job_id":"78504356171644d79c15c1cfa1dddce4","includeFailedTests":true}}
{"ts":"2026-08-08T14:12:07.874Z","tool":"get_test_job","type":"tool","status":"SUCCESS","ms":2,"params":{"job_id":"78504356171644d79c15c1cfa1dddce4","includeFailedTests":true}}
{"ts":"2026-08-08T14:12:22.706Z","tool":"execute_code","type":"tool","status":"SUCCESS","ms":721,"action":"execute","params":{"action":"execute","code":"return new { ka = true };","safety_checks":true,"compiler":"auto"}}
{"ts":"2026-08-08T14:13:23.570Z","tool":"execute_code","type":"tool","status":"SUCCESS","ms":684,"action":"execute","params":{"action":"execute","code":"return new { ka = true };","safety_checks":true,"compiler":"auto"}}
{"ts":"2026-08-08T14:13:57.383Z","tool":"get_editor_state","type":"resource","status":"SUCCESS","ms":0,"params":{}}
{"ts":"2026-08-08T14:13:57.487Z","tool":"get_project_info","type":"resource","status":"SUCCESS","ms":0,"params":{}}
{"ts":"2026-08-08T14:13:58.002Z","tool":"get_editor_state","type":"resource","status":"SUCCESS","ms":0,"params":{}}
{"ts":"2026-08-08T14:13:58.186Z","tool":"get_project_info","type":"resource","status":"SUCCESS","ms":0,"params":{}}
{"ts":"2026-08-08T14:13:58.597Z","tool":"get_editor_state","type":"resource","status":"SUCCESS","ms":0,"params":{}}
{"ts":"2026-08-08T14:13:58.722Z","tool":"get_project_info","type":"resource","status":"SUCCESS","ms":0,"params":{}}
{"ts":"2026-08-08T14:13:59.285Z","tool":"get_editor_state","type":"resource","status":"SUCCESS","ms":0,"params":{}}
{"ts":"2026-08-08T14:13:59.485Z","tool":"get_project_info","type":"resource","status":"SUCCESS","ms":0,"params":{}}
{"ts":"2026-08-08T14:14:06.393Z","event":"session_start","unity":"6000.3.4f1"}
{"ts":"2026-08-08T14:14:06.393Z","tool":"get_editor_state","type":"resource","status":"SUCCESS","ms":2,"params":{}}
{"ts":"2026-08-08T14:14:06.489Z","tool":"get_project_info","type":"resource","status":"SUCCESS","ms":3,"params":{}}
{"ts":"2026-08-08T14:14:24.433Z","tool":"execute_code","type":"tool","status":"SUCCESS","ms":646,"action":"execute","params":{"action":"execute","code":"return new { ka = true };","safety_checks":true,"compiler":"auto"}}
{"ts":"2026-08-08T14:14:24.485Z","tool":"get_editor_state","type":"resource","status":"SUCCESS","ms":0,"params":{}}
{"ts":"2026-08-08T14:14:24.585Z","tool":"get_project_info","type":"resource","status":"SUCCESS","ms":0,"params":{}}
{"ts":"2026-08-08T14:14:30.289Z","tool":"get_test_job","type":"tool","status":"SUCCESS","ms":1,"params":{"job_id":"5320d3d3d6aa4cec972fa69d9496e4c7","includeFailedTests":true}}
{"ts":"2026-08-08T14:14:36.454Z","tool":"get_test_job","type":"tool","status":"SUCCESS","ms":0,"params":{"job_id":"5320d3d3d6aa4cec972fa69d9496e4c7","includeFailedTests":true}}
{"ts":"2026-08-08T14:14:38.654Z","tool":"get_test_job","type":"tool","status":"SUCCESS","ms":0,"params":{"job_id":"5320d3d3d6aa4cec972fa69d9496e4c7","includeFailedTests":true}}
{"ts":"2026-08-08T14:14:41.154Z","tool":"get_test_job","type":"tool","status":"SUCCESS","ms":0,"params":{"job_id":"5320d3d3d6aa4cec972fa69d9496e4c7","includeFailedTests":true}}
{"ts":"2026-08-08T14:14:43.254Z","tool":"get_test_job","type":"tool","status":"SUCCESS","ms":0,"params":{"job_id":"5320d3d3d6aa4cec972fa69d9496e4c7","includeFailedTests":true}}
{"ts":"2026-08-08T14:14:45.354Z","tool":"get_test_job","type":"tool","status":"SUCCESS","ms":0,"params":{"job_id":"5320d3d3d6aa4cec972fa69d9496e4c7","includeFailedTests":true}}
{"ts":"2026-08-08T14:14:47.554Z","tool":"get_test_job","type":"tool","status":"SUCCESS","ms":0,"params":{"job_id":"5320d3d3d6aa4cec972fa69d9496e4c7","includeFailedTests":true}}
{"ts":"2026-08-08T14:14:49.654Z","tool":"get_test_job","type":"tool","status":"SUCCESS","ms":0,"params":{"job_id":"5320d3d3d6aa4cec972fa69d9496e4c7","includeFailedTests":true}}
{"ts":"2026-08-08T14:14:51.754Z","tool":"get_test_job","type":"tool","status":"SUCCESS","ms":0,"params":{"job_id":"5320d3d3d6aa4cec972fa69d9496e4c7","includeFailedTests":true}}
{"ts":"2026-08-08T14:14:53.854Z","tool":"get_test_job","type":"tool","status":"SUCCESS","ms":0,"params":{"job_id":"5320d3d3d6aa4cec972fa69d9496e4c7","includeFailedTests":true}}
{"ts":"2026-08-08T14:14:55.954Z","tool":"get_test_job","type":"tool","status":"SUCCESS","ms":0,"params":{"job_id":"5320d3d3d6aa4cec972fa69d9496e4c7","includeFailedTests":true}}
{"ts":"2026-08-08T14:14:58.054Z","tool":"get_test_job","type":"tool","status":"SUCCESS","ms":0,"params":{"job_id":"5320d3d3d6aa4cec972fa69d9496e4c7","includeFailedTests":true}}
{"ts":"2026-08-08T14:15:00.153Z","tool":"get_test_job","type":"tool","status":"SUCCESS","ms":0,"params":{"job_id":"5320d3d3d6aa4cec972fa69d9496e4c7","includeFailedTests":true}}
{"ts":"2026-08-08T14:15:02.354Z","tool":"get_test_job","type":"tool","status":"SUCCESS","ms":0,"params":{"job_id":"5320d3d3d6aa4cec972fa69d9496e4c7","includeFailedTests":true}}
{"ts":"2026-08-08T14:15:04.454Z","tool":"get_test_job","type":"tool","status":"SUCCESS","ms":0,"params":{"job_id":"5320d3d3d6aa4cec972fa69d9496e4c7","includeFailedTests":true}}
{"ts":"2026-08-08T14:15:06.654Z","tool":"get_test_job","type":"tool","status":"SUCCESS","ms":0,"params":{"job_id":"5320d3d3d6aa4cec972fa69d9496e4c7","includeFailedTests":true}}
{"ts":"2026-08-08T14:15:08.754Z","tool":"get_test_job","type":"tool","status":"SUCCESS","ms":0,"params":{"job_id":"5320d3d3d6aa4cec972fa69d9496e4c7","includeFailedTests":true}}
{"ts":"2026-08-08T14:15:10.954Z","tool":"get_test_job","type":"tool","status":"SUCCESS","ms":0,"params":{"job_id":"5320d3d3d6aa4cec972fa69d9496e4c7","includeFailedTests":true}}
{"ts":"2026-08-08T14:15:13.154Z","tool":"get_test_job","type":"tool","status":"SUCCESS","ms":0,"params":{"job_id":"5320d3d3d6aa4cec972fa69d9496e4c7","includeFailedTests":true}}
{"ts":"2026-08-08T14:15:15.354Z","tool":"get_test_job","type":"tool","status":"SUCCESS","ms":0,"params":{"job_id":"5320d3d3d6aa4cec972fa69d9496e4c7","includeFailedTests":true}}
{"ts":"2026-08-08T14:15:17.554Z","tool":"get_test_job","type":"tool","status":"SUCCESS","ms":0,"params":{"job_id":"5320d3d3d6aa4cec972fa69d9496e4c7","includeFailedTests":true}}
{"ts":"2026-08-08T14:15:19.654Z","tool":"get_test_job","type":"tool","status":"SUCCESS","ms":0,"params":{"job_id":"5320d3d3d6aa4cec972fa69d9496e4c7","includeFailedTests":true}}
{"ts":"2026-08-08T14:15:21.754Z","tool":"get_test_job","type":"tool","status":"SUCCESS","ms":0,"params":{"job_id":"5320d3d3d6aa4cec972fa69d9496e4c7","includeFailedTests":true}}
{"ts":"2026-08-08T14:15:23.854Z","tool":"get_test_job","type":"tool","status":"SUCCESS","ms":0,"params":{"job_id":"5320d3d3d6aa4cec972fa69d9496e4c7","includeFailedTests":true}}
{"ts":"2026-08-08T14:15:25.246Z","tool":"execute_code","type":"tool","status":"SUCCESS","ms":692,"action":"execute","params":{"action":"execute","code":"return new { ka = true };","safety_checks":true,"compiler":"auto"}}
{"ts":"2026-08-08T14:15:25.954Z","tool":"get_test_job","type":"tool","status":"SUCCESS","ms":0,"params":{"job_id":"5320d3d3d6aa4cec972fa69d9496e4c7","includeFailedTests":true}}
{"ts":"2026-08-08T14:15:28.154Z","tool":"get_test_job","type":"tool","status":"SUCCESS","ms":0,"params":{"job_id":"5320d3d3d6aa4cec972fa69d9496e4c7","includeFailedTests":true}}
{"ts":"2026-08-08T14:15:30.254Z","tool":"get_test_job","type":"tool","status":"SUCCESS","ms":0,"params":{"job_id":"5320d3d3d6aa4cec972fa69d9496e4c7","includeFailedTests":true}}
{"ts":"2026-08-08T14:15:32.505Z","tool":"get_test_job","type":"tool","status":"SUCCESS","ms":0,"params":{"job_id":"5320d3d3d6aa4cec972fa69d9496e4c7","includeFailedTests":true}}
{"ts":"2026-08-08T14:15:34.654Z","tool":"get_test_job","type":"tool","status":"SUCCESS","ms":0,"params":{"job_id":"5320d3d3d6aa4cec972fa69d9496e4c7","includeFailedTests":true}}
{"ts":"2026-08-08T14:15:36.754Z","tool":"get_test_job","type":"tool","status":"SUCCESS","ms":0,"params":{"job_id":"5320d3d3d6aa4cec972fa69d9496e4c7","includeFailedTests":true}}
{"ts":"2026-08-08T14:15:38.854Z","tool":"get_test_job","type":"tool","status":"SUCCESS","ms":0,"params":{"job_id":"5320d3d3d6aa4cec972fa69d9496e4c7","includeFailedTests":true}}
{"ts":"2026-08-08T14:15:40.954Z","tool":"get_test_job","type":"tool","status":"SUCCESS","ms":0,"params":{"job_id":"5320d3d3d6aa4cec972fa69d9496e4c7","includeFailedTests":true}}
{"ts":"2026-08-08T14:15:43.154Z","tool":"get_test_job","type":"tool","status":"SUCCESS","ms":0,"params":{"job_id":"5320d3d3d6aa4cec972fa69d9496e4c7","includeFailedTests":true}}
{"ts":"2026-08-08T14:15:45.254Z","tool":"get_test_job","type":"tool","status":"SUCCESS","ms":0,"params":{"job_id":"5320d3d3d6aa4cec972fa69d9496e4c7","includeFailedTests":true}}
{"ts":"2026-08-08T14:15:47.454Z","tool":"get_test_job","type":"tool","status":"SUCCESS","ms":0,"params":{"job_id":"5320d3d3d6aa4cec972fa69d9496e4c7","includeFailedTests":true}}
{"ts":"2026-08-08T14:15:49.554Z","tool":"get_test_job","type":"tool","status":"SUCCESS","ms":0,"params":{"job_id":"5320d3d3d6aa4cec972fa69d9496e4c7","includeFailedTests":true}}
{"ts":"2026-08-08T14:15:51.654Z","tool":"get_test_job","type":"tool","status":"SUCCESS","ms":0,"params":{"job_id":"5320d3d3d6aa4cec972fa69d9496e4c7","includeFailedTests":true}}
{"ts":"2026-08-08T14:15:54.054Z","tool":"get_test_job","type":"tool","status":"SUCCESS","ms":0,"params":{"job_id":"5320d3d3d6aa4cec972fa69d9496e4c7","includeFailedTests":true}}
{"ts":"2026-08-08T14:15:56.254Z","tool":"get_test_job","type":"tool","status":"SUCCESS","ms":0,"params":{"job_id":"5320d3d3d6aa4cec972fa69d9496e4c7","includeFailedTests":true}}
{"ts":"2026-08-08T14:15:58.568Z","tool":"get_test_job","type":"tool","status":"SUCCESS","ms":6,"params":{"job_id":"5320d3d3d6aa4cec972fa69d9496e4c7","includeFailedTests":true}}
{"ts":"2026-08-08T14:16:26.080Z","tool":"execute_code","type":"tool","status":"SUCCESS","ms":713,"action":"execute","params":{"action":"execute","code":"return new { ka = true };","safety_checks":true,"compiler":"auto"}}
{"ts":"2026-08-08T14:17:26.863Z","tool":"execute_code","type":"tool","status":"SUCCESS","ms":697,"action":"execute","params":{"action":"execute","code":"return new { ka = true };","safety_checks":true,"compiler":"auto"}}
{"ts":"2026-08-08T14:17:28.424Z","tool":"get_editor_state","type":"resource","status":"SUCCESS","ms":0,"params":{}}
{"ts":"2026-08-08T14:17:28.467Z","tool":"get_project_info","type":"resource","status":"SUCCESS","ms":0,"params":{}}
{"ts":"2026-08-08T14:17:28.866Z","tool":"get_editor_state","type":"resource","status":"SUCCESS","ms":0,"params":{}}
{"ts":"2026-08-08T14:17:29.066Z","tool":"get_project_info","type":"resource","status":"SUCCESS","ms":0,"params":{}}
{"ts":"2026-08-08T14:17:29.466Z","tool":"get_editor_state","type":"resource","status":"SUCCESS","ms":0,"params":{}}
{"ts":"2026-08-08T14:17:29.566Z","tool":"get_project_info","type":"resource","status":"SUCCESS","ms":0,"params":{}}
{"ts":"2026-08-08T14:17:30.066Z","tool":"get_editor_state","type":"resource","status":"SUCCESS","ms":0,"params":{}}
{"ts":"2026-08-08T14:17:30.266Z","tool":"get_project_info","type":"resource","status":"SUCCESS","ms":0,"params":{}}
{"ts":"2026-08-08T14:17:36.068Z","event":"session_start","unity":"6000.3.4f1"}
{"ts":"2026-08-08T14:17:36.068Z","tool":"get_editor_state","type":"resource","status":"SUCCESS","ms":1,"params":{}}
{"ts":"2026-08-08T14:17:36.268Z","tool":"get_project_info","type":"resource","status":"SUCCESS","ms":1,"params":{}}
{"ts":"2026-08-08T14:17:53.066Z","tool":"get_editor_state","type":"resource","status":"SUCCESS","ms":0,"params":{}}
{"ts":"2026-08-08T14:17:53.266Z","tool":"get_project_info","type":"resource","status":"SUCCESS","ms":0,"params":{}}
{"ts":"2026-08-08T14:17:57.369Z","tool":"get_test_job","type":"tool","status":"SUCCESS","ms":0,"params":{"job_id":"17472366e3c34dbba8e1b66f024de0c5","includeFailedTests":true}}
{"ts":"2026-08-08T14:18:03.809Z","tool":"get_test_job","type":"tool","status":"SUCCESS","ms":0,"params":{"job_id":"17472366e3c34dbba8e1b66f024de0c5","includeFailedTests":true}}
{"ts":"2026-08-08T14:18:06.009Z","tool":"get_test_job","type":"tool","status":"SUCCESS","ms":0,"params":{"job_id":"17472366e3c34dbba8e1b66f024de0c5","includeFailedTests":true}}
{"ts":"2026-08-08T14:18:08.110Z","tool":"get_test_job","type":"tool","status":"SUCCESS","ms":0,"params":{"job_id":"17472366e3c34dbba8e1b66f024de0c5","includeFailedTests":true}}
{"ts":"2026-08-08T14:18:10.308Z","tool":"get_test_job","type":"tool","status":"SUCCESS","ms":0,"params":{"job_id":"17472366e3c34dbba8e1b66f024de0c5","includeFailedTests":true}}
{"ts":"2026-08-08T14:18:12.410Z","tool":"get_test_job","type":"tool","status":"SUCCESS","ms":0,"params":{"job_id":"17472366e3c34dbba8e1b66f024de0c5","includeFailedTests":true}}
{"ts":"2026-08-08T14:18:14.609Z","tool":"get_test_job","type":"tool","status":"SUCCESS","ms":0,"params":{"job_id":"17472366e3c34dbba8e1b66f024de0c5","includeFailedTests":true}}
{"ts":"2026-08-08T14:18:16.710Z","tool":"get_test_job","type":"tool","status":"SUCCESS","ms":0,"params":{"job_id":"17472366e3c34dbba8e1b66f024de0c5","includeFailedTests":true}}
{"ts":"2026-08-08T14:18:18.810Z","tool":"get_test_job","type":"tool","status":"SUCCESS","ms":0,"params":{"job_id":"17472366e3c34dbba8e1b66f024de0c5","includeFailedTests":true}}
{"ts":"2026-08-08T14:18:21.011Z","tool":"get_test_job","type":"tool","status":"SUCCESS","ms":0,"params":{"job_id":"17472366e3c34dbba8e1b66f024de0c5","includeFailedTests":true}}
{"ts":"2026-08-08T14:18:23.210Z","tool":"get_test_job","type":"tool","status":"SUCCESS","ms":0,"params":{"job_id":"17472366e3c34dbba8e1b66f024de0c5","includeFailedTests":true}}
{"ts":"2026-08-08T14:18:25.410Z","tool":"get_test_job","type":"tool","status":"SUCCESS","ms":0,"params":{"job_id":"17472366e3c34dbba8e1b66f024de0c5","includeFailedTests":true}}
{"ts":"2026-08-08T14:18:27.853Z","tool":"execute_code","type":"tool","status":"SUCCESS","ms":744,"action":"execute","params":{"action":"execute","code":"return new { ka = true };","safety_checks":true,"compiler":"auto"}}
{"ts":"2026-08-08T14:18:28.310Z","tool":"get_test_job","type":"tool","status":"SUCCESS","ms":0,"params":{"job_id":"17472366e3c34dbba8e1b66f024de0c5","includeFailedTests":true}}
{"ts":"2026-08-08T14:18:30.510Z","tool":"get_test_job","type":"tool","status":"SUCCESS","ms":0,"params":{"job_id":"17472366e3c34dbba8e1b66f024de0c5","includeFailedTests":true}}
{"ts":"2026-08-08T14:18:32.609Z","tool":"get_test_job","type":"tool","status":"SUCCESS","ms":0,"params":{"job_id":"17472366e3c34dbba8e1b66f024de0c5","includeFailedTests":true}}
{"ts":"2026-08-08T14:18:34.809Z","tool":"get_test_job","type":"tool","status":"SUCCESS","ms":0,"params":{"job_id":"17472366e3c34dbba8e1b66f024de0c5","includeFailedTests":true}}
{"ts":"2026-08-08T14:18:36.911Z","tool":"get_test_job","type":"tool","status":"SUCCESS","ms":0,"params":{"job_id":"17472366e3c34dbba8e1b66f024de0c5","includeFailedTests":true}}
{"ts":"2026-08-08T14:18:39.010Z","tool":"get_test_job","type":"tool","status":"SUCCESS","ms":0,"params":{"job_id":"17472366e3c34dbba8e1b66f024de0c5","includeFailedTests":true}}
{"ts":"2026-08-08T14:18:41.110Z","tool":"get_test_job","type":"tool","status":"SUCCESS","ms":0,"params":{"job_id":"17472366e3c34dbba8e1b66f024de0c5","includeFailedTests":true}}
{"ts":"2026-08-08T14:18:43.310Z","tool":"get_test_job","type":"tool","status":"SUCCESS","ms":0,"params":{"job_id":"17472366e3c34dbba8e1b66f024de0c5","includeFailedTests":true}}
{"ts":"2026-08-08T14:18:45.411Z","tool":"get_test_job","type":"tool","status":"SUCCESS","ms":0,"params":{"job_id":"17472366e3c34dbba8e1b66f024de0c5","includeFailedTests":true}}
{"ts":"2026-08-08T14:18:47.510Z","tool":"get_test_job","type":"tool","status":"SUCCESS","ms":0,"params":{"job_id":"17472366e3c34dbba8e1b66f024de0c5","includeFailedTests":true}}
{"ts":"2026-08-08T14:18:49.711Z","tool":"get_test_job","type":"tool","status":"SUCCESS","ms":0,"params":{"job_id":"17472366e3c34dbba8e1b66f024de0c5","includeFailedTests":true}}
{"ts":"2026-08-08T14:18:51.810Z","tool":"get_test_job","type":"tool","status":"SUCCESS","ms":0,"params":{"job_id":"17472366e3c34dbba8e1b66f024de0c5","includeFailedTests":true}}
{"ts":"2026-08-08T14:18:53.911Z","tool":"get_test_job","type":"tool","status":"SUCCESS","ms":0,"params":{"job_id":"17472366e3c34dbba8e1b66f024de0c5","includeFailedTests":true}}
{"ts":"2026-08-08T14:18:56.010Z","tool":"get_test_job","type":"tool","status":"SUCCESS","ms":0,"params":{"job_id":"17472366e3c34dbba8e1b66f024de0c5","includeFailedTests":true}}
{"ts":"2026-08-08T14:18:58.110Z","tool":"get_test_job","type":"tool","status":"SUCCESS","ms":0,"params":{"job_id":"17472366e3c34dbba8e1b66f024de0c5","includeFailedTests":true}}
{"ts":"2026-08-08T14:19:00.210Z","tool":"get_test_job","type":"tool","status":"SUCCESS","ms":0,"params":{"job_id":"17472366e3c34dbba8e1b66f024de0c5","includeFailedTests":true}}
{"ts":"2026-08-08T14:19:02.311Z","tool":"get_test_job","type":"tool","status":"SUCCESS","ms":0,"params":{"job_id":"17472366e3c34dbba8e1b66f024de0c5","includeFailedTests":true}}
{"ts":"2026-08-08T14:19:04.410Z","tool":"get_test_job","type":"tool","status":"SUCCESS","ms":0,"params":{"job_id":"17472366e3c34dbba8e1b66f024de0c5","includeFailedTests":true}}
{"ts":"2026-08-08T14:19:06.510Z","tool":"get_test_job","type":"tool","status":"SUCCESS","ms":0,"params":{"job_id":"17472366e3c34dbba8e1b66f024de0c5","includeFailedTests":true}}
{"ts":"2026-08-08T14:19:08.610Z","tool":"get_test_job","type":"tool","status":"SUCCESS","ms":0,"params":{"job_id":"17472366e3c34dbba8e1b66f024de0c5","includeFailedTests":true}}
{"ts":"2026-08-08T14:19:10.710Z","tool":"get_test_job","type":"tool","status":"SUCCESS","ms":0,"params":{"job_id":"17472366e3c34dbba8e1b66f024de0c5","includeFailedTests":true}}
{"ts":"2026-08-08T14:19:12.809Z","tool":"get_test_job","type":"tool","status":"SUCCESS","ms":0,"params":{"job_id":"17472366e3c34dbba8e1b66f024de0c5","includeFailedTests":true}}
{"ts":"2026-08-08T14:19:15.009Z","tool":"get_test_job","type":"tool","status":"SUCCESS","ms":0,"params":{"job_id":"17472366e3c34dbba8e1b66f024de0c5","includeFailedTests":true}}
{"ts":"2026-08-08T14:19:17.110Z","tool":"get_test_job","type":"tool","status":"SUCCESS","ms":0,"params":{"job_id":"17472366e3c34dbba8e1b66f024de0c5","includeFailedTests":true}}
{"ts":"2026-08-08T14:19:19.310Z","tool":"get_test_job","type":"tool","status":"SUCCESS","ms":0,"params":{"job_id":"17472366e3c34dbba8e1b66f024de0c5","includeFailedTests":true}}
{"ts":"2026-08-08T14:19:21.410Z","tool":"get_test_job","type":"tool","status":"SUCCESS","ms":0,"params":{"job_id":"17472366e3c34dbba8e1b66f024de0c5","includeFailedTests":true}}
{"ts":"2026-08-08T14:19:23.509Z","tool":"get_test_job","type":"tool","status":"SUCCESS","ms":0,"params":{"job_id":"17472366e3c34dbba8e1b66f024de0c5","includeFailedTests":true}}
{"ts":"2026-08-08T14:19:25.622Z","tool":"get_test_job","type":"tool","status":"SUCCESS","ms":0,"params":{"job_id":"17472366e3c34dbba8e1b66f024de0c5","includeFailedTests":true}}
{"ts":"2026-08-08T14:19:28.682Z","tool":"execute_code","type":"tool","status":"SUCCESS","ms":752,"action":"execute","params":{"action":"execute","code":"return new { ka = true };","safety_checks":true,"compiler":"auto"}}
{"ts":"2026-08-08T14:20:29.523Z","tool":"execute_code","type":"tool","status":"SUCCESS","ms":693,"action":"execute","params":{"action":"execute","code":"return new { ka = true };","safety_checks":true,"compiler":"auto"}}
{"ts":"2026-08-08T14:21:30.434Z","tool":"execute_code","type":"tool","status":"SUCCESS","ms":703,"action":"execute","params":{"action":"execute","code":"return new { ka = true };","safety_checks":true,"compiler":"auto"}}
{"ts":"2026-08-08T14:21:58.276Z","tool":"get_editor_state","type":"resource","status":"SUCCESS","ms":0,"params":{}}
{"ts":"2026-08-08T14:21:58.331Z","tool":"get_project_info","type":"resource","status":"SUCCESS","ms":0,"params":{}}
{"ts":"2026-08-08T14:21:59.031Z","tool":"get_editor_state","type":"resource","status":"SUCCESS","ms":0,"params":{}}
{"ts":"2026-08-08T14:21:59.132Z","tool":"get_project_info","type":"resource","status":"SUCCESS","ms":0,"params":{}}
{"ts":"2026-08-08T14:21:59.729Z","tool":"get_editor_state","type":"resource","status":"SUCCESS","ms":0,"params":{}}
{"ts":"2026-08-08T14:21:59.830Z","tool":"get_project_info","type":"resource","status":"SUCCESS","ms":0,"params":{}}
{"ts":"2026-08-08T14:22:00.330Z","tool":"get_editor_state","type":"resource","status":"SUCCESS","ms":0,"params":{}}
{"ts":"2026-08-08T14:22:00.430Z","tool":"get_project_info","type":"resource","status":"SUCCESS","ms":0,"params":{}}
{"ts":"2026-08-08T14:22:06.232Z","event":"session_start","unity":"6000.3.4f1"}
{"ts":"2026-08-08T14:22:06.232Z","tool":"get_editor_state","type":"resource","status":"SUCCESS","ms":1,"params":{}}
{"ts":"2026-08-08T14:22:06.332Z","tool":"get_project_info","type":"resource","status":"SUCCESS","ms":1,"params":{}}
{"ts":"2026-08-08T14:22:24.331Z","tool":"get_editor_state","type":"resource","status":"SUCCESS","ms":0,"params":{}}
{"ts":"2026-08-08T14:22:24.531Z","tool":"get_project_info","type":"resource","status":"SUCCESS","ms":0,"params":{}}
{"ts":"2026-08-08T14:22:31.359Z","tool":"execute_code","type":"tool","status":"SUCCESS","ms":723,"action":"execute","params":{"action":"execute","code":"return new { ka = true };","safety_checks":true,"compiler":"auto"}}
{"ts":"2026-08-08T14:22:31.436Z","tool":"get_test_job","type":"tool","status":"SUCCESS","ms":0,"params":{"job_id":"b6c8ce35e9344a33a78ab431d825b636","includeFailedTests":true}}
{"ts":"2026-08-08T14:22:37.539Z","tool":"get_test_job","type":"tool","status":"SUCCESS","ms":0,"params":{"job_id":"b6c8ce35e9344a33a78ab431d825b636","includeFailedTests":true}}
{"ts":"2026-08-08T14:22:39.639Z","tool":"get_test_job","type":"tool","status":"SUCCESS","ms":0,"params":{"job_id":"b6c8ce35e9344a33a78ab431d825b636","includeFailedTests":true}}
{"ts":"2026-08-08T14:22:42.239Z","tool":"get_test_job","type":"tool","status":"SUCCESS","ms":0,"params":{"job_id":"b6c8ce35e9344a33a78ab431d825b636","includeFailedTests":true}}
{"ts":"2026-08-08T14:22:44.339Z","tool":"get_test_job","type":"tool","status":"SUCCESS","ms":0,"params":{"job_id":"b6c8ce35e9344a33a78ab431d825b636","includeFailedTests":true}}
{"ts":"2026-08-08T14:22:46.439Z","tool":"get_test_job","type":"tool","status":"SUCCESS","ms":0,"params":{"job_id":"b6c8ce35e9344a33a78ab431d825b636","includeFailedTests":true}}
{"ts":"2026-08-08T14:22:48.639Z","tool":"get_test_job","type":"tool","status":"SUCCESS","ms":0,"params":{"job_id":"b6c8ce35e9344a33a78ab431d825b636","includeFailedTests":true}}
{"ts":"2026-08-08T14:22:50.839Z","tool":"get_test_job","type":"tool","status":"SUCCESS","ms":0,"params":{"job_id":"b6c8ce35e9344a33a78ab431d825b636","includeFailedTests":true}}
{"ts":"2026-08-08T14:22:53.039Z","tool":"get_test_job","type":"tool","status":"SUCCESS","ms":0,"params":{"job_id":"b6c8ce35e9344a33a78ab431d825b636","includeFailedTests":true}}
{"ts":"2026-08-08T14:22:55.139Z","tool":"get_test_job","type":"tool","status":"SUCCESS","ms":0,"params":{"job_id":"b6c8ce35e9344a33a78ab431d825b636","includeFailedTests":true}}
{"ts":"2026-08-08T14:22:57.239Z","tool":"get_test_job","type":"tool","status":"SUCCESS","ms":0,"params":{"job_id":"b6c8ce35e9344a33a78ab431d825b636","includeFailedTests":true}}
{"ts":"2026-08-08T14:22:59.439Z","tool":"get_test_job","type":"tool","status":"SUCCESS","ms":0,"params":{"job_id":"b6c8ce35e9344a33a78ab431d825b636","includeFailedTests":true}}
{"ts":"2026-08-08T14:23:01.539Z","tool":"get_test_job","type":"tool","status":"SUCCESS","ms":0,"params":{"job_id":"b6c8ce35e9344a33a78ab431d825b636","includeFailedTests":true}}
{"ts":"2026-08-08T14:23:03.739Z","tool":"get_test_job","type":"tool","status":"SUCCESS","ms":0,"params":{"job_id":"b6c8ce35e9344a33a78ab431d825b636","includeFailedTests":true}}
{"ts":"2026-08-08T14:23:05.939Z","tool":"get_test_job","type":"tool","status":"SUCCESS","ms":0,"params":{"job_id":"b6c8ce35e9344a33a78ab431d825b636","includeFailedTests":true}}
{"ts":"2026-08-08T14:23:08.040Z","tool":"get_test_job","type":"tool","status":"SUCCESS","ms":0,"params":{"job_id":"b6c8ce35e9344a33a78ab431d825b636","includeFailedTests":true}}
{"ts":"2026-08-08T14:23:10.239Z","tool":"get_test_job","type":"tool","status":"SUCCESS","ms":0,"params":{"job_id":"b6c8ce35e9344a33a78ab431d825b636","includeFailedTests":true}}
{"ts":"2026-08-08T14:23:12.339Z","tool":"get_test_job","type":"tool","status":"SUCCESS","ms":0,"params":{"job_id":"b6c8ce35e9344a33a78ab431d825b636","includeFailedTests":true}}
{"ts":"2026-08-08T14:23:14.439Z","tool":"get_test_job","type":"tool","status":"SUCCESS","ms":0,"params":{"job_id":"b6c8ce35e9344a33a78ab431d825b636","includeFailedTests":true}}
{"ts":"2026-08-08T14:23:16.539Z","tool":"get_test_job","type":"tool","status":"SUCCESS","ms":0,"params":{"job_id":"b6c8ce35e9344a33a78ab431d825b636","includeFailedTests":true}}
{"ts":"2026-08-08T14:23:18.739Z","tool":"get_test_job","type":"tool","status":"SUCCESS","ms":0,"params":{"job_id":"b6c8ce35e9344a33a78ab431d825b636","includeFailedTests":true}}
{"ts":"2026-08-08T14:23:20.839Z","tool":"get_test_job","type":"tool","status":"SUCCESS","ms":0,"params":{"job_id":"b6c8ce35e9344a33a78ab431d825b636","includeFailedTests":true}}
{"ts":"2026-08-08T14:23:22.939Z","tool":"get_test_job","type":"tool","status":"SUCCESS","ms":0,"params":{"job_id":"b6c8ce35e9344a33a78ab431d825b636","includeFailedTests":true}}
{"ts":"2026-08-08T14:23:25.039Z","tool":"get_test_job","type":"tool","status":"SUCCESS","ms":0,"params":{"job_id":"b6c8ce35e9344a33a78ab431d825b636","includeFailedTests":true}}
{"ts":"2026-08-08T14:23:27.139Z","tool":"get_test_job","type":"tool","status":"SUCCESS","ms":0,"params":{"job_id":"b6c8ce35e9344a33a78ab431d825b636","includeFailedTests":true}}
{"ts":"2026-08-08T14:23:29.239Z","tool":"get_test_job","type":"tool","status":"SUCCESS","ms":0,"params":{"job_id":"b6c8ce35e9344a33a78ab431d825b636","includeFailedTests":true}}
{"ts":"2026-08-08T14:23:31.339Z","tool":"get_test_job","type":"tool","status":"SUCCESS","ms":0,"params":{"job_id":"b6c8ce35e9344a33a78ab431d825b636","includeFailedTests":true}}
{"ts":"2026-08-08T14:23:32.133Z","tool":"execute_code","type":"tool","status":"SUCCESS","ms":693,"action":"execute","params":{"action":"execute","code":"return new { ka = true };","safety_checks":true,"compiler":"auto"}}
{"ts":"2026-08-08T14:23:33.439Z","tool":"get_test_job","type":"tool","status":"SUCCESS","ms":0,"params":{"job_id":"b6c8ce35e9344a33a78ab431d825b636","includeFailedTests":true}}
{"ts":"2026-08-08T14:23:35.539Z","tool":"get_test_job","type":"tool","status":"SUCCESS","ms":0,"params":{"job_id":"b6c8ce35e9344a33a78ab431d825b636","includeFailedTests":true}}
{"ts":"2026-08-08T14:23:37.639Z","tool":"get_test_job","type":"tool","status":"SUCCESS","ms":0,"params":{"job_id":"b6c8ce35e9344a33a78ab431d825b636","includeFailedTests":true}}
{"ts":"2026-08-08T14:23:39.739Z","tool":"get_test_job","type":"tool","status":"SUCCESS","ms":0,"params":{"job_id":"b6c8ce35e9344a33a78ab431d825b636","includeFailedTests":true}}
{"ts":"2026-08-08T14:23:41.839Z","tool":"get_test_job","type":"tool","status":"SUCCESS","ms":0,"params":{"job_id":"b6c8ce35e9344a33a78ab431d825b636","includeFailedTests":true}}
{"ts":"2026-08-08T14:23:44.039Z","tool":"get_test_job","type":"tool","status":"SUCCESS","ms":0,"params":{"job_id":"b6c8ce35e9344a33a78ab431d825b636","includeFailedTests":true}}
{"ts":"2026-08-08T14:23:46.139Z","tool":"get_test_job","type":"tool","status":"SUCCESS","ms":0,"params":{"job_id":"b6c8ce35e9344a33a78ab431d825b636","includeFailedTests":true}}
{"ts":"2026-08-08T14:23:48.239Z","tool":"get_test_job","type":"tool","status":"SUCCESS","ms":0,"params":{"job_id":"b6c8ce35e9344a33a78ab431d825b636","includeFailedTests":true}}
{"ts":"2026-08-08T14:23:50.439Z","tool":"get_test_job","type":"tool","status":"SUCCESS","ms":0,"params":{"job_id":"b6c8ce35e9344a33a78ab431d825b636","includeFailedTests":true}}
{"ts":"2026-08-08T14:23:52.538Z","tool":"get_test_job","type":"tool","status":"SUCCESS","ms":0,"params":{"job_id":"b6c8ce35e9344a33a78ab431d825b636","includeFailedTests":true}}
{"ts":"2026-08-08T14:23:54.639Z","tool":"get_test_job","type":"tool","status":"SUCCESS","ms":0,"params":{"job_id":"b6c8ce35e9344a33a78ab431d825b636","includeFailedTests":true}}
{"ts":"2026-08-08T14:23:56.739Z","tool":"get_test_job","type":"tool","status":"SUCCESS","ms":0,"params":{"job_id":"b6c8ce35e9344a33a78ab431d825b636","includeFailedTests":true}}
{"ts":"2026-08-08T14:23:58.943Z","tool":"get_test_job","type":"tool","status":"SUCCESS","ms":0,"params":{"job_id":"b6c8ce35e9344a33a78ab431d825b636","includeFailedTests":true}}
{"ts":"2026-08-08T14:24:19.352Z","tool":"get_editor_state","type":"resource","status":"SUCCESS","ms":0,"params":{}}
{"ts":"2026-08-08T14:24:19.453Z","tool":"get_project_info","type":"resource","status":"SUCCESS","ms":0,"params":{}}
{"ts":"2026-08-08T14:24:20.051Z","tool":"get_editor_state","type":"resource","status":"SUCCESS","ms":0,"params":{}}
{"ts":"2026-08-08T14:24:20.151Z","tool":"get_project_info","type":"resource","status":"SUCCESS","ms":0,"params":{}}
{"ts":"2026-08-08T14:24:25.358Z","event":"session_start","unity":"6000.3.4f1"}
{"ts":"2026-08-08T14:24:25.358Z","tool":"get_editor_state","type":"resource","status":"SUCCESS","ms":1,"params":{}}
{"ts":"2026-08-08T14:24:25.552Z","tool":"get_project_info","type":"resource","status":"SUCCESS","ms":1,"params":{}}
{"ts":"2026-08-08T14:24:32.898Z","tool":"execute_code","type":"tool","status":"SUCCESS","ms":646,"action":"execute","params":{"action":"execute","code":"return new { ka = true };","safety_checks":true,"compiler":"auto"}}
{"ts":"2026-08-08T14:24:42.752Z","tool":"get_editor_state","type":"resource","status":"SUCCESS","ms":0,"params":{}}
{"ts":"2026-08-08T14:24:42.952Z","tool":"get_project_info","type":"resource","status":"SUCCESS","ms":0,"params":{}}
{"ts":"2026-08-08T14:24:48.256Z","tool":"get_test_job","type":"tool","status":"SUCCESS","ms":1,"params":{"job_id":"7f44a0d8cc8240e08d125d5d31e79132","includeFailedTests":true}}
{"ts":"2026-08-08T14:24:54.313Z","tool":"get_test_job","type":"tool","status":"SUCCESS","ms":0,"params":{"job_id":"7f44a0d8cc8240e08d125d5d31e79132","includeFailedTests":true}}
{"ts":"2026-08-08T14:24:56.513Z","tool":"get_test_job","type":"tool","status":"SUCCESS","ms":0,"params":{"job_id":"7f44a0d8cc8240e08d125d5d31e79132","includeFailedTests":true}}
{"ts":"2026-08-08T14:24:58.612Z","tool":"get_test_job","type":"tool","status":"SUCCESS","ms":0,"params":{"job_id":"7f44a0d8cc8240e08d125d5d31e79132","includeFailedTests":true}}
{"ts":"2026-08-08T14:25:00.713Z","tool":"get_test_job","type":"tool","status":"SUCCESS","ms":0,"params":{"job_id":"7f44a0d8cc8240e08d125d5d31e79132","includeFailedTests":true}}
{"ts":"2026-08-08T14:25:02.812Z","tool":"get_test_job","type":"tool","status":"SUCCESS","ms":0,"params":{"job_id":"7f44a0d8cc8240e08d125d5d31e79132","includeFailedTests":true}}
{"ts":"2026-08-08T14:25:04.913Z","tool":"get_test_job","type":"tool","status":"SUCCESS","ms":0,"params":{"job_id":"7f44a0d8cc8240e08d125d5d31e79132","includeFailedTests":true}}
{"ts":"2026-08-08T14:25:07.113Z","tool":"get_test_job","type":"tool","status":"SUCCESS","ms":0,"params":{"job_id":"7f44a0d8cc8240e08d125d5d31e79132","includeFailedTests":true}}
{"ts":"2026-08-08T14:25:09.211Z","tool":"get_test_job","type":"tool","status":"SUCCESS","ms":0,"params":{"job_id":"7f44a0d8cc8240e08d125d5d31e79132","includeFailedTests":true}}
{"ts":"2026-08-08T14:25:11.313Z","tool":"get_test_job","type":"tool","status":"SUCCESS","ms":0,"params":{"job_id":"7f44a0d8cc8240e08d125d5d31e79132","includeFailedTests":true}}
{"ts":"2026-08-08T14:25:13.411Z","tool":"get_test_job","type":"tool","status":"SUCCESS","ms":0,"params":{"job_id":"7f44a0d8cc8240e08d125d5d31e79132","includeFailedTests":true}}
{"ts":"2026-08-08T14:25:15.613Z","tool":"get_test_job","type":"tool","status":"SUCCESS","ms":0,"params":{"job_id":"7f44a0d8cc8240e08d125d5d31e79132","includeFailedTests":true}}
{"ts":"2026-08-08T14:25:17.811Z","tool":"get_test_job","type":"tool","status":"SUCCESS","ms":0,"params":{"job_id":"7f44a0d8cc8240e08d125d5d31e79132","includeFailedTests":true}}
{"ts":"2026-08-08T14:25:20.012Z","tool":"get_test_job","type":"tool","status":"SUCCESS","ms":0,"params":{"job_id":"7f44a0d8cc8240e08d125d5d31e79132","includeFailedTests":true}}
{"ts":"2026-08-08T14:25:22.211Z","tool":"get_test_job","type":"tool","status":"SUCCESS","ms":0,"params":{"job_id":"7f44a0d8cc8240e08d125d5d31e79132","includeFailedTests":true}}
{"ts":"2026-08-08T14:25:24.412Z","tool":"get_test_job","type":"tool","status":"SUCCESS","ms":0,"params":{"job_id":"7f44a0d8cc8240e08d125d5d31e79132","includeFailedTests":true}}
{"ts":"2026-08-08T14:25:26.513Z","tool":"get_test_job","type":"tool","status":"SUCCESS","ms":0,"params":{"job_id":"7f44a0d8cc8240e08d125d5d31e79132","includeFailedTests":true}}
{"ts":"2026-08-08T14:25:28.613Z","tool":"get_test_job","type":"tool","status":"SUCCESS","ms":0,"params":{"job_id":"7f44a0d8cc8240e08d125d5d31e79132","includeFailedTests":true}}
{"ts":"2026-08-08T14:25:30.713Z","tool":"get_test_job","type":"tool","status":"SUCCESS","ms":0,"params":{"job_id":"7f44a0d8cc8240e08d125d5d31e79132","includeFailedTests":true}}
{"ts":"2026-08-08T14:25:32.812Z","tool":"get_test_job","type":"tool","status":"SUCCESS","ms":0,"params":{"job_id":"7f44a0d8cc8240e08d125d5d31e79132","includeFailedTests":true}}
{"ts":"2026-08-08T14:25:33.715Z","tool":"execute_code","type":"tool","status":"SUCCESS","ms":702,"action":"execute","params":{"action":"execute","code":"return new { ka = true };","safety_checks":true,"compiler":"auto"}}
{"ts":"2026-08-08T14:25:34.912Z","tool":"get_test_job","type":"tool","status":"SUCCESS","ms":0,"params":{"job_id":"7f44a0d8cc8240e08d125d5d31e79132","includeFailedTests":true}}
{"ts":"2026-08-08T14:25:37.113Z","tool":"get_test_job","type":"tool","status":"SUCCESS","ms":0,"params":{"job_id":"7f44a0d8cc8240e08d125d5d31e79132","includeFailedTests":true}}
{"ts":"2026-08-08T14:25:39.212Z","tool":"get_test_job","type":"tool","status":"SUCCESS","ms":0,"params":{"job_id":"7f44a0d8cc8240e08d125d5d31e79132","includeFailedTests":true}}
{"ts":"2026-08-08T14:25:41.412Z","tool":"get_test_job","type":"tool","status":"SUCCESS","ms":0,"params":{"job_id":"7f44a0d8cc8240e08d125d5d31e79132","includeFailedTests":true}}
{"ts":"2026-08-08T14:25:43.513Z","tool":"get_test_job","type":"tool","status":"SUCCESS","ms":0,"params":{"job_id":"7f44a0d8cc8240e08d125d5d31e79132","includeFailedTests":true}}
{"ts":"2026-08-08T14:25:45.613Z","tool":"get_test_job","type":"tool","status":"SUCCESS","ms":0,"params":{"job_id":"7f44a0d8cc8240e08d125d5d31e79132","includeFailedTests":true}}
{"ts":"2026-08-08T14:25:47.713Z","tool":"get_test_job","type":"tool","status":"SUCCESS","ms":0,"params":{"job_id":"7f44a0d8cc8240e08d125d5d31e79132","includeFailedTests":true}}
{"ts":"2026-08-08T14:25:49.813Z","tool":"get_test_job","type":"tool","status":"SUCCESS","ms":0,"params":{"job_id":"7f44a0d8cc8240e08d125d5d31e79132","includeFailedTests":true}}
{"ts":"2026-08-08T14:25:51.913Z","tool":"get_test_job","type":"tool","status":"SUCCESS","ms":0,"params":{"job_id":"7f44a0d8cc8240e08d125d5d31e79132","includeFailedTests":true}}
{"ts":"2026-08-08T14:25:54.113Z","tool":"get_test_job","type":"tool","status":"SUCCESS","ms":0,"params":{"job_id":"7f44a0d8cc8240e08d125d5d31e79132","includeFailedTests":true}}
{"ts":"2026-08-08T14:25:56.311Z","tool":"get_test_job","type":"tool","status":"SUCCESS","ms":0,"params":{"job_id":"7f44a0d8cc8240e08d125d5d31e79132","includeFailedTests":true}}
{"ts":"2026-08-08T14:25:58.513Z","tool":"get_test_job","type":"tool","status":"SUCCESS","ms":0,"params":{"job_id":"7f44a0d8cc8240e08d125d5d31e79132","includeFailedTests":true}}
{"ts":"2026-08-08T14:26:00.613Z","tool":"get_test_job","type":"tool","status":"SUCCESS","ms":0,"params":{"job_id":"7f44a0d8cc8240e08d125d5d31e79132","includeFailedTests":true}}
{"ts":"2026-08-08T14:26:02.713Z","tool":"get_test_job","type":"tool","status":"SUCCESS","ms":0,"params":{"job_id":"7f44a0d8cc8240e08d125d5d31e79132","includeFailedTests":true}}
{"ts":"2026-08-08T14:26:04.912Z","tool":"get_test_job","type":"tool","status":"SUCCESS","ms":0,"params":{"job_id":"7f44a0d8cc8240e08d125d5d31e79132","includeFailedTests":true}}
{"ts":"2026-08-08T14:26:07.012Z","tool":"get_test_job","type":"tool","status":"SUCCESS","ms":0,"params":{"job_id":"7f44a0d8cc8240e08d125d5d31e79132","includeFailedTests":true}}
{"ts":"2026-08-08T14:26:09.912Z","tool":"get_test_job","type":"tool","status":"SUCCESS","ms":0,"params":{"job_id":"7f44a0d8cc8240e08d125d5d31e79132","includeFailedTests":true}}
{"ts":"2026-08-08T14:26:12.013Z","tool":"get_test_job","type":"tool","status":"SUCCESS","ms":0,"params":{"job_id":"7f44a0d8cc8240e08d125d5d31e79132","includeFailedTests":true}}
{"ts":"2026-08-08T14:26:14.120Z","tool":"get_test_job","type":"tool","status":"SUCCESS","ms":2,"params":{"job_id":"7f44a0d8cc8240e08d125d5d31e79132","includeFailedTests":true}}
{"ts":"2026-08-08T14:26:34.437Z","tool":"execute_code","type":"tool","status":"SUCCESS","ms":617,"action":"execute","params":{"action":"execute","code":"return new { ka = true };","safety_checks":true,"compiler":"auto"}}
{"ts":"2026-08-08T14:27:35.212Z","tool":"execute_code","type":"tool","status":"SUCCESS","ms":704,"action":"execute","params":{"action":"execute","code":"return new { ka = true };","safety_checks":true,"compiler":"auto"}}
{"ts":"2026-08-08T14:28:35.931Z","tool":"execute_code","type":"tool","status":"SUCCESS","ms":650,"action":"execute","params":{"action":"execute","code":"return new { ka = true };","safety_checks":true,"compiler":"auto"}}
{"ts":"2026-08-08T14:29:36.676Z","tool":"execute_code","type":"tool","status":"SUCCESS","ms":684,"action":"execute","params":{"action":"execute","code":"return new { ka = true };","safety_checks":true,"compiler":"auto"}}
{"ts":"2026-08-08T14:30:37.410Z","tool":"execute_code","type":"tool","status":"SUCCESS","ms":680,"action":"execute","params":{"action":"execute","code":"return new { ka = true };","safety_checks":true,"compiler":"auto"}}
{"ts":"2026-08-08T14:31:38.159Z","tool":"execute_code","type":"tool","status":"SUCCESS","ms":684,"action":"execute","params":{"action":"execute","code":"return new { ka = true };","safety_checks":true,"compiler":"auto"}}
{"ts":"2026-08-08T14:32:38.887Z","tool":"execute_code","type":"tool","status":"SUCCESS","ms":682,"action":"execute","params":{"action":"execute","code":"return new { ka = true };","safety_checks":true,"compiler":"auto"}}
{"ts":"2026-08-08T14:33:39.610Z","tool":"execute_code","type":"tool","status":"SUCCESS","ms":675,"action":"execute","params":{"action":"execute","code":"return new { ka = true };","safety_checks":true,"compiler":"auto"}}
{"ts":"2026-08-08T14:34:40.355Z","tool":"execute_code","type":"tool","status":"SUCCESS","ms":680,"action":"execute","params":{"action":"execute","code":"return new { ka = true };","safety_checks":true,"compiler":"auto"}}
{"ts":"2026-08-08T14:35:41.089Z","tool":"execute_code","type":"tool","status":"SUCCESS","ms":668,"action":"execute","params":{"action":"execute","code":"return new { ka = true };","safety_checks":true,"compiler":"auto"}}
{"ts":"2026-08-08T14:36:41.776Z","tool":"execute_code","type":"tool","status":"SUCCESS","ms":624,"action":"execute","params":{"action":"execute","code":"return new { ka = true };","safety_checks":true,"compiler":"auto"}}
{"ts":"2026-08-08T14:37:42.517Z","tool":"execute_code","type":"tool","status":"SUCCESS","ms":680,"action":"execute","params":{"action":"execute","code":"return new { ka = true };","safety_checks":true,"compiler":"auto"}}
{"ts":"2026-08-08T14:38:43.249Z","tool":"execute_code","type":"tool","status":"SUCCESS","ms":662,"action":"execute","params":{"action":"execute","code":"return new { ka = true };","safety_checks":true,"compiler":"auto"}}
{"ts":"2026-08-08T14:39:43.989Z","tool":"execute_code","type":"tool","status":"SUCCESS","ms":675,"action":"execute","params":{"action":"execute","code":"return new { ka = true };","safety_checks":true,"compiler":"auto"}}
{"ts":"2026-08-08T14:40:44.716Z","tool":"execute_code","type":"tool","status":"SUCCESS","ms":672,"action":"execute","params":{"action":"execute","code":"return new { ka = true };","safety_checks":true,"compiler":"auto"}}
{"ts":"2026-08-08T14:41:45.443Z","tool":"execute_code","type":"tool","status":"SUCCESS","ms":659,"action":"execute","params":{"action":"execute","code":"return new { ka = true };","safety_checks":true,"compiler":"auto"}}
{"ts":"2026-08-08T14:42:46.149Z","tool":"execute_code","type":"tool","status":"SUCCESS","ms":646,"action":"execute","params":{"action":"execute","code":"return new { ka = true };","safety_checks":true,"compiler":"auto"}}
{"ts":"2026-08-08T14:43:46.828Z","tool":"execute_code","type":"tool","status":"SUCCESS","ms":611,"action":"execute","params":{"action":"execute","code":"return new { ka = true };","safety_checks":true,"compiler":"auto"}}
{"ts":"2026-08-08T14:44:47.460Z","tool":"execute_code","type":"tool","status":"SUCCESS","ms":572,"action":"execute","params":{"action":"execute","code":"return new { ka = true };","safety_checks":true,"compiler":"auto"}}
{"ts":"2026-08-08T14:45:48.168Z","tool":"execute_code","type":"tool","status":"SUCCESS","ms":645,"action":"execute","params":{"action":"execute","code":"return new { ka = true };","safety_checks":true,"compiler":"auto"}}
{"ts":"2026-08-08T14:46:49.139Z","tool":"execute_code","type":"tool","status":"SUCCESS","ms":731,"action":"execute","params":{"action":"execute","code":"return new { ka = true };","safety_checks":true,"compiler":"auto"}}
{"ts":"2026-08-08T14:47:49.962Z","tool":"execute_code","type":"tool","status":"SUCCESS","ms":754,"action":"execute","params":{"action":"execute","code":"return new { ka = true };","safety_checks":true,"compiler":"auto"}}
{"ts":"2026-08-08T14:48:50.732Z","tool":"execute_code","type":"tool","status":"SUCCESS","ms":702,"action":"execute","params":{"action":"execute","code":"return new { ka = true };","safety_checks":true,"compiler":"auto"}}
{"ts":"2026-08-08T14:49:51.604Z","tool":"execute_code","type":"tool","status":"SUCCESS","ms":797,"action":"execute","params":{"action":"execute","code":"return new { ka = true };","safety_checks":true,"compiler":"auto"}}
{"ts":"2026-08-08T14:50:52.445Z","tool":"execute_code","type":"tool","status":"SUCCESS","ms":757,"action":"execute","params":{"action":"execute","code":"return new { ka = true };","safety_checks":true,"compiler":"auto"}}
{"ts":"2026-08-08T14:51:53.279Z","tool":"execute_code","type":"tool","status":"SUCCESS","ms":755,"action":"execute","params":{"action":"execute","code":"return new { ka = true };","safety_checks":true,"compiler":"auto"}}
{"ts":"2026-08-08T14:52:54.175Z","tool":"execute_code","type":"tool","status":"SUCCESS","ms":788,"action":"execute","params":{"action":"execute","code":"return new { ka = true };","safety_checks":true,"compiler":"auto"}}
{"ts":"2026-08-08T14:53:55.056Z","tool":"execute_code","type":"tool","status":"SUCCESS","ms":803,"action":"execute","params":{"action":"execute","code":"return new { ka = true };","safety_checks":true,"compiler":"auto"}}
{"ts":"2026-08-08T14:54:56.009Z","tool":"execute_code","type":"tool","status":"SUCCESS","ms":855,"action":"execute","params":{"action":"execute","code":"return new { ka = true };","safety_checks":true,"compiler":"auto"}}
{"ts":"2026-08-08T14:55:56.922Z","tool":"execute_code","type":"tool","status":"SUCCESS","ms":807,"action":"execute","params":{"action":"execute","code":"return new { ka = true };","safety_checks":true,"compiler":"auto"}}
{"ts":"2026-08-08T14:56:57.824Z","tool":"execute_code","type":"tool","status":"SUCCESS","ms":807,"action":"execute","params":{"action":"execute","code":"return new { ka = true };","safety_checks":true,"compiler":"auto"}}
{"ts":"2026-08-08T14:57:58.798Z","tool":"execute_code","type":"tool","status":"SUCCESS","ms":790,"action":"execute","params":{"action":"execute","code":"return new { ka = true };","safety_checks":true,"compiler":"auto"}}
{"ts":"2026-08-08T14:58:59.981Z","tool":"execute_code","type":"tool","status":"SUCCESS","ms":972,"action":"execute","params":{"action":"execute","code":"return new { ka = true };","safety_checks":true,"compiler":"auto"}}
{"ts":"2026-08-08T15:00:00.820Z","tool":"execute_code","type":"tool","status":"SUCCESS","ms":712,"action":"execute","params":{"action":"execute","code":"return new { ka = true };","safety_checks":true,"compiler":"auto"}}
{"ts":"2026-08-08T15:01:01.677Z","tool":"execute_code","type":"tool","status":"SUCCESS","ms":769,"action":"execute","params":{"action":"execute","code":"return new { ka = true };","safety_checks":true,"compiler":"auto"}}
{"ts":"2026-08-08T15:02:02.432Z","tool":"execute_code","type":"tool","status":"SUCCESS","ms":679,"action":"execute","params":{"action":"execute","code":"return new { ka = true };","safety_checks":true,"compiler":"auto"}}
{"ts":"2026-08-08T15:03:03.245Z","tool":"execute_code","type":"tool","status":"SUCCESS","ms":732,"action":"execute","params":{"action":"execute","code":"return new { ka = true };","safety_checks":true,"compiler":"auto"}}
{"ts":"2026-08-08T15:04:04.090Z","tool":"execute_code","type":"tool","status":"SUCCESS","ms":770,"action":"execute","params":{"action":"execute","code":"return new { ka = true };","safety_checks":true,"compiler":"auto"}}
{"ts":"2026-08-08T15:05:05.004Z","tool":"execute_code","type":"tool","status":"SUCCESS","ms":790,"action":"execute","params":{"action":"execute","code":"return new { ka = true };","safety_checks":true,"compiler":"auto"}}
{"ts":"2026-08-08T15:05:20.859Z","tool":"get_editor_state","type":"resource","status":"SUCCESS","ms":0,"params":{}}
{"ts":"2026-08-08T15:05:20.874Z","tool":"get_project_info","type":"resource","status":"SUCCESS","ms":0,"params":{}}
{"ts":"2026-08-08T15:05:21.202Z","tool":"get_editor_state","type":"resource","status":"SUCCESS","ms":0,"params":{}}
{"ts":"2026-08-08T15:05:21.203Z","tool":"get_project_info","type":"resource","status":"SUCCESS","ms":0,"params":{}}
{"ts":"2026-08-08T15:05:21.458Z","tool":"get_editor_state","type":"resource","status":"SUCCESS","ms":0,"params":{}}
{"ts":"2026-08-08T15:05:21.462Z","tool":"get_project_info","type":"resource","status":"SUCCESS","ms":0,"params":{}}
{"ts":"2026-08-08T15:05:21.716Z","tool":"get_editor_state","type":"resource","status":"SUCCESS","ms":0,"params":{}}
{"ts":"2026-08-08T15:05:21.717Z","tool":"get_project_info","type":"resource","status":"SUCCESS","ms":0,"params":{}}
{"ts":"2026-08-08T15:05:21.970Z","tool":"get_editor_state","type":"resource","status":"SUCCESS","ms":0,"params":{}}
{"ts":"2026-08-08T15:05:21.971Z","tool":"get_project_info","type":"resource","status":"SUCCESS","ms":0,"params":{}}
{"ts":"2026-08-08T15:05:22.225Z","tool":"get_editor_state","type":"resource","status":"SUCCESS","ms":0,"params":{}}
{"ts":"2026-08-08T15:05:22.226Z","tool":"get_project_info","type":"resource","status":"SUCCESS","ms":0,"params":{}}
{"ts":"2026-08-08T15:05:22.480Z","tool":"get_editor_state","type":"resource","status":"SUCCESS","ms":0,"params":{}}
{"ts":"2026-08-08T15:05:22.481Z","tool":"get_project_info","type":"resource","status":"SUCCESS","ms":0,"params":{}}
{"ts":"2026-08-08T15:05:22.799Z","tool":"get_editor_state","type":"resource","status":"SUCCESS","ms":0,"params":{}}
{"ts":"2026-08-08T15:05:22.802Z","tool":"get_project_info","type":"resource","status":"SUCCESS","ms":0,"params":{}}
{"ts":"2026-08-08T15:05:23.055Z","tool":"get_editor_state","type":"resource","status":"SUCCESS","ms":0,"params":{}}
{"ts":"2026-08-08T15:05:23.059Z","tool":"get_project_info","type":"resource","status":"SUCCESS","ms":0,"params":{}}
{"ts":"2026-08-08T15:05:23.415Z","tool":"get_editor_state","type":"resource","status":"SUCCESS","ms":0,"params":{}}
{"ts":"2026-08-08T15:05:23.417Z","tool":"get_project_info","type":"resource","status":"SUCCESS","ms":0,"params":{}}
{"ts":"2026-08-08T15:05:23.691Z","tool":"get_editor_state","type":"resource","status":"SUCCESS","ms":0,"params":{}}
{"ts":"2026-08-08T15:05:23.695Z","tool":"get_project_info","type":"resource","status":"SUCCESS","ms":0,"params":{}}
{"ts":"2026-08-08T15:05:23.950Z","tool":"get_editor_state","type":"resource","status":"SUCCESS","ms":0,"params":{}}
{"ts":"2026-08-08T15:05:23.951Z","tool":"get_project_info","type":"resource","status":"SUCCESS","ms":0,"params":{}}
{"ts":"2026-08-08T15:05:24.204Z","tool":"get_editor_state","type":"resource","status":"SUCCESS","ms":0,"params":{}}
{"ts":"2026-08-08T15:05:24.205Z","tool":"get_project_info","type":"resource","status":"SUCCESS","ms":0,"params":{}}
{"ts":"2026-08-08T15:05:24.499Z","tool":"get_editor_state","type":"resource","status":"SUCCESS","ms":0,"params":{}}
{"ts":"2026-08-08T15:05:24.500Z","tool":"get_project_info","type":"resource","status":"SUCCESS","ms":0,"params":{}}
{"ts":"2026-08-08T15:05:24.753Z","tool":"get_editor_state","type":"resource","status":"SUCCESS","ms":0,"params":{}}
{"ts":"2026-08-08T15:05:24.754Z","tool":"get_project_info","type":"resource","status":"SUCCESS","ms":0,"params":{}}
{"ts":"2026-08-08T15:05:25.007Z","tool":"get_editor_state","type":"resource","status":"SUCCESS","ms":0,"params":{}}
{"ts":"2026-08-08T15:05:25.007Z","tool":"get_project_info","type":"resource","status":"SUCCESS","ms":0,"params":{}}
{"ts":"2026-08-08T15:05:25.262Z","tool":"get_editor_state","type":"resource","status":"SUCCESS","ms":0,"params":{}}
{"ts":"2026-08-08T15:05:25.266Z","tool":"get_project_info","type":"resource","status":"SUCCESS","ms":0,"params":{}}
{"ts":"2026-08-08T15:05:29.476Z","tool":"read_console","type":"tool","status":"SUCCESS","ms":33,"action":"get","params":{"action":"get","types":["error"],"count":8,"format":"plain","includeStacktrace":false}}
{"ts":"2026-08-08T15:06:05.883Z","tool":"execute_code","type":"tool","status":"SUCCESS","ms":739,"action":"execute","params":{"action":"execute","code":"return new { ka = true };","safety_checks":true,"compiler":"auto"}}
{"ts":"2026-08-08T15:07:06.641Z","tool":"execute_code","type":"tool","status":"SUCCESS","ms":682,"action":"execute","params":{"action":"execute","code":"return new { ka = true };","safety_checks":true,"compiler":"auto"}}
{"ts":"2026-08-08T15:08:07.402Z","tool":"execute_code","type":"tool","status":"SUCCESS","ms":688,"action":"execute","params":{"action":"execute","code":"return new { ka = true };","safety_checks":true,"compiler":"auto"}}
{"ts":"2026-08-08T15:08:32.073Z","tool":"get_editor_state","type":"resource","status":"SUCCESS","ms":0,"params":{}}
{"ts":"2026-08-08T15:08:32.074Z","tool":"get_project_info","type":"resource","status":"SUCCESS","ms":0,"params":{}}
{"ts":"2026-08-08T15:08:32.374Z","tool":"get_editor_state","type":"resource","status":"SUCCESS","ms":0,"params":{}}
{"ts":"2026-08-08T15:08:32.375Z","tool":"get_project_info","type":"resource","status":"SUCCESS","ms":0,"params":{}}
{"ts":"2026-08-08T15:08:32.631Z","tool":"get_editor_state","type":"resource","status":"SUCCESS","ms":0,"params":{}}
{"ts":"2026-08-08T15:08:32.637Z","tool":"get_project_info","type":"resource","status":"SUCCESS","ms":0,"params":{}}
{"ts":"2026-08-08T15:08:32.908Z","tool":"get_editor_state","type":"resource","status":"SUCCESS","ms":0,"params":{}}
{"ts":"2026-08-08T15:08:32.913Z","tool":"get_project_info","type":"resource","status":"SUCCESS","ms":0,"params":{}}
{"ts":"2026-08-08T15:08:33.187Z","tool":"get_editor_state","type":"resource","status":"SUCCESS","ms":0,"params":{}}
{"ts":"2026-08-08T15:08:33.188Z","tool":"get_project_info","type":"resource","status":"SUCCESS","ms":0,"params":{}}
{"ts":"2026-08-08T15:08:33.441Z","tool":"get_editor_state","type":"resource","status":"SUCCESS","ms":0,"params":{}}
{"ts":"2026-08-08T15:08:33.442Z","tool":"get_project_info","type":"resource","status":"SUCCESS","ms":0,"params":{}}
{"ts":"2026-08-08T15:08:33.698Z","tool":"get_editor_state","type":"resource","status":"SUCCESS","ms":0,"params":{}}
{"ts":"2026-08-08T15:08:33.699Z","tool":"get_project_info","type":"resource","status":"SUCCESS","ms":0,"params":{}}
{"ts":"2026-08-08T15:08:34.009Z","tool":"get_editor_state","type":"resource","status":"SUCCESS","ms":0,"params":{}}
{"ts":"2026-08-08T15:08:34.010Z","tool":"get_project_info","type":"resource","status":"SUCCESS","ms":0,"params":{}}
{"ts":"2026-08-08T15:08:34.283Z","tool":"get_editor_state","type":"resource","status":"SUCCESS","ms":0,"params":{}}
{"ts":"2026-08-08T15:08:34.296Z","tool":"get_project_info","type":"resource","status":"SUCCESS","ms":0,"params":{}}
{"ts":"2026-08-08T15:08:34.558Z","tool":"get_editor_state","type":"resource","status":"SUCCESS","ms":0,"params":{}}
{"ts":"2026-08-08T15:08:34.560Z","tool":"get_project_info","type":"resource","status":"SUCCESS","ms":0,"params":{}}
{"ts":"2026-08-08T15:08:34.814Z","tool":"get_editor_state","type":"resource","status":"SUCCESS","ms":0,"params":{}}
{"ts":"2026-08-08T15:08:34.815Z","tool":"get_project_info","type":"resource","status":"SUCCESS","ms":0,"params":{}}
{"ts":"2026-08-08T15:08:41.172Z","event":"session_start","unity":"6000.3.4f1"}
{"ts":"2026-08-08T15:08:41.171Z","tool":"get_editor_state","type":"resource","status":"SUCCESS","ms":0,"params":{}}
{"ts":"2026-08-08T15:08:41.177Z","tool":"get_project_info","type":"resource","status":"SUCCESS","ms":0,"params":{}}
{"ts":"2026-08-08T15:09:08.084Z","tool":"execute_code","type":"tool","status":"SUCCESS","ms":617,"action":"execute","params":{"action":"execute","code":"return new { ka = true };","safety_checks":true,"compiler":"auto"}}
{"ts":"2026-08-08T15:09:13.077Z","tool":"read_console","type":"tool","status":"SUCCESS","ms":4,"action":"get","params":{"action":"get","types":["error"],"count":8,"format":"plain","includeStacktrace":false}}
{"ts":"2026-08-08T15:09:19.094Z","tool":"get_editor_state","type":"resource","status":"SUCCESS","ms":0,"params":{}}
{"ts":"2026-08-08T15:09:19.097Z","tool":"get_project_info","type":"resource","status":"SUCCESS","ms":0,"params":{}}
{"ts":"2026-08-08T15:09:27.893Z","tool":"get_test_job","type":"tool","status":"SUCCESS","ms":0,"params":{"job_id":"ce09df539c294d90b8dcc71d9f37e12a","includeFailedTests":true}}
{"ts":"2026-08-08T15:09:29.917Z","tool":"get_test_job","type":"tool","status":"SUCCESS","ms":0,"params":{"job_id":"ce09df539c294d90b8dcc71d9f37e12a","includeFailedTests":true}}
{"ts":"2026-08-08T15:09:32.709Z","tool":"get_test_job","type":"tool","status":"SUCCESS","ms":0,"params":{"job_id":"ce09df539c294d90b8dcc71d9f37e12a","includeFailedTests":true}}
{"ts":"2026-08-08T15:09:34.737Z","tool":"get_test_job","type":"tool","status":"SUCCESS","ms":0,"params":{"job_id":"ce09df539c294d90b8dcc71d9f37e12a","includeFailedTests":true}}
{"ts":"2026-08-08T15:10:08.844Z","tool":"execute_code","type":"tool","status":"SUCCESS","ms":689,"action":"execute","params":{"action":"execute","code":"return new { ka = true };","safety_checks":true,"compiler":"auto"}}
{"ts":"2026-08-08T15:11:09.592Z","tool":"execute_code","type":"tool","status":"SUCCESS","ms":683,"action":"execute","params":{"action":"execute","code":"return new { ka = true };","safety_checks":true,"compiler":"auto"}}
{"ts":"2026-08-08T15:12:10.266Z","tool":"execute_code","type":"tool","status":"SUCCESS","ms":611,"action":"execute","params":{"action":"execute","code":"return new { ka = true };","safety_checks":true,"compiler":"auto"}}
{"ts":"2026-08-08T15:13:10.918Z","tool":"execute_code","type":"tool","status":"SUCCESS","ms":586,"action":"execute","params":{"action":"execute","code":"return new { ka = true };","safety_checks":true,"compiler":"auto"}}
{"ts":"2026-08-08T15:14:11.688Z","tool":"execute_code","type":"tool","status":"SUCCESS","ms":704,"action":"execute","params":{"action":"execute","code":"return new { ka = true };","safety_checks":true,"compiler":"auto"}}
{"ts":"2026-08-08T15:15:12.446Z","tool":"execute_code","type":"tool","status":"SUCCESS","ms":701,"action":"execute","params":{"action":"execute","code":"return new { ka = true };","safety_checks":true,"compiler":"auto"}}
{"ts":"2026-08-08T15:16:13.188Z","tool":"execute_code","type":"tool","status":"SUCCESS","ms":638,"action":"execute","params":{"action":"execute","code":"return new { ka = true };","safety_checks":true,"compiler":"auto"}}
{"ts":"2026-08-08T15:17:13.872Z","tool":"execute_code","type":"tool","status":"SUCCESS","ms":611,"action":"execute","params":{"action":"execute","code":"return new { ka = true };","safety_checks":true,"compiler":"auto"}}
{"ts":"2026-08-08T15:18:14.524Z","tool":"execute_code","type":"tool","status":"SUCCESS","ms":588,"action":"execute","params":{"action":"execute","code":"return new { ka = true };","safety_checks":true,"compiler":"auto"}}
{"ts":"2026-08-08T15:19:15.163Z","tool":"execute_code","type":"tool","status":"SUCCESS","ms":574,"action":"execute","params":{"action":"execute","code":"return new { ka = true };","safety_checks":true,"compiler":"auto"}}
{"ts":"2026-08-08T15:20:15.803Z","tool":"execute_code","type":"tool","status":"SUCCESS","ms":563,"action":"execute","params":{"action":"execute","code":"return new { ka = true };","safety_checks":true,"compiler":"auto"}}
{"ts":"2026-08-08T15:21:16.448Z","tool":"execute_code","type":"tool","status":"SUCCESS","ms":582,"action":"execute","params":{"action":"execute","code":"return new { ka = true };","safety_checks":true,"compiler":"auto"}}
{"ts":"2026-08-08T15:22:17.087Z","tool":"execute_code","type":"tool","status":"SUCCESS","ms":590,"action":"execute","params":{"action":"execute","code":"return new { ka = true };","safety_checks":true,"compiler":"auto"}}
{"ts":"2026-08-08T15:23:17.714Z","tool":"execute_code","type":"tool","status":"SUCCESS","ms":571,"action":"execute","params":{"action":"execute","code":"return new { ka = true };","safety_checks":true,"compiler":"auto"}}
{"ts":"2026-08-08T15:24:18.344Z","tool":"execute_code","type":"tool","status":"SUCCESS","ms":576,"action":"execute","params":{"action":"execute","code":"return new { ka = true };","safety_checks":true,"compiler":"auto"}}
{"ts":"2026-08-08T15:25:18.991Z","tool":"execute_code","type":"tool","status":"SUCCESS","ms":578,"action":"execute","params":{"action":"execute","code":"return new { ka = true };","safety_checks":true,"compiler":"auto"}}
{"ts":"2026-08-08T15:26:19.633Z","tool":"execute_code","type":"tool","status":"SUCCESS","ms":575,"action":"execute","params":{"action":"execute","code":"return new { ka = true };","safety_checks":true,"compiler":"auto"}}
{"ts":"2026-08-08T15:27:20.268Z","tool":"execute_code","type":"tool","status":"SUCCESS","ms":571,"action":"execute","params":{"action":"execute","code":"return new { ka = true };","safety_checks":true,"compiler":"auto"}}
{"ts":"2026-08-08T15:28:20.909Z","tool":"execute_code","type":"tool","status":"SUCCESS","ms":579,"action":"execute","params":{"action":"execute","code":"return new { ka = true };","safety_checks":true,"compiler":"auto"}}
{"ts":"2026-08-08T15:29:21.541Z","tool":"execute_code","type":"tool","status":"SUCCESS","ms":570,"action":"execute","params":{"action":"execute","code":"return new { ka = true };","safety_checks":true,"compiler":"auto"}}
{"ts":"2026-08-08T15:30:22.176Z","tool":"execute_code","type":"tool","status":"SUCCESS","ms":574,"action":"execute","params":{"action":"execute","code":"return new { ka = true };","safety_checks":true,"compiler":"auto"}}
{"ts":"2026-08-08T15:31:22.816Z","tool":"execute_code","type":"tool","status":"SUCCESS","ms":577,"action":"execute","params":{"action":"execute","code":"return new { ka = true };","safety_checks":true,"compiler":"auto"}}
{"ts":"2026-08-08T15:32:23.459Z","tool":"execute_code","type":"tool","status":"SUCCESS","ms":577,"action":"execute","params":{"action":"execute","code":"return new { ka = true };","safety_checks":true,"compiler":"auto"}}
{"ts":"2026-08-08T15:33:24.209Z","tool":"execute_code","type":"tool","status":"SUCCESS","ms":687,"action":"execute","params":{"action":"execute","code":"return new { ka = true };","safety_checks":true,"compiler":"auto"}}
{"ts":"2026-08-08T15:34:24.857Z","tool":"execute_code","type":"tool","status":"SUCCESS","ms":585,"action":"execute","params":{"action":"execute","code":"return new { ka = true };","safety_checks":true,"compiler":"auto"}}
{"ts":"2026-08-08T15:35:25.498Z","tool":"execute_code","type":"tool","status":"SUCCESS","ms":580,"action":"execute","params":{"action":"execute","code":"return new { ka = true };","safety_checks":true,"compiler":"auto"}}
{"ts":"2026-08-08T15:36:26.229Z","tool":"execute_code","type":"tool","status":"SUCCESS","ms":666,"action":"execute","params":{"action":"execute","code":"return new { ka = true };","safety_checks":true,"compiler":"auto"}}
{"ts":"2026-08-08T15:37:26.904Z","tool":"execute_code","type":"tool","status":"SUCCESS","ms":610,"action":"execute","params":{"action":"execute","code":"return new { ka = true };","safety_checks":true,"compiler":"auto"}}
{"ts":"2026-08-08T15:38:27.553Z","tool":"execute_code","type":"tool","status":"SUCCESS","ms":583,"action":"execute","params":{"action":"execute","code":"return new { ka = true };","safety_checks":true,"compiler":"auto"}}
{"ts":"2026-08-08T15:39:28.178Z","tool":"execute_code","type":"tool","status":"SUCCESS","ms":586,"action":"execute","params":{"action":"execute","code":"return new { ka = true };","safety_checks":true,"compiler":"auto"}}
{"ts":"2026-08-08T15:40:28.807Z","tool":"execute_code","type":"tool","status":"SUCCESS","ms":571,"action":"execute","params":{"action":"execute","code":"return new { ka = true };","safety_checks":true,"compiler":"auto"}}
{"ts":"2026-08-08T15:41:29.450Z","tool":"execute_code","type":"tool","status":"SUCCESS","ms":580,"action":"execute","params":{"action":"execute","code":"return new { ka = true };","safety_checks":true,"compiler":"auto"}}
{"ts":"2026-08-08T15:42:30.095Z","tool":"execute_code","type":"tool","status":"SUCCESS","ms":585,"action":"execute","params":{"action":"execute","code":"return new { ka = true };","safety_checks":true,"compiler":"auto"}}
{"ts":"2026-08-08T15:43:30.740Z","tool":"execute_code","type":"tool","status":"SUCCESS","ms":585,"action":"execute","params":{"action":"execute","code":"return new { ka = true };","safety_checks":true,"compiler":"auto"}}
{"ts":"2026-08-08T15:44:31.519Z","tool":"execute_code","type":"tool","status":"SUCCESS","ms":710,"action":"execute","params":{"action":"execute","code":"return new { ka = true };","safety_checks":true,"compiler":"auto"}}
{"ts":"2026-08-08T15:45:32.192Z","tool":"execute_code","type":"tool","status":"SUCCESS","ms":599,"action":"execute","params":{"action":"execute","code":"return new { ka = true };","safety_checks":true,"compiler":"auto"}}
{"ts":"2026-08-08T15:46:32.840Z","tool":"execute_code","type":"tool","status":"SUCCESS","ms":586,"action":"execute","params":{"action":"execute","code":"return new { ka = true };","safety_checks":true,"compiler":"auto"}}
{"ts":"2026-08-08T15:47:33.493Z","tool":"execute_code","type":"tool","status":"SUCCESS","ms":583,"action":"execute","params":{"action":"execute","code":"return new { ka = true };","safety_checks":true,"compiler":"auto"}}
{"ts":"2026-08-08T15:48:34.134Z","tool":"execute_code","type":"tool","status":"SUCCESS","ms":583,"action":"execute","params":{"action":"execute","code":"return new { ka = true };","safety_checks":true,"compiler":"auto"}}
{"ts":"2026-08-08T15:49:34.768Z","tool":"execute_code","type":"tool","status":"SUCCESS","ms":578,"action":"execute","params":{"action":"execute","code":"return new { ka = true };","safety_checks":true,"compiler":"auto"}}
{"ts":"2026-08-08T15:50:35.413Z","tool":"execute_code","type":"tool","status":"SUCCESS","ms":585,"action":"execute","params":{"action":"execute","code":"return new { ka = true };","safety_checks":true,"compiler":"auto"}}
{"ts":"2026-08-08T15:51:36.049Z","tool":"execute_code","type":"tool","status":"SUCCESS","ms":572,"action":"execute","params":{"action":"execute","code":"return new { ka = true };","safety_checks":true,"compiler":"auto"}}
{"ts":"2026-08-08T15:52:36.688Z","tool":"execute_code","type":"tool","status":"SUCCESS","ms":582,"action":"execute","params":{"action":"execute","code":"return new { ka = true };","safety_checks":true,"compiler":"auto"}}
{"ts":"2026-08-08T15:53:37.333Z","tool":"execute_code","type":"tool","status":"SUCCESS","ms":578,"action":"execute","params":{"action":"execute","code":"return new { ka = true };","safety_checks":true,"compiler":"auto"}}
{"ts":"2026-08-08T15:54:37.961Z","tool":"execute_code","type":"tool","status":"SUCCESS","ms":573,"action":"execute","params":{"action":"execute","code":"return new { ka = true };","safety_checks":true,"compiler":"auto"}}
{"ts":"2026-08-08T15:55:38.603Z","tool":"execute_code","type":"tool","status":"SUCCESS","ms":572,"action":"execute","params":{"action":"execute","code":"return new { ka = true };","safety_checks":true,"compiler":"auto"}}
{"ts":"2026-08-08T15:56:39.250Z","tool":"execute_code","type":"tool","status":"SUCCESS","ms":580,"action":"execute","params":{"action":"execute","code":"return new { ka = true };","safety_checks":true,"compiler":"auto"}}
{"ts":"2026-08-08T15:57:39.913Z","tool":"execute_code","type":"tool","status":"SUCCESS","ms":607,"action":"execute","params":{"action":"execute","code":"return new { ka = true };","safety_checks":true,"compiler":"auto"}}
{"ts":"2026-08-08T15:58:40.565Z","tool":"execute_code","type":"tool","status":"SUCCESS","ms":594,"action":"execute","params":{"action":"execute","code":"return new { ka = true };","safety_checks":true,"compiler":"auto"}}
{"ts":"2026-08-08T15:59:41.202Z","tool":"execute_code","type":"tool","status":"SUCCESS","ms":572,"action":"execute","params":{"action":"execute","code":"return new { ka = true };","safety_checks":true,"compiler":"auto"}}
{"ts":"2026-08-08T16:00:41.962Z","tool":"execute_code","type":"tool","status":"SUCCESS","ms":689,"action":"execute","params":{"action":"execute","code":"return new { ka = true };","safety_checks":true,"compiler":"auto"}}
{"ts":"2026-08-08T16:01:42.766Z","tool":"execute_code","type":"tool","status":"SUCCESS","ms":711,"action":"execute","params":{"action":"execute","code":"return new { ka = true };","safety_checks":true,"compiler":"auto"}}
{"ts":"2026-08-08T16:02:43.761Z","tool":"execute_code","type":"tool","status":"SUCCESS","ms":759,"action":"execute","params":{"action":"execute","code":"return new { ka = true };","safety_checks":true,"compiler":"auto"}}
{"ts":"2026-08-08T16:03:44.643Z","tool":"execute_code","type":"tool","status":"SUCCESS","ms":740,"action":"execute","params":{"action":"execute","code":"return new { ka = true };","safety_checks":true,"compiler":"auto"}}
{"ts":"2026-08-08T16:04:45.438Z","tool":"execute_code","type":"tool","status":"SUCCESS","ms":634,"action":"execute","params":{"action":"execute","code":"return new { ka = true };","safety_checks":true,"compiler":"auto"}}
{"ts":"2026-08-08T16:05:46.469Z","tool":"execute_code","type":"tool","status":"SUCCESS","ms":765,"action":"execute","params":{"action":"execute","code":"return new { ka = true };","safety_checks":true,"compiler":"auto"}}
{"ts":"2026-08-08T16:06:47.417Z","tool":"execute_code","type":"tool","status":"SUCCESS","ms":686,"action":"execute","params":{"action":"execute","code":"return new { ka = true };","safety_checks":true,"compiler":"auto"}}
{"ts":"2026-08-08T16:07:48.150Z","tool":"execute_code","type":"tool","status":"SUCCESS","ms":670,"action":"execute","params":{"action":"execute","code":"return new { ka = true };","safety_checks":true,"compiler":"auto"}}
{"ts":"2026-08-08T16:08:48.777Z","tool":"execute_code","type":"tool","status":"SUCCESS","ms":561,"action":"execute","params":{"action":"execute","code":"return new { ka = true };","safety_checks":true,"compiler":"auto"}}
{"ts":"2026-08-08T16:09:49.435Z","tool":"execute_code","type":"tool","status":"SUCCESS","ms":607,"action":"execute","params":{"action":"execute","code":"return new { ka = true };","safety_checks":true,"compiler":"auto"}}
{"ts":"2026-08-08T16:10:50.211Z","tool":"execute_code","type":"tool","status":"SUCCESS","ms":706,"action":"execute","params":{"action":"execute","code":"return new { ka = true };","safety_checks":true,"compiler":"auto"}}
{"ts":"2026-08-08T16:11:51.033Z","tool":"execute_code","type":"tool","status":"SUCCESS","ms":628,"action":"execute","params":{"action":"execute","code":"return new { ka = true };","safety_checks":true,"compiler":"auto"}}
{"ts":"2026-08-08T16:12:51.828Z","tool":"execute_code","type":"tool","status":"SUCCESS","ms":623,"action":"execute","params":{"action":"execute","code":"return new { ka = true };","safety_checks":true,"compiler":"auto"}}
{"ts":"2026-08-08T16:13:52.506Z","tool":"execute_code","type":"tool","status":"SUCCESS","ms":598,"action":"execute","params":{"action":"execute","code":"return new { ka = true };","safety_checks":true,"compiler":"auto"}}
{"ts":"2026-08-08T16:14:53.449Z","tool":"execute_code","type":"tool","status":"SUCCESS","ms":740,"action":"execute","params":{"action":"execute","code":"return new { ka = true };","safety_checks":true,"compiler":"auto"}}
{"ts":"2026-08-08T16:15:54.338Z","tool":"execute_code","type":"tool","status":"SUCCESS","ms":728,"action":"execute","params":{"action":"execute","code":"return new { ka = true };","safety_checks":true,"compiler":"auto"}}
{"ts":"2026-08-08T16:16:55.128Z","tool":"execute_code","type":"tool","status":"SUCCESS","ms":717,"action":"execute","params":{"action":"execute","code":"return new { ka = true };","safety_checks":true,"compiler":"auto"}}
{"ts":"2026-08-08T16:17:55.918Z","tool":"execute_code","type":"tool","status":"SUCCESS","ms":706,"action":"execute","params":{"action":"execute","code":"return new { ka = true };","safety_checks":true,"compiler":"auto"}}
{"ts":"2026-08-08T16:18:56.816Z","tool":"execute_code","type":"tool","status":"SUCCESS","ms":704,"action":"execute","params":{"action":"execute","code":"return new { ka = true };","safety_checks":true,"compiler":"auto"}}
{"ts":"2026-08-08T16:19:57.752Z","tool":"execute_code","type":"tool","status":"SUCCESS","ms":739,"action":"execute","params":{"action":"execute","code":"return new { ka = true };","safety_checks":true,"compiler":"auto"}}
{"ts":"2026-08-08T16:20:58.692Z","tool":"execute_code","type":"tool","status":"SUCCESS","ms":779,"action":"execute","params":{"action":"execute","code":"return new { ka = true };","safety_checks":true,"compiler":"auto"}}
{"ts":"2026-08-08T16:21:59.478Z","tool":"execute_code","type":"tool","status":"SUCCESS","ms":663,"action":"execute","params":{"action":"execute","code":"return new { ka = true };","safety_checks":true,"compiler":"auto"}}
{"ts":"2026-08-08T16:23:00.386Z","tool":"execute_code","type":"tool","status":"SUCCESS","ms":670,"action":"execute","params":{"action":"execute","code":"return new { ka = true };","safety_checks":true,"compiler":"auto"}}
{"ts":"2026-08-08T16:24:01.269Z","tool":"execute_code","type":"tool","status":"SUCCESS","ms":662,"action":"execute","params":{"action":"execute","code":"return new { ka = true };","safety_checks":true,"compiler":"auto"}}
{"ts":"2026-08-08T16:25:02.054Z","tool":"execute_code","type":"tool","status":"SUCCESS","ms":662,"action":"execute","params":{"action":"execute","code":"return new { ka = true };","safety_checks":true,"compiler":"auto"}}
{"ts":"2026-08-08T16:26:02.870Z","tool":"execute_code","type":"tool","status":"SUCCESS","ms":678,"action":"execute","params":{"action":"execute","code":"return new { ka = true };","safety_checks":true,"compiler":"auto"}}
{"ts":"2026-08-08T16:27:03.736Z","tool":"execute_code","type":"tool","status":"SUCCESS","ms":743,"action":"execute","params":{"action":"execute","code":"return new { ka = true };","safety_checks":true,"compiler":"auto"}}
{"ts":"2026-08-08T16:28:04.648Z","tool":"execute_code","type":"tool","status":"SUCCESS","ms":654,"action":"execute","params":{"action":"execute","code":"return new { ka = true };","safety_checks":true,"compiler":"auto"}}
{"ts":"2026-08-08T16:29:05.452Z","tool":"execute_code","type":"tool","status":"SUCCESS","ms":657,"action":"execute","params":{"action":"execute","code":"return new { ka = true };","safety_checks":true,"compiler":"auto"}}
{"ts":"2026-08-08T16:30:06.349Z","tool":"execute_code","type":"tool","status":"SUCCESS","ms":654,"action":"execute","params":{"action":"execute","code":"return new { ka = true };","safety_checks":true,"compiler":"auto"}}
{"ts":"2026-08-08T16:31:07.151Z","tool":"execute_code","type":"tool","status":"SUCCESS","ms":655,"action":"execute","params":{"action":"execute","code":"return new { ka = true };","safety_checks":true,"compiler":"auto"}}
{"ts":"2026-08-08T16:32:08.054Z","tool":"execute_code","type":"tool","status":"SUCCESS","ms":660,"action":"execute","params":{"action":"execute","code":"return new { ka = true };","safety_checks":true,"compiler":"auto"}}
{"ts":"2026-08-08T16:33:08.899Z","tool":"execute_code","type":"tool","status":"SUCCESS","ms":711,"action":"execute","params":{"action":"execute","code":"return new { ka = true };","safety_checks":true,"compiler":"auto"}}
{"ts":"2026-08-08T16:34:09.689Z","tool":"execute_code","type":"tool","status":"SUCCESS","ms":666,"action":"execute","params":{"action":"execute","code":"return new { ka = true };","safety_checks":true,"compiler":"auto"}}
{"ts":"2026-08-08T16:35:10.564Z","tool":"execute_code","type":"tool","status":"SUCCESS","ms":640,"action":"execute","params":{"action":"execute","code":"return new { ka = true };","safety_checks":true,"compiler":"auto"}}
{"ts":"2026-08-08T16:36:11.553Z","tool":"execute_code","type":"tool","status":"SUCCESS","ms":729,"action":"execute","params":{"action":"execute","code":"return new { ka = true };","safety_checks":true,"compiler":"auto"}}
{"ts":"2026-08-08T16:37:12.339Z","tool":"execute_code","type":"tool","status":"SUCCESS","ms":714,"action":"execute","params":{"action":"execute","code":"return new { ka = true };","safety_checks":true,"compiler":"auto"}}
{"ts":"2026-08-08T16:38:13.073Z","tool":"execute_code","type":"tool","status":"SUCCESS","ms":547,"action":"execute","params":{"action":"execute","code":"return new { ka = true };","safety_checks":true,"compiler":"auto"}}
{"ts":"2026-08-08T16:39:13.835Z","tool":"execute_code","type":"tool","status":"SUCCESS","ms":609,"action":"execute","params":{"action":"execute","code":"return new { ka = true };","safety_checks":true,"compiler":"auto"}}
{"ts":"2026-08-08T16:40:14.557Z","tool":"execute_code","type":"tool","status":"SUCCESS","ms":660,"action":"execute","params":{"action":"execute","code":"return new { ka = true };","safety_checks":true,"compiler":"auto"}}
{"ts":"2026-08-08T16:41:15.226Z","tool":"execute_code","type":"tool","status":"SUCCESS","ms":609,"action":"execute","params":{"action":"execute","code":"return new { ka = true };","safety_checks":true,"compiler":"auto"}}
{"ts":"2026-08-08T16:42:15.858Z","tool":"execute_code","type":"tool","status":"SUCCESS","ms":568,"action":"execute","params":{"action":"execute","code":"return new { ka = true };","safety_checks":true,"compiler":"auto"}}
{"ts":"2026-08-08T16:43:11.133Z","tool":"get_editor_state","type":"resource","status":"SUCCESS","ms":0,"params":{}}
{"ts":"2026-08-08T16:43:11.138Z","tool":"get_project_info","type":"resource","status":"SUCCESS","ms":0,"params":{}}
{"ts":"2026-08-08T16:43:11.442Z","tool":"get_editor_state","type":"resource","status":"SUCCESS","ms":0,"params":{}}
{"ts":"2026-08-08T16:43:11.442Z","tool":"get_project_info","type":"resource","status":"SUCCESS","ms":0,"params":{}}
{"ts":"2026-08-08T16:43:11.697Z","tool":"get_editor_state","type":"resource","status":"SUCCESS","ms":0,"params":{}}
{"ts":"2026-08-08T16:43:11.699Z","tool":"get_project_info","type":"resource","status":"SUCCESS","ms":0,"params":{}}
{"ts":"2026-08-08T16:43:11.953Z","tool":"get_editor_state","type":"resource","status":"SUCCESS","ms":0,"params":{}}
{"ts":"2026-08-08T16:43:11.954Z","tool":"get_project_info","type":"resource","status":"SUCCESS","ms":0,"params":{}}
{"ts":"2026-08-08T16:43:12.207Z","tool":"get_editor_state","type":"resource","status":"SUCCESS","ms":0,"params":{}}
{"ts":"2026-08-08T16:43:12.208Z","tool":"get_project_info","type":"resource","status":"SUCCESS","ms":0,"params":{}}
{"ts":"2026-08-08T16:43:12.461Z","tool":"get_editor_state","type":"resource","status":"SUCCESS","ms":0,"params":{}}
{"ts":"2026-08-08T16:43:12.462Z","tool":"get_project_info","type":"resource","status":"SUCCESS","ms":0,"params":{}}
{"ts":"2026-08-08T16:43:12.722Z","tool":"get_editor_state","type":"resource","status":"SUCCESS","ms":0,"params":{}}
{"ts":"2026-08-08T16:43:12.724Z","tool":"get_project_info","type":"resource","status":"SUCCESS","ms":0,"params":{}}
{"ts":"2026-08-08T16:43:13.036Z","tool":"get_editor_state","type":"resource","status":"SUCCESS","ms":0,"params":{}}
{"ts":"2026-08-08T16:43:13.049Z","tool":"get_project_info","type":"resource","status":"SUCCESS","ms":0,"params":{}}
{"ts":"2026-08-08T16:43:13.339Z","tool":"get_editor_state","type":"resource","status":"SUCCESS","ms":0,"params":{}}
{"ts":"2026-08-08T16:43:13.342Z","tool":"get_project_info","type":"resource","status":"SUCCESS","ms":0,"params":{}}
{"ts":"2026-08-08T16:43:13.595Z","tool":"get_editor_state","type":"resource","status":"SUCCESS","ms":0,"params":{}}
{"ts":"2026-08-08T16:43:13.599Z","tool":"get_project_info","type":"resource","status":"SUCCESS","ms":0,"params":{}}
{"ts":"2026-08-08T16:43:13.851Z","tool":"get_editor_state","type":"resource","status":"SUCCESS","ms":0,"params":{}}
{"ts":"2026-08-08T16:43:13.852Z","tool":"get_project_info","type":"resource","status":"SUCCESS","ms":0,"params":{}}
{"ts":"2026-08-08T16:43:14.105Z","tool":"get_editor_state","type":"resource","status":"SUCCESS","ms":0,"params":{}}
{"ts":"2026-08-08T16:43:14.106Z","tool":"get_project_info","type":"resource","status":"SUCCESS","ms":0,"params":{}}
{"ts":"2026-08-08T16:43:14.358Z","tool":"get_editor_state","type":"resource","status":"SUCCESS","ms":0,"params":{}}
{"ts":"2026-08-08T16:43:14.359Z","tool":"get_project_info","type":"resource","status":"SUCCESS","ms":0,"params":{}}
{"ts":"2026-08-08T16:43:14.669Z","tool":"get_editor_state","type":"resource","status":"SUCCESS","ms":0,"params":{}}
{"ts":"2026-08-08T16:43:14.671Z","tool":"get_project_info","type":"resource","status":"SUCCESS","ms":0,"params":{}}
{"ts":"2026-08-08T16:43:14.924Z","tool":"get_editor_state","type":"resource","status":"SUCCESS","ms":0,"params":{}}
{"ts":"2026-08-08T16:43:14.925Z","tool":"get_project_info","type":"resource","status":"SUCCESS","ms":0,"params":{}}
{"ts":"2026-08-08T16:43:15.179Z","tool":"get_editor_state","type":"resource","status":"SUCCESS","ms":0,"params":{}}
{"ts":"2026-08-08T16:43:15.181Z","tool":"get_project_info","type":"resource","status":"SUCCESS","ms":0,"params":{}}
{"ts":"2026-08-08T16:43:15.458Z","tool":"get_editor_state","type":"resource","status":"SUCCESS","ms":0,"params":{}}
{"ts":"2026-08-08T16:43:15.481Z","tool":"get_project_info","type":"resource","status":"SUCCESS","ms":0,"params":{}}
{"ts":"2026-08-08T16:43:15.736Z","tool":"get_editor_state","type":"resource","status":"SUCCESS","ms":0,"params":{}}
{"ts":"2026-08-08T16:43:15.737Z","tool":"get_project_info","type":"resource","status":"SUCCESS","ms":0,"params":{}}
{"ts":"2026-08-08T16:43:16.564Z","tool":"execute_code","type":"tool","status":"SUCCESS","ms":650,"action":"execute","params":{"action":"execute","code":"return new { ka = true };","safety_checks":true,"compiler":"auto"}}
{"ts":"2026-08-08T16:43:29.747Z","event":"session_start","unity":"6000.3.4f1"}
{"ts":"2026-08-08T16:43:29.747Z","tool":"get_editor_state","type":"resource","status":"SUCCESS","ms":0,"params":{}}
{"ts":"2026-08-08T16:43:29.762Z","tool":"get_project_info","type":"resource","status":"SUCCESS","ms":0,"params":{}}
{"ts":"2026-08-08T16:43:55.222Z","tool":"read_console","type":"tool","status":"SUCCESS","ms":3,"action":"get","params":{"action":"get","types":["error"],"count":10,"format":"plain","includeStacktrace":false}}
{"ts":"2026-08-08T16:43:59.811Z","tool":"get_editor_state","type":"resource","status":"SUCCESS","ms":0,"params":{}}
{"ts":"2026-08-08T16:43:59.812Z","tool":"get_project_info","type":"resource","status":"SUCCESS","ms":0,"params":{}}
{"ts":"2026-08-08T16:44:04.380Z","tool":"get_test_job","type":"tool","status":"SUCCESS","ms":0,"params":{"job_id":"75878f51b56348b4b84896f97fe6d934","includeFailedTests":true}}
{"ts":"2026-08-08T16:44:06.643Z","tool":"get_test_job","type":"tool","status":"SUCCESS","ms":0,"params":{"job_id":"75878f51b56348b4b84896f97fe6d934","includeFailedTests":true}}
{"ts":"2026-08-08T16:44:08.721Z","tool":"get_test_job","type":"tool","status":"SUCCESS","ms":0,"params":{"job_id":"75878f51b56348b4b84896f97fe6d934","includeFailedTests":true}}
{"ts":"2026-08-08T16:44:10.749Z","tool":"get_test_job","type":"tool","status":"SUCCESS","ms":0,"params":{"job_id":"75878f51b56348b4b84896f97fe6d934","includeFailedTests":true}}
{"ts":"2026-08-08T16:44:13.143Z","tool":"get_test_job","type":"tool","status":"SUCCESS","ms":0,"params":{"job_id":"75878f51b56348b4b84896f97fe6d934","includeFailedTests":true}}
{"ts":"2026-08-08T16:44:15.190Z","tool":"get_test_job","type":"tool","status":"SUCCESS","ms":0,"params":{"job_id":"75878f51b56348b4b84896f97fe6d934","includeFailedTests":true}}
{"ts":"2026-08-08T16:44:17.384Z","tool":"execute_code","type":"tool","status":"SUCCESS","ms":759,"action":"execute","params":{"action":"execute","code":"return new { ka = true };","safety_checks":true,"compiler":"auto"}}
{"ts":"2026-08-08T16:45:18.057Z","tool":"execute_code","type":"tool","status":"SUCCESS","ms":609,"action":"execute","params":{"action":"execute","code":"return new { ka = true };","safety_checks":true,"compiler":"auto"}}
{"ts":"2026-08-08T16:46:18.725Z","tool":"execute_code","type":"tool","status":"SUCCESS","ms":601,"action":"execute","params":{"action":"execute","code":"return new { ka = true };","safety_checks":true,"compiler":"auto"}}
{"ts":"2026-08-08T16:47:19.401Z","tool":"execute_code","type":"tool","status":"SUCCESS","ms":612,"action":"execute","params":{"action":"execute","code":"return new { ka = true };","safety_checks":true,"compiler":"auto"}}
{"ts":"2026-08-08T16:48:20.067Z","tool":"execute_code","type":"tool","status":"SUCCESS","ms":604,"action":"execute","params":{"action":"execute","code":"return new { ka = true };","safety_checks":true,"compiler":"auto"}}
{"ts":"2026-08-08T16:49:20.894Z","tool":"execute_code","type":"tool","status":"SUCCESS","ms":756,"action":"execute","params":{"action":"execute","code":"return new { ka = true };","safety_checks":true,"compiler":"auto"}}
{"ts":"2026-08-08T16:49:35.116Z","tool":"get_editor_state","type":"resource","status":"SUCCESS","ms":0,"params":{}}
{"ts":"2026-08-08T16:49:35.124Z","tool":"get_project_info","type":"resource","status":"SUCCESS","ms":0,"params":{}}
{"ts":"2026-08-08T16:49:35.435Z","tool":"get_editor_state","type":"resource","status":"SUCCESS","ms":0,"params":{}}
{"ts":"2026-08-08T16:49:35.437Z","tool":"get_project_info","type":"resource","status":"SUCCESS","ms":0,"params":{}}
{"ts":"2026-08-08T16:49:35.690Z","tool":"get_editor_state","type":"resource","status":"SUCCESS","ms":0,"params":{}}
{"ts":"2026-08-08T16:49:35.693Z","tool":"get_project_info","type":"resource","status":"SUCCESS","ms":0,"params":{}}
{"ts":"2026-08-08T16:49:36.038Z","tool":"get_editor_state","type":"resource","status":"SUCCESS","ms":0,"params":{}}
{"ts":"2026-08-08T16:49:36.041Z","tool":"get_project_info","type":"resource","status":"SUCCESS","ms":0,"params":{}}
{"ts":"2026-08-08T16:49:36.294Z","tool":"get_editor_state","type":"resource","status":"SUCCESS","ms":0,"params":{}}
{"ts":"2026-08-08T16:49:36.295Z","tool":"get_project_info","type":"resource","status":"SUCCESS","ms":0,"params":{}}
{"ts":"2026-08-08T16:49:43.289Z","event":"session_start","unity":"6000.3.4f1"}
{"ts":"2026-08-08T16:49:43.289Z","tool":"get_editor_state","type":"resource","status":"SUCCESS","ms":0,"params":{}}
{"ts":"2026-08-08T16:49:43.293Z","tool":"get_project_info","type":"resource","status":"SUCCESS","ms":0,"params":{}}
{"ts":"2026-08-08T16:50:03.819Z","tool":"get_editor_state","type":"resource","status":"SUCCESS","ms":0,"params":{}}
{"ts":"2026-08-08T16:50:03.819Z","tool":"get_project_info","type":"resource","status":"SUCCESS","ms":0,"params":{}}
{"ts":"2026-08-08T16:50:09.090Z","tool":"get_test_job","type":"tool","status":"SUCCESS","ms":0,"params":{"job_id":"8311135fd4fd49ad9314668a6419d759","includeFailedTests":true}}
{"ts":"2026-08-08T16:50:11.098Z","tool":"get_test_job","type":"tool","status":"SUCCESS","ms":0,"params":{"job_id":"8311135fd4fd49ad9314668a6419d759","includeFailedTests":true}}
{"ts":"2026-08-08T16:50:13.102Z","tool":"get_test_job","type":"tool","status":"SUCCESS","ms":0,"params":{"job_id":"8311135fd4fd49ad9314668a6419d759","includeFailedTests":true}}
{"ts":"2026-08-08T16:50:15.114Z","tool":"get_test_job","type":"tool","status":"SUCCESS","ms":0,"params":{"job_id":"8311135fd4fd49ad9314668a6419d759","includeFailedTests":true}}
{"ts":"2026-08-08T16:50:17.314Z","tool":"get_test_job","type":"tool","status":"SUCCESS","ms":0,"params":{"job_id":"8311135fd4fd49ad9314668a6419d759","includeFailedTests":true}}
{"ts":"2026-08-08T16:50:19.317Z","tool":"get_test_job","type":"tool","status":"SUCCESS","ms":0,"params":{"job_id":"8311135fd4fd49ad9314668a6419d759","includeFailedTests":true}}
{"ts":"2026-08-08T16:50:21.724Z","tool":"execute_code","type":"tool","status":"SUCCESS","ms":766,"action":"execute","params":{"action":"execute","code":"return new { ka = true };","safety_checks":true,"compiler":"auto"}}
{"ts":"2026-08-08T16:50:54.185Z","tool":"get_editor_state","type":"resource","status":"SUCCESS","ms":0,"params":{}}
{"ts":"2026-08-08T16:50:54.191Z","tool":"get_project_info","type":"resource","status":"SUCCESS","ms":0,"params":{}}
{"ts":"2026-08-08T16:50:54.496Z","tool":"get_editor_state","type":"resource","status":"SUCCESS","ms":0,"params":{}}
{"ts":"2026-08-08T16:50:54.497Z","tool":"get_project_info","type":"resource","status":"SUCCESS","ms":0,"params":{}}
{"ts":"2026-08-08T16:50:54.751Z","tool":"get_editor_state","type":"resource","status":"SUCCESS","ms":0,"params":{}}
{"ts":"2026-08-08T16:50:54.752Z","tool":"get_project_info","type":"resource","status":"SUCCESS","ms":0,"params":{}}
{"ts":"2026-08-08T16:51:01.322Z","event":"session_start","unity":"6000.3.4f1"}
{"ts":"2026-08-08T16:51:01.322Z","tool":"get_editor_state","type":"resource","status":"SUCCESS","ms":0,"params":{}}
{"ts":"2026-08-08T16:51:01.325Z","tool":"get_project_info","type":"resource","status":"SUCCESS","ms":0,"params":{}}
{"ts":"2026-08-08T16:51:20.916Z","tool":"get_editor_state","type":"resource","status":"SUCCESS","ms":0,"params":{}}
{"ts":"2026-08-08T16:51:20.917Z","tool":"get_project_info","type":"resource","status":"SUCCESS","ms":0,"params":{}}
{"ts":"2026-08-08T16:51:22.516Z","tool":"execute_code","type":"tool","status":"SUCCESS","ms":680,"action":"execute","params":{"action":"execute","code":"return new { ka = true };","safety_checks":true,"compiler":"auto"}}
{"ts":"2026-08-08T16:51:26.317Z","tool":"get_test_job","type":"tool","status":"SUCCESS","ms":0,"params":{"job_id":"1fe8e8fa634a4c0db177d23158136742","includeFailedTests":true}}
{"ts":"2026-08-08T16:51:28.335Z","tool":"get_test_job","type":"tool","status":"SUCCESS","ms":0,"params":{"job_id":"1fe8e8fa634a4c0db177d23158136742","includeFailedTests":true}}
{"ts":"2026-08-08T16:51:30.339Z","tool":"get_test_job","type":"tool","status":"SUCCESS","ms":0,"params":{"job_id":"1fe8e8fa634a4c0db177d23158136742","includeFailedTests":true}}
{"ts":"2026-08-08T16:51:32.378Z","tool":"get_test_job","type":"tool","status":"SUCCESS","ms":0,"params":{"job_id":"1fe8e8fa634a4c0db177d23158136742","includeFailedTests":true}}
{"ts":"2026-08-08T16:51:34.557Z","tool":"get_test_job","type":"tool","status":"SUCCESS","ms":0,"params":{"job_id":"1fe8e8fa634a4c0db177d23158136742","includeFailedTests":true}}
{"ts":"2026-08-08T16:51:36.590Z","tool":"get_test_job","type":"tool","status":"SUCCESS","ms":0,"params":{"job_id":"1fe8e8fa634a4c0db177d23158136742","includeFailedTests":true}}
{"ts":"2026-08-08T16:51:38.593Z","tool":"get_test_job","type":"tool","status":"SUCCESS","ms":0,"params":{"job_id":"1fe8e8fa634a4c0db177d23158136742","includeFailedTests":true}}
{"ts":"2026-08-08T16:52:23.216Z","tool":"execute_code","type":"tool","status":"SUCCESS","ms":629,"action":"execute","params":{"action":"execute","code":"return new { ka = true };","safety_checks":true,"compiler":"auto"}}
{"ts":"2026-08-08T16:52:29.097Z","tool":"get_editor_state","type":"resource","status":"SUCCESS","ms":0,"params":{}}
{"ts":"2026-08-08T16:52:29.103Z","tool":"get_project_info","type":"resource","status":"SUCCESS","ms":0,"params":{}}
{"ts":"2026-08-08T16:52:29.411Z","tool":"get_editor_state","type":"resource","status":"SUCCESS","ms":0,"params":{}}
{"ts":"2026-08-08T16:52:29.412Z","tool":"get_project_info","type":"resource","status":"SUCCESS","ms":0,"params":{}}
{"ts":"2026-08-08T16:52:29.666Z","tool":"get_editor_state","type":"resource","status":"SUCCESS","ms":0,"params":{}}
{"ts":"2026-08-08T16:52:29.667Z","tool":"get_project_info","type":"resource","status":"SUCCESS","ms":0,"params":{}}
{"ts":"2026-08-08T16:52:29.946Z","tool":"get_editor_state","type":"resource","status":"SUCCESS","ms":0,"params":{}}
{"ts":"2026-08-08T16:52:29.958Z","tool":"get_project_info","type":"resource","status":"SUCCESS","ms":0,"params":{}}
{"ts":"2026-08-08T16:52:30.210Z","tool":"get_editor_state","type":"resource","status":"SUCCESS","ms":0,"params":{}}
{"ts":"2026-08-08T16:52:30.211Z","tool":"get_project_info","type":"resource","status":"SUCCESS","ms":0,"params":{}}
{"ts":"2026-08-08T16:52:34.657Z","event":"session_start","unity":"6000.3.4f1"}
{"ts":"2026-08-08T16:52:34.657Z","tool":"get_editor_state","type":"resource","status":"SUCCESS","ms":0,"params":{}}
{"ts":"2026-08-08T16:52:35.189Z","tool":"get_project_info","type":"resource","status":"SUCCESS","ms":0,"params":{}}
{"ts":"2026-08-08T16:52:59.113Z","tool":"manage_editor","type":"tool","status":"SUCCESS","ms":8,"action":"play","params":{"action":"play"}}
{"ts":"2026-08-08T16:53:24.581Z","tool":"execute_code","type":"tool","status":"SUCCESS","ms":1285,"action":"execute","params":{"action":"execute","code":"return new { ka = true };","safety_checks":true,"compiler":"auto"}}
{"ts":"2026-08-08T16:54:25.755Z","tool":"execute_code","type":"tool","status":"SUCCESS","ms":1097,"action":"execute","params":{"action":"execute","code":"return new { ka = true };","safety_checks":true,"compiler":"auto"}}
{"ts":"2026-08-08T16:55:15.847Z","tool":"manage_editor","type":"tool","status":"SUCCESS","ms":5,"action":"stop","params":{"action":"stop"}}
{"ts":"2026-08-08T16:55:26.884Z","tool":"execute_code","type":"tool","status":"SUCCESS","ms":1061,"action":"execute","params":{"action":"execute","code":"return new { ka = true };","safety_checks":true,"compiler":"auto"}}
{"ts":"2026-08-08T16:56:21.110Z","tool":"get_editor_state","type":"resource","status":"SUCCESS","ms":0,"params":{}}
{"ts":"2026-08-08T16:56:21.112Z","tool":"get_project_info","type":"resource","status":"SUCCESS","ms":0,"params":{}}
{"ts":"2026-08-08T16:56:31.129Z","event":"session_start","unity":"6000.3.4f1"}
{"ts":"2026-08-08T16:56:31.129Z","tool":"execute_code","type":"tool","status":"SUCCESS","ms":1181,"action":"execute","params":{"action":"execute","code":"return new { ka = true };","safety_checks":true,"compiler":"auto"}}
{"ts":"2026-08-08T16:56:40.055Z","tool":"get_editor_state","type":"resource","status":"SUCCESS","ms":0,"params":{}}
{"ts":"2026-08-08T16:56:40.057Z","tool":"get_project_info","type":"resource","status":"SUCCESS","ms":1,"params":{}}
{"ts":"2026-08-08T16:56:46.240Z","tool":"get_test_job","type":"tool","status":"SUCCESS","ms":0,"params":{"job_id":"f5e74f639aff478f8d52939005a535d9","includeFailedTests":true}}
{"ts":"2026-08-08T16:56:48.707Z","tool":"get_test_job","type":"tool","status":"SUCCESS","ms":0,"params":{"job_id":"f5e74f639aff478f8d52939005a535d9","includeFailedTests":true}}
{"ts":"2026-08-08T16:56:50.715Z","tool":"get_test_job","type":"tool","status":"SUCCESS","ms":0,"params":{"job_id":"f5e74f639aff478f8d52939005a535d9","includeFailedTests":true}}
{"ts":"2026-08-08T16:56:52.769Z","tool":"get_test_job","type":"tool","status":"SUCCESS","ms":0,"params":{"job_id":"f5e74f639aff478f8d52939005a535d9","includeFailedTests":true}}
{"ts":"2026-08-08T16:56:54.826Z","tool":"get_test_job","type":"tool","status":"SUCCESS","ms":0,"params":{"job_id":"f5e74f639aff478f8d52939005a535d9","includeFailedTests":true}}
{"ts":"2026-08-08T16:56:57.034Z","tool":"get_test_job","type":"tool","status":"SUCCESS","ms":0,"params":{"job_id":"f5e74f639aff478f8d52939005a535d9","includeFailedTests":true}}
{"ts":"2026-08-08T16:56:59.775Z","tool":"get_test_job","type":"tool","status":"SUCCESS","ms":0,"params":{"job_id":"f5e74f639aff478f8d52939005a535d9","includeFailedTests":true}}
{"ts":"2026-08-08T16:57:06.974Z","tool":"manage_editor","type":"tool","status":"SUCCESS","ms":6,"action":"play","params":{"action":"play"}}
{"ts":"2026-08-08T16:57:32.495Z","tool":"execute_code","type":"tool","status":"SUCCESS","ms":1274,"action":"execute","params":{"action":"execute","code":"return new { ka = true };","safety_checks":true,"compiler":"auto"}}
{"ts":"2026-08-08T16:58:23.953Z","tool":"execute_code","type":"tool","status":"SUCCESS","ms":1311,"action":"execute","params":{"action":"execute","code":"// READ-ONLY census: which blueprints are the TOP visible entity of\n// cells that the sprite pass leaves as ASCII (no actor/fixture/ground\n// sprite claim)? Counts by blueprint name.\nvar zr = UnityEngine.Object.FindFirstObjectByType<CavesOfOoo.Rendering.ZoneRenderer>();\nif (zr == null || zr.CurrentZone == null) return \"no zone\";\nvar zone = zr.CurrentZone;\nvar counts = new System.Collections.Generic.Dictionary<string, int>();\nfor (int x = 0; x < CavesOfOoo.Core.Zone.Width; x++)\nfor (int y = 0; y < CavesOfOoo.Core.Zone.Height; y++)\n{\n    var cell = zone.GetCell(x, y);\n    var top = cell?.GetTopVisibleObject();\n    if (top == null) continue;\n    string bp = top.BlueprintName ?? \"(null)\";\n    // Skip things we KNOW claim sprites\n    if (CavesOfOoo.Rendering.EnvironmentSpriteRenderer.ResolveActorKind(bp)\n        != CavesOfOoo.Rendering.EnvironmentSpriteRenderer.ActorSpriteKind.None) continue;\n    if (CavesOfOoo.Rendering.EnvironmentSpriteRenderer.ResolveFixtureKind(bp)\n        != CavesOfOoo.Rendering.EnvironmentSpriteRenderer.EnvFixtureKind.None) continue;\n    if (CavesOfOoo.Rendering.EnvironmentSpriteRenderer.ResolveGroundMaterial(bp)\n        != CavesOfOoo.Rendering.EnvironmentSpriteRenderer.GroundMaterial.None) continue;\n    if (!counts.ContainsKey(bp)) counts[bp] = 0;\n    counts[bp]++;\n}\nvar sb = new System.Text.StringBuilder();\nforeach (var kvp in System.Linq.Enumerable.OrderByDescending(counts, k => k.Value))\n    sb.AppendLine(kvp.Key + \" x\" + kvp.Value);\nreturn sb.ToString();","safety_checks":true,"compiler":"auto"}}
{"ts":"2026-08-08T16:58:33.798Z","tool":"execute_code","type":"tool","status":"SUCCESS","ms":1039,"action":"execute","params":{"action":"execute","code":"return new { ka = true };","safety_checks":true,"compiler":"auto"}}
{"ts":"2026-08-08T16:59:10.337Z","tool":"execute_code","type":"tool","status":"SUCCESS","ms":1203,"action":"execute","params":{"action":"execute","code":"// READ-ONLY: which cells still show a MAIN-tilemap glyph (ASCII\n// residue) while sprite mode runs, and what entity/glyph is there?\nvar zr = UnityEngine.Object.FindFirstObjectByType<CavesOfOoo.Rendering.ZoneRenderer>();\nif (zr == null || zr.CurrentZone == null) return \"no zone\";\nvar zone = zr.CurrentZone;\nvar grid = UnityEngine.GameObject.Find(\"ZoneGrid\");\nif (grid == null) return \"no grid\";\nUnityEngine.Tilemaps.Tilemap main = null;\nforeach (var tm in grid.GetComponentsInChildren<UnityEngine.Tilemaps.Tilemap>())\n    if (tm.gameObject.name == \"Tilemap\") main = tm;\nif (main == null) {\n    var names = new System.Text.StringBuilder();\n    foreach (var tm in grid.GetComponentsInChildren<UnityEngine.Tilemaps.Tilemap>())\n        names.Append(tm.gameObject.name + \"; \");\n    return \"tilemaps: \" + names;\n}\nvar counts = new System.Collections.Generic.Dictionary<string, int>();\nint residue = 0;\nfor (int x = 0; x < CavesOfOoo.Core.Zone.Width; x++)\nfor (int ty = 0; ty < CavesOfOoo.Core.Zone.Height; ty++)\n{\n    var t = main.GetTile(new UnityEngine.Vector3Int(x, ty, 0));\n    if (t == null) continue;\n    residue++;\n    int zy = CavesOfOoo.Core.Zone.Height - 1 - ty;\n    var top = zone.GetCell(x, zy)?.GetTopVisibleObject();\n    string key = (top?.BlueprintName ?? \"(empty)\") + \" | tile:\" + t.name;\n    if (!counts.ContainsKey(key)) counts[key] = 0;\n    counts[key]++;\n}\nvar sb = new System.Text.StringBuilder();\nsb.AppendLine(\"ASCII residue cells: \" + residue);\nint shown = 0;\nforeach (var kvp in System.Linq.Enumerable.OrderByDescending(counts, k => k.Value))\n{ sb.AppendLine(kvp.Key + \" x\" + kvp.Value); if (++shown > 14) break; }\nreturn sb.ToString();","safety_checks":true,"compiler":"auto"}}
{"ts":"2026-08-08T16:59:20.697Z","tool":"execute_code","type":"tool","status":"SUCCESS","ms":1126,"action":"execute","params":{"action":"execute","code":"var zr = UnityEngine.Object.FindFirstObjectByType<CavesOfOoo.Rendering.ZoneRenderer>();\nvar zone = zr.CurrentZone;\nvar grid = UnityEngine.GameObject.Find(\"ZoneGrid\");\nUnityEngine.Tilemaps.Tilemap main = null;\nforeach (var tm in grid.GetComponentsInChildren<UnityEngine.Tilemaps.Tilemap>())\n    if (tm.gameObject.name == \"ZoneTilemap\") main = tm;\nvar counts = new System.Collections.Generic.Dictionary<string, int>();\nint residue = 0;\nfor (int x = 0; x < CavesOfOoo.Core.Zone.Width; x++)\nfor (int ty = 0; ty < CavesOfOoo.Core.Zone.Height; ty++)\n{\n    var t = main.GetTile(new UnityEngine.Vector3Int(x, ty, 0));\n    if (t == null) continue;\n    residue++;\n    int zy = CavesOfOoo.Core.Zone.Height - 1 - ty;\n    var top = zone.GetCell(x, zy)?.GetTopVisibleObject();\n    string key = (top?.BlueprintName ?? \"(empty)\") + \" | tile:\" + t.name;\n    if (!counts.ContainsKey(key)) counts[key] = 0;\n    counts[key]++;\n}\nvar sb = new System.Text.StringBuilder();\nsb.AppendLine(\"ASCII residue cells: \" + residue);\nint shown = 0;\nforeach (var kvp in System.Linq.Enumerable.OrderByDescending(counts, k => k.Value))\n{ sb.AppendLine(kvp.Key + \" x\" + kvp.Value); if (++shown > 14) break; }\nreturn sb.ToString();","safety_checks":true,"compiler":"auto"}}
{"ts":"2026-08-08T16:59:34.940Z","tool":"execute_code","type":"tool","status":"SUCCESS","ms":1068,"action":"execute","params":{"action":"execute","code":"return new { ka = true };","safety_checks":true,"compiler":"auto"}}
{"ts":"2026-08-08T16:59:49.913Z","tool":"execute_code","type":"tool","status":"SUCCESS","ms":1108,"action":"execute","params":{"action":"execute","code":"var zr = UnityEngine.Object.FindFirstObjectByType<CavesOfOoo.Rendering.ZoneRenderer>();\nvar zone = zr.CurrentZone;\nvar grid = UnityEngine.GameObject.Find(\"ZoneGrid\");\nUnityEngine.Tilemaps.Tilemap overlay = null;\nforeach (var tm in grid.GetComponentsInChildren<UnityEngine.Tilemaps.Tilemap>())\n    if (tm.gameObject.name == \"EnvironmentSpriteTilemap\") overlay = tm;\nvar sb = new System.Text.StringBuilder();\n// Player at zone (39,11). Print a 13-wide x 7-tall window of overlay\n// tile names (abbreviated), zone rows 8..14, cols 33..45.\nfor (int zy = 8; zy <= 14; zy++)\n{\n    for (int x = 33; x <= 45; x++)\n    {\n        int ty = CavesOfOoo.Core.Zone.Height - 1 - zy;\n        var t = overlay.GetTile(new UnityEngine.Vector3Int(x, ty, 0));\n        string n = t == null ? \"----\" : t.name;\n        if (n.Length > 10) n = n.Substring(0, 10);\n        sb.Append(n.PadRight(11));\n    }\n    sb.AppendLine();\n}\nreturn sb.ToString();","safety_checks":true,"compiler":"auto"}}
{"ts":"2026-08-08T17:00:36.224Z","tool":"execute_code","type":"tool","status":"SUCCESS","ms":1207,"action":"execute","params":{"action":"execute","code":"return new { ka = true };","safety_checks":true,"compiler":"auto"}}
{"ts":"2026-08-08T17:00:36.240Z","tool":"manage_editor","type":"tool","status":"SUCCESS","ms":6,"action":"stop","params":{"action":"stop"}}
{"ts":"2026-08-08T17:01:11.791Z","tool":"get_editor_state","type":"resource","status":"SUCCESS","ms":0,"params":{}}
{"ts":"2026-08-08T17:01:11.793Z","tool":"get_project_info","type":"resource","status":"SUCCESS","ms":0,"params":{}}
{"ts":"2026-08-08T17:01:35.077Z","event":"session_start","unity":"6000.3.4f1"}
{"ts":"2026-08-08T17:01:35.077Z","tool":"manage_editor","type":"tool","status":"SUCCESS","ms":11,"action":"play","params":{"action":"play"}}
{"ts":"2026-08-08T17:01:37.547Z","tool":"execute_code","type":"tool","status":"SUCCESS","ms":1238,"action":"execute","params":{"action":"execute","code":"return new { ka = true };","safety_checks":true,"compiler":"auto"}}
{"ts":"2026-08-08T17:02:38.844Z","tool":"execute_code","type":"tool","status":"SUCCESS","ms":1213,"action":"execute","params":{"action":"execute","code":"return new { ka = true };","safety_checks":true,"compiler":"auto"}}
{"ts":"2026-08-08T17:02:39.425Z","tool":"manage_editor","type":"tool","status":"SUCCESS","ms":4,"action":"stop","params":{"action":"stop"}}
{"ts":"2026-08-08T17:03:00.449Z","tool":"get_editor_state","type":"resource","status":"SUCCESS","ms":0,"params":{}}
{"ts":"2026-08-08T17:03:00.458Z","tool":"get_project_info","type":"resource","status":"SUCCESS","ms":0,"params":{}}
{"ts":"2026-08-08T17:03:00.790Z","tool":"get_editor_state","type":"resource","status":"SUCCESS","ms":0,"params":{}}
{"ts":"2026-08-08T17:03:00.791Z","tool":"get_project_info","type":"resource","status":"SUCCESS","ms":0,"params":{}}
{"ts":"2026-08-08T17:03:01.067Z","tool":"get_editor_state","type":"resource","status":"SUCCESS","ms":0,"params":{}}
{"ts":"2026-08-08T17:03:01.070Z","tool":"get_project_info","type":"resource","status":"SUCCESS","ms":0,"params":{}}
{"ts":"2026-08-08T17:03:01.324Z","tool":"get_editor_state","type":"resource","status":"SUCCESS","ms":0,"params":{}}
{"ts":"2026-08-08T17:03:01.325Z","tool":"get_project_info","type":"resource","status":"SUCCESS","ms":0,"params":{}}
{"ts":"2026-08-08T17:03:01.581Z","tool":"get_editor_state","type":"resource","status":"SUCCESS","ms":0,"params":{}}
{"ts":"2026-08-08T17:03:01.582Z","tool":"get_project_info","type":"resource","status":"SUCCESS","ms":0,"params":{}}
{"ts":"2026-08-08T17:03:01.834Z","tool":"get_editor_state","type":"resource","status":"SUCCESS","ms":0,"params":{}}
{"ts":"2026-08-08T17:03:01.835Z","tool":"get_project_info","type":"resource","status":"SUCCESS","ms":0,"params":{}}
{"ts":"2026-08-08T17:03:07.265Z","event":"session_start","unity":"6000.3.4f1"}
{"ts":"2026-08-08T17:03:07.264Z","tool":"get_editor_state","type":"resource","status":"SUCCESS","ms":0,"params":{}}
{"ts":"2026-08-08T17:03:07.813Z","tool":"get_project_info","type":"resource","status":"SUCCESS","ms":1,"params":{}}
{"ts":"2026-08-08T17:03:30.417Z","tool":"manage_editor","type":"tool","status":"SUCCESS","ms":10,"action":"play","params":{"action":"play"}}
{"ts":"2026-08-08T17:03:40.133Z","tool":"execute_code","type":"tool","status":"SUCCESS","ms":1199,"action":"execute","params":{"action":"execute","code":"return new { ka = true };","safety_checks":true,"compiler":"auto"}}
{"ts":"2026-08-08T17:04:20.775Z","tool":"manage_editor","type":"tool","status":"SUCCESS","ms":3,"action":"stop","params":{"action":"stop"}}
{"ts":"2026-08-08T17:04:25.747Z","tool":"get_editor_state","type":"resource","status":"SUCCESS","ms":0,"params":{}}
{"ts":"2026-08-08T17:04:25.749Z","tool":"get_project_info","type":"resource","status":"SUCCESS","ms":0,"params":{}}
{"ts":"2026-08-08T17:04:31.354Z","tool":"get_test_job","type":"tool","status":"SUCCESS","ms":0,"params":{"job_id":"4862368e3be143e59d9f39eaaa040d07","includeFailedTests":true}}
{"ts":"2026-08-08T17:04:33.393Z","tool":"get_test_job","type":"tool","status":"SUCCESS","ms":0,"params":{"job_id":"4862368e3be143e59d9f39eaaa040d07","includeFailedTests":true}}
{"ts":"2026-08-08T17:04:35.410Z","tool":"get_test_job","type":"tool","status":"SUCCESS","ms":0,"params":{"job_id":"4862368e3be143e59d9f39eaaa040d07","includeFailedTests":true}}
{"ts":"2026-08-08T17:04:37.579Z","tool":"get_test_job","type":"tool","status":"SUCCESS","ms":0,"params":{"job_id":"4862368e3be143e59d9f39eaaa040d07","includeFailedTests":true}}
{"ts":"2026-08-08T17:04:39.714Z","tool":"get_test_job","type":"tool","status":"SUCCESS","ms":0,"params":{"job_id":"4862368e3be143e59d9f39eaaa040d07","includeFailedTests":true}}
{"ts":"2026-08-08T17:04:41.625Z","tool":"execute_code","type":"tool","status":"SUCCESS","ms":1213,"action":"execute","params":{"action":"execute","code":"return new { ka = true };","safety_checks":true,"compiler":"auto"}}
{"ts":"2026-08-08T17:04:41.784Z","tool":"get_test_job","type":"tool","status":"SUCCESS","ms":0,"params":{"job_id":"4862368e3be143e59d9f39eaaa040d07","includeFailedTests":true}}
{"ts":"2026-08-08T17:04:44.181Z","tool":"get_test_job","type":"tool","status":"SUCCESS","ms":0,"params":{"job_id":"4862368e3be143e59d9f39eaaa040d07","includeFailedTests":true}}
{"ts":"2026-08-08T17:04:46.726Z","tool":"get_test_job","type":"tool","status":"SUCCESS","ms":1,"params":{"job_id":"4862368e3be143e59d9f39eaaa040d07","includeFailedTests":true}}
{"ts":"2026-08-08T17:05:42.415Z","tool":"execute_code","type":"tool","status":"SUCCESS","ms":691,"action":"execute","params":{"action":"execute","code":"return new { ka = true };","safety_checks":true,"compiler":"auto"}}
{"ts":"2026-08-08T17:06:43.243Z","tool":"execute_code","type":"tool","status":"SUCCESS","ms":718,"action":"execute","params":{"action":"execute","code":"return new { ka = true };","safety_checks":true,"compiler":"auto"}}
{"ts":"2026-08-08T17:07:44.137Z","tool":"execute_code","type":"tool","status":"SUCCESS","ms":670,"action":"execute","params":{"action":"execute","code":"return new { ka = true };","safety_checks":true,"compiler":"auto"}}
{"ts":"2026-08-08T17:08:44.926Z","tool":"execute_code","type":"tool","status":"SUCCESS","ms":685,"action":"execute","params":{"action":"execute","code":"return new { ka = true };","safety_checks":true,"compiler":"auto"}}
{"ts":"2026-08-08T17:09:45.557Z","tool":"execute_code","type":"tool","status":"SUCCESS","ms":574,"action":"execute","params":{"action":"execute","code":"return new { ka = true };","safety_checks":true,"compiler":"auto"}}
{"ts":"2026-08-08T17:10:46.299Z","tool":"execute_code","type":"tool","status":"SUCCESS","ms":680,"action":"execute","params":{"action":"execute","code":"return new { ka = true };","safety_checks":true,"compiler":"auto"}}
{"ts":"2026-08-08T17:11:47.031Z","tool":"execute_code","type":"tool","status":"SUCCESS","ms":672,"action":"execute","params":{"action":"execute","code":"return new { ka = true };","safety_checks":true,"compiler":"auto"}}
{"ts":"2026-08-08T17:12:47.972Z","tool":"execute_code","type":"tool","status":"SUCCESS","ms":706,"action":"execute","params":{"action":"execute","code":"return new { ka = true };","safety_checks":true,"compiler":"auto"}}
{"ts":"2026-08-08T17:13:48.668Z","tool":"execute_code","type":"tool","status":"SUCCESS","ms":629,"action":"execute","params":{"action":"execute","code":"return new { ka = true };","safety_checks":true,"compiler":"auto"}}
{"ts":"2026-08-08T17:14:49.388Z","tool":"execute_code","type":"tool","status":"SUCCESS","ms":658,"action":"execute","params":{"action":"execute","code":"return new { ka = true };","safety_checks":true,"compiler":"auto"}}
{"ts":"2026-08-08T17:15:50.088Z","tool":"execute_code","type":"tool","status":"SUCCESS","ms":638,"action":"execute","params":{"action":"execute","code":"return new { ka = true };","safety_checks":true,"compiler":"auto"}}
{"ts":"2026-08-08T17:16:50.765Z","tool":"execute_code","type":"tool","status":"SUCCESS","ms":614,"action":"execute","params":{"action":"execute","code":"return new { ka = true };","safety_checks":true,"compiler":"auto"}}
{"ts":"2026-08-08T17:17:51.417Z","tool":"execute_code","type":"tool","status":"SUCCESS","ms":591,"action":"execute","params":{"action":"execute","code":"return new { ka = true };","safety_checks":true,"compiler":"auto"}}
{"ts":"2026-08-08T17:18:52.074Z","tool":"execute_code","type":"tool","status":"SUCCESS","ms":597,"action":"execute","params":{"action":"execute","code":"return new { ka = true };","safety_checks":true,"compiler":"auto"}}
{"ts":"2026-08-08T17:19:52.723Z","tool":"execute_code","type":"tool","status":"SUCCESS","ms":579,"action":"execute","params":{"action":"execute","code":"return new { ka = true };","safety_checks":true,"compiler":"auto"}}
{"ts":"2026-08-08T17:20:53.387Z","tool":"execute_code","type":"tool","status":"SUCCESS","ms":595,"action":"execute","params":{"action":"execute","code":"return new { ka = true };","safety_checks":true,"compiler":"auto"}}
{"ts":"2026-08-08T17:21:53.116Z","tool":"get_editor_state","type":"resource","status":"SUCCESS","ms":0,"params":{}}
{"ts":"2026-08-08T17:21:53.118Z","tool":"get_project_info","type":"resource","status":"SUCCESS","ms":0,"params":{}}
{"ts":"2026-08-08T17:21:53.425Z","tool":"get_editor_state","type":"resource","status":"SUCCESS","ms":0,"params":{}}
{"ts":"2026-08-08T17:21:53.426Z","tool":"get_project_info","type":"resource","status":"SUCCESS","ms":0,"params":{}}
{"ts":"2026-08-08T17:21:54.168Z","tool":"execute_code","type":"tool","status":"SUCCESS","ms":710,"action":"execute","params":{"action":"execute","code":"return new { ka = true };","safety_checks":true,"compiler":"auto"}}
{"ts":"2026-08-08T17:21:54.173Z","tool":"get_editor_state","type":"resource","status":"SUCCESS","ms":0,"params":{}}
{"ts":"2026-08-08T17:21:54.174Z","tool":"get_project_info","type":"resource","status":"SUCCESS","ms":0,"params":{}}
{"ts":"2026-08-08T17:21:54.428Z","tool":"get_editor_state","type":"resource","status":"SUCCESS","ms":0,"params":{}}
{"ts":"2026-08-08T17:21:54.429Z","tool":"get_project_info","type":"resource","status":"SUCCESS","ms":0,"params":{}}
{"ts":"2026-08-08T17:21:54.683Z","tool":"get_editor_state","type":"resource","status":"SUCCESS","ms":0,"params":{}}
{"ts":"2026-08-08T17:21:54.684Z","tool":"get_project_info","type":"resource","status":"SUCCESS","ms":0,"params":{}}
{"ts":"2026-08-08T17:21:54.979Z","tool":"get_editor_state","type":"resource","status":"SUCCESS","ms":0,"params":{}}
{"ts":"2026-08-08T17:21:54.981Z","tool":"get_project_info","type":"resource","status":"SUCCESS","ms":0,"params":{}}
{"ts":"2026-08-08T17:21:55.235Z","tool":"get_editor_state","type":"resource","status":"SUCCESS","ms":0,"params":{}}
{"ts":"2026-08-08T17:21:55.236Z","tool":"get_project_info","type":"resource","status":"SUCCESS","ms":0,"params":{}}
{"ts":"2026-08-08T17:21:55.488Z","tool":"get_editor_state","type":"resource","status":"SUCCESS","ms":0,"params":{}}
{"ts":"2026-08-08T17:21:55.489Z","tool":"get_project_info","type":"resource","status":"SUCCESS","ms":0,"params":{}}
{"ts":"2026-08-08T17:21:55.743Z","tool":"get_editor_state","type":"resource","status":"SUCCESS","ms":0,"params":{}}
{"ts":"2026-08-08T17:21:55.744Z","tool":"get_project_info","type":"resource","status":"SUCCESS","ms":0,"params":{}}
{"ts":"2026-08-08T17:21:55.997Z","tool":"get_editor_state","type":"resource","status":"SUCCESS","ms":0,"params":{}}
{"ts":"2026-08-08T17:21:55.998Z","tool":"get_project_info","type":"resource","status":"SUCCESS","ms":0,"params":{}}
{"ts":"2026-08-08T17:21:56.252Z","tool":"get_editor_state","type":"resource","status":"SUCCESS","ms":0,"params":{}}
{"ts":"2026-08-08T17:21:56.252Z","tool":"get_project_info","type":"resource","status":"SUCCESS","ms":0,"params":{}}
{"ts":"2026-08-08T17:21:56.557Z","tool":"get_editor_state","type":"resource","status":"SUCCESS","ms":0,"params":{}}
{"ts":"2026-08-08T17:21:56.558Z","tool":"get_project_info","type":"resource","status":"SUCCESS","ms":0,"params":{}}
{"ts":"2026-08-08T17:21:56.812Z","tool":"get_editor_state","type":"resource","status":"SUCCESS","ms":0,"params":{}}
{"ts":"2026-08-08T17:21:56.812Z","tool":"get_project_info","type":"resource","status":"SUCCESS","ms":0,"params":{}}
{"ts":"2026-08-08T17:21:57.064Z","tool":"get_editor_state","type":"resource","status":"SUCCESS","ms":0,"params":{}}
{"ts":"2026-08-08T17:21:57.065Z","tool":"get_project_info","type":"resource","status":"SUCCESS","ms":0,"params":{}}
{"ts":"2026-08-08T17:21:57.318Z","tool":"get_editor_state","type":"resource","status":"SUCCESS","ms":0,"params":{}}
{"ts":"2026-08-08T17:21:57.319Z","tool":"get_project_info","type":"resource","status":"SUCCESS","ms":0,"params":{}}
{"ts":"2026-08-08T17:21:57.573Z","tool":"get_editor_state","type":"resource","status":"SUCCESS","ms":0,"params":{}}
{"ts":"2026-08-08T17:21:57.573Z","tool":"get_project_info","type":"resource","status":"SUCCESS","ms":0,"params":{}}
{"ts":"2026-08-08T17:21:57.827Z","tool":"get_editor_state","type":"resource","status":"SUCCESS","ms":0,"params":{}}
{"ts":"2026-08-08T17:21:57.828Z","tool":"get_project_info","type":"resource","status":"SUCCESS","ms":0,"params":{}}
{"ts":"2026-08-08T17:21:58.124Z","tool":"get_editor_state","type":"resource","status":"SUCCESS","ms":0,"params":{}}
{"ts":"2026-08-08T17:21:58.125Z","tool":"get_project_info","type":"resource","status":"SUCCESS","ms":0,"params":{}}
{"ts":"2026-08-08T17:21:58.377Z","tool":"get_editor_state","type":"resource","status":"SUCCESS","ms":0,"params":{}}
{"ts":"2026-08-08T17:21:58.378Z","tool":"get_project_info","type":"resource","status":"SUCCESS","ms":0,"params":{}}
{"ts":"2026-08-08T17:21:58.631Z","tool":"get_editor_state","type":"resource","status":"SUCCESS","ms":0,"params":{}}
{"ts":"2026-08-08T17:21:58.632Z","tool":"get_project_info","type":"resource","status":"SUCCESS","ms":0,"params":{}}
{"ts":"2026-08-08T17:21:58.964Z","tool":"get_editor_state","type":"resource","status":"SUCCESS","ms":0,"params":{}}
{"ts":"2026-08-08T17:21:58.966Z","tool":"get_project_info","type":"resource","status":"SUCCESS","ms":0,"params":{}}
{"ts":"2026-08-08T17:21:59.220Z","tool":"get_editor_state","type":"resource","status":"SUCCESS","ms":0,"params":{}}
{"ts":"2026-08-08T17:21:59.220Z","tool":"get_project_info","type":"resource","status":"SUCCESS","ms":0,"params":{}}
{"ts":"2026-08-08T17:21:59.472Z","tool":"get_editor_state","type":"resource","status":"SUCCESS","ms":0,"params":{}}
{"ts":"2026-08-08T17:21:59.473Z","tool":"get_project_info","type":"resource","status":"SUCCESS","ms":0,"params":{}}
{"ts":"2026-08-08T17:21:59.780Z","tool":"get_editor_state","type":"resource","status":"SUCCESS","ms":0,"params":{}}
{"ts":"2026-08-08T17:21:59.781Z","tool":"get_project_info","type":"resource","status":"SUCCESS","ms":0,"params":{}}
{"ts":"2026-08-08T17:22:00.033Z","tool":"get_editor_state","type":"resource","status":"SUCCESS","ms":0,"params":{}}
{"ts":"2026-08-08T17:22:00.034Z","tool":"get_project_info","type":"resource","status":"SUCCESS","ms":0,"params":{}}
{"ts":"2026-08-08T17:22:00.288Z","tool":"get_editor_state","type":"resource","status":"SUCCESS","ms":0,"params":{}}
{"ts":"2026-08-08T17:22:00.289Z","tool":"get_project_info","type":"resource","status":"SUCCESS","ms":0,"params":{}}
{"ts":"2026-08-08T17:22:00.541Z","tool":"get_editor_state","type":"resource","status":"SUCCESS","ms":0,"params":{}}
{"ts":"2026-08-08T17:22:00.542Z","tool":"get_project_info","type":"resource","status":"SUCCESS","ms":0,"params":{}}
{"ts":"2026-08-08T17:22:00.795Z","tool":"get_editor_state","type":"resource","status":"SUCCESS","ms":0,"params":{}}
{"ts":"2026-08-08T17:22:00.796Z","tool":"get_project_info","type":"resource","status":"SUCCESS","ms":0,"params":{}}
{"ts":"2026-08-08T17:22:01.048Z","tool":"get_editor_state","type":"resource","status":"SUCCESS","ms":0,"params":{}}
{"ts":"2026-08-08T17:22:01.049Z","tool":"get_project_info","type":"resource","status":"SUCCESS","ms":0,"params":{}}
{"ts":"2026-08-08T17:22:01.347Z","tool":"get_editor_state","type":"resource","status":"SUCCESS","ms":0,"params":{}}
{"ts":"2026-08-08T17:22:01.347Z","tool":"get_project_info","type":"resource","status":"SUCCESS","ms":0,"params":{}}
{"ts":"2026-08-08T17:22:01.601Z","tool":"get_editor_state","type":"resource","status":"SUCCESS","ms":0,"params":{}}
{"ts":"2026-08-08T17:22:01.602Z","tool":"get_project_info","type":"resource","status":"SUCCESS","ms":0,"params":{}}
{"ts":"2026-08-08T17:22:01.854Z","tool":"get_editor_state","type":"resource","status":"SUCCESS","ms":0,"params":{}}
{"ts":"2026-08-08T17:22:01.855Z","tool":"get_project_info","type":"resource","status":"SUCCESS","ms":0,"params":{}}
{"ts":"2026-08-08T17:22:02.109Z","tool":"get_editor_state","type":"resource","status":"SUCCESS","ms":0,"params":{}}
{"ts":"2026-08-08T17:22:02.109Z","tool":"get_project_info","type":"resource","status":"SUCCESS","ms":0,"params":{}}
{"ts":"2026-08-08T17:22:02.362Z","tool":"get_editor_state","type":"resource","status":"SUCCESS","ms":0,"params":{}}
{"ts":"2026-08-08T17:22:02.363Z","tool":"get_project_info","type":"resource","status":"SUCCESS","ms":0,"params":{}}
{"ts":"2026-08-08T17:22:02.617Z","tool":"get_editor_state","type":"resource","status":"SUCCESS","ms":0,"params":{}}
{"ts":"2026-08-08T17:22:02.618Z","tool":"get_project_info","type":"resource","status":"SUCCESS","ms":0,"params":{}}
{"ts":"2026-08-08T17:22:02.921Z","tool":"get_editor_state","type":"resource","status":"SUCCESS","ms":0,"params":{}}
{"ts":"2026-08-08T17:22:02.922Z","tool":"get_project_info","type":"resource","status":"SUCCESS","ms":0,"params":{}}
{"ts":"2026-08-08T17:22:03.174Z","tool":"get_editor_state","type":"resource","status":"SUCCESS","ms":0,"params":{}}
{"ts":"2026-08-08T17:22:03.175Z","tool":"get_project_info","type":"resource","status":"SUCCESS","ms":0,"params":{}}
{"ts":"2026-08-08T17:22:03.429Z","tool":"get_editor_state","type":"resource","status":"SUCCESS","ms":0,"params":{}}
{"ts":"2026-08-08T17:22:03.429Z","tool":"get_project_info","type":"resource","status":"SUCCESS","ms":0,"params":{}}
{"ts":"2026-08-08T17:22:03.683Z","tool":"get_editor_state","type":"resource","status":"SUCCESS","ms":0,"params":{}}
{"ts":"2026-08-08T17:22:03.684Z","tool":"get_project_info","type":"resource","status":"SUCCESS","ms":0,"params":{}}
{"ts":"2026-08-08T17:22:03.936Z","tool":"get_editor_state","type":"resource","status":"SUCCESS","ms":0,"params":{}}
{"ts":"2026-08-08T17:22:03.936Z","tool":"get_project_info","type":"resource","status":"SUCCESS","ms":0,"params":{}}
{"ts":"2026-08-08T17:22:04.189Z","tool":"get_editor_state","type":"resource","status":"SUCCESS","ms":0,"params":{}}
{"ts":"2026-08-08T17:22:04.190Z","tool":"get_project_info","type":"resource","status":"SUCCESS","ms":0,"params":{}}
{"ts":"2026-08-08T17:22:04.495Z","tool":"get_editor_state","type":"resource","status":"SUCCESS","ms":0,"params":{}}
{"ts":"2026-08-08T17:22:04.495Z","tool":"get_project_info","type":"resource","status":"SUCCESS","ms":0,"params":{}}
{"ts":"2026-08-08T17:22:04.749Z","tool":"get_editor_state","type":"resource","status":"SUCCESS","ms":0,"params":{}}
{"ts":"2026-08-08T17:22:04.750Z","tool":"get_project_info","type":"resource","status":"SUCCESS","ms":0,"params":{}}
{"ts":"2026-08-08T17:22:05.003Z","tool":"get_editor_state","type":"resource","status":"SUCCESS","ms":0,"params":{}}
{"ts":"2026-08-08T17:22:05.004Z","tool":"get_project_info","type":"resource","status":"SUCCESS","ms":0,"params":{}}
{"ts":"2026-08-08T17:22:05.256Z","tool":"get_editor_state","type":"resource","status":"SUCCESS","ms":0,"params":{}}
{"ts":"2026-08-08T17:22:05.257Z","tool":"get_project_info","type":"resource","status":"SUCCESS","ms":0,"params":{}}
{"ts":"2026-08-08T17:22:05.511Z","tool":"get_editor_state","type":"resource","status":"SUCCESS","ms":0,"params":{}}
{"ts":"2026-08-08T17:22:05.512Z","tool":"get_project_info","type":"resource","status":"SUCCESS","ms":0,"params":{}}
{"ts":"2026-08-08T17:22:05.766Z","tool":"get_editor_state","type":"resource","status":"SUCCESS","ms":0,"params":{}}
{"ts":"2026-08-08T17:22:05.767Z","tool":"get_project_info","type":"resource","status":"SUCCESS","ms":0,"params":{}}
{"ts":"2026-08-08T17:22:06.065Z","tool":"get_editor_state","type":"resource","status":"SUCCESS","ms":0,"params":{}}
{"ts":"2026-08-08T17:22:06.065Z","tool":"get_project_info","type":"resource","status":"SUCCESS","ms":0,"params":{}}
{"ts":"2026-08-08T17:22:06.319Z","tool":"get_editor_state","type":"resource","status":"SUCCESS","ms":0,"params":{}}
{"ts":"2026-08-08T17:22:06.320Z","tool":"get_project_info","type":"resource","status":"SUCCESS","ms":0,"params":{}}
{"ts":"2026-08-08T17:22:06.572Z","tool":"get_editor_state","type":"resource","status":"SUCCESS","ms":0,"params":{}}
{"ts":"2026-08-08T17:22:06.573Z","tool":"get_project_info","type":"resource","status":"SUCCESS","ms":0,"params":{}}
{"ts":"2026-08-08T17:22:06.827Z","tool":"get_editor_state","type":"resource","status":"SUCCESS","ms":0,"params":{}}
{"ts":"2026-08-08T17:22:06.828Z","tool":"get_project_info","type":"resource","status":"SUCCESS","ms":0,"params":{}}
{"ts":"2026-08-08T17:22:07.082Z","tool":"get_editor_state","type":"resource","status":"SUCCESS","ms":0,"params":{}}
{"ts":"2026-08-08T17:22:07.083Z","tool":"get_project_info","type":"resource","status":"SUCCESS","ms":0,"params":{}}
{"ts":"2026-08-08T17:22:07.335Z","tool":"get_editor_state","type":"resource","status":"SUCCESS","ms":0,"params":{}}
{"ts":"2026-08-08T17:22:07.336Z","tool":"get_project_info","type":"resource","status":"SUCCESS","ms":0,"params":{}}
{"ts":"2026-08-08T17:22:07.634Z","tool":"get_editor_state","type":"resource","status":"SUCCESS","ms":0,"params":{}}
{"ts":"2026-08-08T17:22:07.635Z","tool":"get_project_info","type":"resource","status":"SUCCESS","ms":0,"params":{}}
{"ts":"2026-08-08T17:22:07.889Z","tool":"get_editor_state","type":"resource","status":"SUCCESS","ms":0,"params":{}}
{"ts":"2026-08-08T17:22:07.890Z","tool":"get_project_info","type":"resource","status":"SUCCESS","ms":0,"params":{}}
{"ts":"2026-08-08T17:22:08.144Z","tool":"get_editor_state","type":"resource","status":"SUCCESS","ms":0,"params":{}}
{"ts":"2026-08-08T17:22:08.144Z","tool":"get_project_info","type":"resource","status":"SUCCESS","ms":0,"params":{}}
{"ts":"2026-08-08T17:22:08.398Z","tool":"get_editor_state","type":"resource","status":"SUCCESS","ms":0,"params":{}}
{"ts":"2026-08-08T17:22:08.399Z","tool":"get_project_info","type":"resource","status":"SUCCESS","ms":0,"params":{}}
{"ts":"2026-08-08T17:22:08.651Z","tool":"get_editor_state","type":"resource","status":"SUCCESS","ms":0,"params":{}}
{"ts":"2026-08-08T17:22:08.652Z","tool":"get_project_info","type":"resource","status":"SUCCESS","ms":0,"params":{}}
{"ts":"2026-08-08T17:22:08.906Z","tool":"get_editor_state","type":"resource","status":"SUCCESS","ms":0,"params":{}}
{"ts":"2026-08-08T17:22:08.907Z","tool":"get_project_info","type":"resource","status":"SUCCESS","ms":0,"params":{}}
{"ts":"2026-08-08T17:22:09.208Z","tool":"get_editor_state","type":"resource","status":"SUCCESS","ms":0,"params":{}}
{"ts":"2026-08-08T17:22:09.209Z","tool":"get_project_info","type":"resource","status":"SUCCESS","ms":0,"params":{}}
{"ts":"2026-08-08T17:22:09.462Z","tool":"get_editor_state","type":"resource","status":"SUCCESS","ms":0,"params":{}}
{"ts":"2026-08-08T17:22:09.463Z","tool":"get_project_info","type":"resource","status":"SUCCESS","ms":0,"params":{}}
{"ts":"2026-08-08T17:22:09.716Z","tool":"get_editor_state","type":"resource","status":"SUCCESS","ms":0,"params":{}}
{"ts":"2026-08-08T17:22:09.716Z","tool":"get_project_info","type":"resource","status":"SUCCESS","ms":0,"params":{}}
{"ts":"2026-08-08T17:22:09.970Z","tool":"get_editor_state","type":"resource","status":"SUCCESS","ms":0,"params":{}}
{"ts":"2026-08-08T17:22:09.971Z","tool":"get_project_info","type":"resource","status":"SUCCESS","ms":0,"params":{}}
{"ts":"2026-08-08T17:22:10.224Z","tool":"get_editor_state","type":"resource","status":"SUCCESS","ms":0,"params":{}}
{"ts":"2026-08-08T17:22:10.225Z","tool":"get_project_info","type":"resource","status":"SUCCESS","ms":0,"params":{}}
{"ts":"2026-08-08T17:22:10.478Z","tool":"get_editor_state","type":"resource","status":"SUCCESS","ms":0,"params":{}}
{"ts":"2026-08-08T17:22:10.479Z","tool":"get_project_info","type":"resource","status":"SUCCESS","ms":0,"params":{}}
{"ts":"2026-08-08T17:22:10.782Z","tool":"get_editor_state","type":"resource","status":"SUCCESS","ms":0,"params":{}}
{"ts":"2026-08-08T17:22:10.783Z","tool":"get_project_info","type":"resource","status":"SUCCESS","ms":0,"params":{}}
{"ts":"2026-08-08T17:22:11.036Z","tool":"get_editor_state","type":"resource","status":"SUCCESS","ms":0,"params":{}}
{"ts":"2026-08-08T17:22:11.036Z","tool":"get_project_info","type":"resource","status":"SUCCESS","ms":0,"params":{}}
{"ts":"2026-08-08T17:22:11.290Z","tool":"get_editor_state","type":"resource","status":"SUCCESS","ms":0,"params":{}}
{"ts":"2026-08-08T17:22:11.291Z","tool":"get_project_info","type":"resource","status":"SUCCESS","ms":0,"params":{}}
{"ts":"2026-08-08T17:22:11.544Z","tool":"get_editor_state","type":"resource","status":"SUCCESS","ms":0,"params":{}}
{"ts":"2026-08-08T17:22:11.545Z","tool":"get_project_info","type":"resource","status":"SUCCESS","ms":0,"params":{}}
{"ts":"2026-08-08T17:22:11.799Z","tool":"get_editor_state","type":"resource","status":"SUCCESS","ms":0,"params":{}}
{"ts":"2026-08-08T17:22:11.799Z","tool":"get_project_info","type":"resource","status":"SUCCESS","ms":0,"params":{}}
{"ts":"2026-08-08T17:22:12.053Z","tool":"get_editor_state","type":"resource","status":"SUCCESS","ms":0,"params":{}}
{"ts":"2026-08-08T17:22:12.054Z","tool":"get_project_info","type":"resource","status":"SUCCESS","ms":0,"params":{}}
{"ts":"2026-08-08T17:22:12.350Z","tool":"get_editor_state","type":"resource","status":"SUCCESS","ms":0,"params":{}}
{"ts":"2026-08-08T17:22:12.351Z","tool":"get_project_info","type":"resource","status":"SUCCESS","ms":0,"params":{}}
{"ts":"2026-08-08T17:22:12.603Z","tool":"get_editor_state","type":"resource","status":"SUCCESS","ms":0,"params":{}}
{"ts":"2026-08-08T17:22:12.604Z","tool":"get_project_info","type":"resource","status":"SUCCESS","ms":0,"params":{}}
{"ts":"2026-08-08T17:22:12.858Z","tool":"get_editor_state","type":"resource","status":"SUCCESS","ms":0,"params":{}}
{"ts":"2026-08-08T17:22:12.858Z","tool":"get_project_info","type":"resource","status":"SUCCESS","ms":0,"params":{}}
{"ts":"2026-08-08T17:22:13.111Z","tool":"get_editor_state","type":"resource","status":"SUCCESS","ms":0,"params":{}}
{"ts":"2026-08-08T17:22:13.112Z","tool":"get_project_info","type":"resource","status":"SUCCESS","ms":0,"params":{}}
{"ts":"2026-08-08T17:22:13.365Z","tool":"get_editor_state","type":"resource","status":"SUCCESS","ms":0,"params":{}}
{"ts":"2026-08-08T17:22:13.365Z","tool":"get_project_info","type":"resource","status":"SUCCESS","ms":0,"params":{}}
{"ts":"2026-08-08T17:22:13.618Z","tool":"get_editor_state","type":"resource","status":"SUCCESS","ms":0,"params":{}}
{"ts":"2026-08-08T17:22:13.619Z","tool":"get_project_info","type":"resource","status":"SUCCESS","ms":0,"params":{}}
{"ts":"2026-08-08T17:22:13.919Z","tool":"get_editor_state","type":"resource","status":"SUCCESS","ms":0,"params":{}}
{"ts":"2026-08-08T17:22:13.920Z","tool":"get_project_info","type":"resource","status":"SUCCESS","ms":0,"params":{}}
{"ts":"2026-08-08T17:22:14.174Z","tool":"get_editor_state","type":"resource","status":"SUCCESS","ms":0,"params":{}}
{"ts":"2026-08-08T17:22:14.175Z","tool":"get_project_info","type":"resource","status":"SUCCESS","ms":0,"params":{}}
{"ts":"2026-08-08T17:22:14.429Z","tool":"get_editor_state","type":"resource","status":"SUCCESS","ms":0,"params":{}}
{"ts":"2026-08-08T17:22:14.430Z","tool":"get_project_info","type":"resource","status":"SUCCESS","ms":0,"params":{}}
{"ts":"2026-08-08T17:22:14.682Z","tool":"get_editor_state","type":"resource","status":"SUCCESS","ms":0,"params":{}}
{"ts":"2026-08-08T17:22:14.682Z","tool":"get_project_info","type":"resource","status":"SUCCESS","ms":0,"params":{}}
{"ts":"2026-08-08T17:22:14.934Z","tool":"get_editor_state","type":"resource","status":"SUCCESS","ms":0,"params":{}}
{"ts":"2026-08-08T17:22:14.935Z","tool":"get_project_info","type":"resource","status":"SUCCESS","ms":0,"params":{}}
{"ts":"2026-08-08T17:22:15.187Z","tool":"get_editor_state","type":"resource","status":"SUCCESS","ms":0,"params":{}}
{"ts":"2026-08-08T17:22:15.188Z","tool":"get_project_info","type":"resource","status":"SUCCESS","ms":0,"params":{}}
{"ts":"2026-08-08T17:22:15.495Z","tool":"get_editor_state","type":"resource","status":"SUCCESS","ms":0,"params":{}}
{"ts":"2026-08-08T17:22:15.495Z","tool":"get_project_info","type":"resource","status":"SUCCESS","ms":0,"params":{}}
{"ts":"2026-08-08T17:22:15.749Z","tool":"get_editor_state","type":"resource","status":"SUCCESS","ms":0,"params":{}}
{"ts":"2026-08-08T17:22:15.750Z","tool":"get_project_info","type":"resource","status":"SUCCESS","ms":0,"params":{}}
{"ts":"2026-08-08T17:22:16.003Z","tool":"get_editor_state","type":"resource","status":"SUCCESS","ms":0,"params":{}}
{"ts":"2026-08-08T17:22:16.004Z","tool":"get_project_info","type":"resource","status":"SUCCESS","ms":0,"params":{}}
{"ts":"2026-08-08T17:22:16.256Z","tool":"get_editor_state","type":"resource","status":"SUCCESS","ms":0,"params":{}}
{"ts":"2026-08-08T17:22:16.257Z","tool":"get_project_info","type":"resource","status":"SUCCESS","ms":0,"params":{}}
{"ts":"2026-08-08T17:22:16.511Z","tool":"get_editor_state","type":"resource","status":"SUCCESS","ms":0,"params":{}}
{"ts":"2026-08-08T17:22:16.511Z","tool":"get_project_info","type":"resource","status":"SUCCESS","ms":0,"params":{}}
{"ts":"2026-08-08T17:22:16.765Z","tool":"get_editor_state","type":"resource","status":"SUCCESS","ms":0,"params":{}}
{"ts":"2026-08-08T17:22:16.768Z","tool":"get_project_info","type":"resource","status":"SUCCESS","ms":0,"params":{}}
{"ts":"2026-08-08T17:22:17.077Z","tool":"get_editor_state","type":"resource","status":"SUCCESS","ms":0,"params":{}}
{"ts":"2026-08-08T17:22:17.078Z","tool":"get_project_info","type":"resource","status":"SUCCESS","ms":0,"params":{}}
{"ts":"2026-08-08T17:22:17.331Z","tool":"get_editor_state","type":"resource","status":"SUCCESS","ms":0,"params":{}}
{"ts":"2026-08-08T17:22:17.332Z","tool":"get_project_info","type":"resource","status":"SUCCESS","ms":0,"params":{}}
{"ts":"2026-08-08T17:22:17.586Z","tool":"get_editor_state","type":"resource","status":"SUCCESS","ms":0,"params":{}}
{"ts":"2026-08-08T17:22:17.587Z","tool":"get_project_info","type":"resource","status":"SUCCESS","ms":0,"params":{}}
{"ts":"2026-08-08T17:22:17.840Z","tool":"get_editor_state","type":"resource","status":"SUCCESS","ms":0,"params":{}}
{"ts":"2026-08-08T17:22:17.841Z","tool":"get_project_info","type":"resource","status":"SUCCESS","ms":0,"params":{}}
{"ts":"2026-08-08T17:22:18.095Z","tool":"get_editor_state","type":"resource","status":"SUCCESS","ms":0,"params":{}}
{"ts":"2026-08-08T17:22:18.096Z","tool":"get_project_info","type":"resource","status":"SUCCESS","ms":0,"params":{}}
{"ts":"2026-08-08T17:22:18.348Z","tool":"get_editor_state","type":"resource","status":"SUCCESS","ms":0,"params":{}}
{"ts":"2026-08-08T17:22:18.349Z","tool":"get_project_info","type":"resource","status":"SUCCESS","ms":0,"params":{}}
{"ts":"2026-08-08T17:22:18.652Z","tool":"get_editor_state","type":"resource","status":"SUCCESS","ms":0,"params":{}}
{"ts":"2026-08-08T17:22:18.653Z","tool":"get_project_info","type":"resource","status":"SUCCESS","ms":0,"params":{}}
{"ts":"2026-08-08T17:22:18.906Z","tool":"get_editor_state","type":"resource","status":"SUCCESS","ms":0,"params":{}}
{"ts":"2026-08-08T17:22:18.907Z","tool":"get_project_info","type":"resource","status":"SUCCESS","ms":0,"params":{}}
{"ts":"2026-08-08T17:22:19.162Z","tool":"get_editor_state","type":"resource","status":"SUCCESS","ms":0,"params":{}}
{"ts":"2026-08-08T17:22:19.163Z","tool":"get_project_info","type":"resource","status":"SUCCESS","ms":0,"params":{}}
{"ts":"2026-08-08T17:22:19.415Z","tool":"get_editor_state","type":"resource","status":"SUCCESS","ms":0,"params":{}}
{"ts":"2026-08-08T17:22:19.415Z","tool":"get_project_info","type":"resource","status":"SUCCESS","ms":0,"params":{}}
{"ts":"2026-08-08T17:22:19.668Z","tool":"get_editor_state","type":"resource","status":"SUCCESS","ms":0,"params":{}}
{"ts":"2026-08-08T17:22:19.669Z","tool":"get_project_info","type":"resource","status":"SUCCESS","ms":0,"params":{}}
{"ts":"2026-08-08T17:22:19.922Z","tool":"get_editor_state","type":"resource","status":"SUCCESS","ms":0,"params":{}}
{"ts":"2026-08-08T17:22:19.923Z","tool":"get_project_info","type":"resource","status":"SUCCESS","ms":0,"params":{}}
{"ts":"2026-08-08T17:22:20.222Z","tool":"get_editor_state","type":"resource","status":"SUCCESS","ms":0,"params":{}}
{"ts":"2026-08-08T17:22:20.223Z","tool":"get_project_info","type":"resource","status":"SUCCESS","ms":0,"params":{}}
{"ts":"2026-08-08T17:22:20.475Z","tool":"get_editor_state","type":"resource","status":"SUCCESS","ms":0,"params":{}}
{"ts":"2026-08-08T17:22:20.475Z","tool":"get_project_info","type":"resource","status":"SUCCESS","ms":0,"params":{}}
{"ts":"2026-08-08T17:22:20.729Z","tool":"get_editor_state","type":"resource","status":"SUCCESS","ms":0,"params":{}}
{"ts":"2026-08-08T17:22:20.729Z","tool":"get_project_info","type":"resource","status":"SUCCESS","ms":0,"params":{}}
{"ts":"2026-08-08T17:22:20.981Z","tool":"get_editor_state","type":"resource","status":"SUCCESS","ms":0,"params":{}}
{"ts":"2026-08-08T17:22:20.982Z","tool":"get_project_info","type":"resource","status":"SUCCESS","ms":0,"params":{}}
{"ts":"2026-08-08T17:22:21.235Z","tool":"get_editor_state","type":"resource","status":"SUCCESS","ms":0,"params":{}}
{"ts":"2026-08-08T17:22:21.236Z","tool":"get_project_info","type":"resource","status":"SUCCESS","ms":0,"params":{}}
{"ts":"2026-08-08T17:22:21.489Z","tool":"get_editor_state","type":"resource","status":"SUCCESS","ms":0,"params":{}}
{"ts":"2026-08-08T17:22:21.490Z","tool":"get_project_info","type":"resource","status":"SUCCESS","ms":0,"params":{}}
{"ts":"2026-08-08T17:22:21.798Z","tool":"get_editor_state","type":"resource","status":"SUCCESS","ms":0,"params":{}}
{"ts":"2026-08-08T17:22:21.800Z","tool":"get_project_info","type":"resource","status":"SUCCESS","ms":0,"params":{}}
{"ts":"2026-08-08T17:22:22.053Z","tool":"get_editor_state","type":"resource","status":"SUCCESS","ms":0,"params":{}}
{"ts":"2026-08-08T17:22:22.054Z","tool":"get_project_info","type":"resource","status":"SUCCESS","ms":0,"params":{}}
{"ts":"2026-08-08T17:22:22.307Z","tool":"get_editor_state","type":"resource","status":"SUCCESS","ms":0,"params":{}}
{"ts":"2026-08-08T17:22:22.308Z","tool":"get_project_info","type":"resource","status":"SUCCESS","ms":0,"params":{}}
{"ts":"2026-08-08T17:22:22.560Z","tool":"get_editor_state","type":"resource","status":"SUCCESS","ms":0,"params":{}}
{"ts":"2026-08-08T17:22:22.560Z","tool":"get_project_info","type":"resource","status":"SUCCESS","ms":0,"params":{}}
{"ts":"2026-08-08T17:22:22.812Z","tool":"get_editor_state","type":"resource","status":"SUCCESS","ms":0,"params":{}}
{"ts":"2026-08-08T17:22:22.813Z","tool":"get_project_info","type":"resource","status":"SUCCESS","ms":0,"params":{}}
{"ts":"2026-08-08T17:22:23.067Z","tool":"get_editor_state","type":"resource","status":"SUCCESS","ms":0,"params":{}}
{"ts":"2026-08-08T17:22:23.068Z","tool":"get_project_info","type":"resource","status":"SUCCESS","ms":0,"params":{}}
{"ts":"2026-08-08T17:22:23.369Z","tool":"get_editor_state","type":"resource","status":"SUCCESS","ms":0,"params":{}}
{"ts":"2026-08-08T17:22:23.370Z","tool":"get_project_info","type":"resource","status":"SUCCESS","ms":0,"params":{}}
{"ts":"2026-08-08T17:22:23.623Z","tool":"get_editor_state","type":"resource","status":"SUCCESS","ms":0,"params":{}}
{"ts":"2026-08-08T17:22:23.624Z","tool":"get_project_info","type":"resource","status":"SUCCESS","ms":0,"params":{}}
{"ts":"2026-08-08T17:22:23.878Z","tool":"get_editor_state","type":"resource","status":"SUCCESS","ms":0,"params":{}}
{"ts":"2026-08-08T17:22:23.879Z","tool":"get_project_info","type":"resource","status":"SUCCESS","ms":0,"params":{}}
{"ts":"2026-08-08T17:22:24.132Z","tool":"get_editor_state","type":"resource","status":"SUCCESS","ms":0,"params":{}}
{"ts":"2026-08-08T17:22:24.133Z","tool":"get_project_info","type":"resource","status":"SUCCESS","ms":0,"params":{}}
{"ts":"2026-08-08T17:22:24.387Z","tool":"get_editor_state","type":"resource","status":"SUCCESS","ms":0,"params":{}}
{"ts":"2026-08-08T17:22:24.388Z","tool":"get_project_info","type":"resource","status":"SUCCESS","ms":0,"params":{}}
{"ts":"2026-08-08T17:22:24.640Z","tool":"get_editor_state","type":"resource","status":"SUCCESS","ms":0,"params":{}}
{"ts":"2026-08-08T17:22:24.641Z","tool":"get_project_info","type":"resource","status":"SUCCESS","ms":0,"params":{}}
{"ts":"2026-08-08T17:22:24.945Z","tool":"get_editor_state","type":"resource","status":"SUCCESS","ms":0,"params":{}}
{"ts":"2026-08-08T17:22:24.945Z","tool":"get_project_info","type":"resource","status":"SUCCESS","ms":0,"params":{}}
{"ts":"2026-08-08T17:22:25.199Z","tool":"get_editor_state","type":"resource","status":"SUCCESS","ms":0,"params":{}}
{"ts":"2026-08-08T17:22:25.199Z","tool":"get_project_info","type":"resource","status":"SUCCESS","ms":0,"params":{}}
{"ts":"2026-08-08T17:22:25.451Z","tool":"get_editor_state","type":"resource","status":"SUCCESS","ms":0,"params":{}}
{"ts":"2026-08-08T17:22:25.452Z","tool":"get_project_info","type":"resource","status":"SUCCESS","ms":0,"params":{}}
{"ts":"2026-08-08T17:22:25.705Z","tool":"get_editor_state","type":"resource","status":"SUCCESS","ms":0,"params":{}}
{"ts":"2026-08-08T17:22:25.706Z","tool":"get_project_info","type":"resource","status":"SUCCESS","ms":0,"params":{}}
{"ts":"2026-08-08T17:22:25.959Z","tool":"get_editor_state","type":"resource","status":"SUCCESS","ms":0,"params":{}}
{"ts":"2026-08-08T17:22:25.960Z","tool":"get_project_info","type":"resource","status":"SUCCESS","ms":0,"params":{}}
{"ts":"2026-08-08T17:22:26.214Z","tool":"get_editor_state","type":"resource","status":"SUCCESS","ms":0,"params":{}}
{"ts":"2026-08-08T17:22:26.215Z","tool":"get_project_info","type":"resource","status":"SUCCESS","ms":0,"params":{}}
{"ts":"2026-08-08T17:22:26.517Z","tool":"get_editor_state","type":"resource","status":"SUCCESS","ms":0,"params":{}}
{"ts":"2026-08-08T17:22:26.518Z","tool":"get_project_info","type":"resource","status":"SUCCESS","ms":0,"params":{}}
{"ts":"2026-08-08T17:22:26.771Z","tool":"get_editor_state","type":"resource","status":"SUCCESS","ms":0,"params":{}}
{"ts":"2026-08-08T17:22:26.772Z","tool":"get_project_info","type":"resource","status":"SUCCESS","ms":0,"params":{}}
{"ts":"2026-08-08T17:22:27.025Z","tool":"get_editor_state","type":"resource","status":"SUCCESS","ms":0,"params":{}}
{"ts":"2026-08-08T17:22:27.026Z","tool":"get_project_info","type":"resource","status":"SUCCESS","ms":0,"params":{}}
{"ts":"2026-08-08T17:22:27.280Z","tool":"get_editor_state","type":"resource","status":"SUCCESS","ms":0,"params":{}}
{"ts":"2026-08-08T17:22:27.281Z","tool":"get_project_info","type":"resource","status":"SUCCESS","ms":0,"params":{}}
{"ts":"2026-08-08T17:22:27.533Z","tool":"get_editor_state","type":"resource","status":"SUCCESS","ms":0,"params":{}}
{"ts":"2026-08-08T17:22:27.534Z","tool":"get_project_info","type":"resource","status":"SUCCESS","ms":0,"params":{}}
{"ts":"2026-08-08T17:22:27.786Z","tool":"get_editor_state","type":"resource","status":"SUCCESS","ms":0,"params":{}}
{"ts":"2026-08-08T17:22:27.787Z","tool":"get_project_info","type":"resource","status":"SUCCESS","ms":0,"params":{}}
{"ts":"2026-08-08T17:22:28.090Z","tool":"get_editor_state","type":"resource","status":"SUCCESS","ms":0,"params":{}}
{"ts":"2026-08-08T17:22:28.091Z","tool":"get_project_info","type":"resource","status":"SUCCESS","ms":0,"params":{}}
{"ts":"2026-08-08T17:22:28.345Z","tool":"get_editor_state","type":"resource","status":"SUCCESS","ms":0,"params":{}}
{"ts":"2026-08-08T17:22:28.346Z","tool":"get_project_info","type":"resource","status":"SUCCESS","ms":0,"params":{}}
{"ts":"2026-08-08T17:22:28.599Z","tool":"get_editor_state","type":"resource","status":"SUCCESS","ms":0,"params":{}}
{"ts":"2026-08-08T17:22:28.600Z","tool":"get_project_info","type":"resource","status":"SUCCESS","ms":0,"params":{}}
{"ts":"2026-08-08T17:22:28.854Z","tool":"get_editor_state","type":"resource","status":"SUCCESS","ms":0,"params":{}}
{"ts":"2026-08-08T17:22:28.854Z","tool":"get_project_info","type":"resource","status":"SUCCESS","ms":0,"params":{}}
{"ts":"2026-08-08T17:22:29.108Z","tool":"get_editor_state","type":"resource","status":"SUCCESS","ms":0,"params":{}}
{"ts":"2026-08-08T17:22:29.109Z","tool":"get_project_info","type":"resource","status":"SUCCESS","ms":0,"params":{}}
{"ts":"2026-08-08T17:22:29.362Z","tool":"get_editor_state","type":"resource","status":"SUCCESS","ms":0,"params":{}}
{"ts":"2026-08-08T17:22:29.362Z","tool":"get_project_info","type":"resource","status":"SUCCESS","ms":0,"params":{}}
{"ts":"2026-08-08T17:22:29.666Z","tool":"get_editor_state","type":"resource","status":"SUCCESS","ms":0,"params":{}}
{"ts":"2026-08-08T17:22:29.667Z","tool":"get_project_info","type":"resource","status":"SUCCESS","ms":0,"params":{}}
{"ts":"2026-08-08T17:22:29.921Z","tool":"get_editor_state","type":"resource","status":"SUCCESS","ms":0,"params":{}}
{"ts":"2026-08-08T17:22:29.923Z","tool":"get_project_info","type":"resource","status":"SUCCESS","ms":0,"params":{}}
{"ts":"2026-08-08T17:22:30.175Z","tool":"get_editor_state","type":"resource","status":"SUCCESS","ms":0,"params":{}}
{"ts":"2026-08-08T17:22:30.175Z","tool":"get_project_info","type":"resource","status":"SUCCESS","ms":0,"params":{}}
{"ts":"2026-08-08T17:22:30.428Z","tool":"get_editor_state","type":"resource","status":"SUCCESS","ms":0,"params":{}}
{"ts":"2026-08-08T17:22:30.429Z","tool":"get_project_info","type":"resource","status":"SUCCESS","ms":0,"params":{}}
{"ts":"2026-08-08T17:22:30.681Z","tool":"get_editor_state","type":"resource","status":"SUCCESS","ms":0,"params":{}}
{"ts":"2026-08-08T17:22:30.681Z","tool":"get_project_info","type":"resource","status":"SUCCESS","ms":0,"params":{}}
{"ts":"2026-08-08T17:22:30.935Z","tool":"get_editor_state","type":"resource","status":"SUCCESS","ms":0,"params":{}}
{"ts":"2026-08-08T17:22:30.936Z","tool":"get_project_info","type":"resource","status":"SUCCESS","ms":0,"params":{}}
{"ts":"2026-08-08T17:22:31.235Z","tool":"get_editor_state","type":"resource","status":"SUCCESS","ms":0,"params":{}}
{"ts":"2026-08-08T17:22:31.235Z","tool":"get_project_info","type":"resource","status":"SUCCESS","ms":0,"params":{}}
{"ts":"2026-08-08T17:22:31.488Z","tool":"get_editor_state","type":"resource","status":"SUCCESS","ms":0,"params":{}}
{"ts":"2026-08-08T17:22:31.489Z","tool":"get_project_info","type":"resource","status":"SUCCESS","ms":0,"params":{}}
{"ts":"2026-08-08T17:22:31.743Z","tool":"get_editor_state","type":"resource","status":"SUCCESS","ms":0,"params":{}}
{"ts":"2026-08-08T17:22:31.744Z","tool":"get_project_info","type":"resource","status":"SUCCESS","ms":0,"params":{}}
{"ts":"2026-08-08T17:22:31.996Z","tool":"get_editor_state","type":"resource","status":"SUCCESS","ms":0,"params":{}}
{"ts":"2026-08-08T17:22:31.997Z","tool":"get_project_info","type":"resource","status":"SUCCESS","ms":0,"params":{}}
{"ts":"2026-08-08T17:22:32.250Z","tool":"get_editor_state","type":"resource","status":"SUCCESS","ms":0,"params":{}}
{"ts":"2026-08-08T17:22:32.251Z","tool":"get_project_info","type":"resource","status":"SUCCESS","ms":0,"params":{}}
{"ts":"2026-08-08T17:22:32.503Z","tool":"get_editor_state","type":"resource","status":"SUCCESS","ms":0,"params":{}}
{"ts":"2026-08-08T17:22:32.504Z","tool":"get_project_info","type":"resource","status":"SUCCESS","ms":0,"params":{}}
{"ts":"2026-08-08T17:22:32.803Z","tool":"get_editor_state","type":"resource","status":"SUCCESS","ms":0,"params":{}}
{"ts":"2026-08-08T17:22:32.804Z","tool":"get_project_info","type":"resource","status":"SUCCESS","ms":0,"params":{}}
{"ts":"2026-08-08T17:22:33.058Z","tool":"get_editor_state","type":"resource","status":"SUCCESS","ms":0,"params":{}}
{"ts":"2026-08-08T17:22:33.058Z","tool":"get_project_info","type":"resource","status":"SUCCESS","ms":0,"params":{}}
{"ts":"2026-08-08T17:22:33.312Z","tool":"get_editor_state","type":"resource","status":"SUCCESS","ms":0,"params":{}}
{"ts":"2026-08-08T17:22:33.313Z","tool":"get_project_info","type":"resource","status":"SUCCESS","ms":0,"params":{}}
{"ts":"2026-08-08T17:22:33.566Z","tool":"get_editor_state","type":"resource","status":"SUCCESS","ms":0,"params":{}}
{"ts":"2026-08-08T17:22:33.567Z","tool":"get_project_info","type":"resource","status":"SUCCESS","ms":0,"params":{}}
{"ts":"2026-08-08T17:22:33.819Z","tool":"get_editor_state","type":"resource","status":"SUCCESS","ms":0,"params":{}}
{"ts":"2026-08-08T17:22:33.820Z","tool":"get_project_info","type":"resource","status":"SUCCESS","ms":0,"params":{}}
{"ts":"2026-08-08T17:22:34.072Z","tool":"get_editor_state","type":"resource","status":"SUCCESS","ms":0,"params":{}}
{"ts":"2026-08-08T17:22:34.073Z","tool":"get_project_info","type":"resource","status":"SUCCESS","ms":0,"params":{}}
{"ts":"2026-08-08T17:22:34.379Z","tool":"get_editor_state","type":"resource","status":"SUCCESS","ms":0,"params":{}}
{"ts":"2026-08-08T17:22:34.380Z","tool":"get_project_info","type":"resource","status":"SUCCESS","ms":0,"params":{}}
{"ts":"2026-08-08T17:22:34.632Z","tool":"get_editor_state","type":"resource","status":"SUCCESS","ms":0,"params":{}}
{"ts":"2026-08-08T17:22:34.633Z","tool":"get_project_info","type":"resource","status":"SUCCESS","ms":0,"params":{}}
{"ts":"2026-08-08T17:22:34.887Z","tool":"get_editor_state","type":"resource","status":"SUCCESS","ms":0,"params":{}}
{"ts":"2026-08-08T17:22:34.888Z","tool":"get_project_info","type":"resource","status":"SUCCESS","ms":0,"params":{}}
{"ts":"2026-08-08T17:22:35.140Z","tool":"get_editor_state","type":"resource","status":"SUCCESS","ms":0,"params":{}}
{"ts":"2026-08-08T17:22:35.141Z","tool":"get_project_info","type":"resource","status":"SUCCESS","ms":0,"params":{}}
{"ts":"2026-08-08T17:22:35.394Z","tool":"get_editor_state","type":"resource","status":"SUCCESS","ms":0,"params":{}}
{"ts":"2026-08-08T17:22:35.395Z","tool":"get_project_info","type":"resource","status":"SUCCESS","ms":0,"params":{}}
{"ts":"2026-08-08T17:22:35.648Z","tool":"get_editor_state","type":"resource","status":"SUCCESS","ms":0,"params":{}}
{"ts":"2026-08-08T17:22:35.649Z","tool":"get_project_info","type":"resource","status":"SUCCESS","ms":0,"params":{}}
{"ts":"2026-08-08T17:22:35.946Z","tool":"get_editor_state","type":"resource","status":"SUCCESS","ms":0,"params":{}}
{"ts":"2026-08-08T17:22:35.947Z","tool":"get_project_info","type":"resource","status":"SUCCESS","ms":0,"params":{}}
{"ts":"2026-08-08T17:22:36.201Z","tool":"get_editor_state","type":"resource","status":"SUCCESS","ms":0,"params":{}}
{"ts":"2026-08-08T17:22:36.201Z","tool":"get_project_info","type":"resource","status":"SUCCESS","ms":0,"params":{}}
{"ts":"2026-08-08T17:22:36.455Z","tool":"get_editor_state","type":"resource","status":"SUCCESS","ms":0,"params":{}}
{"ts":"2026-08-08T17:22:36.456Z","tool":"get_project_info","type":"resource","status":"SUCCESS","ms":0,"params":{}}
{"ts":"2026-08-08T17:22:36.710Z","tool":"get_editor_state","type":"resource","status":"SUCCESS","ms":0,"params":{}}
{"ts":"2026-08-08T17:22:36.710Z","tool":"get_project_info","type":"resource","status":"SUCCESS","ms":0,"params":{}}
{"ts":"2026-08-08T17:22:36.963Z","tool":"get_editor_state","type":"resource","status":"SUCCESS","ms":0,"params":{}}
{"ts":"2026-08-08T17:22:36.964Z","tool":"get_project_info","type":"resource","status":"SUCCESS","ms":0,"params":{}}
{"ts":"2026-08-08T17:22:37.217Z","tool":"get_editor_state","type":"resource","status":"SUCCESS","ms":0,"params":{}}
{"ts":"2026-08-08T17:22:37.218Z","tool":"get_project_info","type":"resource","status":"SUCCESS","ms":0,"params":{}}
{"ts":"2026-08-08T17:22:37.525Z","tool":"get_editor_state","type":"resource","status":"SUCCESS","ms":0,"params":{}}
{"ts":"2026-08-08T17:22:37.526Z","tool":"get_project_info","type":"resource","status":"SUCCESS","ms":0,"params":{}}
{"ts":"2026-08-08T17:22:37.779Z","tool":"get_editor_state","type":"resource","status":"SUCCESS","ms":0,"params":{}}
{"ts":"2026-08-08T17:22:37.780Z","tool":"get_project_info","type":"resource","status":"SUCCESS","ms":0,"params":{}}
{"ts":"2026-08-08T17:22:38.033Z","tool":"get_editor_state","type":"resource","status":"SUCCESS","ms":0,"params":{}}
{"ts":"2026-08-08T17:22:38.036Z","tool":"get_project_info","type":"resource","status":"SUCCESS","ms":0,"params":{}}
{"ts":"2026-08-08T17:22:38.289Z","tool":"get_editor_state","type":"resource","status":"SUCCESS","ms":0,"params":{}}
{"ts":"2026-08-08T17:22:38.290Z","tool":"get_project_info","type":"resource","status":"SUCCESS","ms":0,"params":{}}
{"ts":"2026-08-08T17:22:38.544Z","tool":"get_editor_state","type":"resource","status":"SUCCESS","ms":0,"params":{}}
{"ts":"2026-08-08T17:22:38.544Z","tool":"get_project_info","type":"resource","status":"SUCCESS","ms":0,"params":{}}
{"ts":"2026-08-08T17:22:38.798Z","tool":"get_editor_state","type":"resource","status":"SUCCESS","ms":0,"params":{}}
{"ts":"2026-08-08T17:22:38.799Z","tool":"get_project_info","type":"resource","status":"SUCCESS","ms":0,"params":{}}
{"ts":"2026-08-08T17:22:39.103Z","tool":"get_editor_state","type":"resource","status":"SUCCESS","ms":0,"params":{}}
{"ts":"2026-08-08T17:22:39.104Z","tool":"get_project_info","type":"resource","status":"SUCCESS","ms":0,"params":{}}
{"ts":"2026-08-08T17:22:39.356Z","tool":"get_editor_state","type":"resource","status":"SUCCESS","ms":0,"params":{}}
{"ts":"2026-08-08T17:22:39.357Z","tool":"get_project_info","type":"resource","status":"SUCCESS","ms":0,"params":{}}
{"ts":"2026-08-08T17:22:39.611Z","tool":"get_editor_state","type":"resource","status":"SUCCESS","ms":0,"params":{}}
{"ts":"2026-08-08T17:22:39.612Z","tool":"get_project_info","type":"resource","status":"SUCCESS","ms":0,"params":{}}
{"ts":"2026-08-08T17:22:39.866Z","tool":"get_editor_state","type":"resource","status":"SUCCESS","ms":0,"params":{}}
{"ts":"2026-08-08T17:22:39.866Z","tool":"get_project_info","type":"resource","status":"SUCCESS","ms":0,"params":{}}
{"ts":"2026-08-08T17:22:40.119Z","tool":"get_editor_state","type":"resource","status":"SUCCESS","ms":0,"params":{}}
{"ts":"2026-08-08T17:22:40.120Z","tool":"get_project_info","type":"resource","status":"SUCCESS","ms":0,"params":{}}
{"ts":"2026-08-08T17:22:40.373Z","tool":"get_editor_state","type":"resource","status":"SUCCESS","ms":0,"params":{}}
{"ts":"2026-08-08T17:22:40.374Z","tool":"get_project_info","type":"resource","status":"SUCCESS","ms":0,"params":{}}
{"ts":"2026-08-08T17:22:40.677Z","tool":"get_editor_state","type":"resource","status":"SUCCESS","ms":0,"params":{}}
{"ts":"2026-08-08T17:22:40.678Z","tool":"get_project_info","type":"resource","status":"SUCCESS","ms":0,"params":{}}
{"ts":"2026-08-08T17:22:40.931Z","tool":"get_editor_state","type":"resource","status":"SUCCESS","ms":0,"params":{}}
{"ts":"2026-08-08T17:22:40.932Z","tool":"get_project_info","type":"resource","status":"SUCCESS","ms":0,"params":{}}
{"ts":"2026-08-08T17:22:41.186Z","tool":"get_editor_state","type":"resource","status":"SUCCESS","ms":0,"params":{}}
{"ts":"2026-08-08T17:22:41.186Z","tool":"get_project_info","type":"resource","status":"SUCCESS","ms":0,"params":{}}
{"ts":"2026-08-08T17:22:41.439Z","tool":"get_editor_state","type":"resource","status":"SUCCESS","ms":0,"params":{}}
{"ts":"2026-08-08T17:22:41.440Z","tool":"get_project_info","type":"resource","status":"SUCCESS","ms":0,"params":{}}
{"ts":"2026-08-08T17:22:41.693Z","tool":"get_editor_state","type":"resource","status":"SUCCESS","ms":0,"params":{}}
{"ts":"2026-08-08T17:22:41.694Z","tool":"get_project_info","type":"resource","status":"SUCCESS","ms":0,"params":{}}
{"ts":"2026-08-08T17:22:41.946Z","tool":"get_editor_state","type":"resource","status":"SUCCESS","ms":0,"params":{}}
{"ts":"2026-08-08T17:22:41.946Z","tool":"get_project_info","type":"resource","status":"SUCCESS","ms":0,"params":{}}
{"ts":"2026-08-08T17:22:42.249Z","tool":"get_editor_state","type":"resource","status":"SUCCESS","ms":0,"params":{}}
{"ts":"2026-08-08T17:22:42.249Z","tool":"get_project_info","type":"resource","status":"SUCCESS","ms":0,"params":{}}
{"ts":"2026-08-08T17:22:42.503Z","tool":"get_editor_state","type":"resource","status":"SUCCESS","ms":0,"params":{}}
{"ts":"2026-08-08T17:22:42.504Z","tool":"get_project_info","type":"resource","status":"SUCCESS","ms":0,"params":{}}
{"ts":"2026-08-08T17:22:42.756Z","tool":"get_editor_state","type":"resource","status":"SUCCESS","ms":0,"params":{}}
{"ts":"2026-08-08T17:22:42.757Z","tool":"get_project_info","type":"resource","status":"SUCCESS","ms":0,"params":{}}
{"ts":"2026-08-08T17:22:43.009Z","tool":"get_editor_state","type":"resource","status":"SUCCESS","ms":0,"params":{}}
{"ts":"2026-08-08T17:22:43.010Z","tool":"get_project_info","type":"resource","status":"SUCCESS","ms":0,"params":{}}
{"ts":"2026-08-08T17:22:43.263Z","tool":"get_editor_state","type":"resource","status":"SUCCESS","ms":0,"params":{}}
{"ts":"2026-08-08T17:22:43.264Z","tool":"get_project_info","type":"resource","status":"SUCCESS","ms":0,"params":{}}
{"ts":"2026-08-08T17:22:43.518Z","tool":"get_editor_state","type":"resource","status":"SUCCESS","ms":0,"params":{}}
{"ts":"2026-08-08T17:22:43.519Z","tool":"get_project_info","type":"resource","status":"SUCCESS","ms":0,"params":{}}
{"ts":"2026-08-08T17:22:43.817Z","tool":"get_editor_state","type":"resource","status":"SUCCESS","ms":0,"params":{}}
{"ts":"2026-08-08T17:22:43.819Z","tool":"get_project_info","type":"resource","status":"SUCCESS","ms":0,"params":{}}
{"ts":"2026-08-08T17:22:44.073Z","tool":"get_editor_state","type":"resource","status":"SUCCESS","ms":0,"params":{}}
{"ts":"2026-08-08T17:22:44.073Z","tool":"get_project_info","type":"resource","status":"SUCCESS","ms":0,"params":{}}
{"ts":"2026-08-08T17:22:44.327Z","tool":"get_editor_state","type":"resource","status":"SUCCESS","ms":0,"params":{}}
{"ts":"2026-08-08T17:22:44.328Z","tool":"get_project_info","type":"resource","status":"SUCCESS","ms":0,"params":{}}
{"ts":"2026-08-08T17:22:44.579Z","tool":"get_editor_state","type":"resource","status":"SUCCESS","ms":0,"params":{}}
{"ts":"2026-08-08T17:22:44.580Z","tool":"get_project_info","type":"resource","status":"SUCCESS","ms":0,"params":{}}
{"ts":"2026-08-08T17:22:44.834Z","tool":"get_editor_state","type":"resource","status":"SUCCESS","ms":0,"params":{}}
{"ts":"2026-08-08T17:22:44.834Z","tool":"get_project_info","type":"resource","status":"SUCCESS","ms":0,"params":{}}
{"ts":"2026-08-08T17:22:45.086Z","tool":"get_editor_state","type":"resource","status":"SUCCESS","ms":0,"params":{}}
{"ts":"2026-08-08T17:22:45.087Z","tool":"get_project_info","type":"resource","status":"SUCCESS","ms":0,"params":{}}
{"ts":"2026-08-08T17:22:45.388Z","tool":"get_editor_state","type":"resource","status":"SUCCESS","ms":0,"params":{}}
{"ts":"2026-08-08T17:22:45.389Z","tool":"get_project_info","type":"resource","status":"SUCCESS","ms":0,"params":{}}
{"ts":"2026-08-08T17:22:45.642Z","tool":"get_editor_state","type":"resource","status":"SUCCESS","ms":0,"params":{}}
{"ts":"2026-08-08T17:22:45.643Z","tool":"get_project_info","type":"resource","status":"SUCCESS","ms":0,"params":{}}
{"ts":"2026-08-08T17:22:45.897Z","tool":"get_editor_state","type":"resource","status":"SUCCESS","ms":0,"params":{}}
{"ts":"2026-08-08T17:22:45.898Z","tool":"get_project_info","type":"resource","status":"SUCCESS","ms":0,"params":{}}
{"ts":"2026-08-08T17:22:46.152Z","tool":"get_editor_state","type":"resource","status":"SUCCESS","ms":0,"params":{}}
{"ts":"2026-08-08T17:22:46.154Z","tool":"get_project_info","type":"resource","status":"SUCCESS","ms":0,"params":{}}
{"ts":"2026-08-08T17:22:46.408Z","tool":"get_editor_state","type":"resource","status":"SUCCESS","ms":0,"params":{}}
{"ts":"2026-08-08T17:22:46.409Z","tool":"get_project_info","type":"resource","status":"SUCCESS","ms":0,"params":{}}
{"ts":"2026-08-08T17:22:46.662Z","tool":"get_editor_state","type":"resource","status":"SUCCESS","ms":0,"params":{}}
{"ts":"2026-08-08T17:22:46.663Z","tool":"get_project_info","type":"resource","status":"SUCCESS","ms":0,"params":{}}
{"ts":"2026-08-08T17:22:46.960Z","tool":"get_editor_state","type":"resource","status":"SUCCESS","ms":0,"params":{}}
{"ts":"2026-08-08T17:22:46.961Z","tool":"get_project_info","type":"resource","status":"SUCCESS","ms":0,"params":{}}
{"ts":"2026-08-08T17:22:47.214Z","tool":"get_editor_state","type":"resource","status":"SUCCESS","ms":0,"params":{}}
{"ts":"2026-08-08T17:22:47.215Z","tool":"get_project_info","type":"resource","status":"SUCCESS","ms":0,"params":{}}
{"ts":"2026-08-08T17:22:47.469Z","tool":"get_editor_state","type":"resource","status":"SUCCESS","ms":0,"params":{}}
{"ts":"2026-08-08T17:22:47.470Z","tool":"get_project_info","type":"resource","status":"SUCCESS","ms":0,"params":{}}
{"ts":"2026-08-08T17:22:47.723Z","tool":"get_editor_state","type":"resource","status":"SUCCESS","ms":0,"params":{}}
{"ts":"2026-08-08T17:22:47.724Z","tool":"get_project_info","type":"resource","status":"SUCCESS","ms":0,"params":{}}
{"ts":"2026-08-08T17:22:47.977Z","tool":"get_editor_state","type":"resource","status":"SUCCESS","ms":0,"params":{}}
{"ts":"2026-08-08T17:22:47.978Z","tool":"get_project_info","type":"resource","status":"SUCCESS","ms":0,"params":{}}
{"ts":"2026-08-08T17:22:48.232Z","tool":"get_editor_state","type":"resource","status":"SUCCESS","ms":0,"params":{}}
{"ts":"2026-08-08T17:22:48.233Z","tool":"get_project_info","type":"resource","status":"SUCCESS","ms":0,"params":{}}
{"ts":"2026-08-08T17:22:48.535Z","tool":"get_editor_state","type":"resource","status":"SUCCESS","ms":0,"params":{}}
{"ts":"2026-08-08T17:22:48.536Z","tool":"get_project_info","type":"resource","status":"SUCCESS","ms":0,"params":{}}
{"ts":"2026-08-08T17:22:48.788Z","tool":"get_editor_state","type":"resource","status":"SUCCESS","ms":0,"params":{}}
{"ts":"2026-08-08T17:22:48.789Z","tool":"get_project_info","type":"resource","status":"SUCCESS","ms":0,"params":{}}
{"ts":"2026-08-08T17:22:49.043Z","tool":"get_editor_state","type":"resource","status":"SUCCESS","ms":0,"params":{}}
{"ts":"2026-08-08T17:22:49.045Z","tool":"get_project_info","type":"resource","status":"SUCCESS","ms":0,"params":{}}
{"ts":"2026-08-08T17:22:49.298Z","tool":"get_editor_state","type":"resource","status":"SUCCESS","ms":0,"params":{}}
{"ts":"2026-08-08T17:22:49.299Z","tool":"get_project_info","type":"resource","status":"SUCCESS","ms":0,"params":{}}
{"ts":"2026-08-08T17:22:49.553Z","tool":"get_editor_state","type":"resource","status":"SUCCESS","ms":0,"params":{}}
{"ts":"2026-08-08T17:22:49.554Z","tool":"get_project_info","type":"resource","status":"SUCCESS","ms":0,"params":{}}
{"ts":"2026-08-08T17:22:49.807Z","tool":"get_editor_state","type":"resource","status":"SUCCESS","ms":0,"params":{}}
{"ts":"2026-08-08T17:22:49.808Z","tool":"get_project_info","type":"resource","status":"SUCCESS","ms":0,"params":{}}
{"ts":"2026-08-08T17:22:50.115Z","tool":"get_editor_state","type":"resource","status":"SUCCESS","ms":0,"params":{}}
{"ts":"2026-08-08T17:22:50.115Z","tool":"get_project_info","type":"resource","status":"SUCCESS","ms":0,"params":{}}
{"ts":"2026-08-08T17:22:50.369Z","tool":"get_editor_state","type":"resource","status":"SUCCESS","ms":0,"params":{}}
{"ts":"2026-08-08T17:22:50.370Z","tool":"get_project_info","type":"resource","status":"SUCCESS","ms":0,"params":{}}
{"ts":"2026-08-08T17:22:50.623Z","tool":"get_editor_state","type":"resource","status":"SUCCESS","ms":0,"params":{}}
{"ts":"2026-08-08T17:22:50.624Z","tool":"get_project_info","type":"resource","status":"SUCCESS","ms":0,"params":{}}
{"ts":"2026-08-08T17:22:50.878Z","tool":"get_editor_state","type":"resource","status":"SUCCESS","ms":0,"params":{}}
{"ts":"2026-08-08T17:22:50.878Z","tool":"get_project_info","type":"resource","status":"SUCCESS","ms":0,"params":{}}
{"ts":"2026-08-08T17:22:51.132Z","tool":"get_editor_state","type":"resource","status":"SUCCESS","ms":0,"params":{}}
{"ts":"2026-08-08T17:22:51.133Z","tool":"get_project_info","type":"resource","status":"SUCCESS","ms":0,"params":{}}
{"ts":"2026-08-08T17:22:51.386Z","tool":"get_editor_state","type":"resource","status":"SUCCESS","ms":0,"params":{}}
{"ts":"2026-08-08T17:22:51.387Z","tool":"get_project_info","type":"resource","status":"SUCCESS","ms":0,"params":{}}
{"ts":"2026-08-08T17:22:51.691Z","tool":"get_editor_state","type":"resource","status":"SUCCESS","ms":0,"params":{}}
{"ts":"2026-08-08T17:22:51.692Z","tool":"get_project_info","type":"resource","status":"SUCCESS","ms":0,"params":{}}
{"ts":"2026-08-08T17:22:51.943Z","tool":"get_editor_state","type":"resource","status":"SUCCESS","ms":0,"params":{}}
{"ts":"2026-08-08T17:22:51.944Z","tool":"get_project_info","type":"resource","status":"SUCCESS","ms":0,"params":{}}
{"ts":"2026-08-08T17:22:52.198Z","tool":"get_editor_state","type":"resource","status":"SUCCESS","ms":0,"params":{}}
{"ts":"2026-08-08T17:22:52.199Z","tool":"get_project_info","type":"resource","status":"SUCCESS","ms":0,"params":{}}
{"ts":"2026-08-08T17:22:52.452Z","tool":"get_editor_state","type":"resource","status":"SUCCESS","ms":0,"params":{}}
{"ts":"2026-08-08T17:22:52.452Z","tool":"get_project_info","type":"resource","status":"SUCCESS","ms":0,"params":{}}
{"ts":"2026-08-08T17:22:52.705Z","tool":"get_editor_state","type":"resource","status":"SUCCESS","ms":0,"params":{}}
{"ts":"2026-08-08T17:22:52.705Z","tool":"get_project_info","type":"resource","status":"SUCCESS","ms":0,"params":{}}
{"ts":"2026-08-08T17:22:52.959Z","tool":"get_editor_state","type":"resource","status":"SUCCESS","ms":0,"params":{}}
{"ts":"2026-08-08T17:22:52.960Z","tool":"get_project_info","type":"resource","status":"SUCCESS","ms":0,"params":{}}
{"ts":"2026-08-08T17:22:54.812Z","tool":"execute_code","type":"tool","status":"SUCCESS","ms":580,"action":"execute","params":{"action":"execute","code":"return new { ka = true };","safety_checks":true,"compiler":"auto"}}
{"ts":"2026-08-08T17:22:58.841Z","tool":"read_console","type":"tool","status":"SUCCESS","ms":2,"action":"get","params":{"action":"get","types":["error"],"count":10,"format":"plain","includeStacktrace":false}}
{"ts":"2026-08-08T17:23:13.879Z","tool":"get_editor_state","type":"resource","status":"SUCCESS","ms":0,"params":{}}
{"ts":"2026-08-08T17:23:13.880Z","tool":"get_project_info","type":"resource","status":"SUCCESS","ms":0,"params":{}}
{"ts":"2026-08-08T17:23:14.180Z","tool":"get_editor_state","type":"resource","status":"SUCCESS","ms":0,"params":{}}
{"ts":"2026-08-08T17:23:14.181Z","tool":"get_project_info","type":"resource","status":"SUCCESS","ms":0,"params":{}}
{"ts":"2026-08-08T17:23:14.435Z","tool":"get_editor_state","type":"resource","status":"SUCCESS","ms":0,"params":{}}
{"ts":"2026-08-08T17:23:14.436Z","tool":"get_project_info","type":"resource","status":"SUCCESS","ms":0,"params":{}}
{"ts":"2026-08-08T17:23:14.689Z","tool":"get_editor_state","type":"resource","status":"SUCCESS","ms":0,"params":{}}
{"ts":"2026-08-08T17:23:14.690Z","tool":"get_project_info","type":"resource","status":"SUCCESS","ms":0,"params":{}}
{"ts":"2026-08-08T17:23:14.943Z","tool":"get_editor_state","type":"resource","status":"SUCCESS","ms":0,"params":{}}
{"ts":"2026-08-08T17:23:14.944Z","tool":"get_project_info","type":"resource","status":"SUCCESS","ms":0,"params":{}}
{"ts":"2026-08-08T17:23:15.198Z","tool":"get_editor_state","type":"resource","status":"SUCCESS","ms":0,"params":{}}
{"ts":"2026-08-08T17:23:15.199Z","tool":"get_project_info","type":"resource","status":"SUCCESS","ms":0,"params":{}}
{"ts":"2026-08-08T17:23:15.452Z","tool":"get_editor_state","type":"resource","status":"SUCCESS","ms":0,"params":{}}
{"ts":"2026-08-08T17:23:15.453Z","tool":"get_project_info","type":"resource","status":"SUCCESS","ms":0,"params":{}}
{"ts":"2026-08-08T17:23:15.760Z","tool":"get_editor_state","type":"resource","status":"SUCCESS","ms":0,"params":{}}
{"ts":"2026-08-08T17:23:15.761Z","tool":"get_project_info","type":"resource","status":"SUCCESS","ms":0,"params":{}}
{"ts":"2026-08-08T17:23:16.015Z","tool":"get_editor_state","type":"resource","status":"SUCCESS","ms":0,"params":{}}
{"ts":"2026-08-08T17:23:16.015Z","tool":"get_project_info","type":"resource","status":"SUCCESS","ms":0,"params":{}}
{"ts":"2026-08-08T17:23:16.267Z","tool":"get_editor_state","type":"resource","status":"SUCCESS","ms":0,"params":{}}
{"ts":"2026-08-08T17:23:16.268Z","tool":"get_project_info","type":"resource","status":"SUCCESS","ms":0,"params":{}}
{"ts":"2026-08-08T17:23:16.521Z","tool":"get_editor_state","type":"resource","status":"SUCCESS","ms":0,"params":{}}
{"ts":"2026-08-08T17:23:16.521Z","tool":"get_project_info","type":"resource","status":"SUCCESS","ms":0,"params":{}}
{"ts":"2026-08-08T17:23:16.775Z","tool":"get_editor_state","type":"resource","status":"SUCCESS","ms":0,"params":{}}
{"ts":"2026-08-08T17:23:16.776Z","tool":"get_project_info","type":"resource","status":"SUCCESS","ms":0,"params":{}}
{"ts":"2026-08-08T17:23:17.027Z","tool":"get_editor_state","type":"resource","status":"SUCCESS","ms":0,"params":{}}
{"ts":"2026-08-08T17:23:17.028Z","tool":"get_project_info","type":"resource","status":"SUCCESS","ms":0,"params":{}}
{"ts":"2026-08-08T17:23:17.324Z","tool":"get_editor_state","type":"resource","status":"SUCCESS","ms":0,"params":{}}
{"ts":"2026-08-08T17:23:17.324Z","tool":"get_project_info","type":"resource","status":"SUCCESS","ms":0,"params":{}}
{"ts":"2026-08-08T17:23:17.577Z","tool":"get_editor_state","type":"resource","status":"SUCCESS","ms":0,"params":{}}
{"ts":"2026-08-08T17:23:17.578Z","tool":"get_project_info","type":"resource","status":"SUCCESS","ms":0,"params":{}}
{"ts":"2026-08-08T17:23:17.831Z","tool":"get_editor_state","type":"resource","status":"SUCCESS","ms":0,"params":{}}
{"ts":"2026-08-08T17:23:17.832Z","tool":"get_project_info","type":"resource","status":"SUCCESS","ms":0,"params":{}}
{"ts":"2026-08-08T17:23:18.086Z","tool":"get_editor_state","type":"resource","status":"SUCCESS","ms":0,"params":{}}
{"ts":"2026-08-08T17:23:18.087Z","tool":"get_project_info","type":"resource","status":"SUCCESS","ms":0,"params":{}}
{"ts":"2026-08-08T17:23:18.340Z","tool":"get_editor_state","type":"resource","status":"SUCCESS","ms":0,"params":{}}
{"ts":"2026-08-08T17:23:18.341Z","tool":"get_project_info","type":"resource","status":"SUCCESS","ms":0,"params":{}}
{"ts":"2026-08-08T17:23:18.593Z","tool":"get_editor_state","type":"resource","status":"SUCCESS","ms":0,"params":{}}
{"ts":"2026-08-08T17:23:18.594Z","tool":"get_project_info","type":"resource","status":"SUCCESS","ms":0,"params":{}}
{"ts":"2026-08-08T17:23:18.895Z","tool":"get_editor_state","type":"resource","status":"SUCCESS","ms":0,"params":{}}
{"ts":"2026-08-08T17:23:18.896Z","tool":"get_project_info","type":"resource","status":"SUCCESS","ms":0,"params":{}}
{"ts":"2026-08-08T17:23:19.150Z","tool":"get_editor_state","type":"resource","status":"SUCCESS","ms":0,"params":{}}
{"ts":"2026-08-08T17:23:19.151Z","tool":"get_project_info","type":"resource","status":"SUCCESS","ms":0,"params":{}}
{"ts":"2026-08-08T17:23:19.404Z","tool":"get_editor_state","type":"resource","status":"SUCCESS","ms":0,"params":{}}
{"ts":"2026-08-08T17:23:19.408Z","tool":"get_project_info","type":"resource","status":"SUCCESS","ms":0,"params":{}}
{"ts":"2026-08-08T17:23:19.661Z","tool":"get_editor_state","type":"resource","status":"SUCCESS","ms":0,"params":{}}
{"ts":"2026-08-08T17:23:19.662Z","tool":"get_project_info","type":"resource","status":"SUCCESS","ms":0,"params":{}}
{"ts":"2026-08-08T17:23:19.915Z","tool":"get_editor_state","type":"resource","status":"SUCCESS","ms":0,"params":{}}
{"ts":"2026-08-08T17:23:19.916Z","tool":"get_project_info","type":"resource","status":"SUCCESS","ms":0,"params":{}}
{"ts":"2026-08-08T17:23:20.168Z","tool":"get_editor_state","type":"resource","status":"SUCCESS","ms":0,"params":{}}
{"ts":"2026-08-08T17:23:20.169Z","tool":"get_project_info","type":"resource","status":"SUCCESS","ms":0,"params":{}}
{"ts":"2026-08-08T17:23:20.469Z","tool":"get_editor_state","type":"resource","status":"SUCCESS","ms":0,"params":{}}
{"ts":"2026-08-08T17:23:20.470Z","tool":"get_project_info","type":"resource","status":"SUCCESS","ms":0,"params":{}}
{"ts":"2026-08-08T17:23:20.724Z","tool":"get_editor_state","type":"resource","status":"SUCCESS","ms":0,"params":{}}
{"ts":"2026-08-08T17:23:20.725Z","tool":"get_project_info","type":"resource","status":"SUCCESS","ms":0,"params":{}}
{"ts":"2026-08-08T17:23:20.978Z","tool":"get_editor_state","type":"resource","status":"SUCCESS","ms":0,"params":{}}
{"ts":"2026-08-08T17:23:20.979Z","tool":"get_project_info","type":"resource","status":"SUCCESS","ms":0,"params":{}}
{"ts":"2026-08-08T17:23:21.233Z","tool":"get_editor_state","type":"resource","status":"SUCCESS","ms":0,"params":{}}
{"ts":"2026-08-08T17:23:21.234Z","tool":"get_project_info","type":"resource","status":"SUCCESS","ms":0,"params":{}}
{"ts":"2026-08-08T17:23:21.487Z","tool":"get_editor_state","type":"resource","status":"SUCCESS","ms":0,"params":{}}
{"ts":"2026-08-08T17:23:21.488Z","tool":"get_project_info","type":"resource","status":"SUCCESS","ms":0,"params":{}}
{"ts":"2026-08-08T17:23:21.742Z","tool":"get_editor_state","type":"resource","status":"SUCCESS","ms":0,"params":{}}
{"ts":"2026-08-08T17:23:21.742Z","tool":"get_project_info","type":"resource","status":"SUCCESS","ms":0,"params":{}}
{"ts":"2026-08-08T17:23:22.048Z","tool":"get_editor_state","type":"resource","status":"SUCCESS","ms":0,"params":{}}
{"ts":"2026-08-08T17:23:22.049Z","tool":"get_project_info","type":"resource","status":"SUCCESS","ms":0,"params":{}}
{"ts":"2026-08-08T17:23:22.303Z","tool":"get_editor_state","type":"resource","status":"SUCCESS","ms":0,"params":{}}
{"ts":"2026-08-08T17:23:22.304Z","tool":"get_project_info","type":"resource","status":"SUCCESS","ms":0,"params":{}}
{"ts":"2026-08-08T17:23:22.557Z","tool":"get_editor_state","type":"resource","status":"SUCCESS","ms":0,"params":{}}
{"ts":"2026-08-08T17:23:22.557Z","tool":"get_project_info","type":"resource","status":"SUCCESS","ms":0,"params":{}}
{"ts":"2026-08-08T17:23:22.811Z","tool":"get_editor_state","type":"resource","status":"SUCCESS","ms":0,"params":{}}
{"ts":"2026-08-08T17:23:22.812Z","tool":"get_project_info","type":"resource","status":"SUCCESS","ms":0,"params":{}}
{"ts":"2026-08-08T17:23:23.064Z","tool":"get_editor_state","type":"resource","status":"SUCCESS","ms":0,"params":{}}
{"ts":"2026-08-08T17:23:23.064Z","tool":"get_project_info","type":"resource","status":"SUCCESS","ms":0,"params":{}}
{"ts":"2026-08-08T17:23:23.318Z","tool":"get_editor_state","type":"resource","status":"SUCCESS","ms":0,"params":{}}
{"ts":"2026-08-08T17:23:23.319Z","tool":"get_project_info","type":"resource","status":"SUCCESS","ms":0,"params":{}}
{"ts":"2026-08-08T17:23:23.624Z","tool":"get_editor_state","type":"resource","status":"SUCCESS","ms":0,"params":{}}
{"ts":"2026-08-08T17:23:23.625Z","tool":"get_project_info","type":"resource","status":"SUCCESS","ms":0,"params":{}}
{"ts":"2026-08-08T17:23:23.877Z","tool":"get_editor_state","type":"resource","status":"SUCCESS","ms":0,"params":{}}
{"ts":"2026-08-08T17:23:23.877Z","tool":"get_project_info","type":"resource","status":"SUCCESS","ms":0,"params":{}}
{"ts":"2026-08-08T17:23:24.131Z","tool":"get_editor_state","type":"resource","status":"SUCCESS","ms":0,"params":{}}
{"ts":"2026-08-08T17:23:24.132Z","tool":"get_project_info","type":"resource","status":"SUCCESS","ms":0,"params":{}}
{"ts":"2026-08-08T17:23:24.385Z","tool":"get_editor_state","type":"resource","status":"SUCCESS","ms":0,"params":{}}
{"ts":"2026-08-08T17:23:24.386Z","tool":"get_project_info","type":"resource","status":"SUCCESS","ms":0,"params":{}}
{"ts":"2026-08-08T17:23:24.639Z","tool":"get_editor_state","type":"resource","status":"SUCCESS","ms":0,"params":{}}
{"ts":"2026-08-08T17:23:24.640Z","tool":"get_project_info","type":"resource","status":"SUCCESS","ms":0,"params":{}}
{"ts":"2026-08-08T17:23:24.893Z","tool":"get_editor_state","type":"resource","status":"SUCCESS","ms":0,"params":{}}
{"ts":"2026-08-08T17:23:24.893Z","tool":"get_project_info","type":"resource","status":"SUCCESS","ms":0,"params":{}}
{"ts":"2026-08-08T17:23:25.190Z","tool":"get_editor_state","type":"resource","status":"SUCCESS","ms":0,"params":{}}
{"ts":"2026-08-08T17:23:25.191Z","tool":"get_project_info","type":"resource","status":"SUCCESS","ms":0,"params":{}}
{"ts":"2026-08-08T17:23:25.444Z","tool":"get_editor_state","type":"resource","status":"SUCCESS","ms":0,"params":{}}
{"ts":"2026-08-08T17:23:25.445Z","tool":"get_project_info","type":"resource","status":"SUCCESS","ms":0,"params":{}}
{"ts":"2026-08-08T17:23:25.699Z","tool":"get_editor_state","type":"resource","status":"SUCCESS","ms":0,"params":{}}
{"ts":"2026-08-08T17:23:25.700Z","tool":"get_project_info","type":"resource","status":"SUCCESS","ms":0,"params":{}}
{"ts":"2026-08-08T17:23:25.953Z","tool":"get_editor_state","type":"resource","status":"SUCCESS","ms":0,"params":{}}
{"ts":"2026-08-08T17:23:25.954Z","tool":"get_project_info","type":"resource","status":"SUCCESS","ms":0,"params":{}}
{"ts":"2026-08-08T17:23:26.206Z","tool":"get_editor_state","type":"resource","status":"SUCCESS","ms":0,"params":{}}
{"ts":"2026-08-08T17:23:26.207Z","tool":"get_project_info","type":"resource","status":"SUCCESS","ms":0,"params":{}}
{"ts":"2026-08-08T17:23:26.460Z","tool":"get_editor_state","type":"resource","status":"SUCCESS","ms":0,"params":{}}
{"ts":"2026-08-08T17:23:26.461Z","tool":"get_project_info","type":"resource","status":"SUCCESS","ms":0,"params":{}}
{"ts":"2026-08-08T17:23:26.768Z","tool":"get_editor_state","type":"resource","status":"SUCCESS","ms":0,"params":{}}
{"ts":"2026-08-08T17:23:26.768Z","tool":"get_project_info","type":"resource","status":"SUCCESS","ms":0,"params":{}}
{"ts":"2026-08-08T17:23:27.022Z","tool":"get_editor_state","type":"resource","status":"SUCCESS","ms":0,"params":{}}
{"ts":"2026-08-08T17:23:27.023Z","tool":"get_project_info","type":"resource","status":"SUCCESS","ms":0,"params":{}}
{"ts":"2026-08-08T17:23:27.274Z","tool":"get_editor_state","type":"resource","status":"SUCCESS","ms":0,"params":{}}
{"ts":"2026-08-08T17:23:27.275Z","tool":"get_project_info","type":"resource","status":"SUCCESS","ms":0,"params":{}}
{"ts":"2026-08-08T17:23:27.529Z","tool":"get_editor_state","type":"resource","status":"SUCCESS","ms":0,"params":{}}
{"ts":"2026-08-08T17:23:27.530Z","tool":"get_project_info","type":"resource","status":"SUCCESS","ms":0,"params":{}}
{"ts":"2026-08-08T17:23:27.783Z","tool":"get_editor_state","type":"resource","status":"SUCCESS","ms":0,"params":{}}
{"ts":"2026-08-08T17:23:27.784Z","tool":"get_project_info","type":"resource","status":"SUCCESS","ms":0,"params":{}}
{"ts":"2026-08-08T17:23:28.036Z","tool":"get_editor_state","type":"resource","status":"SUCCESS","ms":0,"params":{}}
{"ts":"2026-08-08T17:23:28.037Z","tool":"get_project_info","type":"resource","status":"SUCCESS","ms":0,"params":{}}
{"ts":"2026-08-08T17:23:28.336Z","tool":"get_editor_state","type":"resource","status":"SUCCESS","ms":0,"params":{}}
{"ts":"2026-08-08T17:23:28.336Z","tool":"get_project_info","type":"resource","status":"SUCCESS","ms":0,"params":{}}
{"ts":"2026-08-08T17:23:28.589Z","tool":"get_editor_state","type":"resource","status":"SUCCESS","ms":0,"params":{}}
{"ts":"2026-08-08T17:23:28.589Z","tool":"get_project_info","type":"resource","status":"SUCCESS","ms":0,"params":{}}
{"ts":"2026-08-08T17:23:28.843Z","tool":"get_editor_state","type":"resource","status":"SUCCESS","ms":0,"params":{}}
{"ts":"2026-08-08T17:23:28.844Z","tool":"get_project_info","type":"resource","status":"SUCCESS","ms":0,"params":{}}
{"ts":"2026-08-08T17:23:29.097Z","tool":"get_editor_state","type":"resource","status":"SUCCESS","ms":0,"params":{}}
{"ts":"2026-08-08T17:23:29.098Z","tool":"get_project_info","type":"resource","status":"SUCCESS","ms":0,"params":{}}
{"ts":"2026-08-08T17:23:29.352Z","tool":"get_editor_state","type":"resource","status":"SUCCESS","ms":0,"params":{}}
{"ts":"2026-08-08T17:23:29.352Z","tool":"get_project_info","type":"resource","status":"SUCCESS","ms":0,"params":{}}
{"ts":"2026-08-08T17:23:29.606Z","tool":"get_editor_state","type":"resource","status":"SUCCESS","ms":0,"params":{}}
{"ts":"2026-08-08T17:23:29.607Z","tool":"get_project_info","type":"resource","status":"SUCCESS","ms":0,"params":{}}
{"ts":"2026-08-08T17:23:29.911Z","tool":"get_editor_state","type":"resource","status":"SUCCESS","ms":0,"params":{}}
{"ts":"2026-08-08T17:23:29.912Z","tool":"get_project_info","type":"resource","status":"SUCCESS","ms":0,"params":{}}
{"ts":"2026-08-08T17:23:30.164Z","tool":"get_editor_state","type":"resource","status":"SUCCESS","ms":0,"params":{}}
{"ts":"2026-08-08T17:23:30.165Z","tool":"get_project_info","type":"resource","status":"SUCCESS","ms":0,"params":{}}
{"ts":"2026-08-08T17:23:30.417Z","tool":"get_editor_state","type":"resource","status":"SUCCESS","ms":0,"params":{}}
{"ts":"2026-08-08T17:23:30.418Z","tool":"get_project_info","type":"resource","status":"SUCCESS","ms":0,"params":{}}
{"ts":"2026-08-08T17:23:30.671Z","tool":"get_editor_state","type":"resource","status":"SUCCESS","ms":0,"params":{}}
{"ts":"2026-08-08T17:23:30.672Z","tool":"get_project_info","type":"resource","status":"SUCCESS","ms":0,"params":{}}
{"ts":"2026-08-08T17:23:30.926Z","tool":"get_editor_state","type":"resource","status":"SUCCESS","ms":0,"params":{}}
{"ts":"2026-08-08T17:23:30.926Z","tool":"get_project_info","type":"resource","status":"SUCCESS","ms":0,"params":{}}
{"ts":"2026-08-08T17:23:31.178Z","tool":"get_editor_state","type":"resource","status":"SUCCESS","ms":0,"params":{}}
{"ts":"2026-08-08T17:23:31.179Z","tool":"get_project_info","type":"resource","status":"SUCCESS","ms":0,"params":{}}
{"ts":"2026-08-08T17:23:31.478Z","tool":"get_editor_state","type":"resource","status":"SUCCESS","ms":0,"params":{}}
{"ts":"2026-08-08T17:23:31.479Z","tool":"get_project_info","type":"resource","status":"SUCCESS","ms":0,"params":{}}
{"ts":"2026-08-08T17:23:31.732Z","tool":"get_editor_state","type":"resource","status":"SUCCESS","ms":0,"params":{}}
{"ts":"2026-08-08T17:23:31.733Z","tool":"get_project_info","type":"resource","status":"SUCCESS","ms":0,"params":{}}
{"ts":"2026-08-08T17:23:31.986Z","tool":"get_editor_state","type":"resource","status":"SUCCESS","ms":0,"params":{}}
{"ts":"2026-08-08T17:23:31.987Z","tool":"get_project_info","type":"resource","status":"SUCCESS","ms":0,"params":{}}
{"ts":"2026-08-08T17:23:32.241Z","tool":"get_editor_state","type":"resource","status":"SUCCESS","ms":0,"params":{}}
{"ts":"2026-08-08T17:23:32.241Z","tool":"get_project_info","type":"resource","status":"SUCCESS","ms":0,"params":{}}
{"ts":"2026-08-08T17:23:32.494Z","tool":"get_editor_state","type":"resource","status":"SUCCESS","ms":0,"params":{}}
{"ts":"2026-08-08T17:23:32.496Z","tool":"get_project_info","type":"resource","status":"SUCCESS","ms":0,"params":{}}
{"ts":"2026-08-08T17:23:32.749Z","tool":"get_editor_state","type":"resource","status":"SUCCESS","ms":0,"params":{}}
{"ts":"2026-08-08T17:23:32.750Z","tool":"get_project_info","type":"resource","status":"SUCCESS","ms":0,"params":{}}
{"ts":"2026-08-08T17:23:33.052Z","tool":"get_editor_state","type":"resource","status":"SUCCESS","ms":0,"params":{}}
{"ts":"2026-08-08T17:23:33.053Z","tool":"get_project_info","type":"resource","status":"SUCCESS","ms":0,"params":{}}
{"ts":"2026-08-08T17:23:33.306Z","tool":"get_editor_state","type":"resource","status":"SUCCESS","ms":0,"params":{}}
{"ts":"2026-08-08T17:23:33.306Z","tool":"get_project_info","type":"resource","status":"SUCCESS","ms":0,"params":{}}
{"ts":"2026-08-08T17:23:33.560Z","tool":"get_editor_state","type":"resource","status":"SUCCESS","ms":0,"params":{}}
{"ts":"2026-08-08T17:23:33.561Z","tool":"get_project_info","type":"resource","status":"SUCCESS","ms":0,"params":{}}
{"ts":"2026-08-08T17:23:33.812Z","tool":"get_editor_state","type":"resource","status":"SUCCESS","ms":0,"params":{}}
{"ts":"2026-08-08T17:23:33.813Z","tool":"get_project_info","type":"resource","status":"SUCCESS","ms":0,"params":{}}
{"ts":"2026-08-08T17:23:34.067Z","tool":"get_editor_state","type":"resource","status":"SUCCESS","ms":0,"params":{}}
{"ts":"2026-08-08T17:23:34.067Z","tool":"get_project_info","type":"resource","status":"SUCCESS","ms":0,"params":{}}
{"ts":"2026-08-08T17:23:34.321Z","tool":"get_editor_state","type":"resource","status":"SUCCESS","ms":0,"params":{}}
{"ts":"2026-08-08T17:23:34.322Z","tool":"get_project_info","type":"resource","status":"SUCCESS","ms":0,"params":{}}
{"ts":"2026-08-08T17:23:34.618Z","tool":"get_editor_state","type":"resource","status":"SUCCESS","ms":0,"params":{}}
{"ts":"2026-08-08T17:23:34.619Z","tool":"get_project_info","type":"resource","status":"SUCCESS","ms":0,"params":{}}
{"ts":"2026-08-08T17:23:34.873Z","tool":"get_editor_state","type":"resource","status":"SUCCESS","ms":0,"params":{}}
{"ts":"2026-08-08T17:23:34.874Z","tool":"get_project_info","type":"resource","status":"SUCCESS","ms":0,"params":{}}
{"ts":"2026-08-08T17:23:35.127Z","tool":"get_editor_state","type":"resource","status":"SUCCESS","ms":0,"params":{}}
{"ts":"2026-08-08T17:23:35.128Z","tool":"get_project_info","type":"resource","status":"SUCCESS","ms":0,"params":{}}
{"ts":"2026-08-08T17:23:35.382Z","tool":"get_editor_state","type":"resource","status":"SUCCESS","ms":0,"params":{}}
{"ts":"2026-08-08T17:23:35.383Z","tool":"get_project_info","type":"resource","status":"SUCCESS","ms":0,"params":{}}
{"ts":"2026-08-08T17:23:35.636Z","tool":"get_editor_state","type":"resource","status":"SUCCESS","ms":0,"params":{}}
{"ts":"2026-08-08T17:23:35.637Z","tool":"get_project_info","type":"resource","status":"SUCCESS","ms":0,"params":{}}
{"ts":"2026-08-08T17:23:35.891Z","tool":"get_editor_state","type":"resource","status":"SUCCESS","ms":0,"params":{}}
{"ts":"2026-08-08T17:23:35.892Z","tool":"get_project_info","type":"resource","status":"SUCCESS","ms":0,"params":{}}
{"ts":"2026-08-08T17:23:36.194Z","tool":"get_editor_state","type":"resource","status":"SUCCESS","ms":0,"params":{}}
{"ts":"2026-08-08T17:23:36.195Z","tool":"get_project_info","type":"resource","status":"SUCCESS","ms":0,"params":{}}
{"ts":"2026-08-08T17:23:36.448Z","tool":"get_editor_state","type":"resource","status":"SUCCESS","ms":0,"params":{}}
{"ts":"2026-08-08T17:23:36.449Z","tool":"get_project_info","type":"resource","status":"SUCCESS","ms":0,"params":{}}
{"ts":"2026-08-08T17:23:36.702Z","tool":"get_editor_state","type":"resource","status":"SUCCESS","ms":0,"params":{}}
{"ts":"2026-08-08T17:23:36.703Z","tool":"get_project_info","type":"resource","status":"SUCCESS","ms":0,"params":{}}
{"ts":"2026-08-08T17:23:36.955Z","tool":"get_editor_state","type":"resource","status":"SUCCESS","ms":0,"params":{}}
{"ts":"2026-08-08T17:23:36.956Z","tool":"get_project_info","type":"resource","status":"SUCCESS","ms":0,"params":{}}
{"ts":"2026-08-08T17:23:37.209Z","tool":"get_editor_state","type":"resource","status":"SUCCESS","ms":0,"params":{}}
{"ts":"2026-08-08T17:23:37.210Z","tool":"get_project_info","type":"resource","status":"SUCCESS","ms":0,"params":{}}
{"ts":"2026-08-08T17:23:37.464Z","tool":"get_editor_state","type":"resource","status":"SUCCESS","ms":0,"params":{}}
{"ts":"2026-08-08T17:23:37.464Z","tool":"get_project_info","type":"resource","status":"SUCCESS","ms":0,"params":{}}
{"ts":"2026-08-08T17:23:37.773Z","tool":"get_editor_state","type":"resource","status":"SUCCESS","ms":0,"params":{}}
{"ts":"2026-08-08T17:23:37.774Z","tool":"get_project_info","type":"resource","status":"SUCCESS","ms":0,"params":{}}
{"ts":"2026-08-08T17:23:38.027Z","tool":"get_editor_state","type":"resource","status":"SUCCESS","ms":0,"params":{}}
{"ts":"2026-08-08T17:23:38.028Z","tool":"get_project_info","type":"resource","status":"SUCCESS","ms":0,"params":{}}
{"ts":"2026-08-08T17:23:38.281Z","tool":"get_editor_state","type":"resource","status":"SUCCESS","ms":0,"params":{}}
{"ts":"2026-08-08T17:23:38.281Z","tool":"get_project_info","type":"resource","status":"SUCCESS","ms":0,"params":{}}
{"ts":"2026-08-08T17:23:38.535Z","tool":"get_editor_state","type":"resource","status":"SUCCESS","ms":0,"params":{}}
{"ts":"2026-08-08T17:23:38.537Z","tool":"get_project_info","type":"resource","status":"SUCCESS","ms":0,"params":{}}
{"ts":"2026-08-08T17:23:38.790Z","tool":"get_editor_state","type":"resource","status":"SUCCESS","ms":0,"params":{}}
{"ts":"2026-08-08T17:23:38.792Z","tool":"get_project_info","type":"resource","status":"SUCCESS","ms":0,"params":{}}
{"ts":"2026-08-08T17:23:39.044Z","tool":"get_editor_state","type":"resource","status":"SUCCESS","ms":0,"params":{}}
{"ts":"2026-08-08T17:23:39.046Z","tool":"get_project_info","type":"resource","status":"SUCCESS","ms":0,"params":{}}
{"ts":"2026-08-08T17:23:39.345Z","tool":"get_editor_state","type":"resource","status":"SUCCESS","ms":0,"params":{}}
{"ts":"2026-08-08T17:23:39.346Z","tool":"get_project_info","type":"resource","status":"SUCCESS","ms":0,"params":{}}
{"ts":"2026-08-08T17:23:39.600Z","tool":"get_editor_state","type":"resource","status":"SUCCESS","ms":0,"params":{}}
{"ts":"2026-08-08T17:23:39.601Z","tool":"get_project_info","type":"resource","status":"SUCCESS","ms":0,"params":{}}
{"ts":"2026-08-08T17:23:39.856Z","tool":"get_editor_state","type":"resource","status":"SUCCESS","ms":0,"params":{}}
{"ts":"2026-08-08T17:23:39.857Z","tool":"get_project_info","type":"resource","status":"SUCCESS","ms":0,"params":{}}
{"ts":"2026-08-08T17:23:40.110Z","tool":"get_editor_state","type":"resource","status":"SUCCESS","ms":0,"params":{}}
{"ts":"2026-08-08T17:23:40.111Z","tool":"get_project_info","type":"resource","status":"SUCCESS","ms":0,"params":{}}
{"ts":"2026-08-08T17:23:40.365Z","tool":"get_editor_state","type":"resource","status":"SUCCESS","ms":0,"params":{}}
{"ts":"2026-08-08T17:23:40.372Z","tool":"get_project_info","type":"resource","status":"SUCCESS","ms":0,"params":{}}
{"ts":"2026-08-08T17:23:40.625Z","tool":"get_editor_state","type":"resource","status":"SUCCESS","ms":0,"params":{}}
{"ts":"2026-08-08T17:23:40.626Z","tool":"get_project_info","type":"resource","status":"SUCCESS","ms":0,"params":{}}
{"ts":"2026-08-08T17:23:40.928Z","tool":"get_editor_state","type":"resource","status":"SUCCESS","ms":0,"params":{}}
{"ts":"2026-08-08T17:23:40.933Z","tool":"get_project_info","type":"resource","status":"SUCCESS","ms":0,"params":{}}
{"ts":"2026-08-08T17:23:41.186Z","tool":"get_editor_state","type":"resource","status":"SUCCESS","ms":0,"params":{}}
{"ts":"2026-08-08T17:23:41.187Z","tool":"get_project_info","type":"resource","status":"SUCCESS","ms":0,"params":{}}
{"ts":"2026-08-08T17:23:41.441Z","tool":"get_editor_state","type":"resource","status":"SUCCESS","ms":0,"params":{}}
{"ts":"2026-08-08T17:23:41.441Z","tool":"get_project_info","type":"resource","status":"SUCCESS","ms":0,"params":{}}
{"ts":"2026-08-08T17:23:41.695Z","tool":"get_editor_state","type":"resource","status":"SUCCESS","ms":0,"params":{}}
{"ts":"2026-08-08T17:23:41.696Z","tool":"get_project_info","type":"resource","status":"SUCCESS","ms":0,"params":{}}
{"ts":"2026-08-08T17:23:41.950Z","tool":"get_editor_state","type":"resource","status":"SUCCESS","ms":0,"params":{}}
{"ts":"2026-08-08T17:23:41.950Z","tool":"get_project_info","type":"resource","status":"SUCCESS","ms":0,"params":{}}
{"ts":"2026-08-08T17:23:42.203Z","tool":"get_editor_state","type":"resource","status":"SUCCESS","ms":0,"params":{}}
{"ts":"2026-08-08T17:23:42.203Z","tool":"get_project_info","type":"resource","status":"SUCCESS","ms":0,"params":{}}
{"ts":"2026-08-08T17:23:42.508Z","tool":"get_editor_state","type":"resource","status":"SUCCESS","ms":0,"params":{}}
{"ts":"2026-08-08T17:23:42.508Z","tool":"get_project_info","type":"resource","status":"SUCCESS","ms":0,"params":{}}
{"ts":"2026-08-08T17:23:42.762Z","tool":"get_editor_state","type":"resource","status":"SUCCESS","ms":0,"params":{}}
{"ts":"2026-08-08T17:23:42.763Z","tool":"get_project_info","type":"resource","status":"SUCCESS","ms":0,"params":{}}
{"ts":"2026-08-08T17:23:43.016Z","tool":"get_editor_state","type":"resource","status":"SUCCESS","ms":0,"params":{}}
{"ts":"2026-08-08T17:23:43.017Z","tool":"get_project_info","type":"resource","status":"SUCCESS","ms":0,"params":{}}
{"ts":"2026-08-08T17:23:43.273Z","tool":"get_editor_state","type":"resource","status":"SUCCESS","ms":0,"params":{}}
{"ts":"2026-08-08T17:23:43.274Z","tool":"get_project_info","type":"resource","status":"SUCCESS","ms":0,"params":{}}
{"ts":"2026-08-08T17:23:43.527Z","tool":"get_editor_state","type":"resource","status":"SUCCESS","ms":0,"params":{}}
{"ts":"2026-08-08T17:23:43.528Z","tool":"get_project_info","type":"resource","status":"SUCCESS","ms":0,"params":{}}
{"ts":"2026-08-08T17:23:43.782Z","tool":"get_editor_state","type":"resource","status":"SUCCESS","ms":0,"params":{}}
{"ts":"2026-08-08T17:23:43.782Z","tool":"get_project_info","type":"resource","status":"SUCCESS","ms":0,"params":{}}
{"ts":"2026-08-08T17:23:44.089Z","tool":"get_editor_state","type":"resource","status":"SUCCESS","ms":0,"params":{}}
{"ts":"2026-08-08T17:23:44.089Z","tool":"get_project_info","type":"resource","status":"SUCCESS","ms":0,"params":{}}
{"ts":"2026-08-08T17:23:44.343Z","tool":"get_editor_state","type":"resource","status":"SUCCESS","ms":0,"params":{}}
{"ts":"2026-08-08T17:23:44.343Z","tool":"get_project_info","type":"resource","status":"SUCCESS","ms":0,"params":{}}
{"ts":"2026-08-08T17:23:44.595Z","tool":"get_editor_state","type":"resource","status":"SUCCESS","ms":0,"params":{}}
{"ts":"2026-08-08T17:23:44.596Z","tool":"get_project_info","type":"resource","status":"SUCCESS","ms":0,"params":{}}
{"ts":"2026-08-08T17:23:44.847Z","tool":"get_editor_state","type":"resource","status":"SUCCESS","ms":0,"params":{}}
{"ts":"2026-08-08T17:23:44.848Z","tool":"get_project_info","type":"resource","status":"SUCCESS","ms":0,"params":{}}
{"ts":"2026-08-08T17:23:45.102Z","tool":"get_editor_state","type":"resource","status":"SUCCESS","ms":0,"params":{}}
{"ts":"2026-08-08T17:23:45.103Z","tool":"get_project_info","type":"resource","status":"SUCCESS","ms":0,"params":{}}
{"ts":"2026-08-08T17:23:45.356Z","tool":"get_editor_state","type":"resource","status":"SUCCESS","ms":0,"params":{}}
{"ts":"2026-08-08T17:23:45.357Z","tool":"get_project_info","type":"resource","status":"SUCCESS","ms":0,"params":{}}
{"ts":"2026-08-08T17:23:45.660Z","tool":"get_editor_state","type":"resource","status":"SUCCESS","ms":0,"params":{}}
{"ts":"2026-08-08T17:23:45.661Z","tool":"get_project_info","type":"resource","status":"SUCCESS","ms":0,"params":{}}
{"ts":"2026-08-08T17:23:45.912Z","tool":"get_editor_state","type":"resource","status":"SUCCESS","ms":0,"params":{}}
{"ts":"2026-08-08T17:23:45.913Z","tool":"get_project_info","type":"resource","status":"SUCCESS","ms":0,"params":{}}
{"ts":"2026-08-08T17:23:46.166Z","tool":"get_editor_state","type":"resource","status":"SUCCESS","ms":0,"params":{}}
{"ts":"2026-08-08T17:23:46.167Z","tool":"get_project_info","type":"resource","status":"SUCCESS","ms":0,"params":{}}
{"ts":"2026-08-08T17:23:46.421Z","tool":"get_editor_state","type":"resource","status":"SUCCESS","ms":0,"params":{}}
{"ts":"2026-08-08T17:23:46.421Z","tool":"get_project_info","type":"resource","status":"SUCCESS","ms":0,"params":{}}
{"ts":"2026-08-08T17:23:46.675Z","tool":"get_editor_state","type":"resource","status":"SUCCESS","ms":0,"params":{}}
{"ts":"2026-08-08T17:23:46.676Z","tool":"get_project_info","type":"resource","status":"SUCCESS","ms":0,"params":{}}
{"ts":"2026-08-08T17:23:46.930Z","tool":"get_editor_state","type":"resource","status":"SUCCESS","ms":0,"params":{}}
{"ts":"2026-08-08T17:23:46.931Z","tool":"get_project_info","type":"resource","status":"SUCCESS","ms":0,"params":{}}
{"ts":"2026-08-08T17:23:47.229Z","tool":"get_editor_state","type":"resource","status":"SUCCESS","ms":0,"params":{}}
{"ts":"2026-08-08T17:23:47.229Z","tool":"get_project_info","type":"resource","status":"SUCCESS","ms":0,"params":{}}
{"ts":"2026-08-08T17:23:47.483Z","tool":"get_editor_state","type":"resource","status":"SUCCESS","ms":0,"params":{}}
{"ts":"2026-08-08T17:23:47.484Z","tool":"get_project_info","type":"resource","status":"SUCCESS","ms":0,"params":{}}
{"ts":"2026-08-08T17:23:47.737Z","tool":"get_editor_state","type":"resource","status":"SUCCESS","ms":0,"params":{}}
{"ts":"2026-08-08T17:23:47.738Z","tool":"get_project_info","type":"resource","status":"SUCCESS","ms":0,"params":{}}
{"ts":"2026-08-08T17:23:47.991Z","tool":"get_editor_state","type":"resource","status":"SUCCESS","ms":0,"params":{}}
{"ts":"2026-08-08T17:23:47.992Z","tool":"get_project_info","type":"resource","status":"SUCCESS","ms":0,"params":{}}
{"ts":"2026-08-08T17:23:48.245Z","tool":"get_editor_state","type":"resource","status":"SUCCESS","ms":0,"params":{}}
{"ts":"2026-08-08T17:23:48.246Z","tool":"get_project_info","type":"resource","status":"SUCCESS","ms":0,"params":{}}
{"ts":"2026-08-08T17:23:48.500Z","tool":"get_editor_state","type":"resource","status":"SUCCESS","ms":0,"params":{}}
{"ts":"2026-08-08T17:23:48.501Z","tool":"get_project_info","type":"resource","status":"SUCCESS","ms":0,"params":{}}
{"ts":"2026-08-08T17:23:48.806Z","tool":"get_editor_state","type":"resource","status":"SUCCESS","ms":0,"params":{}}
{"ts":"2026-08-08T17:23:48.807Z","tool":"get_project_info","type":"resource","status":"SUCCESS","ms":0,"params":{}}
{"ts":"2026-08-08T17:23:49.061Z","tool":"get_editor_state","type":"resource","status":"SUCCESS","ms":0,"params":{}}
{"ts":"2026-08-08T17:23:49.062Z","tool":"get_project_info","type":"resource","status":"SUCCESS","ms":0,"params":{}}
{"ts":"2026-08-08T17:23:49.314Z","tool":"get_editor_state","type":"resource","status":"SUCCESS","ms":0,"params":{}}
{"ts":"2026-08-08T17:23:49.315Z","tool":"get_project_info","type":"resource","status":"SUCCESS","ms":0,"params":{}}
{"ts":"2026-08-08T17:23:49.569Z","tool":"get_editor_state","type":"resource","status":"SUCCESS","ms":0,"params":{}}
{"ts":"2026-08-08T17:23:49.569Z","tool":"get_project_info","type":"resource","status":"SUCCESS","ms":0,"params":{}}
{"ts":"2026-08-08T17:23:49.821Z","tool":"get_editor_state","type":"resource","status":"SUCCESS","ms":0,"params":{}}
{"ts":"2026-08-08T17:23:49.822Z","tool":"get_project_info","type":"resource","status":"SUCCESS","ms":0,"params":{}}
{"ts":"2026-08-08T17:23:50.075Z","tool":"get_editor_state","type":"resource","status":"SUCCESS","ms":0,"params":{}}
{"ts":"2026-08-08T17:23:50.075Z","tool":"get_project_info","type":"resource","status":"SUCCESS","ms":0,"params":{}}
{"ts":"2026-08-08T17:23:50.381Z","tool":"get_editor_state","type":"resource","status":"SUCCESS","ms":0,"params":{}}
{"ts":"2026-08-08T17:23:50.382Z","tool":"get_project_info","type":"resource","status":"SUCCESS","ms":0,"params":{}}
{"ts":"2026-08-08T17:23:50.635Z","tool":"get_editor_state","type":"resource","status":"SUCCESS","ms":0,"params":{}}
{"ts":"2026-08-08T17:23:50.636Z","tool":"get_project_info","type":"resource","status":"SUCCESS","ms":0,"params":{}}
{"ts":"2026-08-08T17:23:50.888Z","tool":"get_editor_state","type":"resource","status":"SUCCESS","ms":0,"params":{}}
{"ts":"2026-08-08T17:23:50.889Z","tool":"get_project_info","type":"resource","status":"SUCCESS","ms":0,"params":{}}
{"ts":"2026-08-08T17:23:51.142Z","tool":"get_editor_state","type":"resource","status":"SUCCESS","ms":0,"params":{}}
{"ts":"2026-08-08T17:23:51.143Z","tool":"get_project_info","type":"resource","status":"SUCCESS","ms":0,"params":{}}
{"ts":"2026-08-08T17:23:51.395Z","tool":"get_editor_state","type":"resource","status":"SUCCESS","ms":0,"params":{}}
{"ts":"2026-08-08T17:23:51.396Z","tool":"get_project_info","type":"resource","status":"SUCCESS","ms":0,"params":{}}
{"ts":"2026-08-08T17:23:51.648Z","tool":"get_editor_state","type":"resource","status":"SUCCESS","ms":0,"params":{}}
{"ts":"2026-08-08T17:23:51.651Z","tool":"get_project_info","type":"resource","status":"SUCCESS","ms":0,"params":{}}
{"ts":"2026-08-08T17:23:51.954Z","tool":"get_editor_state","type":"resource","status":"SUCCESS","ms":0,"params":{}}
{"ts":"2026-08-08T17:23:51.954Z","tool":"get_project_info","type":"resource","status":"SUCCESS","ms":0,"params":{}}
{"ts":"2026-08-08T17:23:52.207Z","tool":"get_editor_state","type":"resource","status":"SUCCESS","ms":0,"params":{}}
{"ts":"2026-08-08T17:23:52.208Z","tool":"get_project_info","type":"resource","status":"SUCCESS","ms":0,"params":{}}
{"ts":"2026-08-08T17:23:52.461Z","tool":"get_editor_state","type":"resource","status":"SUCCESS","ms":0,"params":{}}
{"ts":"2026-08-08T17:23:52.462Z","tool":"get_project_info","type":"resource","status":"SUCCESS","ms":0,"params":{}}
{"ts":"2026-08-08T17:23:52.716Z","tool":"get_editor_state","type":"resource","status":"SUCCESS","ms":0,"params":{}}
{"ts":"2026-08-08T17:23:52.717Z","tool":"get_project_info","type":"resource","status":"SUCCESS","ms":0,"params":{}}
{"ts":"2026-08-08T17:23:52.968Z","tool":"get_editor_state","type":"resource","status":"SUCCESS","ms":0,"params":{}}
{"ts":"2026-08-08T17:23:52.969Z","tool":"get_project_info","type":"resource","status":"SUCCESS","ms":0,"params":{}}
{"ts":"2026-08-08T17:23:53.222Z","tool":"get_editor_state","type":"resource","status":"SUCCESS","ms":0,"params":{}}
{"ts":"2026-08-08T17:23:53.223Z","tool":"get_project_info","type":"resource","status":"SUCCESS","ms":0,"params":{}}
{"ts":"2026-08-08T17:23:53.526Z","tool":"get_editor_state","type":"resource","status":"SUCCESS","ms":0,"params":{}}
{"ts":"2026-08-08T17:23:53.528Z","tool":"get_project_info","type":"resource","status":"SUCCESS","ms":0,"params":{}}
{"ts":"2026-08-08T17:23:53.781Z","tool":"get_editor_state","type":"resource","status":"SUCCESS","ms":0,"params":{}}
{"ts":"2026-08-08T17:23:53.782Z","tool":"get_project_info","type":"resource","status":"SUCCESS","ms":0,"params":{}}
{"ts":"2026-08-08T17:23:54.034Z","tool":"get_editor_state","type":"resource","status":"SUCCESS","ms":0,"params":{}}
{"ts":"2026-08-08T17:23:54.036Z","tool":"get_project_info","type":"resource","status":"SUCCESS","ms":0,"params":{}}
{"ts":"2026-08-08T17:23:54.290Z","tool":"get_editor_state","type":"resource","status":"SUCCESS","ms":0,"params":{}}
{"ts":"2026-08-08T17:23:54.290Z","tool":"get_project_info","type":"resource","status":"SUCCESS","ms":0,"params":{}}
{"ts":"2026-08-08T17:23:54.544Z","tool":"get_editor_state","type":"resource","status":"SUCCESS","ms":0,"params":{}}
{"ts":"2026-08-08T17:23:54.545Z","tool":"get_project_info","type":"resource","status":"SUCCESS","ms":0,"params":{}}
{"ts":"2026-08-08T17:23:54.799Z","tool":"get_editor_state","type":"resource","status":"SUCCESS","ms":0,"params":{}}
{"ts":"2026-08-08T17:23:54.799Z","tool":"get_project_info","type":"resource","status":"SUCCESS","ms":0,"params":{}}
{"ts":"2026-08-08T17:23:55.459Z","tool":"execute_code","type":"tool","status":"SUCCESS","ms":591,"action":"execute","params":{"action":"execute","code":"return new { ka = true };","safety_checks":true,"compiler":"auto"}}
{"ts":"2026-08-08T17:23:55.464Z","tool":"get_editor_state","type":"resource","status":"SUCCESS","ms":0,"params":{}}
{"ts":"2026-08-08T17:23:55.465Z","tool":"get_project_info","type":"resource","status":"SUCCESS","ms":0,"params":{}}
{"ts":"2026-08-08T17:23:55.717Z","tool":"get_editor_state","type":"resource","status":"SUCCESS","ms":0,"params":{}}
{"ts":"2026-08-08T17:23:55.718Z","tool":"get_project_info","type":"resource","status":"SUCCESS","ms":0,"params":{}}
{"ts":"2026-08-08T17:23:55.971Z","tool":"get_editor_state","type":"resource","status":"SUCCESS","ms":0,"params":{}}
{"ts":"2026-08-08T17:23:55.971Z","tool":"get_project_info","type":"resource","status":"SUCCESS","ms":0,"params":{}}
{"ts":"2026-08-08T17:23:56.224Z","tool":"get_editor_state","type":"resource","status":"SUCCESS","ms":0,"params":{}}
{"ts":"2026-08-08T17:23:56.224Z","tool":"get_project_info","type":"resource","status":"SUCCESS","ms":0,"params":{}}
{"ts":"2026-08-08T17:23:56.478Z","tool":"get_editor_state","type":"resource","status":"SUCCESS","ms":0,"params":{}}
{"ts":"2026-08-08T17:23:56.479Z","tool":"get_project_info","type":"resource","status":"SUCCESS","ms":0,"params":{}}
{"ts":"2026-08-08T17:23:56.787Z","tool":"get_editor_state","type":"resource","status":"SUCCESS","ms":0,"params":{}}
{"ts":"2026-08-08T17:23:56.788Z","tool":"get_project_info","type":"resource","status":"SUCCESS","ms":0,"params":{}}
{"ts":"2026-08-08T17:23:57.042Z","tool":"get_editor_state","type":"resource","status":"SUCCESS","ms":0,"params":{}}
{"ts":"2026-08-08T17:23:57.044Z","tool":"get_project_info","type":"resource","status":"SUCCESS","ms":0,"params":{}}
{"ts":"2026-08-08T17:23:57.299Z","tool":"get_editor_state","type":"resource","status":"SUCCESS","ms":0,"params":{}}
{"ts":"2026-08-08T17:23:57.301Z","tool":"get_project_info","type":"resource","status":"SUCCESS","ms":0,"params":{}}
{"ts":"2026-08-08T17:23:57.553Z","tool":"get_editor_state","type":"resource","status":"SUCCESS","ms":0,"params":{}}
{"ts":"2026-08-08T17:23:57.554Z","tool":"get_project_info","type":"resource","status":"SUCCESS","ms":0,"params":{}}
{"ts":"2026-08-08T17:23:57.807Z","tool":"get_editor_state","type":"resource","status":"SUCCESS","ms":0,"params":{}}
{"ts":"2026-08-08T17:23:57.808Z","tool":"get_project_info","type":"resource","status":"SUCCESS","ms":0,"params":{}}
{"ts":"2026-08-08T17:23:58.060Z","tool":"get_editor_state","type":"resource","status":"SUCCESS","ms":0,"params":{}}
{"ts":"2026-08-08T17:23:58.061Z","tool":"get_project_info","type":"resource","status":"SUCCESS","ms":0,"params":{}}
{"ts":"2026-08-08T17:23:58.363Z","tool":"get_editor_state","type":"resource","status":"SUCCESS","ms":0,"params":{}}
{"ts":"2026-08-08T17:23:58.364Z","tool":"get_project_info","type":"resource","status":"SUCCESS","ms":0,"params":{}}
{"ts":"2026-08-08T17:23:58.617Z","tool":"get_editor_state","type":"resource","status":"SUCCESS","ms":0,"params":{}}
{"ts":"2026-08-08T17:23:58.618Z","tool":"get_project_info","type":"resource","status":"SUCCESS","ms":0,"params":{}}
{"ts":"2026-08-08T17:23:58.871Z","tool":"get_editor_state","type":"resource","status":"SUCCESS","ms":0,"params":{}}
{"ts":"2026-08-08T17:23:58.872Z","tool":"get_project_info","type":"resource","status":"SUCCESS","ms":0,"params":{}}
{"ts":"2026-08-08T17:23:59.126Z","tool":"get_editor_state","type":"resource","status":"SUCCESS","ms":0,"params":{}}
{"ts":"2026-08-08T17:23:59.127Z","tool":"get_project_info","type":"resource","status":"SUCCESS","ms":0,"params":{}}
{"ts":"2026-08-08T17:23:59.380Z","tool":"get_editor_state","type":"resource","status":"SUCCESS","ms":0,"params":{}}
{"ts":"2026-08-08T17:23:59.381Z","tool":"get_project_info","type":"resource","status":"SUCCESS","ms":0,"params":{}}
{"ts":"2026-08-08T17:23:59.634Z","tool":"get_editor_state","type":"resource","status":"SUCCESS","ms":0,"params":{}}
{"ts":"2026-08-08T17:23:59.635Z","tool":"get_project_info","type":"resource","status":"SUCCESS","ms":0,"params":{}}
{"ts":"2026-08-08T17:23:59.939Z","tool":"get_editor_state","type":"resource","status":"SUCCESS","ms":0,"params":{}}
{"ts":"2026-08-08T17:23:59.940Z","tool":"get_project_info","type":"resource","status":"SUCCESS","ms":0,"params":{}}
{"ts":"2026-08-08T17:24:00.193Z","tool":"get_editor_state","type":"resource","status":"SUCCESS","ms":0,"params":{}}
{"ts":"2026-08-08T17:24:00.194Z","tool":"get_project_info","type":"resource","status":"SUCCESS","ms":0,"params":{}}
{"ts":"2026-08-08T17:24:00.448Z","tool":"get_editor_state","type":"resource","status":"SUCCESS","ms":0,"params":{}}
{"ts":"2026-08-08T17:24:00.449Z","tool":"get_project_info","type":"resource","status":"SUCCESS","ms":0,"params":{}}
{"ts":"2026-08-08T17:24:00.703Z","tool":"get_editor_state","type":"resource","status":"SUCCESS","ms":0,"params":{}}
{"ts":"2026-08-08T17:24:00.703Z","tool":"get_project_info","type":"resource","status":"SUCCESS","ms":0,"params":{}}
{"ts":"2026-08-08T17:24:00.957Z","tool":"get_editor_state","type":"resource","status":"SUCCESS","ms":0,"params":{}}
{"ts":"2026-08-08T17:24:00.958Z","tool":"get_project_info","type":"resource","status":"SUCCESS","ms":0,"params":{}}
{"ts":"2026-08-08T17:24:01.210Z","tool":"get_editor_state","type":"resource","status":"SUCCESS","ms":0,"params":{}}
{"ts":"2026-08-08T17:24:01.211Z","tool":"get_project_info","type":"resource","status":"SUCCESS","ms":0,"params":{}}
{"ts":"2026-08-08T17:24:01.512Z","tool":"get_editor_state","type":"resource","status":"SUCCESS","ms":0,"params":{}}
{"ts":"2026-08-08T17:24:01.513Z","tool":"get_project_info","type":"resource","status":"SUCCESS","ms":0,"params":{}}
{"ts":"2026-08-08T17:24:01.766Z","tool":"get_editor_state","type":"resource","status":"SUCCESS","ms":0,"params":{}}
{"ts":"2026-08-08T17:24:01.766Z","tool":"get_project_info","type":"resource","status":"SUCCESS","ms":0,"params":{}}
{"ts":"2026-08-08T17:24:02.020Z","tool":"get_editor_state","type":"resource","status":"SUCCESS","ms":0,"params":{}}
{"ts":"2026-08-08T17:24:02.021Z","tool":"get_project_info","type":"resource","status":"SUCCESS","ms":0,"params":{}}
{"ts":"2026-08-08T17:24:02.275Z","tool":"get_editor_state","type":"resource","status":"SUCCESS","ms":0,"params":{}}
{"ts":"2026-08-08T17:24:02.275Z","tool":"get_project_info","type":"resource","status":"SUCCESS","ms":0,"params":{}}
{"ts":"2026-08-08T17:24:02.529Z","tool":"get_editor_state","type":"resource","status":"SUCCESS","ms":0,"params":{}}
{"ts":"2026-08-08T17:24:02.530Z","tool":"get_project_info","type":"resource","status":"SUCCESS","ms":0,"params":{}}
{"ts":"2026-08-08T17:24:02.784Z","tool":"get_editor_state","type":"resource","status":"SUCCESS","ms":0,"params":{}}
{"ts":"2026-08-08T17:24:02.785Z","tool":"get_project_info","type":"resource","status":"SUCCESS","ms":0,"params":{}}
{"ts":"2026-08-08T17:24:03.092Z","tool":"get_editor_state","type":"resource","status":"SUCCESS","ms":0,"params":{}}
{"ts":"2026-08-08T17:24:03.093Z","tool":"get_project_info","type":"resource","status":"SUCCESS","ms":0,"params":{}}
{"ts":"2026-08-08T17:24:03.347Z","tool":"get_editor_state","type":"resource","status":"SUCCESS","ms":0,"params":{}}
{"ts":"2026-08-08T17:24:03.348Z","tool":"get_project_info","type":"resource","status":"SUCCESS","ms":0,"params":{}}
{"ts":"2026-08-08T17:24:03.600Z","tool":"get_editor_state","type":"resource","status":"SUCCESS","ms":0,"params":{}}
{"ts":"2026-08-08T17:24:03.600Z","tool":"get_project_info","type":"resource","status":"SUCCESS","ms":0,"params":{}}
{"ts":"2026-08-08T17:24:03.853Z","tool":"get_editor_state","type":"resource","status":"SUCCESS","ms":0,"params":{}}
{"ts":"2026-08-08T17:24:03.853Z","tool":"get_project_info","type":"resource","status":"SUCCESS","ms":0,"params":{}}
{"ts":"2026-08-08T17:24:04.106Z","tool":"get_editor_state","type":"resource","status":"SUCCESS","ms":0,"params":{}}
{"ts":"2026-08-08T17:24:04.107Z","tool":"get_project_info","type":"resource","status":"SUCCESS","ms":0,"params":{}}
{"ts":"2026-08-08T17:24:04.361Z","tool":"get_editor_state","type":"resource","status":"SUCCESS","ms":0,"params":{}}
{"ts":"2026-08-08T17:24:04.362Z","tool":"get_project_info","type":"resource","status":"SUCCESS","ms":0,"params":{}}
{"ts":"2026-08-08T17:24:04.658Z","tool":"get_editor_state","type":"resource","status":"SUCCESS","ms":0,"params":{}}
{"ts":"2026-08-08T17:24:04.659Z","tool":"get_project_info","type":"resource","status":"SUCCESS","ms":0,"params":{}}
{"ts":"2026-08-08T17:24:04.912Z","tool":"get_editor_state","type":"resource","status":"SUCCESS","ms":0,"params":{}}
{"ts":"2026-08-08T17:24:04.912Z","tool":"get_project_info","type":"resource","status":"SUCCESS","ms":0,"params":{}}
{"ts":"2026-08-08T17:24:05.166Z","tool":"get_editor_state","type":"resource","status":"SUCCESS","ms":0,"params":{}}
{"ts":"2026-08-08T17:24:05.166Z","tool":"get_project_info","type":"resource","status":"SUCCESS","ms":0,"params":{}}
{"ts":"2026-08-08T17:24:05.420Z","tool":"get_editor_state","type":"resource","status":"SUCCESS","ms":0,"params":{}}
{"ts":"2026-08-08T17:24:05.421Z","tool":"get_project_info","type":"resource","status":"SUCCESS","ms":0,"params":{}}
{"ts":"2026-08-08T17:24:05.673Z","tool":"get_editor_state","type":"resource","status":"SUCCESS","ms":0,"params":{}}
{"ts":"2026-08-08T17:24:05.674Z","tool":"get_project_info","type":"resource","status":"SUCCESS","ms":0,"params":{}}
{"ts":"2026-08-08T17:24:05.926Z","tool":"get_editor_state","type":"resource","status":"SUCCESS","ms":0,"params":{}}
{"ts":"2026-08-08T17:24:05.927Z","tool":"get_project_info","type":"resource","status":"SUCCESS","ms":0,"params":{}}
{"ts":"2026-08-08T17:24:06.226Z","tool":"get_editor_state","type":"resource","status":"SUCCESS","ms":0,"params":{}}
{"ts":"2026-08-08T17:24:06.227Z","tool":"get_project_info","type":"resource","status":"SUCCESS","ms":0,"params":{}}
{"ts":"2026-08-08T17:24:06.481Z","tool":"get_editor_state","type":"resource","status":"SUCCESS","ms":0,"params":{}}
{"ts":"2026-08-08T17:24:06.482Z","tool":"get_project_info","type":"resource","status":"SUCCESS","ms":0,"params":{}}
{"ts":"2026-08-08T17:24:06.736Z","tool":"get_editor_state","type":"resource","status":"SUCCESS","ms":0,"params":{}}
{"ts":"2026-08-08T17:24:06.737Z","tool":"get_project_info","type":"resource","status":"SUCCESS","ms":0,"params":{}}
{"ts":"2026-08-08T17:24:06.990Z","tool":"get_editor_state","type":"resource","status":"SUCCESS","ms":0,"params":{}}
{"ts":"2026-08-08T17:24:06.991Z","tool":"get_project_info","type":"resource","status":"SUCCESS","ms":0,"params":{}}
{"ts":"2026-08-08T17:24:07.244Z","tool":"get_editor_state","type":"resource","status":"SUCCESS","ms":0,"params":{}}
{"ts":"2026-08-08T17:24:07.245Z","tool":"get_project_info","type":"resource","status":"SUCCESS","ms":0,"params":{}}
{"ts":"2026-08-08T17:24:07.499Z","tool":"get_editor_state","type":"resource","status":"SUCCESS","ms":0,"params":{}}
{"ts":"2026-08-08T17:24:07.500Z","tool":"get_project_info","type":"resource","status":"SUCCESS","ms":0,"params":{}}
{"ts":"2026-08-08T17:24:07.806Z","tool":"get_editor_state","type":"resource","status":"SUCCESS","ms":0,"params":{}}
{"ts":"2026-08-08T17:24:07.807Z","tool":"get_project_info","type":"resource","status":"SUCCESS","ms":0,"params":{}}
{"ts":"2026-08-08T17:24:08.061Z","tool":"get_editor_state","type":"resource","status":"SUCCESS","ms":0,"params":{}}
{"ts":"2026-08-08T17:24:08.062Z","tool":"get_project_info","type":"resource","status":"SUCCESS","ms":0,"params":{}}
{"ts":"2026-08-08T17:24:08.315Z","tool":"get_editor_state","type":"resource","status":"SUCCESS","ms":0,"params":{}}
{"ts":"2026-08-08T17:24:08.316Z","tool":"get_project_info","type":"resource","status":"SUCCESS","ms":0,"params":{}}
{"ts":"2026-08-08T17:24:08.570Z","tool":"get_editor_state","type":"resource","status":"SUCCESS","ms":0,"params":{}}
{"ts":"2026-08-08T17:24:08.570Z","tool":"get_project_info","type":"resource","status":"SUCCESS","ms":0,"params":{}}
{"ts":"2026-08-08T17:24:08.823Z","tool":"get_editor_state","type":"resource","status":"SUCCESS","ms":0,"params":{}}
{"ts":"2026-08-08T17:24:08.823Z","tool":"get_project_info","type":"resource","status":"SUCCESS","ms":0,"params":{}}
{"ts":"2026-08-08T17:24:09.077Z","tool":"get_editor_state","type":"resource","status":"SUCCESS","ms":0,"params":{}}
{"ts":"2026-08-08T17:24:09.078Z","tool":"get_project_info","type":"resource","status":"SUCCESS","ms":0,"params":{}}
{"ts":"2026-08-08T17:24:09.381Z","tool":"get_editor_state","type":"resource","status":"SUCCESS","ms":0,"params":{}}
{"ts":"2026-08-08T17:24:09.382Z","tool":"get_project_info","type":"resource","status":"SUCCESS","ms":0,"params":{}}
{"ts":"2026-08-08T17:24:09.635Z","tool":"get_editor_state","type":"resource","status":"SUCCESS","ms":0,"params":{}}
{"ts":"2026-08-08T17:24:09.636Z","tool":"get_project_info","type":"resource","status":"SUCCESS","ms":0,"params":{}}
{"ts":"2026-08-08T17:24:09.889Z","tool":"get_editor_state","type":"resource","status":"SUCCESS","ms":0,"params":{}}
{"ts":"2026-08-08T17:24:09.890Z","tool":"get_project_info","type":"resource","status":"SUCCESS","ms":0,"params":{}}
{"ts":"2026-08-08T17:24:10.144Z","tool":"get_editor_state","type":"resource","status":"SUCCESS","ms":0,"params":{}}
{"ts":"2026-08-08T17:24:10.145Z","tool":"get_project_info","type":"resource","status":"SUCCESS","ms":0,"params":{}}
{"ts":"2026-08-08T17:24:10.397Z","tool":"get_editor_state","type":"resource","status":"SUCCESS","ms":0,"params":{}}
{"ts":"2026-08-08T17:24:10.398Z","tool":"get_project_info","type":"resource","status":"SUCCESS","ms":0,"params":{}}
{"ts":"2026-08-08T17:24:10.650Z","tool":"get_editor_state","type":"resource","status":"SUCCESS","ms":0,"params":{}}
{"ts":"2026-08-08T17:24:10.651Z","tool":"get_project_info","type":"resource","status":"SUCCESS","ms":0,"params":{}}
{"ts":"2026-08-08T17:24:10.957Z","tool":"get_editor_state","type":"resource","status":"SUCCESS","ms":0,"params":{}}
{"ts":"2026-08-08T17:24:10.958Z","tool":"get_project_info","type":"resource","status":"SUCCESS","ms":0,"params":{}}
{"ts":"2026-08-08T17:24:11.210Z","tool":"get_editor_state","type":"resource","status":"SUCCESS","ms":0,"params":{}}
{"ts":"2026-08-08T17:24:11.211Z","tool":"get_project_info","type":"resource","status":"SUCCESS","ms":0,"params":{}}
{"ts":"2026-08-08T17:24:11.463Z","tool":"get_editor_state","type":"resource","status":"SUCCESS","ms":0,"params":{}}
{"ts":"2026-08-08T17:24:11.464Z","tool":"get_project_info","type":"resource","status":"SUCCESS","ms":0,"params":{}}
{"ts":"2026-08-08T17:24:11.717Z","tool":"get_editor_state","type":"resource","status":"SUCCESS","ms":0,"params":{}}
{"ts":"2026-08-08T17:24:11.718Z","tool":"get_project_info","type":"resource","status":"SUCCESS","ms":0,"params":{}}
{"ts":"2026-08-08T17:24:11.971Z","tool":"get_editor_state","type":"resource","status":"SUCCESS","ms":0,"params":{}}
{"ts":"2026-08-08T17:24:11.972Z","tool":"get_project_info","type":"resource","status":"SUCCESS","ms":0,"params":{}}
{"ts":"2026-08-08T17:24:12.224Z","tool":"get_editor_state","type":"resource","status":"SUCCESS","ms":0,"params":{}}
{"ts":"2026-08-08T17:24:12.225Z","tool":"get_project_info","type":"resource","status":"SUCCESS","ms":0,"params":{}}
{"ts":"2026-08-08T17:24:12.533Z","tool":"get_editor_state","type":"resource","status":"SUCCESS","ms":0,"params":{}}
{"ts":"2026-08-08T17:24:12.534Z","tool":"get_project_info","type":"resource","status":"SUCCESS","ms":0,"params":{}}
{"ts":"2026-08-08T17:24:12.786Z","tool":"get_editor_state","type":"resource","status":"SUCCESS","ms":0,"params":{}}
{"ts":"2026-08-08T17:24:12.787Z","tool":"get_project_info","type":"resource","status":"SUCCESS","ms":0,"params":{}}
{"ts":"2026-08-08T17:24:13.040Z","tool":"get_editor_state","type":"resource","status":"SUCCESS","ms":0,"params":{}}
{"ts":"2026-08-08T17:24:13.040Z","tool":"get_project_info","type":"resource","status":"SUCCESS","ms":0,"params":{}}
{"ts":"2026-08-08T17:24:13.294Z","tool":"get_editor_state","type":"resource","status":"SUCCESS","ms":0,"params":{}}
{"ts":"2026-08-08T17:24:13.295Z","tool":"get_project_info","type":"resource","status":"SUCCESS","ms":0,"params":{}}
{"ts":"2026-08-08T17:24:13.548Z","tool":"get_editor_state","type":"resource","status":"SUCCESS","ms":0,"params":{}}
{"ts":"2026-08-08T17:24:13.549Z","tool":"get_project_info","type":"resource","status":"SUCCESS","ms":0,"params":{}}
{"ts":"2026-08-08T17:24:13.801Z","tool":"get_editor_state","type":"resource","status":"SUCCESS","ms":0,"params":{}}
{"ts":"2026-08-08T17:24:13.802Z","tool":"get_project_info","type":"resource","status":"SUCCESS","ms":0,"params":{}}
{"ts":"2026-08-08T17:24:16.835Z","tool":"read_console","type":"tool","status":"SUCCESS","ms":0,"action":"get","params":{"action":"get","types":["error"],"count":10,"format":"plain","includeStacktrace":false}}
{"ts":"2026-08-08T17:24:56.104Z","tool":"execute_code","type":"tool","status":"SUCCESS","ms":585,"action":"execute","params":{"action":"execute","code":"return new { ka = true };","safety_checks":true,"compiler":"auto"}}
{"ts":"2026-08-08T17:25:17.189Z","tool":"get_editor_state","type":"resource","status":"SUCCESS","ms":0,"params":{}}
{"ts":"2026-08-08T17:25:17.191Z","tool":"get_project_info","type":"resource","status":"SUCCESS","ms":0,"params":{}}
{"ts":"2026-08-08T17:25:17.518Z","tool":"get_editor_state","type":"resource","status":"SUCCESS","ms":0,"params":{}}
{"ts":"2026-08-08T17:25:17.519Z","tool":"get_project_info","type":"resource","status":"SUCCESS","ms":0,"params":{}}
{"ts":"2026-08-08T17:25:17.774Z","tool":"get_editor_state","type":"resource","status":"SUCCESS","ms":0,"params":{}}
{"ts":"2026-08-08T17:25:17.775Z","tool":"get_project_info","type":"resource","status":"SUCCESS","ms":0,"params":{}}
{"ts":"2026-08-08T17:25:18.030Z","tool":"get_editor_state","type":"resource","status":"SUCCESS","ms":0,"params":{}}
{"ts":"2026-08-08T17:25:18.033Z","tool":"get_project_info","type":"resource","status":"SUCCESS","ms":0,"params":{}}
{"ts":"2026-08-08T17:25:18.287Z","tool":"get_editor_state","type":"resource","status":"SUCCESS","ms":0,"params":{}}
{"ts":"2026-08-08T17:25:18.289Z","tool":"get_project_info","type":"resource","status":"SUCCESS","ms":0,"params":{}}
{"ts":"2026-08-08T17:25:18.543Z","tool":"get_editor_state","type":"resource","status":"SUCCESS","ms":0,"params":{}}
{"ts":"2026-08-08T17:25:18.544Z","tool":"get_project_info","type":"resource","status":"SUCCESS","ms":0,"params":{}}
{"ts":"2026-08-08T17:25:18.801Z","tool":"get_editor_state","type":"resource","status":"SUCCESS","ms":0,"params":{}}
{"ts":"2026-08-08T17:25:18.802Z","tool":"get_project_info","type":"resource","status":"SUCCESS","ms":0,"params":{}}
{"ts":"2026-08-08T17:25:19.128Z","tool":"get_editor_state","type":"resource","status":"SUCCESS","ms":0,"params":{}}
{"ts":"2026-08-08T17:25:19.129Z","tool":"get_project_info","type":"resource","status":"SUCCESS","ms":0,"params":{}}
{"ts":"2026-08-08T17:25:19.384Z","tool":"get_editor_state","type":"resource","status":"SUCCESS","ms":0,"params":{}}
{"ts":"2026-08-08T17:25:19.385Z","tool":"get_project_info","type":"resource","status":"SUCCESS","ms":0,"params":{}}
{"ts":"2026-08-08T17:25:19.640Z","tool":"get_editor_state","type":"resource","status":"SUCCESS","ms":0,"params":{}}
{"ts":"2026-08-08T17:25:19.642Z","tool":"get_project_info","type":"resource","status":"SUCCESS","ms":0,"params":{}}
{"ts":"2026-08-08T17:25:19.894Z","tool":"get_editor_state","type":"resource","status":"SUCCESS","ms":0,"params":{}}
{"ts":"2026-08-08T17:25:19.896Z","tool":"get_project_info","type":"resource","status":"SUCCESS","ms":0,"params":{}}
{"ts":"2026-08-08T17:25:20.151Z","tool":"get_editor_state","type":"resource","status":"SUCCESS","ms":0,"params":{}}
{"ts":"2026-08-08T17:25:20.152Z","tool":"get_project_info","type":"resource","status":"SUCCESS","ms":0,"params":{}}
{"ts":"2026-08-08T17:25:20.407Z","tool":"get_editor_state","type":"resource","status":"SUCCESS","ms":0,"params":{}}
{"ts":"2026-08-08T17:25:20.408Z","tool":"get_project_info","type":"resource","status":"SUCCESS","ms":0,"params":{}}
{"ts":"2026-08-08T17:25:20.729Z","tool":"get_editor_state","type":"resource","status":"SUCCESS","ms":0,"params":{}}
{"ts":"2026-08-08T17:25:20.730Z","tool":"get_project_info","type":"resource","status":"SUCCESS","ms":0,"params":{}}
{"ts":"2026-08-08T17:25:20.985Z","tool":"get_editor_state","type":"resource","status":"SUCCESS","ms":0,"params":{}}
{"ts":"2026-08-08T17:25:20.986Z","tool":"get_project_info","type":"resource","status":"SUCCESS","ms":0,"params":{}}
{"ts":"2026-08-08T17:25:21.240Z","tool":"get_editor_state","type":"resource","status":"SUCCESS","ms":0,"params":{}}
{"ts":"2026-08-08T17:25:21.241Z","tool":"get_project_info","type":"resource","status":"SUCCESS","ms":0,"params":{}}
{"ts":"2026-08-08T17:25:21.493Z","tool":"get_editor_state","type":"resource","status":"SUCCESS","ms":0,"params":{}}
{"ts":"2026-08-08T17:25:21.495Z","tool":"get_project_info","type":"resource","status":"SUCCESS","ms":0,"params":{}}
{"ts":"2026-08-08T17:25:21.749Z","tool":"get_editor_state","type":"resource","status":"SUCCESS","ms":0,"params":{}}
{"ts":"2026-08-08T17:25:21.750Z","tool":"get_project_info","type":"resource","status":"SUCCESS","ms":0,"params":{}}
{"ts":"2026-08-08T17:25:22.002Z","tool":"get_editor_state","type":"resource","status":"SUCCESS","ms":0,"params":{}}
{"ts":"2026-08-08T17:25:22.003Z","tool":"get_project_info","type":"resource","status":"SUCCESS","ms":0,"params":{}}
{"ts":"2026-08-08T17:25:22.329Z","tool":"get_editor_state","type":"resource","status":"SUCCESS","ms":0,"params":{}}
{"ts":"2026-08-08T17:25:22.330Z","tool":"get_project_info","type":"resource","status":"SUCCESS","ms":0,"params":{}}
{"ts":"2026-08-08T17:25:22.583Z","tool":"get_editor_state","type":"resource","status":"SUCCESS","ms":0,"params":{}}
{"ts":"2026-08-08T17:25:22.585Z","tool":"get_project_info","type":"resource","status":"SUCCESS","ms":0,"params":{}}
{"ts":"2026-08-08T17:25:22.839Z","tool":"get_editor_state","type":"resource","status":"SUCCESS","ms":0,"params":{}}
{"ts":"2026-08-08T17:25:22.840Z","tool":"get_project_info","type":"resource","status":"SUCCESS","ms":0,"params":{}}
{"ts":"2026-08-08T17:25:23.094Z","tool":"get_editor_state","type":"resource","status":"SUCCESS","ms":0,"params":{}}
{"ts":"2026-08-08T17:25:23.095Z","tool":"get_project_info","type":"resource","status":"SUCCESS","ms":0,"params":{}}
{"ts":"2026-08-08T17:25:23.351Z","tool":"get_editor_state","type":"resource","status":"SUCCESS","ms":0,"params":{}}
{"ts":"2026-08-08T17:25:23.353Z","tool":"get_project_info","type":"resource","status":"SUCCESS","ms":0,"params":{}}
{"ts":"2026-08-08T17:25:23.606Z","tool":"get_editor_state","type":"resource","status":"SUCCESS","ms":0,"params":{}}
{"ts":"2026-08-08T17:25:23.607Z","tool":"get_project_info","type":"resource","status":"SUCCESS","ms":0,"params":{}}
{"ts":"2026-08-08T17:25:23.925Z","tool":"get_editor_state","type":"resource","status":"SUCCESS","ms":0,"params":{}}
{"ts":"2026-08-08T17:25:23.926Z","tool":"get_project_info","type":"resource","status":"SUCCESS","ms":0,"params":{}}
{"ts":"2026-08-08T17:25:24.180Z","tool":"get_editor_state","type":"resource","status":"SUCCESS","ms":0,"params":{}}
{"ts":"2026-08-08T17:25:24.183Z","tool":"get_project_info","type":"resource","status":"SUCCESS","ms":0,"params":{}}
{"ts":"2026-08-08T17:25:24.437Z","tool":"get_editor_state","type":"resource","status":"SUCCESS","ms":0,"params":{}}
{"ts":"2026-08-08T17:25:24.439Z","tool":"get_project_info","type":"resource","status":"SUCCESS","ms":0,"params":{}}
{"ts":"2026-08-08T17:25:24.692Z","tool":"get_editor_state","type":"resource","status":"SUCCESS","ms":0,"params":{}}
{"ts":"2026-08-08T17:25:24.693Z","tool":"get_project_info","type":"resource","status":"SUCCESS","ms":0,"params":{}}
{"ts":"2026-08-08T17:25:24.947Z","tool":"get_editor_state","type":"resource","status":"SUCCESS","ms":0,"params":{}}
{"ts":"2026-08-08T17:25:24.948Z","tool":"get_project_info","type":"resource","status":"SUCCESS","ms":0,"params":{}}
{"ts":"2026-08-08T17:25:25.201Z","tool":"get_editor_state","type":"resource","status":"SUCCESS","ms":0,"params":{}}
{"ts":"2026-08-08T17:25:25.202Z","tool":"get_project_info","type":"resource","status":"SUCCESS","ms":0,"params":{}}
{"ts":"2026-08-08T17:25:25.527Z","tool":"get_editor_state","type":"resource","status":"SUCCESS","ms":0,"params":{}}
{"ts":"2026-08-08T17:25:25.529Z","tool":"get_project_info","type":"resource","status":"SUCCESS","ms":0,"params":{}}
{"ts":"2026-08-08T17:25:25.782Z","tool":"get_editor_state","type":"resource","status":"SUCCESS","ms":0,"params":{}}
{"ts":"2026-08-08T17:25:25.783Z","tool":"get_project_info","type":"resource","status":"SUCCESS","ms":0,"params":{}}
{"ts":"2026-08-08T17:25:26.037Z","tool":"get_editor_state","type":"resource","status":"SUCCESS","ms":0,"params":{}}
{"ts":"2026-08-08T17:25:26.039Z","tool":"get_project_info","type":"resource","status":"SUCCESS","ms":0,"params":{}}
{"ts":"2026-08-08T17:25:26.293Z","tool":"get_editor_state","type":"resource","status":"SUCCESS","ms":0,"params":{}}
{"ts":"2026-08-08T17:25:26.294Z","tool":"get_project_info","type":"resource","status":"SUCCESS","ms":0,"params":{}}
{"ts":"2026-08-08T17:25:26.548Z","tool":"get_editor_state","type":"resource","status":"SUCCESS","ms":0,"params":{}}
{"ts":"2026-08-08T17:25:26.550Z","tool":"get_project_info","type":"resource","status":"SUCCESS","ms":0,"params":{}}
{"ts":"2026-08-08T17:25:26.804Z","tool":"get_editor_state","type":"resource","status":"SUCCESS","ms":0,"params":{}}
{"ts":"2026-08-08T17:25:26.805Z","tool":"get_project_info","type":"resource","status":"SUCCESS","ms":0,"params":{}}
{"ts":"2026-08-08T17:25:27.127Z","tool":"get_editor_state","type":"resource","status":"SUCCESS","ms":0,"params":{}}
{"ts":"2026-08-08T17:25:27.128Z","tool":"get_project_info","type":"resource","status":"SUCCESS","ms":0,"params":{}}
{"ts":"2026-08-08T17:25:27.382Z","tool":"get_editor_state","type":"resource","status":"SUCCESS","ms":0,"params":{}}
{"ts":"2026-08-08T17:25:27.383Z","tool":"get_project_info","type":"resource","status":"SUCCESS","ms":0,"params":{}}
{"ts":"2026-08-08T17:25:27.636Z","tool":"get_editor_state","type":"resource","status":"SUCCESS","ms":0,"params":{}}
{"ts":"2026-08-08T17:25:27.637Z","tool":"get_project_info","type":"resource","status":"SUCCESS","ms":0,"params":{}}
{"ts":"2026-08-08T17:25:27.892Z","tool":"get_editor_state","type":"resource","status":"SUCCESS","ms":0,"params":{}}
{"ts":"2026-08-08T17:25:27.894Z","tool":"get_project_info","type":"resource","status":"SUCCESS","ms":0,"params":{}}
{"ts":"2026-08-08T17:25:28.147Z","tool":"get_editor_state","type":"resource","status":"SUCCESS","ms":0,"params":{}}
{"ts":"2026-08-08T17:25:28.148Z","tool":"get_project_info","type":"resource","status":"SUCCESS","ms":0,"params":{}}
{"ts":"2026-08-08T17:25:28.401Z","tool":"get_editor_state","type":"resource","status":"SUCCESS","ms":0,"params":{}}
{"ts":"2026-08-08T17:25:28.402Z","tool":"get_project_info","type":"resource","status":"SUCCESS","ms":0,"params":{}}
{"ts":"2026-08-08T17:25:28.724Z","tool":"get_editor_state","type":"resource","status":"SUCCESS","ms":0,"params":{}}
{"ts":"2026-08-08T17:25:28.725Z","tool":"get_project_info","type":"resource","status":"SUCCESS","ms":0,"params":{}}
{"ts":"2026-08-08T17:25:28.979Z","tool":"get_editor_state","type":"resource","status":"SUCCESS","ms":0,"params":{}}
{"ts":"2026-08-08T17:25:28.981Z","tool":"get_project_info","type":"resource","status":"SUCCESS","ms":0,"params":{}}
{"ts":"2026-08-08T17:25:29.235Z","tool":"get_editor_state","type":"resource","status":"SUCCESS","ms":0,"params":{}}
{"ts":"2026-08-08T17:25:29.236Z","tool":"get_project_info","type":"resource","status":"SUCCESS","ms":0,"params":{}}
{"ts":"2026-08-08T17:25:29.491Z","tool":"get_editor_state","type":"resource","status":"SUCCESS","ms":0,"params":{}}
{"ts":"2026-08-08T17:25:29.492Z","tool":"get_project_info","type":"resource","status":"SUCCESS","ms":0,"params":{}}
{"ts":"2026-08-08T17:25:29.745Z","tool":"get_editor_state","type":"resource","status":"SUCCESS","ms":0,"params":{}}
{"ts":"2026-08-08T17:25:29.747Z","tool":"get_project_info","type":"resource","status":"SUCCESS","ms":0,"params":{}}
{"ts":"2026-08-08T17:25:30.001Z","tool":"get_editor_state","type":"resource","status":"SUCCESS","ms":0,"params":{}}
{"ts":"2026-08-08T17:25:30.002Z","tool":"get_project_info","type":"resource","status":"SUCCESS","ms":0,"params":{}}
{"ts":"2026-08-08T17:25:30.325Z","tool":"get_editor_state","type":"resource","status":"SUCCESS","ms":0,"params":{}}
{"ts":"2026-08-08T17:25:30.327Z","tool":"get_project_info","type":"resource","status":"SUCCESS","ms":0,"params":{}}
{"ts":"2026-08-08T17:25:30.581Z","tool":"get_editor_state","type":"resource","status":"SUCCESS","ms":0,"params":{}}
{"ts":"2026-08-08T17:25:30.583Z","tool":"get_project_info","type":"resource","status":"SUCCESS","ms":0,"params":{}}
{"ts":"2026-08-08T17:25:30.856Z","tool":"get_editor_state","type":"resource","status":"SUCCESS","ms":0,"params":{}}
{"ts":"2026-08-08T17:25:30.857Z","tool":"get_project_info","type":"resource","status":"SUCCESS","ms":0,"params":{}}
{"ts":"2026-08-08T17:25:31.110Z","tool":"get_editor_state","type":"resource","status":"SUCCESS","ms":0,"params":{}}
{"ts":"2026-08-08T17:25:31.113Z","tool":"get_project_info","type":"resource","status":"SUCCESS","ms":0,"params":{}}
{"ts":"2026-08-08T17:25:31.368Z","tool":"get_editor_state","type":"resource","status":"SUCCESS","ms":0,"params":{}}
{"ts":"2026-08-08T17:25:31.370Z","tool":"get_project_info","type":"resource","status":"SUCCESS","ms":0,"params":{}}
{"ts":"2026-08-08T17:25:31.624Z","tool":"get_editor_state","type":"resource","status":"SUCCESS","ms":0,"params":{}}
{"ts":"2026-08-08T17:25:31.625Z","tool":"get_project_info","type":"resource","status":"SUCCESS","ms":0,"params":{}}
{"ts":"2026-08-08T17:25:31.955Z","tool":"get_editor_state","type":"resource","status":"SUCCESS","ms":0,"params":{}}
{"ts":"2026-08-08T17:25:31.956Z","tool":"get_project_info","type":"resource","status":"SUCCESS","ms":0,"params":{}}
{"ts":"2026-08-08T17:25:32.209Z","tool":"get_editor_state","type":"resource","status":"SUCCESS","ms":0,"params":{}}
{"ts":"2026-08-08T17:25:32.211Z","tool":"get_project_info","type":"resource","status":"SUCCESS","ms":0,"params":{}}
{"ts":"2026-08-08T17:25:32.465Z","tool":"get_editor_state","type":"resource","status":"SUCCESS","ms":0,"params":{}}
{"ts":"2026-08-08T17:25:32.466Z","tool":"get_project_info","type":"resource","status":"SUCCESS","ms":0,"params":{}}
{"ts":"2026-08-08T17:25:32.719Z","tool":"get_editor_state","type":"resource","status":"SUCCESS","ms":0,"params":{}}
{"ts":"2026-08-08T17:25:32.722Z","tool":"get_project_info","type":"resource","status":"SUCCESS","ms":0,"params":{}}
{"ts":"2026-08-08T17:25:32.974Z","tool":"get_editor_state","type":"resource","status":"SUCCESS","ms":0,"params":{}}
{"ts":"2026-08-08T17:25:32.975Z","tool":"get_project_info","type":"resource","status":"SUCCESS","ms":0,"params":{}}
{"ts":"2026-08-08T17:25:33.228Z","tool":"get_editor_state","type":"resource","status":"SUCCESS","ms":0,"params":{}}
{"ts":"2026-08-08T17:25:33.230Z","tool":"get_project_info","type":"resource","status":"SUCCESS","ms":0,"params":{}}
{"ts":"2026-08-08T17:25:33.555Z","tool":"get_editor_state","type":"resource","status":"SUCCESS","ms":0,"params":{}}
{"ts":"2026-08-08T17:25:33.556Z","tool":"get_project_info","type":"resource","status":"SUCCESS","ms":0,"params":{}}
{"ts":"2026-08-08T17:25:33.810Z","tool":"get_editor_state","type":"resource","status":"SUCCESS","ms":0,"params":{}}
{"ts":"2026-08-08T17:25:33.811Z","tool":"get_project_info","type":"resource","status":"SUCCESS","ms":0,"params":{}}
{"ts":"2026-08-08T17:25:34.065Z","tool":"get_editor_state","type":"resource","status":"SUCCESS","ms":0,"params":{}}
{"ts":"2026-08-08T17:25:34.067Z","tool":"get_project_info","type":"resource","status":"SUCCESS","ms":0,"params":{}}
{"ts":"2026-08-08T17:25:34.321Z","tool":"get_editor_state","type":"resource","status":"SUCCESS","ms":0,"params":{}}
{"ts":"2026-08-08T17:25:34.323Z","tool":"get_project_info","type":"resource","status":"SUCCESS","ms":0,"params":{}}
{"ts":"2026-08-08T17:25:34.578Z","tool":"get_editor_state","type":"resource","status":"SUCCESS","ms":0,"params":{}}
{"ts":"2026-08-08T17:25:34.580Z","tool":"get_project_info","type":"resource","status":"SUCCESS","ms":0,"params":{}}
{"ts":"2026-08-08T17:25:34.833Z","tool":"get_editor_state","type":"resource","status":"SUCCESS","ms":0,"params":{}}
{"ts":"2026-08-08T17:25:34.834Z","tool":"get_project_info","type":"resource","status":"SUCCESS","ms":0,"params":{}}
{"ts":"2026-08-08T17:25:35.160Z","tool":"get_editor_state","type":"resource","status":"SUCCESS","ms":0,"params":{}}
{"ts":"2026-08-08T17:25:35.161Z","tool":"get_project_info","type":"resource","status":"SUCCESS","ms":0,"params":{}}
{"ts":"2026-08-08T17:25:35.414Z","tool":"get_editor_state","type":"resource","status":"SUCCESS","ms":0,"params":{}}
{"ts":"2026-08-08T17:25:35.415Z","tool":"get_project_info","type":"resource","status":"SUCCESS","ms":0,"params":{}}
{"ts":"2026-08-08T17:25:35.669Z","tool":"get_editor_state","type":"resource","status":"SUCCESS","ms":0,"params":{}}
{"ts":"2026-08-08T17:25:35.670Z","tool":"get_project_info","type":"resource","status":"SUCCESS","ms":0,"params":{}}
{"ts":"2026-08-08T17:25:35.925Z","tool":"get_editor_state","type":"resource","status":"SUCCESS","ms":0,"params":{}}
{"ts":"2026-08-08T17:25:35.926Z","tool":"get_project_info","type":"resource","status":"SUCCESS","ms":0,"params":{}}
{"ts":"2026-08-08T17:25:36.180Z","tool":"get_editor_state","type":"resource","status":"SUCCESS","ms":0,"params":{}}
{"ts":"2026-08-08T17:25:36.182Z","tool":"get_project_info","type":"resource","status":"SUCCESS","ms":0,"params":{}}
{"ts":"2026-08-08T17:25:36.434Z","tool":"get_editor_state","type":"resource","status":"SUCCESS","ms":0,"params":{}}
{"ts":"2026-08-08T17:25:36.435Z","tool":"get_project_info","type":"resource","status":"SUCCESS","ms":0,"params":{}}
{"ts":"2026-08-08T17:25:36.762Z","tool":"get_editor_state","type":"resource","status":"SUCCESS","ms":0,"params":{}}
{"ts":"2026-08-08T17:25:36.764Z","tool":"get_project_info","type":"resource","status":"SUCCESS","ms":0,"params":{}}
{"ts":"2026-08-08T17:25:37.018Z","tool":"get_editor_state","type":"resource","status":"SUCCESS","ms":0,"params":{}}
{"ts":"2026-08-08T17:25:37.019Z","tool":"get_project_info","type":"resource","status":"SUCCESS","ms":0,"params":{}}
{"ts":"2026-08-08T17:25:37.272Z","tool":"get_editor_state","type":"resource","status":"SUCCESS","ms":0,"params":{}}
{"ts":"2026-08-08T17:25:37.274Z","tool":"get_project_info","type":"resource","status":"SUCCESS","ms":0,"params":{}}
{"ts":"2026-08-08T17:25:37.528Z","tool":"get_editor_state","type":"resource","status":"SUCCESS","ms":0,"params":{}}
{"ts":"2026-08-08T17:25:37.529Z","tool":"get_project_info","type":"resource","status":"SUCCESS","ms":0,"params":{}}
{"ts":"2026-08-08T17:25:37.784Z","tool":"get_editor_state","type":"resource","status":"SUCCESS","ms":0,"params":{}}
{"ts":"2026-08-08T17:25:37.786Z","tool":"get_project_info","type":"resource","status":"SUCCESS","ms":0,"params":{}}
{"ts":"2026-08-08T17:25:38.041Z","tool":"get_editor_state","type":"resource","status":"SUCCESS","ms":0,"params":{}}
{"ts":"2026-08-08T17:25:38.043Z","tool":"get_project_info","type":"resource","status":"SUCCESS","ms":0,"params":{}}
{"ts":"2026-08-08T17:25:38.361Z","tool":"get_editor_state","type":"resource","status":"SUCCESS","ms":0,"params":{}}
{"ts":"2026-08-08T17:25:38.362Z","tool":"get_project_info","type":"resource","status":"SUCCESS","ms":0,"params":{}}
{"ts":"2026-08-08T17:25:38.617Z","tool":"get_editor_state","type":"resource","status":"SUCCESS","ms":0,"params":{}}
{"ts":"2026-08-08T17:25:38.619Z","tool":"get_project_info","type":"resource","status":"SUCCESS","ms":0,"params":{}}
{"ts":"2026-08-08T17:25:38.875Z","tool":"get_editor_state","type":"resource","status":"SUCCESS","ms":0,"params":{}}
{"ts":"2026-08-08T17:25:38.877Z","tool":"get_project_info","type":"resource","status":"SUCCESS","ms":0,"params":{}}
{"ts":"2026-08-08T17:25:39.130Z","tool":"get_editor_state","type":"resource","status":"SUCCESS","ms":0,"params":{}}
{"ts":"2026-08-08T17:25:39.131Z","tool":"get_project_info","type":"resource","status":"SUCCESS","ms":0,"params":{}}
{"ts":"2026-08-08T17:25:39.386Z","tool":"get_editor_state","type":"resource","status":"SUCCESS","ms":0,"params":{}}
{"ts":"2026-08-08T17:25:39.387Z","tool":"get_project_info","type":"resource","status":"SUCCESS","ms":0,"params":{}}
{"ts":"2026-08-08T17:25:39.641Z","tool":"get_editor_state","type":"resource","status":"SUCCESS","ms":0,"params":{}}
{"ts":"2026-08-08T17:25:39.642Z","tool":"get_project_info","type":"resource","status":"SUCCESS","ms":0,"params":{}}
{"ts":"2026-08-08T17:25:39.972Z","tool":"get_editor_state","type":"resource","status":"SUCCESS","ms":0,"params":{}}
{"ts":"2026-08-08T17:25:39.973Z","tool":"get_project_info","type":"resource","status":"SUCCESS","ms":0,"params":{}}
{"ts":"2026-08-08T17:25:40.227Z","tool":"get_editor_state","type":"resource","status":"SUCCESS","ms":0,"params":{}}
{"ts":"2026-08-08T17:25:40.229Z","tool":"get_project_info","type":"resource","status":"SUCCESS","ms":0,"params":{}}
{"ts":"2026-08-08T17:25:40.482Z","tool":"get_editor_state","type":"resource","status":"SUCCESS","ms":0,"params":{}}
{"ts":"2026-08-08T17:25:40.484Z","tool":"get_project_info","type":"resource","status":"SUCCESS","ms":0,"params":{}}
{"ts":"2026-08-08T17:25:40.737Z","tool":"get_editor_state","type":"resource","status":"SUCCESS","ms":0,"params":{}}
{"ts":"2026-08-08T17:25:40.739Z","tool":"get_project_info","type":"resource","status":"SUCCESS","ms":0,"params":{}}
{"ts":"2026-08-08T17:25:40.993Z","tool":"get_editor_state","type":"resource","status":"SUCCESS","ms":0,"params":{}}
{"ts":"2026-08-08T17:25:40.994Z","tool":"get_project_info","type":"resource","status":"SUCCESS","ms":0,"params":{}}
{"ts":"2026-08-08T17:25:41.249Z","tool":"get_editor_state","type":"resource","status":"SUCCESS","ms":0,"params":{}}
{"ts":"2026-08-08T17:25:41.250Z","tool":"get_project_info","type":"resource","status":"SUCCESS","ms":0,"params":{}}
{"ts":"2026-08-08T17:25:41.580Z","tool":"get_editor_state","type":"resource","status":"SUCCESS","ms":0,"params":{}}
{"ts":"2026-08-08T17:25:41.581Z","tool":"get_project_info","type":"resource","status":"SUCCESS","ms":0,"params":{}}
{"ts":"2026-08-08T17:25:41.835Z","tool":"get_editor_state","type":"resource","status":"SUCCESS","ms":0,"params":{}}
{"ts":"2026-08-08T17:25:41.837Z","tool":"get_project_info","type":"resource","status":"SUCCESS","ms":0,"params":{}}
{"ts":"2026-08-08T17:25:42.092Z","tool":"get_editor_state","type":"resource","status":"SUCCESS","ms":0,"params":{}}
{"ts":"2026-08-08T17:25:42.094Z","tool":"get_project_info","type":"resource","status":"SUCCESS","ms":0,"params":{}}
{"ts":"2026-08-08T17:25:42.347Z","tool":"get_editor_state","type":"resource","status":"SUCCESS","ms":0,"params":{}}
{"ts":"2026-08-08T17:25:42.349Z","tool":"get_project_info","type":"resource","status":"SUCCESS","ms":0,"params":{}}
{"ts":"2026-08-08T17:25:42.603Z","tool":"get_editor_state","type":"resource","status":"SUCCESS","ms":0,"params":{}}
{"ts":"2026-08-08T17:25:42.605Z","tool":"get_project_info","type":"resource","status":"SUCCESS","ms":0,"params":{}}
{"ts":"2026-08-08T17:25:42.858Z","tool":"get_editor_state","type":"resource","status":"SUCCESS","ms":0,"params":{}}
{"ts":"2026-08-08T17:25:42.859Z","tool":"get_project_info","type":"resource","status":"SUCCESS","ms":0,"params":{}}
{"ts":"2026-08-08T17:25:43.194Z","tool":"get_editor_state","type":"resource","status":"SUCCESS","ms":0,"params":{}}
{"ts":"2026-08-08T17:25:43.196Z","tool":"get_project_info","type":"resource","status":"SUCCESS","ms":0,"params":{}}
{"ts":"2026-08-08T17:25:43.449Z","tool":"get_editor_state","type":"resource","status":"SUCCESS","ms":0,"params":{}}
{"ts":"2026-08-08T17:25:43.450Z","tool":"get_project_info","type":"resource","status":"SUCCESS","ms":0,"params":{}}
{"ts":"2026-08-08T17:25:43.704Z","tool":"get_editor_state","type":"resource","status":"SUCCESS","ms":0,"params":{}}
{"ts":"2026-08-08T17:25:43.706Z","tool":"get_project_info","type":"resource","status":"SUCCESS","ms":0,"params":{}}
{"ts":"2026-08-08T17:25:43.960Z","tool":"get_editor_state","type":"resource","status":"SUCCESS","ms":0,"params":{}}
{"ts":"2026-08-08T17:25:43.961Z","tool":"get_project_info","type":"resource","status":"SUCCESS","ms":0,"params":{}}
{"ts":"2026-08-08T17:25:44.216Z","tool":"get_editor_state","type":"resource","status":"SUCCESS","ms":0,"params":{}}
{"ts":"2026-08-08T17:25:44.217Z","tool":"get_project_info","type":"resource","status":"SUCCESS","ms":0,"params":{}}
{"ts":"2026-08-08T17:25:44.471Z","tool":"get_editor_state","type":"resource","status":"SUCCESS","ms":0,"params":{}}
{"ts":"2026-08-08T17:25:44.473Z","tool":"get_project_info","type":"resource","status":"SUCCESS","ms":0,"params":{}}
{"ts":"2026-08-08T17:25:44.799Z","tool":"get_editor_state","type":"resource","status":"SUCCESS","ms":0,"params":{}}
{"ts":"2026-08-08T17:25:44.800Z","tool":"get_project_info","type":"resource","status":"SUCCESS","ms":0,"params":{}}
{"ts":"2026-08-08T17:25:45.053Z","tool":"get_editor_state","type":"resource","status":"SUCCESS","ms":0,"params":{}}
{"ts":"2026-08-08T17:25:45.054Z","tool":"get_project_info","type":"resource","status":"SUCCESS","ms":0,"params":{}}
{"ts":"2026-08-08T17:25:45.307Z","tool":"get_editor_state","type":"resource","status":"SUCCESS","ms":0,"params":{}}
{"ts":"2026-08-08T17:25:45.309Z","tool":"get_project_info","type":"resource","status":"SUCCESS","ms":0,"params":{}}
{"ts":"2026-08-08T17:25:45.562Z","tool":"get_editor_state","type":"resource","status":"SUCCESS","ms":0,"params":{}}
{"ts":"2026-08-08T17:25:45.563Z","tool":"get_project_info","type":"resource","status":"SUCCESS","ms":0,"params":{}}
{"ts":"2026-08-08T17:25:45.817Z","tool":"get_editor_state","type":"resource","status":"SUCCESS","ms":0,"params":{}}
{"ts":"2026-08-08T17:25:45.819Z","tool":"get_project_info","type":"resource","status":"SUCCESS","ms":0,"params":{}}
{"ts":"2026-08-08T17:25:46.073Z","tool":"get_editor_state","type":"resource","status":"SUCCESS","ms":0,"params":{}}
{"ts":"2026-08-08T17:25:46.074Z","tool":"get_project_info","type":"resource","status":"SUCCESS","ms":0,"params":{}}
{"ts":"2026-08-08T17:25:46.396Z","tool":"get_editor_state","type":"resource","status":"SUCCESS","ms":0,"params":{}}
{"ts":"2026-08-08T17:25:46.398Z","tool":"get_project_info","type":"resource","status":"SUCCESS","ms":0,"params":{}}
{"ts":"2026-08-08T17:25:46.651Z","tool":"get_editor_state","type":"resource","status":"SUCCESS","ms":0,"params":{}}
{"ts":"2026-08-08T17:25:46.652Z","tool":"get_project_info","type":"resource","status":"SUCCESS","ms":0,"params":{}}
{"ts":"2026-08-08T17:25:46.904Z","tool":"get_editor_state","type":"resource","status":"SUCCESS","ms":0,"params":{}}
{"ts":"2026-08-08T17:25:46.905Z","tool":"get_project_info","type":"resource","status":"SUCCESS","ms":0,"params":{}}
{"ts":"2026-08-08T17:25:47.158Z","tool":"get_editor_state","type":"resource","status":"SUCCESS","ms":0,"params":{}}
{"ts":"2026-08-08T17:25:47.159Z","tool":"get_project_info","type":"resource","status":"SUCCESS","ms":0,"params":{}}
{"ts":"2026-08-08T17:25:47.413Z","tool":"get_editor_state","type":"resource","status":"SUCCESS","ms":0,"params":{}}
{"ts":"2026-08-08T17:25:47.415Z","tool":"get_project_info","type":"resource","status":"SUCCESS","ms":0,"params":{}}
{"ts":"2026-08-08T17:25:47.669Z","tool":"get_editor_state","type":"resource","status":"SUCCESS","ms":0,"params":{}}
{"ts":"2026-08-08T17:25:47.673Z","tool":"get_project_info","type":"resource","status":"SUCCESS","ms":0,"params":{}}
{"ts":"2026-08-08T17:25:48.045Z","tool":"get_editor_state","type":"resource","status":"SUCCESS","ms":0,"params":{}}
{"ts":"2026-08-08T17:25:48.046Z","tool":"get_project_info","type":"resource","status":"SUCCESS","ms":0,"params":{}}
{"ts":"2026-08-08T17:25:48.299Z","tool":"get_editor_state","type":"resource","status":"SUCCESS","ms":0,"params":{}}
{"ts":"2026-08-08T17:25:48.300Z","tool":"get_project_info","type":"resource","status":"SUCCESS","ms":0,"params":{}}
{"ts":"2026-08-08T17:25:48.554Z","tool":"get_editor_state","type":"resource","status":"SUCCESS","ms":0,"params":{}}
{"ts":"2026-08-08T17:25:48.555Z","tool":"get_project_info","type":"resource","status":"SUCCESS","ms":0,"params":{}}
{"ts":"2026-08-08T17:25:48.809Z","tool":"get_editor_state","type":"resource","status":"SUCCESS","ms":0,"params":{}}
{"ts":"2026-08-08T17:25:48.811Z","tool":"get_project_info","type":"resource","status":"SUCCESS","ms":0,"params":{}}
{"ts":"2026-08-08T17:25:49.065Z","tool":"get_editor_state","type":"resource","status":"SUCCESS","ms":0,"params":{}}
{"ts":"2026-08-08T17:25:49.066Z","tool":"get_project_info","type":"resource","status":"SUCCESS","ms":0,"params":{}}
{"ts":"2026-08-08T17:25:49.319Z","tool":"get_editor_state","type":"resource","status":"SUCCESS","ms":0,"params":{}}
{"ts":"2026-08-08T17:25:49.320Z","tool":"get_project_info","type":"resource","status":"SUCCESS","ms":0,"params":{}}
{"ts":"2026-08-08T17:25:49.641Z","tool":"get_editor_state","type":"resource","status":"SUCCESS","ms":0,"params":{}}
{"ts":"2026-08-08T17:25:49.642Z","tool":"get_project_info","type":"resource","status":"SUCCESS","ms":0,"params":{}}
{"ts":"2026-08-08T17:25:49.896Z","tool":"get_editor_state","type":"resource","status":"SUCCESS","ms":0,"params":{}}
{"ts":"2026-08-08T17:25:49.898Z","tool":"get_project_info","type":"resource","status":"SUCCESS","ms":0,"params":{}}
{"ts":"2026-08-08T17:25:50.152Z","tool":"get_editor_state","type":"resource","status":"SUCCESS","ms":0,"params":{}}
{"ts":"2026-08-08T17:25:50.154Z","tool":"get_project_info","type":"resource","status":"SUCCESS","ms":0,"params":{}}
{"ts":"2026-08-08T17:25:50.408Z","tool":"get_editor_state","type":"resource","status":"SUCCESS","ms":0,"params":{}}
{"ts":"2026-08-08T17:25:50.409Z","tool":"get_project_info","type":"resource","status":"SUCCESS","ms":0,"params":{}}
{"ts":"2026-08-08T17:25:50.663Z","tool":"get_editor_state","type":"resource","status":"SUCCESS","ms":0,"params":{}}
{"ts":"2026-08-08T17:25:50.664Z","tool":"get_project_info","type":"resource","status":"SUCCESS","ms":0,"params":{}}
{"ts":"2026-08-08T17:25:50.918Z","tool":"get_editor_state","type":"resource","status":"SUCCESS","ms":0,"params":{}}
{"ts":"2026-08-08T17:25:50.920Z","tool":"get_project_info","type":"resource","status":"SUCCESS","ms":0,"params":{}}
{"ts":"2026-08-08T17:25:51.240Z","tool":"get_editor_state","type":"resource","status":"SUCCESS","ms":0,"params":{}}
{"ts":"2026-08-08T17:25:51.241Z","tool":"get_project_info","type":"resource","status":"SUCCESS","ms":0,"params":{}}
{"ts":"2026-08-08T17:25:51.494Z","tool":"get_editor_state","type":"resource","status":"SUCCESS","ms":0,"params":{}}
{"ts":"2026-08-08T17:25:51.496Z","tool":"get_project_info","type":"resource","status":"SUCCESS","ms":0,"params":{}}
{"ts":"2026-08-08T17:25:51.750Z","tool":"get_editor_state","type":"resource","status":"SUCCESS","ms":0,"params":{}}
{"ts":"2026-08-08T17:25:51.751Z","tool":"get_project_info","type":"resource","status":"SUCCESS","ms":0,"params":{}}
{"ts":"2026-08-08T17:25:52.008Z","tool":"get_editor_state","type":"resource","status":"SUCCESS","ms":0,"params":{}}
{"ts":"2026-08-08T17:25:52.009Z","tool":"get_project_info","type":"resource","status":"SUCCESS","ms":0,"params":{}}
{"ts":"2026-08-08T17:25:52.263Z","tool":"get_editor_state","type":"resource","status":"SUCCESS","ms":0,"params":{}}
{"ts":"2026-08-08T17:25:52.264Z","tool":"get_project_info","type":"resource","status":"SUCCESS","ms":0,"params":{}}
{"ts":"2026-08-08T17:25:52.517Z","tool":"get_editor_state","type":"resource","status":"SUCCESS","ms":0,"params":{}}
{"ts":"2026-08-08T17:25:52.518Z","tool":"get_project_info","type":"resource","status":"SUCCESS","ms":0,"params":{}}
{"ts":"2026-08-08T17:25:52.839Z","tool":"get_editor_state","type":"resource","status":"SUCCESS","ms":0,"params":{}}
{"ts":"2026-08-08T17:25:52.840Z","tool":"get_project_info","type":"resource","status":"SUCCESS","ms":0,"params":{}}
{"ts":"2026-08-08T17:25:53.094Z","tool":"get_editor_state","type":"resource","status":"SUCCESS","ms":0,"params":{}}
{"ts":"2026-08-08T17:25:53.095Z","tool":"get_project_info","type":"resource","status":"SUCCESS","ms":0,"params":{}}
{"ts":"2026-08-08T17:25:53.350Z","tool":"get_editor_state","type":"resource","status":"SUCCESS","ms":0,"params":{}}
{"ts":"2026-08-08T17:25:53.351Z","tool":"get_project_info","type":"resource","status":"SUCCESS","ms":0,"params":{}}
{"ts":"2026-08-08T17:25:53.604Z","tool":"get_editor_state","type":"resource","status":"SUCCESS","ms":0,"params":{}}
{"ts":"2026-08-08T17:25:53.605Z","tool":"get_project_info","type":"resource","status":"SUCCESS","ms":0,"params":{}}
{"ts":"2026-08-08T17:25:53.860Z","tool":"get_editor_state","type":"resource","status":"SUCCESS","ms":0,"params":{}}
{"ts":"2026-08-08T17:25:53.861Z","tool":"get_project_info","type":"resource","status":"SUCCESS","ms":0,"params":{}}
{"ts":"2026-08-08T17:25:54.115Z","tool":"get_editor_state","type":"resource","status":"SUCCESS","ms":0,"params":{}}
{"ts":"2026-08-08T17:25:54.116Z","tool":"get_project_info","type":"resource","status":"SUCCESS","ms":0,"params":{}}
{"ts":"2026-08-08T17:25:54.441Z","tool":"get_editor_state","type":"resource","status":"SUCCESS","ms":0,"params":{}}
{"ts":"2026-08-08T17:25:54.442Z","tool":"get_project_info","type":"resource","status":"SUCCESS","ms":0,"params":{}}
{"ts":"2026-08-08T17:25:54.695Z","tool":"get_editor_state","type":"resource","status":"SUCCESS","ms":0,"params":{}}
{"ts":"2026-08-08T17:25:54.696Z","tool":"get_project_info","type":"resource","status":"SUCCESS","ms":0,"params":{}}
{"ts":"2026-08-08T17:25:54.950Z","tool":"get_editor_state","type":"resource","status":"SUCCESS","ms":0,"params":{}}
{"ts":"2026-08-08T17:25:54.951Z","tool":"get_project_info","type":"resource","status":"SUCCESS","ms":0,"params":{}}
{"ts":"2026-08-08T17:25:55.203Z","tool":"get_editor_state","type":"resource","status":"SUCCESS","ms":0,"params":{}}
{"ts":"2026-08-08T17:25:55.204Z","tool":"get_project_info","type":"resource","status":"SUCCESS","ms":0,"params":{}}
{"ts":"2026-08-08T17:25:55.458Z","tool":"get_editor_state","type":"resource","status":"SUCCESS","ms":0,"params":{}}
{"ts":"2026-08-08T17:25:55.459Z","tool":"get_project_info","type":"resource","status":"SUCCESS","ms":0,"params":{}}
{"ts":"2026-08-08T17:25:55.713Z","tool":"get_editor_state","type":"resource","status":"SUCCESS","ms":0,"params":{}}
{"ts":"2026-08-08T17:25:55.714Z","tool":"get_project_info","type":"resource","status":"SUCCESS","ms":0,"params":{}}
{"ts":"2026-08-08T17:25:56.035Z","tool":"get_editor_state","type":"resource","status":"SUCCESS","ms":0,"params":{}}
{"ts":"2026-08-08T17:25:56.036Z","tool":"get_project_info","type":"resource","status":"SUCCESS","ms":0,"params":{}}
{"ts":"2026-08-08T17:25:57.455Z","tool":"execute_code","type":"tool","status":"SUCCESS","ms":1288,"action":"execute","params":{"action":"execute","code":"return new { ka = true };","safety_checks":true,"compiler":"auto"}}
{"ts":"2026-08-08T17:25:57.461Z","tool":"get_editor_state","type":"resource","status":"SUCCESS","ms":0,"params":{}}
{"ts":"2026-08-08T17:25:57.466Z","tool":"get_project_info","type":"resource","status":"SUCCESS","ms":0,"params":{}}
{"ts":"2026-08-08T17:25:57.799Z","tool":"get_editor_state","type":"resource","status":"SUCCESS","ms":0,"params":{}}
{"ts":"2026-08-08T17:25:57.800Z","tool":"get_project_info","type":"resource","status":"SUCCESS","ms":0,"params":{}}
{"ts":"2026-08-08T17:25:58.054Z","tool":"get_editor_state","type":"resource","status":"SUCCESS","ms":0,"params":{}}
{"ts":"2026-08-08T17:25:58.055Z","tool":"get_project_info","type":"resource","status":"SUCCESS","ms":0,"params":{}}
{"ts":"2026-08-08T17:25:58.310Z","tool":"get_editor_state","type":"resource","status":"SUCCESS","ms":0,"params":{}}
{"ts":"2026-08-08T17:25:58.312Z","tool":"get_project_info","type":"resource","status":"SUCCESS","ms":0,"params":{}}
{"ts":"2026-08-08T17:25:58.564Z","tool":"get_editor_state","type":"resource","status":"SUCCESS","ms":0,"params":{}}
{"ts":"2026-08-08T17:25:58.566Z","tool":"get_project_info","type":"resource","status":"SUCCESS","ms":0,"params":{}}
{"ts":"2026-08-08T17:25:58.820Z","tool":"get_editor_state","type":"resource","status":"SUCCESS","ms":0,"params":{}}
{"ts":"2026-08-08T17:25:58.822Z","tool":"get_project_info","type":"resource","status":"SUCCESS","ms":0,"params":{}}
{"ts":"2026-08-08T17:25:59.075Z","tool":"get_editor_state","type":"resource","status":"SUCCESS","ms":0,"params":{}}
{"ts":"2026-08-08T17:25:59.077Z","tool":"get_project_info","type":"resource","status":"SUCCESS","ms":0,"params":{}}
{"ts":"2026-08-08T17:25:59.395Z","tool":"get_editor_state","type":"resource","status":"SUCCESS","ms":0,"params":{}}
{"ts":"2026-08-08T17:25:59.396Z","tool":"get_project_info","type":"resource","status":"SUCCESS","ms":0,"params":{}}
{"ts":"2026-08-08T17:25:59.651Z","tool":"get_editor_state","type":"resource","status":"SUCCESS","ms":0,"params":{}}
{"ts":"2026-08-08T17:25:59.652Z","tool":"get_project_info","type":"resource","status":"SUCCESS","ms":0,"params":{}}
{"ts":"2026-08-08T17:25:59.906Z","tool":"get_editor_state","type":"resource","status":"SUCCESS","ms":0,"params":{}}
{"ts":"2026-08-08T17:25:59.908Z","tool":"get_project_info","type":"resource","status":"SUCCESS","ms":0,"params":{}}
{"ts":"2026-08-08T17:26:00.161Z","tool":"get_editor_state","type":"resource","status":"SUCCESS","ms":0,"params":{}}
{"ts":"2026-08-08T17:26:00.162Z","tool":"get_project_info","type":"resource","status":"SUCCESS","ms":0,"params":{}}
{"ts":"2026-08-08T17:26:00.417Z","tool":"get_editor_state","type":"resource","status":"SUCCESS","ms":0,"params":{}}
{"ts":"2026-08-08T17:26:00.418Z","tool":"get_project_info","type":"resource","status":"SUCCESS","ms":0,"params":{}}
{"ts":"2026-08-08T17:26:00.671Z","tool":"get_editor_state","type":"resource","status":"SUCCESS","ms":0,"params":{}}
{"ts":"2026-08-08T17:26:00.673Z","tool":"get_project_info","type":"resource","status":"SUCCESS","ms":0,"params":{}}
{"ts":"2026-08-08T17:26:01.152Z","tool":"get_editor_state","type":"resource","status":"SUCCESS","ms":0,"params":{}}
{"ts":"2026-08-08T17:26:01.155Z","tool":"get_project_info","type":"resource","status":"SUCCESS","ms":0,"params":{}}
{"ts":"2026-08-08T17:26:01.410Z","tool":"get_editor_state","type":"resource","status":"SUCCESS","ms":0,"params":{}}
{"ts":"2026-08-08T17:26:01.411Z","tool":"get_project_info","type":"resource","status":"SUCCESS","ms":0,"params":{}}
{"ts":"2026-08-08T17:26:01.665Z","tool":"get_editor_state","type":"resource","status":"SUCCESS","ms":0,"params":{}}
{"ts":"2026-08-08T17:26:01.667Z","tool":"get_project_info","type":"resource","status":"SUCCESS","ms":0,"params":{}}
{"ts":"2026-08-08T17:26:01.921Z","tool":"get_editor_state","type":"resource","status":"SUCCESS","ms":0,"params":{}}
{"ts":"2026-08-08T17:26:01.922Z","tool":"get_project_info","type":"resource","status":"SUCCESS","ms":0,"params":{}}
{"ts":"2026-08-08T17:26:02.175Z","tool":"get_editor_state","type":"resource","status":"SUCCESS","ms":0,"params":{}}
{"ts":"2026-08-08T17:26:02.176Z","tool":"get_project_info","type":"resource","status":"SUCCESS","ms":0,"params":{}}
{"ts":"2026-08-08T17:26:02.497Z","tool":"get_editor_state","type":"resource","status":"SUCCESS","ms":0,"params":{}}
{"ts":"2026-08-08T17:26:02.498Z","tool":"get_project_info","type":"resource","status":"SUCCESS","ms":0,"params":{}}
{"ts":"2026-08-08T17:26:02.751Z","tool":"get_editor_state","type":"resource","status":"SUCCESS","ms":0,"params":{}}
{"ts":"2026-08-08T17:26:02.752Z","tool":"get_project_info","type":"resource","status":"SUCCESS","ms":0,"params":{}}
{"ts":"2026-08-08T17:26:03.006Z","tool":"get_editor_state","type":"resource","status":"SUCCESS","ms":0,"params":{}}
{"ts":"2026-08-08T17:26:03.008Z","tool":"get_project_info","type":"resource","status":"SUCCESS","ms":0,"params":{}}
{"ts":"2026-08-08T17:26:03.262Z","tool":"get_editor_state","type":"resource","status":"SUCCESS","ms":0,"params":{}}
{"ts":"2026-08-08T17:26:03.263Z","tool":"get_project_info","type":"resource","status":"SUCCESS","ms":0,"params":{}}
{"ts":"2026-08-08T17:26:03.518Z","tool":"get_editor_state","type":"resource","status":"SUCCESS","ms":0,"params":{}}
{"ts":"2026-08-08T17:26:03.519Z","tool":"get_project_info","type":"resource","status":"SUCCESS","ms":0,"params":{}}
{"ts":"2026-08-08T17:26:03.772Z","tool":"get_editor_state","type":"resource","status":"SUCCESS","ms":0,"params":{}}
{"ts":"2026-08-08T17:26:03.773Z","tool":"get_project_info","type":"resource","status":"SUCCESS","ms":0,"params":{}}
{"ts":"2026-08-08T17:26:04.095Z","tool":"get_editor_state","type":"resource","status":"SUCCESS","ms":0,"params":{}}
{"ts":"2026-08-08T17:26:04.097Z","tool":"get_project_info","type":"resource","status":"SUCCESS","ms":0,"params":{}}
{"ts":"2026-08-08T17:26:04.351Z","tool":"get_editor_state","type":"resource","status":"SUCCESS","ms":0,"params":{}}
{"ts":"2026-08-08T17:26:04.352Z","tool":"get_project_info","type":"resource","status":"SUCCESS","ms":0,"params":{}}
{"ts":"2026-08-08T17:26:04.607Z","tool":"get_editor_state","type":"resource","status":"SUCCESS","ms":0,"params":{}}
{"ts":"2026-08-08T17:26:04.608Z","tool":"get_project_info","type":"resource","status":"SUCCESS","ms":0,"params":{}}
{"ts":"2026-08-08T17:26:04.860Z","tool":"get_editor_state","type":"resource","status":"SUCCESS","ms":0,"params":{}}
{"ts":"2026-08-08T17:26:04.862Z","tool":"get_project_info","type":"resource","status":"SUCCESS","ms":0,"params":{}}
{"ts":"2026-08-08T17:26:05.114Z","tool":"get_editor_state","type":"resource","status":"SUCCESS","ms":0,"params":{}}
{"ts":"2026-08-08T17:26:05.116Z","tool":"get_project_info","type":"resource","status":"SUCCESS","ms":0,"params":{}}
{"ts":"2026-08-08T17:26:05.368Z","tool":"get_editor_state","type":"resource","status":"SUCCESS","ms":0,"params":{}}
{"ts":"2026-08-08T17:26:05.370Z","tool":"get_project_info","type":"resource","status":"SUCCESS","ms":0,"params":{}}
{"ts":"2026-08-08T17:26:05.695Z","tool":"get_editor_state","type":"resource","status":"SUCCESS","ms":0,"params":{}}
{"ts":"2026-08-08T17:26:05.696Z","tool":"get_project_info","type":"resource","status":"SUCCESS","ms":0,"params":{}}
{"ts":"2026-08-08T17:26:05.950Z","tool":"get_editor_state","type":"resource","status":"SUCCESS","ms":0,"params":{}}
{"ts":"2026-08-08T17:26:05.952Z","tool":"get_project_info","type":"resource","status":"SUCCESS","ms":0,"params":{}}
{"ts":"2026-08-08T17:26:06.205Z","tool":"get_editor_state","type":"resource","status":"SUCCESS","ms":0,"params":{}}
{"ts":"2026-08-08T17:26:06.207Z","tool":"get_project_info","type":"resource","status":"SUCCESS","ms":0,"params":{}}
{"ts":"2026-08-08T17:26:06.461Z","tool":"get_editor_state","type":"resource","status":"SUCCESS","ms":0,"params":{}}
{"ts":"2026-08-08T17:26:06.463Z","tool":"get_project_info","type":"resource","status":"SUCCESS","ms":0,"params":{}}
{"ts":"2026-08-08T17:26:06.716Z","tool":"get_editor_state","type":"resource","status":"SUCCESS","ms":0,"params":{}}
{"ts":"2026-08-08T17:26:06.717Z","tool":"get_project_info","type":"resource","status":"SUCCESS","ms":0,"params":{}}
{"ts":"2026-08-08T17:26:07.001Z","tool":"get_editor_state","type":"resource","status":"SUCCESS","ms":0,"params":{}}
{"ts":"2026-08-08T17:26:07.004Z","tool":"get_project_info","type":"resource","status":"SUCCESS","ms":0,"params":{}}
{"ts":"2026-08-08T17:26:07.331Z","tool":"get_editor_state","type":"resource","status":"SUCCESS","ms":0,"params":{}}
{"ts":"2026-08-08T17:26:07.333Z","tool":"get_project_info","type":"resource","status":"SUCCESS","ms":0,"params":{}}
{"ts":"2026-08-08T17:26:07.586Z","tool":"get_editor_state","type":"resource","status":"SUCCESS","ms":0,"params":{}}
{"ts":"2026-08-08T17:26:07.587Z","tool":"get_project_info","type":"resource","status":"SUCCESS","ms":0,"params":{}}
{"ts":"2026-08-08T17:26:07.841Z","tool":"get_editor_state","type":"resource","status":"SUCCESS","ms":0,"params":{}}
{"ts":"2026-08-08T17:26:07.843Z","tool":"get_project_info","type":"resource","status":"SUCCESS","ms":0,"params":{}}
{"ts":"2026-08-08T17:26:08.097Z","tool":"get_editor_state","type":"resource","status":"SUCCESS","ms":0,"params":{}}
{"ts":"2026-08-08T17:26:08.098Z","tool":"get_project_info","type":"resource","status":"SUCCESS","ms":0,"params":{}}
{"ts":"2026-08-08T17:26:08.351Z","tool":"get_editor_state","type":"resource","status":"SUCCESS","ms":0,"params":{}}
{"ts":"2026-08-08T17:26:08.353Z","tool":"get_project_info","type":"resource","status":"SUCCESS","ms":0,"params":{}}
{"ts":"2026-08-08T17:26:08.607Z","tool":"get_editor_state","type":"resource","status":"SUCCESS","ms":0,"params":{}}
{"ts":"2026-08-08T17:26:08.608Z","tool":"get_project_info","type":"resource","status":"SUCCESS","ms":0,"params":{}}
{"ts":"2026-08-08T17:26:08.926Z","tool":"get_editor_state","type":"resource","status":"SUCCESS","ms":0,"params":{}}
{"ts":"2026-08-08T17:26:08.927Z","tool":"get_project_info","type":"resource","status":"SUCCESS","ms":0,"params":{}}
{"ts":"2026-08-08T17:26:09.180Z","tool":"get_editor_state","type":"resource","status":"SUCCESS","ms":0,"params":{}}
{"ts":"2026-08-08T17:26:09.181Z","tool":"get_project_info","type":"resource","status":"SUCCESS","ms":0,"params":{}}
{"ts":"2026-08-08T17:26:09.435Z","tool":"get_editor_state","type":"resource","status":"SUCCESS","ms":0,"params":{}}
{"ts":"2026-08-08T17:26:09.436Z","tool":"get_project_info","type":"resource","status":"SUCCESS","ms":0,"params":{}}
{"ts":"2026-08-08T17:26:09.690Z","tool":"get_editor_state","type":"resource","status":"SUCCESS","ms":0,"params":{}}
{"ts":"2026-08-08T17:26:09.691Z","tool":"get_project_info","type":"resource","status":"SUCCESS","ms":0,"params":{}}
{"ts":"2026-08-08T17:26:09.946Z","tool":"get_editor_state","type":"resource","status":"SUCCESS","ms":0,"params":{}}
{"ts":"2026-08-08T17:26:09.947Z","tool":"get_project_info","type":"resource","status":"SUCCESS","ms":0,"params":{}}
{"ts":"2026-08-08T17:26:10.199Z","tool":"get_editor_state","type":"resource","status":"SUCCESS","ms":0,"params":{}}
{"ts":"2026-08-08T17:26:10.201Z","tool":"get_project_info","type":"resource","status":"SUCCESS","ms":0,"params":{}}
{"ts":"2026-08-08T17:26:10.524Z","tool":"get_editor_state","type":"resource","status":"SUCCESS","ms":0,"params":{}}
{"ts":"2026-08-08T17:26:10.525Z","tool":"get_project_info","type":"resource","status":"SUCCESS","ms":0,"params":{}}
{"ts":"2026-08-08T17:26:10.778Z","tool":"get_editor_state","type":"resource","status":"SUCCESS","ms":0,"params":{}}
{"ts":"2026-08-08T17:26:10.780Z","tool":"get_project_info","type":"resource","status":"SUCCESS","ms":0,"params":{}}
{"ts":"2026-08-08T17:26:11.034Z","tool":"get_editor_state","type":"resource","status":"SUCCESS","ms":0,"params":{}}
{"ts":"2026-08-08T17:26:11.035Z","tool":"get_project_info","type":"resource","status":"SUCCESS","ms":0,"params":{}}
{"ts":"2026-08-08T17:26:11.289Z","tool":"get_editor_state","type":"resource","status":"SUCCESS","ms":0,"params":{}}
{"ts":"2026-08-08T17:26:11.291Z","tool":"get_project_info","type":"resource","status":"SUCCESS","ms":0,"params":{}}
{"ts":"2026-08-08T17:26:11.545Z","tool":"get_editor_state","type":"resource","status":"SUCCESS","ms":0,"params":{}}
{"ts":"2026-08-08T17:26:11.547Z","tool":"get_project_info","type":"resource","status":"SUCCESS","ms":0,"params":{}}
{"ts":"2026-08-08T17:26:11.800Z","tool":"get_editor_state","type":"resource","status":"SUCCESS","ms":0,"params":{}}
{"ts":"2026-08-08T17:26:11.801Z","tool":"get_project_info","type":"resource","status":"SUCCESS","ms":0,"params":{}}
{"ts":"2026-08-08T17:26:12.119Z","tool":"get_editor_state","type":"resource","status":"SUCCESS","ms":0,"params":{}}
{"ts":"2026-08-08T17:26:12.120Z","tool":"get_project_info","type":"resource","status":"SUCCESS","ms":0,"params":{}}
{"ts":"2026-08-08T17:26:12.374Z","tool":"get_editor_state","type":"resource","status":"SUCCESS","ms":0,"params":{}}
{"ts":"2026-08-08T17:26:12.375Z","tool":"get_project_info","type":"resource","status":"SUCCESS","ms":0,"params":{}}
{"ts":"2026-08-08T17:26:12.630Z","tool":"get_editor_state","type":"resource","status":"SUCCESS","ms":0,"params":{}}
{"ts":"2026-08-08T17:26:12.631Z","tool":"get_project_info","type":"resource","status":"SUCCESS","ms":0,"params":{}}
{"ts":"2026-08-08T17:26:12.885Z","tool":"get_editor_state","type":"resource","status":"SUCCESS","ms":0,"params":{}}
{"ts":"2026-08-08T17:26:12.886Z","tool":"get_project_info","type":"resource","status":"SUCCESS","ms":0,"params":{}}
{"ts":"2026-08-08T17:26:13.140Z","tool":"get_editor_state","type":"resource","status":"SUCCESS","ms":0,"params":{}}
{"ts":"2026-08-08T17:26:13.142Z","tool":"get_project_info","type":"resource","status":"SUCCESS","ms":0,"params":{}}
{"ts":"2026-08-08T17:26:13.396Z","tool":"get_editor_state","type":"resource","status":"SUCCESS","ms":0,"params":{}}
{"ts":"2026-08-08T17:26:13.397Z","tool":"get_project_info","type":"resource","status":"SUCCESS","ms":0,"params":{}}
{"ts":"2026-08-08T17:26:13.721Z","tool":"get_editor_state","type":"resource","status":"SUCCESS","ms":0,"params":{}}
{"ts":"2026-08-08T17:26:13.722Z","tool":"get_project_info","type":"resource","status":"SUCCESS","ms":0,"params":{}}
{"ts":"2026-08-08T17:26:13.976Z","tool":"get_editor_state","type":"resource","status":"SUCCESS","ms":0,"params":{}}
{"ts":"2026-08-08T17:26:13.977Z","tool":"get_project_info","type":"resource","status":"SUCCESS","ms":0,"params":{}}
{"ts":"2026-08-08T17:26:14.232Z","tool":"get_editor_state","type":"resource","status":"SUCCESS","ms":0,"params":{}}
{"ts":"2026-08-08T17:26:14.233Z","tool":"get_project_info","type":"resource","status":"SUCCESS","ms":0,"params":{}}
{"ts":"2026-08-08T17:26:14.485Z","tool":"get_editor_state","type":"resource","status":"SUCCESS","ms":0,"params":{}}
{"ts":"2026-08-08T17:26:14.486Z","tool":"get_project_info","type":"resource","status":"SUCCESS","ms":0,"params":{}}
{"ts":"2026-08-08T17:26:14.741Z","tool":"get_editor_state","type":"resource","status":"SUCCESS","ms":0,"params":{}}
{"ts":"2026-08-08T17:26:14.742Z","tool":"get_project_info","type":"resource","status":"SUCCESS","ms":0,"params":{}}
{"ts":"2026-08-08T17:26:14.994Z","tool":"get_editor_state","type":"resource","status":"SUCCESS","ms":0,"params":{}}
{"ts":"2026-08-08T17:26:14.995Z","tool":"get_project_info","type":"resource","status":"SUCCESS","ms":0,"params":{}}
{"ts":"2026-08-08T17:26:15.319Z","tool":"get_editor_state","type":"resource","status":"SUCCESS","ms":0,"params":{}}
{"ts":"2026-08-08T17:26:15.320Z","tool":"get_project_info","type":"resource","status":"SUCCESS","ms":0,"params":{}}
{"ts":"2026-08-08T17:26:15.574Z","tool":"get_editor_state","type":"resource","status":"SUCCESS","ms":0,"params":{}}
{"ts":"2026-08-08T17:26:15.576Z","tool":"get_project_info","type":"resource","status":"SUCCESS","ms":0,"params":{}}
{"ts":"2026-08-08T17:26:15.830Z","tool":"get_editor_state","type":"resource","status":"SUCCESS","ms":0,"params":{}}
{"ts":"2026-08-08T17:26:15.832Z","tool":"get_project_info","type":"resource","status":"SUCCESS","ms":0,"params":{}}
{"ts":"2026-08-08T17:26:16.086Z","tool":"get_editor_state","type":"resource","status":"SUCCESS","ms":0,"params":{}}
{"ts":"2026-08-08T17:26:16.087Z","tool":"get_project_info","type":"resource","status":"SUCCESS","ms":0,"params":{}}
{"ts":"2026-08-08T17:26:16.341Z","tool":"get_editor_state","type":"resource","status":"SUCCESS","ms":0,"params":{}}
{"ts":"2026-08-08T17:26:16.342Z","tool":"get_project_info","type":"resource","status":"SUCCESS","ms":0,"params":{}}
{"ts":"2026-08-08T17:26:16.596Z","tool":"get_editor_state","type":"resource","status":"SUCCESS","ms":0,"params":{}}
{"ts":"2026-08-08T17:26:16.597Z","tool":"get_project_info","type":"resource","status":"SUCCESS","ms":0,"params":{}}
{"ts":"2026-08-08T17:26:16.919Z","tool":"get_editor_state","type":"resource","status":"SUCCESS","ms":0,"params":{}}
{"ts":"2026-08-08T17:26:16.920Z","tool":"get_project_info","type":"resource","status":"SUCCESS","ms":0,"params":{}}
{"ts":"2026-08-08T17:26:58.814Z","tool":"execute_code","type":"tool","status":"SUCCESS","ms":1274,"action":"execute","params":{"action":"execute","code":"return new { ka = true };","safety_checks":true,"compiler":"auto"}}
{"ts":"2026-08-08T17:27:32.750Z","tool":"read_console","type":"tool","status":"SUCCESS","ms":0,"action":"get","params":{"action":"get","types":["error"],"count":10,"format":"plain","includeStacktrace":false}}
{"ts":"2026-08-08T17:28:00.107Z","tool":"execute_code","type":"tool","status":"SUCCESS","ms":1203,"action":"execute","params":{"action":"execute","code":"return new { ka = true };","safety_checks":true,"compiler":"auto"}}
{"ts":"2026-08-08T17:28:25.020Z","tool":"get_editor_state","type":"resource","status":"SUCCESS","ms":0,"params":{}}
{"ts":"2026-08-08T17:28:25.023Z","tool":"get_project_info","type":"resource","status":"SUCCESS","ms":0,"params":{}}
{"ts":"2026-08-08T17:28:25.364Z","tool":"get_editor_state","type":"resource","status":"SUCCESS","ms":0,"params":{}}
{"ts":"2026-08-08T17:28:25.366Z","tool":"get_project_info","type":"resource","status":"SUCCESS","ms":0,"params":{}}
{"ts":"2026-08-08T17:28:25.618Z","tool":"get_editor_state","type":"resource","status":"SUCCESS","ms":0,"params":{}}
{"ts":"2026-08-08T17:28:25.619Z","tool":"get_project_info","type":"resource","status":"SUCCESS","ms":0,"params":{}}
{"ts":"2026-08-08T17:28:25.873Z","tool":"get_editor_state","type":"resource","status":"SUCCESS","ms":0,"params":{}}
{"ts":"2026-08-08T17:28:25.874Z","tool":"get_project_info","type":"resource","status":"SUCCESS","ms":0,"params":{}}
{"ts":"2026-08-08T17:28:26.127Z","tool":"get_editor_state","type":"resource","status":"SUCCESS","ms":0,"params":{}}
{"ts":"2026-08-08T17:28:26.129Z","tool":"get_project_info","type":"resource","status":"SUCCESS","ms":0,"params":{}}
{"ts":"2026-08-08T17:28:26.382Z","tool":"get_editor_state","type":"resource","status":"SUCCESS","ms":0,"params":{}}
{"ts":"2026-08-08T17:28:26.383Z","tool":"get_project_info","type":"resource","status":"SUCCESS","ms":0,"params":{}}
{"ts":"2026-08-08T17:28:26.636Z","tool":"get_editor_state","type":"resource","status":"SUCCESS","ms":0,"params":{}}
{"ts":"2026-08-08T17:28:26.638Z","tool":"get_project_info","type":"resource","status":"SUCCESS","ms":0,"params":{}}
{"ts":"2026-08-08T17:28:26.964Z","tool":"get_editor_state","type":"resource","status":"SUCCESS","ms":0,"params":{}}
{"ts":"2026-08-08T17:28:26.965Z","tool":"get_project_info","type":"resource","status":"SUCCESS","ms":0,"params":{}}
{"ts":"2026-08-08T17:28:27.218Z","tool":"get_editor_state","type":"resource","status":"SUCCESS","ms":0,"params":{}}
{"ts":"2026-08-08T17:28:27.219Z","tool":"get_project_info","type":"resource","status":"SUCCESS","ms":0,"params":{}}
{"ts":"2026-08-08T17:28:27.474Z","tool":"get_editor_state","type":"resource","status":"SUCCESS","ms":0,"params":{}}
{"ts":"2026-08-08T17:28:27.475Z","tool":"get_project_info","type":"resource","status":"SUCCESS","ms":0,"params":{}}
{"ts":"2026-08-08T17:28:27.728Z","tool":"get_editor_state","type":"resource","status":"SUCCESS","ms":0,"params":{}}
{"ts":"2026-08-08T17:28:27.730Z","tool":"get_project_info","type":"resource","status":"SUCCESS","ms":0,"params":{}}
{"ts":"2026-08-08T17:28:27.982Z","tool":"get_editor_state","type":"resource","status":"SUCCESS","ms":0,"params":{}}
{"ts":"2026-08-08T17:28:27.984Z","tool":"get_project_info","type":"resource","status":"SUCCESS","ms":0,"params":{}}
{"ts":"2026-08-08T17:28:28.237Z","tool":"get_editor_state","type":"resource","status":"SUCCESS","ms":0,"params":{}}
{"ts":"2026-08-08T17:28:28.238Z","tool":"get_project_info","type":"resource","status":"SUCCESS","ms":0,"params":{}}
{"ts":"2026-08-08T17:28:28.562Z","tool":"get_editor_state","type":"resource","status":"SUCCESS","ms":0,"params":{}}
{"ts":"2026-08-08T17:28:28.563Z","tool":"get_project_info","type":"resource","status":"SUCCESS","ms":0,"params":{}}
{"ts":"2026-08-08T17:28:28.815Z","tool":"get_editor_state","type":"resource","status":"SUCCESS","ms":0,"params":{}}
{"ts":"2026-08-08T17:28:28.816Z","tool":"get_project_info","type":"resource","status":"SUCCESS","ms":0,"params":{}}
{"ts":"2026-08-08T17:28:29.069Z","tool":"get_editor_state","type":"resource","status":"SUCCESS","ms":0,"params":{}}
{"ts":"2026-08-08T17:28:29.071Z","tool":"get_project_info","type":"resource","status":"SUCCESS","ms":0,"params":{}}
{"ts":"2026-08-08T17:28:29.324Z","tool":"get_editor_state","type":"resource","status":"SUCCESS","ms":0,"params":{}}
{"ts":"2026-08-08T17:28:29.331Z","tool":"get_project_info","type":"resource","status":"SUCCESS","ms":0,"params":{}}
{"ts":"2026-08-08T17:28:29.584Z","tool":"get_editor_state","type":"resource","status":"SUCCESS","ms":0,"params":{}}
{"ts":"2026-08-08T17:28:29.585Z","tool":"get_project_info","type":"resource","status":"SUCCESS","ms":0,"params":{}}
{"ts":"2026-08-08T17:28:29.838Z","tool":"get_editor_state","type":"resource","status":"SUCCESS","ms":0,"params":{}}
{"ts":"2026-08-08T17:28:29.839Z","tool":"get_project_info","type":"resource","status":"SUCCESS","ms":0,"params":{}}
{"ts":"2026-08-08T17:28:30.165Z","tool":"get_editor_state","type":"resource","status":"SUCCESS","ms":0,"params":{}}
{"ts":"2026-08-08T17:28:30.166Z","tool":"get_project_info","type":"resource","status":"SUCCESS","ms":0,"params":{}}
{"ts":"2026-08-08T17:28:30.419Z","tool":"get_editor_state","type":"resource","status":"SUCCESS","ms":0,"params":{}}
{"ts":"2026-08-08T17:28:30.420Z","tool":"get_project_info","type":"resource","status":"SUCCESS","ms":0,"params":{}}
{"ts":"2026-08-08T17:28:30.672Z","tool":"get_editor_state","type":"resource","status":"SUCCESS","ms":0,"params":{}}
{"ts":"2026-08-08T17:28:30.674Z","tool":"get_project_info","type":"resource","status":"SUCCESS","ms":0,"params":{}}
{"ts":"2026-08-08T17:28:30.927Z","tool":"get_editor_state","type":"resource","status":"SUCCESS","ms":0,"params":{}}
{"ts":"2026-08-08T17:28:30.928Z","tool":"get_project_info","type":"resource","status":"SUCCESS","ms":0,"params":{}}
{"ts":"2026-08-08T17:28:31.182Z","tool":"get_editor_state","type":"resource","status":"SUCCESS","ms":0,"params":{}}
{"ts":"2026-08-08T17:28:31.183Z","tool":"get_project_info","type":"resource","status":"SUCCESS","ms":0,"params":{}}
{"ts":"2026-08-08T17:28:31.436Z","tool":"get_editor_state","type":"resource","status":"SUCCESS","ms":0,"params":{}}
{"ts":"2026-08-08T17:28:31.437Z","tool":"get_project_info","type":"resource","status":"SUCCESS","ms":0,"params":{}}
{"ts":"2026-08-08T17:28:31.764Z","tool":"get_editor_state","type":"resource","status":"SUCCESS","ms":0,"params":{}}
{"ts":"2026-08-08T17:28:31.765Z","tool":"get_project_info","type":"resource","status":"SUCCESS","ms":0,"params":{}}
{"ts":"2026-08-08T17:28:32.018Z","tool":"get_editor_state","type":"resource","status":"SUCCESS","ms":0,"params":{}}
{"ts":"2026-08-08T17:28:32.020Z","tool":"get_project_info","type":"resource","status":"SUCCESS","ms":0,"params":{}}
{"ts":"2026-08-08T17:28:32.274Z","tool":"get_editor_state","type":"resource","status":"SUCCESS","ms":0,"params":{}}
{"ts":"2026-08-08T17:28:32.275Z","tool":"get_project_info","type":"resource","status":"SUCCESS","ms":0,"params":{}}
{"ts":"2026-08-08T17:28:32.528Z","tool":"get_editor_state","type":"resource","status":"SUCCESS","ms":0,"params":{}}
{"ts":"2026-08-08T17:28:32.529Z","tool":"get_project_info","type":"resource","status":"SUCCESS","ms":0,"params":{}}
{"ts":"2026-08-08T17:28:32.782Z","tool":"get_editor_state","type":"resource","status":"SUCCESS","ms":0,"params":{}}
{"ts":"2026-08-08T17:28:32.784Z","tool":"get_project_info","type":"resource","status":"SUCCESS","ms":0,"params":{}}
{"ts":"2026-08-08T17:28:33.038Z","tool":"get_editor_state","type":"resource","status":"SUCCESS","ms":0,"params":{}}
{"ts":"2026-08-08T17:28:33.040Z","tool":"get_project_info","type":"resource","status":"SUCCESS","ms":0,"params":{}}
{"ts":"2026-08-08T17:28:33.364Z","tool":"get_editor_state","type":"resource","status":"SUCCESS","ms":0,"params":{}}
{"ts":"2026-08-08T17:28:33.365Z","tool":"get_project_info","type":"resource","status":"SUCCESS","ms":0,"params":{}}
{"ts":"2026-08-08T17:28:33.617Z","tool":"get_editor_state","type":"resource","status":"SUCCESS","ms":0,"params":{}}
{"ts":"2026-08-08T17:28:33.618Z","tool":"get_project_info","type":"resource","status":"SUCCESS","ms":0,"params":{}}
{"ts":"2026-08-08T17:28:33.872Z","tool":"get_editor_state","type":"resource","status":"SUCCESS","ms":0,"params":{}}
{"ts":"2026-08-08T17:28:33.873Z","tool":"get_project_info","type":"resource","status":"SUCCESS","ms":0,"params":{}}
{"ts":"2026-08-08T17:28:34.125Z","tool":"get_editor_state","type":"resource","status":"SUCCESS","ms":0,"params":{}}
{"ts":"2026-08-08T17:28:34.126Z","tool":"get_project_info","type":"resource","status":"SUCCESS","ms":0,"params":{}}
{"ts":"2026-08-08T17:28:34.390Z","tool":"get_editor_state","type":"resource","status":"SUCCESS","ms":0,"params":{}}
{"ts":"2026-08-08T17:28:34.391Z","tool":"get_project_info","type":"resource","status":"SUCCESS","ms":0,"params":{}}
{"ts":"2026-08-08T17:28:34.644Z","tool":"get_editor_state","type":"resource","status":"SUCCESS","ms":0,"params":{}}
{"ts":"2026-08-08T17:28:34.645Z","tool":"get_project_info","type":"resource","status":"SUCCESS","ms":0,"params":{}}
{"ts":"2026-08-08T17:28:34.971Z","tool":"get_editor_state","type":"resource","status":"SUCCESS","ms":0,"params":{}}
{"ts":"2026-08-08T17:28:34.972Z","tool":"get_project_info","type":"resource","status":"SUCCESS","ms":0,"params":{}}
{"ts":"2026-08-08T17:28:35.225Z","tool":"get_editor_state","type":"resource","status":"SUCCESS","ms":0,"params":{}}
{"ts":"2026-08-08T17:28:35.226Z","tool":"get_project_info","type":"resource","status":"SUCCESS","ms":0,"params":{}}
{"ts":"2026-08-08T17:28:35.479Z","tool":"get_editor_state","type":"resource","status":"SUCCESS","ms":0,"params":{}}
{"ts":"2026-08-08T17:28:35.480Z","tool":"get_project_info","type":"resource","status":"SUCCESS","ms":0,"params":{}}
{"ts":"2026-08-08T17:28:35.734Z","tool":"get_editor_state","type":"resource","status":"SUCCESS","ms":0,"params":{}}
{"ts":"2026-08-08T17:28:35.735Z","tool":"get_project_info","type":"resource","status":"SUCCESS","ms":0,"params":{}}
{"ts":"2026-08-08T17:28:35.988Z","tool":"get_editor_state","type":"resource","status":"SUCCESS","ms":0,"params":{}}
{"ts":"2026-08-08T17:28:35.990Z","tool":"get_project_info","type":"resource","status":"SUCCESS","ms":0,"params":{}}
{"ts":"2026-08-08T17:28:36.242Z","tool":"get_editor_state","type":"resource","status":"SUCCESS","ms":0,"params":{}}
{"ts":"2026-08-08T17:28:36.243Z","tool":"get_project_info","type":"resource","status":"SUCCESS","ms":0,"params":{}}
{"ts":"2026-08-08T17:28:36.567Z","tool":"get_editor_state","type":"resource","status":"SUCCESS","ms":0,"params":{}}
{"ts":"2026-08-08T17:28:36.569Z","tool":"get_project_info","type":"resource","status":"SUCCESS","ms":0,"params":{}}
{"ts":"2026-08-08T17:28:36.822Z","tool":"get_editor_state","type":"resource","status":"SUCCESS","ms":0,"params":{}}
{"ts":"2026-08-08T17:28:36.823Z","tool":"get_project_info","type":"resource","status":"SUCCESS","ms":0,"params":{}}
{"ts":"2026-08-08T17:28:37.076Z","tool":"get_editor_state","type":"resource","status":"SUCCESS","ms":0,"params":{}}
{"ts":"2026-08-08T17:28:37.078Z","tool":"get_project_info","type":"resource","status":"SUCCESS","ms":0,"params":{}}
{"ts":"2026-08-08T17:28:37.330Z","tool":"get_editor_state","type":"resource","status":"SUCCESS","ms":0,"params":{}}
{"ts":"2026-08-08T17:28:37.331Z","tool":"get_project_info","type":"resource","status":"SUCCESS","ms":0,"params":{}}
{"ts":"2026-08-08T17:28:37.585Z","tool":"get_editor_state","type":"resource","status":"SUCCESS","ms":0,"params":{}}
{"ts":"2026-08-08T17:28:37.587Z","tool":"get_project_info","type":"resource","status":"SUCCESS","ms":0,"params":{}}
{"ts":"2026-08-08T17:28:37.841Z","tool":"get_editor_state","type":"resource","status":"SUCCESS","ms":0,"params":{}}
{"ts":"2026-08-08T17:28:37.843Z","tool":"get_project_info","type":"resource","status":"SUCCESS","ms":0,"params":{}}
{"ts":"2026-08-08T17:28:38.165Z","tool":"get_editor_state","type":"resource","status":"SUCCESS","ms":0,"params":{}}
{"ts":"2026-08-08T17:28:38.166Z","tool":"get_project_info","type":"resource","status":"SUCCESS","ms":0,"params":{}}
{"ts":"2026-08-08T17:28:38.419Z","tool":"get_editor_state","type":"resource","status":"SUCCESS","ms":0,"params":{}}
{"ts":"2026-08-08T17:28:38.420Z","tool":"get_project_info","type":"resource","status":"SUCCESS","ms":0,"params":{}}
{"ts":"2026-08-08T17:28:38.673Z","tool":"get_editor_state","type":"resource","status":"SUCCESS","ms":0,"params":{}}
{"ts":"2026-08-08T17:28:38.674Z","tool":"get_project_info","type":"resource","status":"SUCCESS","ms":0,"params":{}}
{"ts":"2026-08-08T17:28:38.926Z","tool":"get_editor_state","type":"resource","status":"SUCCESS","ms":0,"params":{}}
{"ts":"2026-08-08T17:28:38.928Z","tool":"get_project_info","type":"resource","status":"SUCCESS","ms":0,"params":{}}
{"ts":"2026-08-08T17:28:39.180Z","tool":"get_editor_state","type":"resource","status":"SUCCESS","ms":0,"params":{}}
{"ts":"2026-08-08T17:28:39.181Z","tool":"get_project_info","type":"resource","status":"SUCCESS","ms":0,"params":{}}
{"ts":"2026-08-08T17:28:39.434Z","tool":"get_editor_state","type":"resource","status":"SUCCESS","ms":0,"params":{}}
{"ts":"2026-08-08T17:28:39.436Z","tool":"get_project_info","type":"resource","status":"SUCCESS","ms":0,"params":{}}
{"ts":"2026-08-08T17:28:39.763Z","tool":"get_editor_state","type":"resource","status":"SUCCESS","ms":0,"params":{}}
{"ts":"2026-08-08T17:28:39.765Z","tool":"get_project_info","type":"resource","status":"SUCCESS","ms":0,"params":{}}
{"ts":"2026-08-08T17:28:40.017Z","tool":"get_editor_state","type":"resource","status":"SUCCESS","ms":0,"params":{}}
{"ts":"2026-08-08T17:28:40.018Z","tool":"get_project_info","type":"resource","status":"SUCCESS","ms":0,"params":{}}
{"ts":"2026-08-08T17:28:40.271Z","tool":"get_editor_state","type":"resource","status":"SUCCESS","ms":0,"params":{}}
{"ts":"2026-08-08T17:28:40.273Z","tool":"get_project_info","type":"resource","status":"SUCCESS","ms":0,"params":{}}
{"ts":"2026-08-08T17:28:40.526Z","tool":"get_editor_state","type":"resource","status":"SUCCESS","ms":0,"params":{}}
{"ts":"2026-08-08T17:28:40.527Z","tool":"get_project_info","type":"resource","status":"SUCCESS","ms":0,"params":{}}
{"ts":"2026-08-08T17:28:40.779Z","tool":"get_editor_state","type":"resource","status":"SUCCESS","ms":0,"params":{}}
{"ts":"2026-08-08T17:28:40.781Z","tool":"get_project_info","type":"resource","status":"SUCCESS","ms":0,"params":{}}
{"ts":"2026-08-08T17:28:41.033Z","tool":"get_editor_state","type":"resource","status":"SUCCESS","ms":0,"params":{}}
{"ts":"2026-08-08T17:28:41.034Z","tool":"get_project_info","type":"resource","status":"SUCCESS","ms":0,"params":{}}
{"ts":"2026-08-08T17:28:41.359Z","tool":"get_editor_state","type":"resource","status":"SUCCESS","ms":0,"params":{}}
{"ts":"2026-08-08T17:28:41.360Z","tool":"get_project_info","type":"resource","status":"SUCCESS","ms":0,"params":{}}
{"ts":"2026-08-08T17:28:41.614Z","tool":"get_editor_state","type":"resource","status":"SUCCESS","ms":0,"params":{}}
{"ts":"2026-08-08T17:28:41.615Z","tool":"get_project_info","type":"resource","status":"SUCCESS","ms":0,"params":{}}
{"ts":"2026-08-08T17:28:41.870Z","tool":"get_editor_state","type":"resource","status":"SUCCESS","ms":0,"params":{}}
{"ts":"2026-08-08T17:28:41.871Z","tool":"get_project_info","type":"resource","status":"SUCCESS","ms":0,"params":{}}
{"ts":"2026-08-08T17:28:42.124Z","tool":"get_editor_state","type":"resource","status":"SUCCESS","ms":0,"params":{}}
{"ts":"2026-08-08T17:28:42.126Z","tool":"get_project_info","type":"resource","status":"SUCCESS","ms":0,"params":{}}
{"ts":"2026-08-08T17:28:42.379Z","tool":"get_editor_state","type":"resource","status":"SUCCESS","ms":0,"params":{}}
{"ts":"2026-08-08T17:28:42.380Z","tool":"get_project_info","type":"resource","status":"SUCCESS","ms":0,"params":{}}
{"ts":"2026-08-08T17:28:42.632Z","tool":"get_editor_state","type":"resource","status":"SUCCESS","ms":0,"params":{}}
{"ts":"2026-08-08T17:28:42.633Z","tool":"get_project_info","type":"resource","status":"SUCCESS","ms":0,"params":{}}
{"ts":"2026-08-08T17:28:42.954Z","tool":"get_editor_state","type":"resource","status":"SUCCESS","ms":0,"params":{}}
{"ts":"2026-08-08T17:28:42.956Z","tool":"get_project_info","type":"resource","status":"SUCCESS","ms":0,"params":{}}
{"ts":"2026-08-08T17:28:43.208Z","tool":"get_editor_state","type":"resource","status":"SUCCESS","ms":0,"params":{}}
{"ts":"2026-08-08T17:28:43.210Z","tool":"get_project_info","type":"resource","status":"SUCCESS","ms":0,"params":{}}
{"ts":"2026-08-08T17:28:43.463Z","tool":"get_editor_state","type":"resource","status":"SUCCESS","ms":0,"params":{}}
{"ts":"2026-08-08T17:28:43.464Z","tool":"get_project_info","type":"resource","status":"SUCCESS","ms":0,"params":{}}
{"ts":"2026-08-08T17:28:43.717Z","tool":"get_editor_state","type":"resource","status":"SUCCESS","ms":0,"params":{}}
{"ts":"2026-08-08T17:28:43.718Z","tool":"get_project_info","type":"resource","status":"SUCCESS","ms":0,"params":{}}
{"ts":"2026-08-08T17:28:43.971Z","tool":"get_editor_state","type":"resource","status":"SUCCESS","ms":0,"params":{}}
{"ts":"2026-08-08T17:28:43.972Z","tool":"get_project_info","type":"resource","status":"SUCCESS","ms":0,"params":{}}
{"ts":"2026-08-08T17:28:44.226Z","tool":"get_editor_state","type":"resource","status":"SUCCESS","ms":0,"params":{}}
{"ts":"2026-08-08T17:28:44.227Z","tool":"get_project_info","type":"resource","status":"SUCCESS","ms":0,"params":{}}
{"ts":"2026-08-08T17:28:44.553Z","tool":"get_editor_state","type":"resource","status":"SUCCESS","ms":0,"params":{}}
{"ts":"2026-08-08T17:28:44.555Z","tool":"get_project_info","type":"resource","status":"SUCCESS","ms":0,"params":{}}
{"ts":"2026-08-08T17:28:44.807Z","tool":"get_editor_state","type":"resource","status":"SUCCESS","ms":0,"params":{}}
{"ts":"2026-08-08T17:28:44.807Z","tool":"get_project_info","type":"resource","status":"SUCCESS","ms":0,"params":{}}
{"ts":"2026-08-08T17:28:45.061Z","tool":"get_editor_state","type":"resource","status":"SUCCESS","ms":0,"params":{}}
{"ts":"2026-08-08T17:28:45.066Z","tool":"get_project_info","type":"resource","status":"SUCCESS","ms":0,"params":{}}
{"ts":"2026-08-08T17:28:45.319Z","tool":"get_editor_state","type":"resource","status":"SUCCESS","ms":0,"params":{}}
{"ts":"2026-08-08T17:28:45.320Z","tool":"get_project_info","type":"resource","status":"SUCCESS","ms":0,"params":{}}
{"ts":"2026-08-08T17:28:45.574Z","tool":"get_editor_state","type":"resource","status":"SUCCESS","ms":0,"params":{}}
{"ts":"2026-08-08T17:28:45.575Z","tool":"get_project_info","type":"resource","status":"SUCCESS","ms":0,"params":{}}
{"ts":"2026-08-08T17:28:45.829Z","tool":"get_editor_state","type":"resource","status":"SUCCESS","ms":0,"params":{}}
{"ts":"2026-08-08T17:28:45.830Z","tool":"get_project_info","type":"resource","status":"SUCCESS","ms":0,"params":{}}
{"ts":"2026-08-08T17:28:46.151Z","tool":"get_editor_state","type":"resource","status":"SUCCESS","ms":0,"params":{}}
{"ts":"2026-08-08T17:28:46.153Z","tool":"get_project_info","type":"resource","status":"SUCCESS","ms":0,"params":{}}
{"ts":"2026-08-08T17:28:46.406Z","tool":"get_editor_state","type":"resource","status":"SUCCESS","ms":0,"params":{}}
{"ts":"2026-08-08T17:28:46.407Z","tool":"get_project_info","type":"resource","status":"SUCCESS","ms":0,"params":{}}
{"ts":"2026-08-08T17:28:46.661Z","tool":"get_editor_state","type":"resource","status":"SUCCESS","ms":0,"params":{}}
{"ts":"2026-08-08T17:28:46.662Z","tool":"get_project_info","type":"resource","status":"SUCCESS","ms":0,"params":{}}
{"ts":"2026-08-08T17:28:46.914Z","tool":"get_editor_state","type":"resource","status":"SUCCESS","ms":0,"params":{}}
{"ts":"2026-08-08T17:28:46.916Z","tool":"get_project_info","type":"resource","status":"SUCCESS","ms":0,"params":{}}
{"ts":"2026-08-08T17:28:47.169Z","tool":"get_editor_state","type":"resource","status":"SUCCESS","ms":0,"params":{}}
{"ts":"2026-08-08T17:28:47.170Z","tool":"get_project_info","type":"resource","status":"SUCCESS","ms":0,"params":{}}
{"ts":"2026-08-08T17:28:47.424Z","tool":"get_editor_state","type":"resource","status":"SUCCESS","ms":0,"params":{}}
{"ts":"2026-08-08T17:28:47.425Z","tool":"get_project_info","type":"resource","status":"SUCCESS","ms":0,"params":{}}
{"ts":"2026-08-08T17:28:47.754Z","tool":"get_editor_state","type":"resource","status":"SUCCESS","ms":0,"params":{}}
{"ts":"2026-08-08T17:28:47.755Z","tool":"get_project_info","type":"resource","status":"SUCCESS","ms":0,"params":{}}
{"ts":"2026-08-08T17:28:48.008Z","tool":"get_editor_state","type":"resource","status":"SUCCESS","ms":0,"params":{}}
{"ts":"2026-08-08T17:28:48.009Z","tool":"get_project_info","type":"resource","status":"SUCCESS","ms":0,"params":{}}
{"ts":"2026-08-08T17:28:48.262Z","tool":"get_editor_state","type":"resource","status":"SUCCESS","ms":0,"params":{}}
{"ts":"2026-08-08T17:28:48.264Z","tool":"get_project_info","type":"resource","status":"SUCCESS","ms":0,"params":{}}
{"ts":"2026-08-08T17:28:48.517Z","tool":"get_editor_state","type":"resource","status":"SUCCESS","ms":0,"params":{}}
{"ts":"2026-08-08T17:28:48.518Z","tool":"get_project_info","type":"resource","status":"SUCCESS","ms":0,"params":{}}
{"ts":"2026-08-08T17:28:48.771Z","tool":"get_editor_state","type":"resource","status":"SUCCESS","ms":0,"params":{}}
{"ts":"2026-08-08T17:28:48.772Z","tool":"get_project_info","type":"resource","status":"SUCCESS","ms":0,"params":{}}
{"ts":"2026-08-08T17:28:49.025Z","tool":"get_editor_state","type":"resource","status":"SUCCESS","ms":0,"params":{}}
{"ts":"2026-08-08T17:28:49.026Z","tool":"get_project_info","type":"resource","status":"SUCCESS","ms":0,"params":{}}
{"ts":"2026-08-08T17:28:49.352Z","tool":"get_editor_state","type":"resource","status":"SUCCESS","ms":0,"params":{}}
{"ts":"2026-08-08T17:28:49.353Z","tool":"get_project_info","type":"resource","status":"SUCCESS","ms":0,"params":{}}
{"ts":"2026-08-08T17:28:49.606Z","tool":"get_editor_state","type":"resource","status":"SUCCESS","ms":0,"params":{}}
{"ts":"2026-08-08T17:28:49.607Z","tool":"get_project_info","type":"resource","status":"SUCCESS","ms":0,"params":{}}
{"ts":"2026-08-08T17:28:49.860Z","tool":"get_editor_state","type":"resource","status":"SUCCESS","ms":0,"params":{}}
{"ts":"2026-08-08T17:28:49.861Z","tool":"get_project_info","type":"resource","status":"SUCCESS","ms":0,"params":{}}
{"ts":"2026-08-08T17:28:50.113Z","tool":"get_editor_state","type":"resource","status":"SUCCESS","ms":0,"params":{}}
{"ts":"2026-08-08T17:28:50.115Z","tool":"get_project_info","type":"resource","status":"SUCCESS","ms":0,"params":{}}
{"ts":"2026-08-08T17:28:50.368Z","tool":"get_editor_state","type":"resource","status":"SUCCESS","ms":0,"params":{}}
{"ts":"2026-08-08T17:28:50.369Z","tool":"get_project_info","type":"resource","status":"SUCCESS","ms":0,"params":{}}
{"ts":"2026-08-08T17:28:50.622Z","tool":"get_editor_state","type":"resource","status":"SUCCESS","ms":0,"params":{}}
{"ts":"2026-08-08T17:28:50.623Z","tool":"get_project_info","type":"resource","status":"SUCCESS","ms":0,"params":{}}
{"ts":"2026-08-08T17:28:50.947Z","tool":"get_editor_state","type":"resource","status":"SUCCESS","ms":0,"params":{}}
{"ts":"2026-08-08T17:28:50.949Z","tool":"get_project_info","type":"resource","status":"SUCCESS","ms":0,"params":{}}
{"ts":"2026-08-08T17:28:51.203Z","tool":"get_editor_state","type":"resource","status":"SUCCESS","ms":0,"params":{}}
{"ts":"2026-08-08T17:28:51.205Z","tool":"get_project_info","type":"resource","status":"SUCCESS","ms":0,"params":{}}
{"ts":"2026-08-08T17:28:51.458Z","tool":"get_editor_state","type":"resource","status":"SUCCESS","ms":0,"params":{}}
{"ts":"2026-08-08T17:28:51.459Z","tool":"get_project_info","type":"resource","status":"SUCCESS","ms":0,"params":{}}
{"ts":"2026-08-08T17:28:51.712Z","tool":"get_editor_state","type":"resource","status":"SUCCESS","ms":0,"params":{}}
{"ts":"2026-08-08T17:28:51.714Z","tool":"get_project_info","type":"resource","status":"SUCCESS","ms":0,"params":{}}
{"ts":"2026-08-08T17:28:51.967Z","tool":"get_editor_state","type":"resource","status":"SUCCESS","ms":0,"params":{}}
{"ts":"2026-08-08T17:28:51.968Z","tool":"get_project_info","type":"resource","status":"SUCCESS","ms":0,"params":{}}
{"ts":"2026-08-08T17:28:52.220Z","tool":"get_editor_state","type":"resource","status":"SUCCESS","ms":0,"params":{}}
{"ts":"2026-08-08T17:28:52.221Z","tool":"get_project_info","type":"resource","status":"SUCCESS","ms":0,"params":{}}
{"ts":"2026-08-08T17:28:52.544Z","tool":"get_editor_state","type":"resource","status":"SUCCESS","ms":0,"params":{}}
{"ts":"2026-08-08T17:28:52.545Z","tool":"get_project_info","type":"resource","status":"SUCCESS","ms":0,"params":{}}
{"ts":"2026-08-08T17:28:52.798Z","tool":"get_editor_state","type":"resource","status":"SUCCESS","ms":0,"params":{}}
{"ts":"2026-08-08T17:28:52.799Z","tool":"get_project_info","type":"resource","status":"SUCCESS","ms":0,"params":{}}
{"ts":"2026-08-08T17:28:53.052Z","tool":"get_editor_state","type":"resource","status":"SUCCESS","ms":0,"params":{}}
{"ts":"2026-08-08T17:28:53.054Z","tool":"get_project_info","type":"resource","status":"SUCCESS","ms":0,"params":{}}
{"ts":"2026-08-08T17:28:53.306Z","tool":"get_editor_state","type":"resource","status":"SUCCESS","ms":0,"params":{}}
{"ts":"2026-08-08T17:28:53.307Z","tool":"get_project_info","type":"resource","status":"SUCCESS","ms":0,"params":{}}
{"ts":"2026-08-08T17:28:53.560Z","tool":"get_editor_state","type":"resource","status":"SUCCESS","ms":0,"params":{}}
{"ts":"2026-08-08T17:28:53.561Z","tool":"get_project_info","type":"resource","status":"SUCCESS","ms":0,"params":{}}
{"ts":"2026-08-08T17:28:53.814Z","tool":"get_editor_state","type":"resource","status":"SUCCESS","ms":0,"params":{}}
{"ts":"2026-08-08T17:28:53.815Z","tool":"get_project_info","type":"resource","status":"SUCCESS","ms":0,"params":{}}
{"ts":"2026-08-08T17:28:54.139Z","tool":"get_editor_state","type":"resource","status":"SUCCESS","ms":0,"params":{}}
{"ts":"2026-08-08T17:28:54.141Z","tool":"get_project_info","type":"resource","status":"SUCCESS","ms":0,"params":{}}
{"ts":"2026-08-08T17:28:54.395Z","tool":"get_editor_state","type":"resource","status":"SUCCESS","ms":0,"params":{}}
{"ts":"2026-08-08T17:28:54.396Z","tool":"get_project_info","type":"resource","status":"SUCCESS","ms":0,"params":{}}
{"ts":"2026-08-08T17:28:54.652Z","tool":"get_editor_state","type":"resource","status":"SUCCESS","ms":0,"params":{}}
{"ts":"2026-08-08T17:28:54.655Z","tool":"get_project_info","type":"resource","status":"SUCCESS","ms":0,"params":{}}
{"ts":"2026-08-08T17:28:54.914Z","tool":"get_editor_state","type":"resource","status":"SUCCESS","ms":0,"params":{}}
{"ts":"2026-08-08T17:28:54.915Z","tool":"get_project_info","type":"resource","status":"SUCCESS","ms":0,"params":{}}
{"ts":"2026-08-08T17:28:55.168Z","tool":"get_editor_state","type":"resource","status":"SUCCESS","ms":0,"params":{}}
{"ts":"2026-08-08T17:28:55.169Z","tool":"get_project_info","type":"resource","status":"SUCCESS","ms":0,"params":{}}
{"ts":"2026-08-08T17:28:55.422Z","tool":"get_editor_state","type":"resource","status":"SUCCESS","ms":0,"params":{}}
{"ts":"2026-08-08T17:28:55.423Z","tool":"get_project_info","type":"resource","status":"SUCCESS","ms":0,"params":{}}
{"ts":"2026-08-08T17:28:55.747Z","tool":"get_editor_state","type":"resource","status":"SUCCESS","ms":0,"params":{}}
{"ts":"2026-08-08T17:28:55.748Z","tool":"get_project_info","type":"resource","status":"SUCCESS","ms":0,"params":{}}
{"ts":"2026-08-08T17:28:56.001Z","tool":"get_editor_state","type":"resource","status":"SUCCESS","ms":0,"params":{}}
{"ts":"2026-08-08T17:28:56.002Z","tool":"get_project_info","type":"resource","status":"SUCCESS","ms":0,"params":{}}
{"ts":"2026-08-08T17:28:56.255Z","tool":"get_editor_state","type":"resource","status":"SUCCESS","ms":0,"params":{}}
{"ts":"2026-08-08T17:28:56.256Z","tool":"get_project_info","type":"resource","status":"SUCCESS","ms":0,"params":{}}
{"ts":"2026-08-08T17:28:56.509Z","tool":"get_editor_state","type":"resource","status":"SUCCESS","ms":0,"params":{}}
{"ts":"2026-08-08T17:28:56.510Z","tool":"get_project_info","type":"resource","status":"SUCCESS","ms":0,"params":{}}
{"ts":"2026-08-08T17:28:56.763Z","tool":"get_editor_state","type":"resource","status":"SUCCESS","ms":0,"params":{}}
{"ts":"2026-08-08T17:28:56.764Z","tool":"get_project_info","type":"resource","status":"SUCCESS","ms":0,"params":{}}
{"ts":"2026-08-08T17:28:57.018Z","tool":"get_editor_state","type":"resource","status":"SUCCESS","ms":0,"params":{}}
{"ts":"2026-08-08T17:28:57.021Z","tool":"get_project_info","type":"resource","status":"SUCCESS","ms":0,"params":{}}
{"ts":"2026-08-08T17:28:57.325Z","tool":"get_editor_state","type":"resource","status":"SUCCESS","ms":0,"params":{}}
{"ts":"2026-08-08T17:28:57.329Z","tool":"get_project_info","type":"resource","status":"SUCCESS","ms":0,"params":{}}
{"ts":"2026-08-08T17:28:57.583Z","tool":"get_editor_state","type":"resource","status":"SUCCESS","ms":0,"params":{}}
{"ts":"2026-08-08T17:28:57.584Z","tool":"get_project_info","type":"resource","status":"SUCCESS","ms":0,"params":{}}
{"ts":"2026-08-08T17:28:57.837Z","tool":"get_editor_state","type":"resource","status":"SUCCESS","ms":0,"params":{}}
{"ts":"2026-08-08T17:28:57.839Z","tool":"get_project_info","type":"resource","status":"SUCCESS","ms":0,"params":{}}
{"ts":"2026-08-08T17:28:58.092Z","tool":"get_editor_state","type":"resource","status":"SUCCESS","ms":0,"params":{}}
{"ts":"2026-08-08T17:28:58.093Z","tool":"get_project_info","type":"resource","status":"SUCCESS","ms":0,"params":{}}
{"ts":"2026-08-08T17:28:58.346Z","tool":"get_editor_state","type":"resource","status":"SUCCESS","ms":0,"params":{}}
{"ts":"2026-08-08T17:28:58.348Z","tool":"get_project_info","type":"resource","status":"SUCCESS","ms":0,"params":{}}
{"ts":"2026-08-08T17:28:58.601Z","tool":"get_editor_state","type":"resource","status":"SUCCESS","ms":0,"params":{}}
{"ts":"2026-08-08T17:28:58.602Z","tool":"get_project_info","type":"resource","status":"SUCCESS","ms":0,"params":{}}
{"ts":"2026-08-08T17:28:58.930Z","tool":"get_editor_state","type":"resource","status":"SUCCESS","ms":0,"params":{}}
{"ts":"2026-08-08T17:28:58.931Z","tool":"get_project_info","type":"resource","status":"SUCCESS","ms":0,"params":{}}
{"ts":"2026-08-08T17:28:59.184Z","tool":"get_editor_state","type":"resource","status":"SUCCESS","ms":0,"params":{}}
{"ts":"2026-08-08T17:28:59.186Z","tool":"get_project_info","type":"resource","status":"SUCCESS","ms":0,"params":{}}
{"ts":"2026-08-08T17:28:59.439Z","tool":"get_editor_state","type":"resource","status":"SUCCESS","ms":0,"params":{}}
{"ts":"2026-08-08T17:28:59.441Z","tool":"get_project_info","type":"resource","status":"SUCCESS","ms":0,"params":{}}
{"ts":"2026-08-08T17:28:59.693Z","tool":"get_editor_state","type":"resource","status":"SUCCESS","ms":0,"params":{}}
{"ts":"2026-08-08T17:28:59.694Z","tool":"get_project_info","type":"resource","status":"SUCCESS","ms":0,"params":{}}
{"ts":"2026-08-08T17:28:59.947Z","tool":"get_editor_state","type":"resource","status":"SUCCESS","ms":0,"params":{}}
{"ts":"2026-08-08T17:28:59.949Z","tool":"get_project_info","type":"resource","status":"SUCCESS","ms":0,"params":{}}
{"ts":"2026-08-08T17:29:01.461Z","tool":"execute_code","type":"tool","status":"SUCCESS","ms":1288,"action":"execute","params":{"action":"execute","code":"return new { ka = true };","safety_checks":true,"compiler":"auto"}}
{"ts":"2026-08-08T17:29:01.467Z","tool":"get_editor_state","type":"resource","status":"SUCCESS","ms":0,"params":{}}
{"ts":"2026-08-08T17:29:01.472Z","tool":"get_project_info","type":"resource","status":"SUCCESS","ms":0,"params":{}}
{"ts":"2026-08-08T17:29:01.803Z","tool":"get_editor_state","type":"resource","status":"SUCCESS","ms":0,"params":{}}
{"ts":"2026-08-08T17:29:01.806Z","tool":"get_project_info","type":"resource","status":"SUCCESS","ms":0,"params":{}}
{"ts":"2026-08-08T17:29:02.059Z","tool":"get_editor_state","type":"resource","status":"SUCCESS","ms":0,"params":{}}
{"ts":"2026-08-08T17:29:02.061Z","tool":"get_project_info","type":"resource","status":"SUCCESS","ms":0,"params":{}}
{"ts":"2026-08-08T17:29:02.314Z","tool":"get_editor_state","type":"resource","status":"SUCCESS","ms":0,"params":{}}
{"ts":"2026-08-08T17:29:02.315Z","tool":"get_project_info","type":"resource","status":"SUCCESS","ms":0,"params":{}}
{"ts":"2026-08-08T17:29:02.568Z","tool":"get_editor_state","type":"resource","status":"SUCCESS","ms":0,"params":{}}
{"ts":"2026-08-08T17:29:02.569Z","tool":"get_project_info","type":"resource","status":"SUCCESS","ms":0,"params":{}}
{"ts":"2026-08-08T17:29:02.822Z","tool":"get_editor_state","type":"resource","status":"SUCCESS","ms":0,"params":{}}
{"ts":"2026-08-08T17:29:02.823Z","tool":"get_project_info","type":"resource","status":"SUCCESS","ms":0,"params":{}}
{"ts":"2026-08-08T17:29:03.077Z","tool":"get_editor_state","type":"resource","status":"SUCCESS","ms":0,"params":{}}
{"ts":"2026-08-08T17:29:03.078Z","tool":"get_project_info","type":"resource","status":"SUCCESS","ms":0,"params":{}}
{"ts":"2026-08-08T17:29:03.405Z","tool":"get_editor_state","type":"resource","status":"SUCCESS","ms":0,"params":{}}
{"ts":"2026-08-08T17:29:03.406Z","tool":"get_project_info","type":"resource","status":"SUCCESS","ms":0,"params":{}}
{"ts":"2026-08-08T17:29:03.659Z","tool":"get_editor_state","type":"resource","status":"SUCCESS","ms":0,"params":{}}
{"ts":"2026-08-08T17:29:03.660Z","tool":"get_project_info","type":"resource","status":"SUCCESS","ms":0,"params":{}}
{"ts":"2026-08-08T17:29:03.914Z","tool":"get_editor_state","type":"resource","status":"SUCCESS","ms":0,"params":{}}
{"ts":"2026-08-08T17:29:03.915Z","tool":"get_project_info","type":"resource","status":"SUCCESS","ms":0,"params":{}}
{"ts":"2026-08-08T17:29:04.169Z","tool":"get_editor_state","type":"resource","status":"SUCCESS","ms":0,"params":{}}
{"ts":"2026-08-08T17:29:04.171Z","tool":"get_project_info","type":"resource","status":"SUCCESS","ms":0,"params":{}}
{"ts":"2026-08-08T17:29:04.424Z","tool":"get_editor_state","type":"resource","status":"SUCCESS","ms":0,"params":{}}
{"ts":"2026-08-08T17:29:04.425Z","tool":"get_project_info","type":"resource","status":"SUCCESS","ms":0,"params":{}}
{"ts":"2026-08-08T17:29:04.677Z","tool":"get_editor_state","type":"resource","status":"SUCCESS","ms":0,"params":{}}
{"ts":"2026-08-08T17:29:04.678Z","tool":"get_project_info","type":"resource","status":"SUCCESS","ms":0,"params":{}}
{"ts":"2026-08-08T17:29:05.003Z","tool":"get_editor_state","type":"resource","status":"SUCCESS","ms":0,"params":{}}
{"ts":"2026-08-08T17:29:05.004Z","tool":"get_project_info","type":"resource","status":"SUCCESS","ms":0,"params":{}}
{"ts":"2026-08-08T17:29:05.257Z","tool":"get_editor_state","type":"resource","status":"SUCCESS","ms":0,"params":{}}
{"ts":"2026-08-08T17:29:05.258Z","tool":"get_project_info","type":"resource","status":"SUCCESS","ms":0,"params":{}}
{"ts":"2026-08-08T17:29:05.510Z","tool":"get_editor_state","type":"resource","status":"SUCCESS","ms":0,"params":{}}
{"ts":"2026-08-08T17:29:05.512Z","tool":"get_project_info","type":"resource","status":"SUCCESS","ms":0,"params":{}}
{"ts":"2026-08-08T17:29:05.765Z","tool":"get_editor_state","type":"resource","status":"SUCCESS","ms":0,"params":{}}
{"ts":"2026-08-08T17:29:05.766Z","tool":"get_project_info","type":"resource","status":"SUCCESS","ms":0,"params":{}}
{"ts":"2026-08-08T17:29:06.019Z","tool":"get_editor_state","type":"resource","status":"SUCCESS","ms":0,"params":{}}
{"ts":"2026-08-08T17:29:06.020Z","tool":"get_project_info","type":"resource","status":"SUCCESS","ms":0,"params":{}}
{"ts":"2026-08-08T17:29:06.273Z","tool":"get_editor_state","type":"resource","status":"SUCCESS","ms":0,"params":{}}
{"ts":"2026-08-08T17:29:06.275Z","tool":"get_project_info","type":"resource","status":"SUCCESS","ms":0,"params":{}}
{"ts":"2026-08-08T17:29:06.602Z","tool":"get_editor_state","type":"resource","status":"SUCCESS","ms":0,"params":{}}
{"ts":"2026-08-08T17:29:06.604Z","tool":"get_project_info","type":"resource","status":"SUCCESS","ms":0,"params":{}}
{"ts":"2026-08-08T17:29:06.856Z","tool":"get_editor_state","type":"resource","status":"SUCCESS","ms":0,"params":{}}
{"ts":"2026-08-08T17:29:06.857Z","tool":"get_project_info","type":"resource","status":"SUCCESS","ms":0,"params":{}}
{"ts":"2026-08-08T17:29:07.110Z","tool":"get_editor_state","type":"resource","status":"SUCCESS","ms":0,"params":{}}
{"ts":"2026-08-08T17:29:07.113Z","tool":"get_project_info","type":"resource","status":"SUCCESS","ms":0,"params":{}}
{"ts":"2026-08-08T17:29:07.367Z","tool":"get_editor_state","type":"resource","status":"SUCCESS","ms":0,"params":{}}
{"ts":"2026-08-08T17:29:07.369Z","tool":"get_project_info","type":"resource","status":"SUCCESS","ms":0,"params":{}}
{"ts":"2026-08-08T17:29:07.621Z","tool":"get_editor_state","type":"resource","status":"SUCCESS","ms":0,"params":{}}
{"ts":"2026-08-08T17:29:07.623Z","tool":"get_project_info","type":"resource","status":"SUCCESS","ms":0,"params":{}}
{"ts":"2026-08-08T17:29:07.876Z","tool":"get_editor_state","type":"resource","status":"SUCCESS","ms":0,"params":{}}
{"ts":"2026-08-08T17:29:07.877Z","tool":"get_project_info","type":"resource","status":"SUCCESS","ms":0,"params":{}}
{"ts":"2026-08-08T17:29:08.204Z","tool":"get_editor_state","type":"resource","status":"SUCCESS","ms":0,"params":{}}
{"ts":"2026-08-08T17:29:08.206Z","tool":"get_project_info","type":"resource","status":"SUCCESS","ms":0,"params":{}}
{"ts":"2026-08-08T17:29:08.459Z","tool":"get_editor_state","type":"resource","status":"SUCCESS","ms":0,"params":{}}
{"ts":"2026-08-08T17:29:08.460Z","tool":"get_project_info","type":"resource","status":"SUCCESS","ms":0,"params":{}}
{"ts":"2026-08-08T17:29:08.712Z","tool":"get_editor_state","type":"resource","status":"SUCCESS","ms":0,"params":{}}
{"ts":"2026-08-08T17:29:08.713Z","tool":"get_project_info","type":"resource","status":"SUCCESS","ms":0,"params":{}}
{"ts":"2026-08-08T17:29:08.965Z","tool":"get_editor_state","type":"resource","status":"SUCCESS","ms":0,"params":{}}
{"ts":"2026-08-08T17:29:08.966Z","tool":"get_project_info","type":"resource","status":"SUCCESS","ms":0,"params":{}}
{"ts":"2026-08-08T17:29:09.220Z","tool":"get_editor_state","type":"resource","status":"SUCCESS","ms":0,"params":{}}
{"ts":"2026-08-08T17:29:09.221Z","tool":"get_project_info","type":"resource","status":"SUCCESS","ms":0,"params":{}}
{"ts":"2026-08-08T17:29:09.473Z","tool":"get_editor_state","type":"resource","status":"SUCCESS","ms":0,"params":{}}
{"ts":"2026-08-08T17:29:09.474Z","tool":"get_project_info","type":"resource","status":"SUCCESS","ms":0,"params":{}}
{"ts":"2026-08-08T17:29:09.800Z","tool":"get_editor_state","type":"resource","status":"SUCCESS","ms":0,"params":{}}
{"ts":"2026-08-08T17:29:09.802Z","tool":"get_project_info","type":"resource","status":"SUCCESS","ms":0,"params":{}}
{"ts":"2026-08-08T17:29:10.054Z","tool":"get_editor_state","type":"resource","status":"SUCCESS","ms":0,"params":{}}
{"ts":"2026-08-08T17:29:10.056Z","tool":"get_project_info","type":"resource","status":"SUCCESS","ms":0,"params":{}}
{"ts":"2026-08-08T17:29:10.310Z","tool":"get_editor_state","type":"resource","status":"SUCCESS","ms":0,"params":{}}
{"ts":"2026-08-08T17:29:10.312Z","tool":"get_project_info","type":"resource","status":"SUCCESS","ms":0,"params":{}}
{"ts":"2026-08-08T17:29:10.566Z","tool":"get_editor_state","type":"resource","status":"SUCCESS","ms":0,"params":{}}
{"ts":"2026-08-08T17:29:10.567Z","tool":"get_project_info","type":"resource","status":"SUCCESS","ms":0,"params":{}}
{"ts":"2026-08-08T17:29:10.820Z","tool":"get_editor_state","type":"resource","status":"SUCCESS","ms":0,"params":{}}
{"ts":"2026-08-08T17:29:10.821Z","tool":"get_project_info","type":"resource","status":"SUCCESS","ms":0,"params":{}}
{"ts":"2026-08-08T17:29:11.074Z","tool":"get_editor_state","type":"resource","status":"SUCCESS","ms":0,"params":{}}
{"ts":"2026-08-08T17:29:11.075Z","tool":"get_project_info","type":"resource","status":"SUCCESS","ms":0,"params":{}}
{"ts":"2026-08-08T17:29:11.404Z","tool":"get_editor_state","type":"resource","status":"SUCCESS","ms":0,"params":{}}
{"ts":"2026-08-08T17:29:11.406Z","tool":"get_project_info","type":"resource","status":"SUCCESS","ms":0,"params":{}}
{"ts":"2026-08-08T17:29:11.659Z","tool":"get_editor_state","type":"resource","status":"SUCCESS","ms":0,"params":{}}
{"ts":"2026-08-08T17:29:11.660Z","tool":"get_project_info","type":"resource","status":"SUCCESS","ms":0,"params":{}}
{"ts":"2026-08-08T17:29:11.912Z","tool":"get_editor_state","type":"resource","status":"SUCCESS","ms":0,"params":{}}
{"ts":"2026-08-08T17:29:11.914Z","tool":"get_project_info","type":"resource","status":"SUCCESS","ms":0,"params":{}}
{"ts":"2026-08-08T17:29:12.167Z","tool":"get_editor_state","type":"resource","status":"SUCCESS","ms":0,"params":{}}
{"ts":"2026-08-08T17:29:12.168Z","tool":"get_project_info","type":"resource","status":"SUCCESS","ms":0,"params":{}}
{"ts":"2026-08-08T17:29:12.421Z","tool":"get_editor_state","type":"resource","status":"SUCCESS","ms":0,"params":{}}
{"ts":"2026-08-08T17:29:12.422Z","tool":"get_project_info","type":"resource","status":"SUCCESS","ms":0,"params":{}}
{"ts":"2026-08-08T17:29:12.675Z","tool":"get_editor_state","type":"resource","status":"SUCCESS","ms":0,"params":{}}
{"ts":"2026-08-08T17:29:12.676Z","tool":"get_project_info","type":"resource","status":"SUCCESS","ms":0,"params":{}}
{"ts":"2026-08-08T17:29:13.004Z","tool":"get_editor_state","type":"resource","status":"SUCCESS","ms":0,"params":{}}
{"ts":"2026-08-08T17:29:13.005Z","tool":"get_project_info","type":"resource","status":"SUCCESS","ms":0,"params":{}}
{"ts":"2026-08-08T17:29:13.259Z","tool":"get_editor_state","type":"resource","status":"SUCCESS","ms":0,"params":{}}
{"ts":"2026-08-08T17:29:13.261Z","tool":"get_project_info","type":"resource","status":"SUCCESS","ms":0,"params":{}}
{"ts":"2026-08-08T17:29:13.515Z","tool":"get_editor_state","type":"resource","status":"SUCCESS","ms":0,"params":{}}
{"ts":"2026-08-08T17:29:13.516Z","tool":"get_project_info","type":"resource","status":"SUCCESS","ms":0,"params":{}}
{"ts":"2026-08-08T17:29:13.769Z","tool":"get_editor_state","type":"resource","status":"SUCCESS","ms":0,"params":{}}
{"ts":"2026-08-08T17:29:13.770Z","tool":"get_project_info","type":"resource","status":"SUCCESS","ms":0,"params":{}}
{"ts":"2026-08-08T17:29:14.023Z","tool":"get_editor_state","type":"resource","status":"SUCCESS","ms":0,"params":{}}
{"ts":"2026-08-08T17:29:14.024Z","tool":"get_project_info","type":"resource","status":"SUCCESS","ms":0,"params":{}}
{"ts":"2026-08-08T17:29:14.277Z","tool":"get_editor_state","type":"resource","status":"SUCCESS","ms":0,"params":{}}
{"ts":"2026-08-08T17:29:14.278Z","tool":"get_project_info","type":"resource","status":"SUCCESS","ms":0,"params":{}}
{"ts":"2026-08-08T17:29:14.606Z","tool":"get_editor_state","type":"resource","status":"SUCCESS","ms":0,"params":{}}
{"ts":"2026-08-08T17:29:14.607Z","tool":"get_project_info","type":"resource","status":"SUCCESS","ms":0,"params":{}}
{"ts":"2026-08-08T17:29:14.860Z","tool":"get_editor_state","type":"resource","status":"SUCCESS","ms":0,"params":{}}
{"ts":"2026-08-08T17:29:14.861Z","tool":"get_project_info","type":"resource","status":"SUCCESS","ms":0,"params":{}}
{"ts":"2026-08-08T17:29:15.114Z","tool":"get_editor_state","type":"resource","status":"SUCCESS","ms":0,"params":{}}
{"ts":"2026-08-08T17:29:15.115Z","tool":"get_project_info","type":"resource","status":"SUCCESS","ms":0,"params":{}}
{"ts":"2026-08-08T17:29:15.367Z","tool":"get_editor_state","type":"resource","status":"SUCCESS","ms":0,"params":{}}
{"ts":"2026-08-08T17:29:15.368Z","tool":"get_project_info","type":"resource","status":"SUCCESS","ms":0,"params":{}}
{"ts":"2026-08-08T17:29:15.621Z","tool":"get_editor_state","type":"resource","status":"SUCCESS","ms":0,"params":{}}
{"ts":"2026-08-08T17:29:15.622Z","tool":"get_project_info","type":"resource","status":"SUCCESS","ms":0,"params":{}}
{"ts":"2026-08-08T17:29:15.876Z","tool":"get_editor_state","type":"resource","status":"SUCCESS","ms":0,"params":{}}
{"ts":"2026-08-08T17:29:15.878Z","tool":"get_project_info","type":"resource","status":"SUCCESS","ms":0,"params":{}}
{"ts":"2026-08-08T17:29:16.199Z","tool":"get_editor_state","type":"resource","status":"SUCCESS","ms":0,"params":{}}
{"ts":"2026-08-08T17:29:16.200Z","tool":"get_project_info","type":"resource","status":"SUCCESS","ms":0,"params":{}}
{"ts":"2026-08-08T17:29:16.454Z","tool":"get_editor_state","type":"resource","status":"SUCCESS","ms":0,"params":{}}
{"ts":"2026-08-08T17:29:16.455Z","tool":"get_project_info","type":"resource","status":"SUCCESS","ms":0,"params":{}}
{"ts":"2026-08-08T17:29:16.708Z","tool":"get_editor_state","type":"resource","status":"SUCCESS","ms":0,"params":{}}
{"ts":"2026-08-08T17:29:16.709Z","tool":"get_project_info","type":"resource","status":"SUCCESS","ms":0,"params":{}}
{"ts":"2026-08-08T17:29:16.962Z","tool":"get_editor_state","type":"resource","status":"SUCCESS","ms":0,"params":{}}
{"ts":"2026-08-08T17:29:16.963Z","tool":"get_project_info","type":"resource","status":"SUCCESS","ms":0,"params":{}}
{"ts":"2026-08-08T17:29:17.217Z","tool":"get_editor_state","type":"resource","status":"SUCCESS","ms":0,"params":{}}
{"ts":"2026-08-08T17:29:17.218Z","tool":"get_project_info","type":"resource","status":"SUCCESS","ms":0,"params":{}}
{"ts":"2026-08-08T17:29:17.471Z","tool":"get_editor_state","type":"resource","status":"SUCCESS","ms":0,"params":{}}
{"ts":"2026-08-08T17:29:17.472Z","tool":"get_project_info","type":"resource","status":"SUCCESS","ms":0,"params":{}}
{"ts":"2026-08-08T17:29:17.802Z","tool":"get_editor_state","type":"resource","status":"SUCCESS","ms":0,"params":{}}
{"ts":"2026-08-08T17:29:17.803Z","tool":"get_project_info","type":"resource","status":"SUCCESS","ms":0,"params":{}}
{"ts":"2026-08-08T17:29:18.057Z","tool":"get_editor_state","type":"resource","status":"SUCCESS","ms":0,"params":{}}
{"ts":"2026-08-08T17:29:18.058Z","tool":"get_project_info","type":"resource","status":"SUCCESS","ms":0,"params":{}}
{"ts":"2026-08-08T17:29:18.310Z","tool":"get_editor_state","type":"resource","status":"SUCCESS","ms":0,"params":{}}
{"ts":"2026-08-08T17:29:18.312Z","tool":"get_project_info","type":"resource","status":"SUCCESS","ms":0,"params":{}}
{"ts":"2026-08-08T17:29:18.565Z","tool":"get_editor_state","type":"resource","status":"SUCCESS","ms":0,"params":{}}
{"ts":"2026-08-08T17:29:18.566Z","tool":"get_project_info","type":"resource","status":"SUCCESS","ms":0,"params":{}}
{"ts":"2026-08-08T17:29:18.820Z","tool":"get_editor_state","type":"resource","status":"SUCCESS","ms":0,"params":{}}
{"ts":"2026-08-08T17:29:18.822Z","tool":"get_project_info","type":"resource","status":"SUCCESS","ms":0,"params":{}}
{"ts":"2026-08-08T17:29:19.075Z","tool":"get_editor_state","type":"resource","status":"SUCCESS","ms":0,"params":{}}
{"ts":"2026-08-08T17:29:19.076Z","tool":"get_project_info","type":"resource","status":"SUCCESS","ms":0,"params":{}}
{"ts":"2026-08-08T17:29:19.403Z","tool":"get_editor_state","type":"resource","status":"SUCCESS","ms":0,"params":{}}
{"ts":"2026-08-08T17:29:19.404Z","tool":"get_project_info","type":"resource","status":"SUCCESS","ms":0,"params":{}}
{"ts":"2026-08-08T17:29:19.658Z","tool":"get_editor_state","type":"resource","status":"SUCCESS","ms":0,"params":{}}
{"ts":"2026-08-08T17:29:19.659Z","tool":"get_project_info","type":"resource","status":"SUCCESS","ms":0,"params":{}}
{"ts":"2026-08-08T17:29:19.912Z","tool":"get_editor_state","type":"resource","status":"SUCCESS","ms":0,"params":{}}
{"ts":"2026-08-08T17:29:19.913Z","tool":"get_project_info","type":"resource","status":"SUCCESS","ms":0,"params":{}}
{"ts":"2026-08-08T17:29:20.166Z","tool":"get_editor_state","type":"resource","status":"SUCCESS","ms":0,"params":{}}
{"ts":"2026-08-08T17:29:20.167Z","tool":"get_project_info","type":"resource","status":"SUCCESS","ms":0,"params":{}}
{"ts":"2026-08-08T17:29:20.420Z","tool":"get_editor_state","type":"resource","status":"SUCCESS","ms":0,"params":{}}
{"ts":"2026-08-08T17:29:20.421Z","tool":"get_project_info","type":"resource","status":"SUCCESS","ms":0,"params":{}}
{"ts":"2026-08-08T17:29:20.674Z","tool":"get_editor_state","type":"resource","status":"SUCCESS","ms":0,"params":{}}
{"ts":"2026-08-08T17:29:20.675Z","tool":"get_project_info","type":"resource","status":"SUCCESS","ms":0,"params":{}}
{"ts":"2026-08-08T17:29:21.003Z","tool":"get_editor_state","type":"resource","status":"SUCCESS","ms":0,"params":{}}
{"ts":"2026-08-08T17:29:21.004Z","tool":"get_project_info","type":"resource","status":"SUCCESS","ms":0,"params":{}}
{"ts":"2026-08-08T17:29:21.257Z","tool":"get_editor_state","type":"resource","status":"SUCCESS","ms":0,"params":{}}
{"ts":"2026-08-08T17:29:21.258Z","tool":"get_project_info","type":"resource","status":"SUCCESS","ms":0,"params":{}}
{"ts":"2026-08-08T17:29:21.510Z","tool":"get_editor_state","type":"resource","status":"SUCCESS","ms":0,"params":{}}
{"ts":"2026-08-08T17:29:21.511Z","tool":"get_project_info","type":"resource","status":"SUCCESS","ms":0,"params":{}}
{"ts":"2026-08-08T17:29:21.764Z","tool":"get_editor_state","type":"resource","status":"SUCCESS","ms":0,"params":{}}
{"ts":"2026-08-08T17:29:21.766Z","tool":"get_project_info","type":"resource","status":"SUCCESS","ms":0,"params":{}}
{"ts":"2026-08-08T17:29:22.020Z","tool":"get_editor_state","type":"resource","status":"SUCCESS","ms":0,"params":{}}
{"ts":"2026-08-08T17:29:22.021Z","tool":"get_project_info","type":"resource","status":"SUCCESS","ms":0,"params":{}}
{"ts":"2026-08-08T17:29:22.274Z","tool":"get_editor_state","type":"resource","status":"SUCCESS","ms":0,"params":{}}
{"ts":"2026-08-08T17:29:22.276Z","tool":"get_project_info","type":"resource","status":"SUCCESS","ms":0,"params":{}}
{"ts":"2026-08-08T17:29:22.602Z","tool":"get_editor_state","type":"resource","status":"SUCCESS","ms":0,"params":{}}
{"ts":"2026-08-08T17:29:22.603Z","tool":"get_project_info","type":"resource","status":"SUCCESS","ms":0,"params":{}}
{"ts":"2026-08-08T17:29:22.856Z","tool":"get_editor_state","type":"resource","status":"SUCCESS","ms":0,"params":{}}
{"ts":"2026-08-08T17:29:22.857Z","tool":"get_project_info","type":"resource","status":"SUCCESS","ms":0,"params":{}}
{"ts":"2026-08-08T17:29:23.111Z","tool":"get_editor_state","type":"resource","status":"SUCCESS","ms":0,"params":{}}
{"ts":"2026-08-08T17:29:23.112Z","tool":"get_project_info","type":"resource","status":"SUCCESS","ms":0,"params":{}}
{"ts":"2026-08-08T17:29:23.365Z","tool":"get_editor_state","type":"resource","status":"SUCCESS","ms":0,"params":{}}
{"ts":"2026-08-08T17:29:23.366Z","tool":"get_project_info","type":"resource","status":"SUCCESS","ms":0,"params":{}}
{"ts":"2026-08-08T17:29:23.619Z","tool":"get_editor_state","type":"resource","status":"SUCCESS","ms":0,"params":{}}
{"ts":"2026-08-08T17:29:23.620Z","tool":"get_project_info","type":"resource","status":"SUCCESS","ms":0,"params":{}}
{"ts":"2026-08-08T17:29:23.874Z","tool":"get_editor_state","type":"resource","status":"SUCCESS","ms":0,"params":{}}
{"ts":"2026-08-08T17:29:23.875Z","tool":"get_project_info","type":"resource","status":"SUCCESS","ms":0,"params":{}}
{"ts":"2026-08-08T17:29:24.228Z","tool":"get_editor_state","type":"resource","status":"SUCCESS","ms":0,"params":{}}
{"ts":"2026-08-08T17:29:24.235Z","tool":"get_project_info","type":"resource","status":"SUCCESS","ms":0,"params":{}}
{"ts":"2026-08-08T17:29:24.490Z","tool":"get_editor_state","type":"resource","status":"SUCCESS","ms":0,"params":{}}
{"ts":"2026-08-08T17:29:24.491Z","tool":"get_project_info","type":"resource","status":"SUCCESS","ms":0,"params":{}}
{"ts":"2026-08-08T17:29:24.749Z","tool":"get_editor_state","type":"resource","status":"SUCCESS","ms":0,"params":{}}
{"ts":"2026-08-08T17:29:24.752Z","tool":"get_project_info","type":"resource","status":"SUCCESS","ms":0,"params":{}}
{"ts":"2026-08-08T17:30:02.788Z","tool":"execute_code","type":"tool","status":"SUCCESS","ms":1267,"action":"execute","params":{"action":"execute","code":"return new { ka = true };","safety_checks":true,"compiler":"auto"}}
{"ts":"2026-08-08T17:30:07.052Z","tool":"execute_code","type":"tool","status":"SUCCESS","ms":1315,"action":"execute","params":{"action":"execute","code":"UnityEditor.AssetDatabase.ImportAsset(\"Assets/Scripts/Presentation/Rendering/EnvironmentSpriteRenderer.cs\", UnityEditor.ImportAssetOptions.ForceUpdate);\nUnityEditor.AssetDatabase.ImportAsset(\"Assets/Tests/EditMode/Presentation/Rendering/EnvironmentSpriteRendererHarnessTests.cs\", UnityEditor.ImportAssetOptions.ForceUpdate);\nUnityEditor.AssetDatabase.Refresh(UnityEditor.ImportAssetOptions.ForceUpdate);\nreturn \"forced import requested\";","safety_checks":true,"compiler":"auto"}}
{"ts":"2026-08-08T17:31:04.094Z","tool":"execute_code","type":"tool","status":"SUCCESS","ms":1235,"action":"execute","params":{"action":"execute","code":"return new { ka = true };","safety_checks":true,"compiler":"auto"}}
{"ts":"2026-08-08T17:32:05.414Z","tool":"execute_code","type":"tool","status":"SUCCESS","ms":1258,"action":"execute","params":{"action":"execute","code":"return new { ka = true };","safety_checks":true,"compiler":"auto"}}
{"ts":"2026-08-08T17:32:38.784Z","tool":"execute_code","type":"tool","status":"SUCCESS","ms":1225,"action":"execute","params":{"action":"execute","code":"UnityEditor.Compilation.CompilationPipeline.RequestScriptCompilation(UnityEditor.Compilation.RequestScriptCompilationOptions.CleanBuildCache);\nreturn \"script compilation requested (clean)\";","safety_checks":true,"compiler":"auto"}}
{"ts":"2026-08-08T17:33:06.750Z","tool":"execute_code","type":"tool","status":"SUCCESS","ms":1260,"action":"execute","params":{"action":"execute","code":"return new { ka = true };","safety_checks":true,"compiler":"auto"}}
{"ts":"2026-08-08T17:34:08.074Z","tool":"execute_code","type":"tool","status":"SUCCESS","ms":1260,"action":"execute","params":{"action":"execute","code":"return new { ka = true };","safety_checks":true,"compiler":"auto"}}
{"ts":"2026-08-08T17:35:09.374Z","tool":"execute_code","type":"tool","status":"SUCCESS","ms":1231,"action":"execute","params":{"action":"execute","code":"return new { ka = true };","safety_checks":true,"compiler":"auto"}}
{"ts":"2026-08-08T17:35:53.218Z","tool":"read_console","type":"tool","status":"SUCCESS","ms":0,"action":"get","params":{"action":"get","types":["error"],"count":10,"format":"plain","includeStacktrace":false}}
{"ts":"2026-08-08T17:36:10.703Z","tool":"execute_code","type":"tool","status":"SUCCESS","ms":1264,"action":"execute","params":{"action":"execute","code":"return new { ka = true };","safety_checks":true,"compiler":"auto"}}
{"ts":"2026-08-08T17:36:23.657Z","tool":"execute_code","type":"tool","status":"SUCCESS","ms":1336,"action":"execute","params":{"action":"execute","code":"// Drain any unmatched LockReloadAssemblies. The lock is counted;\n// extra unlocks just log. Then ask for the reload explicitly.\nfor (int i = 0; i < 8; i++) UnityEditor.EditorApplication.UnlockReloadAssemblies();\nbool canReload = !UnityEditor.EditorApplication.isCompiling;\nUnityEditor.AssetDatabase.Refresh();\nUnityEditor.EditorUtility.RequestScriptReload();\nreturn \"unlocked x8, refresh + script reload requested, isCompiling=\" + UnityEditor.EditorApplication.isCompiling;","safety_checks":true,"compiler":"auto"}}
{"ts":"2026-08-08T17:37:12.039Z","tool":"execute_code","type":"tool","status":"SUCCESS","ms":1263,"action":"execute","params":{"action":"execute","code":"return new { ka = true };","safety_checks":true,"compiler":"auto"}}
{"ts":"2026-08-08T17:37:17.910Z","tool":"execute_code","type":"tool","status":"SUCCESS","ms":1037,"action":"execute","params":{"action":"execute","code":"return \"isCompiling=\" + UnityEditor.EditorApplication.isCompiling\n    + \" isUpdating=\" + UnityEditor.EditorApplication.isUpdating\n    + \" wantsToQuit=false lockCount_unknown\";","safety_checks":true,"compiler":"auto"}}
{"ts":"2026-08-08T17:37:33.652Z","tool":"execute_code","type":"tool","status":"SUCCESS","ms":1150,"action":"execute","params":{"action":"execute","code":"for (int i = 0; i < 24; i++) UnityEditor.EditorApplication.UnlockReloadAssemblies();\nUnityEditor.EditorApplication.QueuePlayerLoopUpdate();\nreturn \"unlocked x24 more; isCompiling=\" + UnityEditor.EditorApplication.isCompiling;","safety_checks":true,"compiler":"auto"}}
{"ts":"2026-08-08T17:38:13.344Z","tool":"execute_code","type":"tool","status":"SUCCESS","ms":1235,"action":"execute","params":{"action":"execute","code":"return new { ka = true };","safety_checks":true,"compiler":"auto"}}
{"ts":"2026-08-08T17:39:14.884Z","event":"session_start","unity":"6000.3.4f1"}
{"ts":"2026-08-08T17:39:14.883Z","tool":"execute_code","type":"tool","status":"SUCCESS","ms":1260,"action":"execute","params":{"action":"execute","code":"return new { ka = true };","safety_checks":true,"compiler":"auto"}}
{"ts":"2026-08-08T17:40:16.397Z","tool":"execute_code","type":"tool","status":"SUCCESS","ms":1283,"action":"execute","params":{"action":"execute","code":"return new { ka = true };","safety_checks":true,"compiler":"auto"}}
{"ts":"2026-08-08T17:41:17.797Z","tool":"execute_code","type":"tool","status":"SUCCESS","ms":1282,"action":"execute","params":{"action":"execute","code":"return new { ka = true };","safety_checks":true,"compiler":"auto"}}
{"ts":"2026-08-08T17:42:19.168Z","tool":"execute_code","type":"tool","status":"SUCCESS","ms":1253,"action":"execute","params":{"action":"execute","code":"return new { ka = true };","safety_checks":true,"compiler":"auto"}}
{"ts":"2026-08-08T17:43:14.918Z","tool":"get_editor_state","type":"resource","status":"SUCCESS","ms":1,"params":{}}
{"ts":"2026-08-08T17:43:15.118Z","tool":"get_project_info","type":"resource","status":"SUCCESS","ms":3,"params":{}}
{"ts":"2026-08-08T17:43:15.716Z","tool":"get_editor_state","type":"resource","status":"SUCCESS","ms":0,"params":{}}
{"ts":"2026-08-08T17:43:15.817Z","tool":"get_project_info","type":"resource","status":"SUCCESS","ms":0,"params":{}}
{"ts":"2026-08-08T17:43:16.316Z","tool":"get_editor_state","type":"resource","status":"SUCCESS","ms":0,"params":{}}
{"ts":"2026-08-08T17:43:16.516Z","tool":"get_project_info","type":"resource","status":"SUCCESS","ms":0,"params":{}}
{"ts":"2026-08-08T17:43:16.915Z","tool":"get_editor_state","type":"resource","status":"SUCCESS","ms":0,"params":{}}
{"ts":"2026-08-08T17:43:17.016Z","tool":"get_project_info","type":"resource","status":"SUCCESS","ms":0,"params":{}}
{"ts":"2026-08-08T17:43:17.616Z","tool":"get_editor_state","type":"resource","status":"SUCCESS","ms":0,"params":{}}
{"ts":"2026-08-08T17:43:26.858Z","event":"session_start","unity":"6000.3.4f1"}
{"ts":"2026-08-08T17:43:26.858Z","tool":"execute_code","type":"tool","status":"SUCCESS","ms":1140,"action":"execute","params":{"action":"execute","code":"return new { ka = true };","safety_checks":true,"compiler":"auto"}}
{"ts":"2026-08-08T17:43:26.917Z","tool":"get_editor_state","type":"resource","status":"SUCCESS","ms":1,"params":{}}
{"ts":"2026-08-08T17:43:26.921Z","tool":"get_project_info","type":"resource","status":"SUCCESS","ms":0,"params":{}}
{"ts":"2026-08-08T17:43:39.915Z","tool":"get_editor_state","type":"resource","status":"SUCCESS","ms":0,"params":{}}
{"ts":"2026-08-08T17:43:40.015Z","tool":"get_project_info","type":"resource","status":"SUCCESS","ms":0,"params":{}}
{"ts":"2026-08-08T17:43:43.921Z","tool":"get_test_job","type":"tool","status":"SUCCESS","ms":1,"params":{"job_id":"cc18fac10af74ff58381ed7d72001599","includeFailedTests":true}}
{"ts":"2026-08-08T17:43:50.211Z","tool":"get_test_job","type":"tool","status":"SUCCESS","ms":0,"params":{"job_id":"cc18fac10af74ff58381ed7d72001599","includeFailedTests":true}}
{"ts":"2026-08-08T17:43:52.311Z","tool":"get_test_job","type":"tool","status":"SUCCESS","ms":0,"params":{"job_id":"cc18fac10af74ff58381ed7d72001599","includeFailedTests":true}}
{"ts":"2026-08-08T17:43:54.411Z","tool":"get_test_job","type":"tool","status":"SUCCESS","ms":0,"params":{"job_id":"cc18fac10af74ff58381ed7d72001599","includeFailedTests":true}}
{"ts":"2026-08-08T17:43:56.813Z","tool":"get_test_job","type":"tool","status":"SUCCESS","ms":0,"params":{"job_id":"cc18fac10af74ff58381ed7d72001599","includeFailedTests":true}}
{"ts":"2026-08-08T17:43:58.911Z","tool":"get_test_job","type":"tool","status":"SUCCESS","ms":0,"params":{"job_id":"cc18fac10af74ff58381ed7d72001599","includeFailedTests":true}}
{"ts":"2026-08-08T17:44:01.011Z","tool":"get_test_job","type":"tool","status":"SUCCESS","ms":0,"params":{"job_id":"cc18fac10af74ff58381ed7d72001599","includeFailedTests":true}}
{"ts":"2026-08-08T17:44:03.213Z","tool":"get_test_job","type":"tool","status":"SUCCESS","ms":0,"params":{"job_id":"cc18fac10af74ff58381ed7d72001599","includeFailedTests":true}}
{"ts":"2026-08-08T17:44:05.411Z","tool":"get_test_job","type":"tool","status":"SUCCESS","ms":0,"params":{"job_id":"cc18fac10af74ff58381ed7d72001599","includeFailedTests":true}}
{"ts":"2026-08-08T17:44:07.511Z","tool":"get_test_job","type":"tool","status":"SUCCESS","ms":0,"params":{"job_id":"cc18fac10af74ff58381ed7d72001599","includeFailedTests":true}}
{"ts":"2026-08-08T17:44:09.613Z","tool":"get_test_job","type":"tool","status":"SUCCESS","ms":0,"params":{"job_id":"cc18fac10af74ff58381ed7d72001599","includeFailedTests":true}}
{"ts":"2026-08-08T17:44:11.813Z","tool":"get_test_job","type":"tool","status":"SUCCESS","ms":0,"params":{"job_id":"cc18fac10af74ff58381ed7d72001599","includeFailedTests":true}}
{"ts":"2026-08-08T17:44:14.011Z","tool":"get_test_job","type":"tool","status":"SUCCESS","ms":0,"params":{"job_id":"cc18fac10af74ff58381ed7d72001599","includeFailedTests":true}}
{"ts":"2026-08-08T17:44:16.213Z","tool":"get_test_job","type":"tool","status":"SUCCESS","ms":0,"params":{"job_id":"cc18fac10af74ff58381ed7d72001599","includeFailedTests":true}}
{"ts":"2026-08-08T17:44:18.413Z","tool":"get_test_job","type":"tool","status":"SUCCESS","ms":0,"params":{"job_id":"cc18fac10af74ff58381ed7d72001599","includeFailedTests":true}}
{"ts":"2026-08-08T17:44:20.613Z","tool":"get_test_job","type":"tool","status":"SUCCESS","ms":0,"params":{"job_id":"cc18fac10af74ff58381ed7d72001599","includeFailedTests":true}}
{"ts":"2026-08-08T17:44:22.713Z","tool":"get_test_job","type":"tool","status":"SUCCESS","ms":0,"params":{"job_id":"cc18fac10af74ff58381ed7d72001599","includeFailedTests":true}}
{"ts":"2026-08-08T17:44:24.813Z","tool":"get_test_job","type":"tool","status":"SUCCESS","ms":0,"params":{"job_id":"cc18fac10af74ff58381ed7d72001599","includeFailedTests":true}}
{"ts":"2026-08-08T17:44:26.913Z","tool":"get_test_job","type":"tool","status":"SUCCESS","ms":0,"params":{"job_id":"cc18fac10af74ff58381ed7d72001599","includeFailedTests":true}}
{"ts":"2026-08-08T17:44:28.196Z","tool":"execute_code","type":"tool","status":"SUCCESS","ms":1183,"action":"execute","params":{"action":"execute","code":"return new { ka = true };","safety_checks":true,"compiler":"auto"}}
{"ts":"2026-08-08T17:44:29.113Z","tool":"get_test_job","type":"tool","status":"SUCCESS","ms":0,"params":{"job_id":"cc18fac10af74ff58381ed7d72001599","includeFailedTests":true}}
{"ts":"2026-08-08T17:44:31.311Z","tool":"get_test_job","type":"tool","status":"SUCCESS","ms":0,"params":{"job_id":"cc18fac10af74ff58381ed7d72001599","includeFailedTests":true}}
{"ts":"2026-08-08T17:44:33.511Z","tool":"get_test_job","type":"tool","status":"SUCCESS","ms":0,"params":{"job_id":"cc18fac10af74ff58381ed7d72001599","includeFailedTests":true}}
{"ts":"2026-08-08T17:44:35.613Z","tool":"get_test_job","type":"tool","status":"SUCCESS","ms":0,"params":{"job_id":"cc18fac10af74ff58381ed7d72001599","includeFailedTests":true}}
{"ts":"2026-08-08T17:44:37.713Z","tool":"get_test_job","type":"tool","status":"SUCCESS","ms":0,"params":{"job_id":"cc18fac10af74ff58381ed7d72001599","includeFailedTests":true}}
{"ts":"2026-08-08T17:44:40.213Z","tool":"get_test_job","type":"tool","status":"SUCCESS","ms":0,"params":{"job_id":"cc18fac10af74ff58381ed7d72001599","includeFailedTests":true}}
{"ts":"2026-08-08T17:44:42.313Z","tool":"get_test_job","type":"tool","status":"SUCCESS","ms":0,"params":{"job_id":"cc18fac10af74ff58381ed7d72001599","includeFailedTests":true}}
{"ts":"2026-08-08T17:44:44.013Z","tool":"get_test_job","type":"tool","status":"SUCCESS","ms":0,"params":{"job_id":"cc18fac10af74ff58381ed7d72001599","includeFailedTests":true}}
{"ts":"2026-08-08T17:44:48.511Z","tool":"get_test_job","type":"tool","status":"SUCCESS","ms":0,"params":{"job_id":"cc18fac10af74ff58381ed7d72001599","includeFailedTests":true}}
{"ts":"2026-08-08T17:44:50.713Z","tool":"get_test_job","type":"tool","status":"SUCCESS","ms":0,"params":{"job_id":"cc18fac10af74ff58381ed7d72001599","includeFailedTests":true}}
{"ts":"2026-08-08T17:44:52.813Z","tool":"get_test_job","type":"tool","status":"SUCCESS","ms":0,"params":{"job_id":"cc18fac10af74ff58381ed7d72001599","includeFailedTests":true}}
{"ts":"2026-08-08T17:44:54.913Z","tool":"get_test_job","type":"tool","status":"SUCCESS","ms":0,"params":{"job_id":"cc18fac10af74ff58381ed7d72001599","includeFailedTests":true}}
{"ts":"2026-08-08T17:44:57.012Z","tool":"get_test_job","type":"tool","status":"SUCCESS","ms":0,"params":{"job_id":"cc18fac10af74ff58381ed7d72001599","includeFailedTests":true}}
{"ts":"2026-08-08T17:44:59.212Z","tool":"get_test_job","type":"tool","status":"SUCCESS","ms":0,"params":{"job_id":"cc18fac10af74ff58381ed7d72001599","includeFailedTests":true}}
{"ts":"2026-08-08T17:45:01.413Z","tool":"get_test_job","type":"tool","status":"SUCCESS","ms":0,"params":{"job_id":"cc18fac10af74ff58381ed7d72001599","includeFailedTests":true}}
{"ts":"2026-08-08T17:45:03.613Z","tool":"get_test_job","type":"tool","status":"SUCCESS","ms":0,"params":{"job_id":"cc18fac10af74ff58381ed7d72001599","includeFailedTests":true}}
{"ts":"2026-08-08T17:45:05.713Z","tool":"get_test_job","type":"tool","status":"SUCCESS","ms":0,"params":{"job_id":"cc18fac10af74ff58381ed7d72001599","includeFailedTests":true}}
{"ts":"2026-08-08T17:45:07.814Z","tool":"get_test_job","type":"tool","status":"SUCCESS","ms":0,"params":{"job_id":"cc18fac10af74ff58381ed7d72001599","includeFailedTests":true}}
{"ts":"2026-08-08T17:45:10.613Z","tool":"get_test_job","type":"tool","status":"SUCCESS","ms":0,"params":{"job_id":"cc18fac10af74ff58381ed7d72001599","includeFailedTests":true}}
{"ts":"2026-08-08T17:45:12.713Z","tool":"get_test_job","type":"tool","status":"SUCCESS","ms":0,"params":{"job_id":"cc18fac10af74ff58381ed7d72001599","includeFailedTests":true}}
{"ts":"2026-08-08T17:45:14.731Z","tool":"get_test_job","type":"tool","status":"SUCCESS","ms":0,"params":{"job_id":"cc18fac10af74ff58381ed7d72001599","includeFailedTests":true}}
{"ts":"2026-08-08T17:45:29.562Z","tool":"execute_code","type":"tool","status":"SUCCESS","ms":1237,"action":"execute","params":{"action":"execute","code":"return new { ka = true };","safety_checks":true,"compiler":"auto"}}
{"ts":"2026-08-08T17:45:29.641Z","tool":"manage_editor","type":"tool","status":"SUCCESS","ms":16,"action":"play","params":{"action":"play"}}
{"ts":"2026-08-08T17:46:28.880Z","tool":"execute_code","type":"tool","status":"ERROR","ms":1128,"action":"execute","params":{"action":"execute","code":"var grid = UnityEngine.GameObject.Find(\"ZoneTilemap\");\nvar overlayTm = default(UnityEngine.Tilemaps.Tilemap);\nforeach (var tm in UnityEngine.Object.FindObjectsByType<UnityEngine.Tilemaps.Tilemap>(UnityEngine.FindObjectsSortMode.None))\n    if (tm.gameObject.name == \"EnvironmentSpriteTilemap\") overlayTm = tm;\nif (overlayTm == null) return \"overlay tilemap not found\";\nvar zone = CavesOfOoo.Core.ZoneManager.Instance != null ? CavesOfOoo.Core.ZoneManager.Instance.ActiveZone : null;\nif (zone == null) return \"no active zone\";\nint claims = 0, onUnexplored = 0, onNotVisible = 0, actorOnNotVisible = 0;\nvar sb = new System.Text.StringBuilder();\nfor (int x = 0; x < CavesOfOoo.Core.Zone.Width; x++)\nfor (int ty = 0; ty < CavesOfOoo.Core.Zone.Height; ty++)\n{\n    var t = overlayTm.GetTile(new UnityEngine.Vector3Int(x, ty, 0));\n    if (t == null) continue;\n    claims++;\n    int zy = CavesOfOoo.Core.Zone.Height - 1 - ty;\n    var cell = zone.GetCell(x, zy);\n    if (cell == null) continue;\n    if (!cell.Explored) { onUnexplored++; if (onUnexplored <= 5) sb.Append($\"unexplored claim {t.name}@({x},{zy}) \"); }\n    else if (!cell.IsVisible)\n    {\n        onNotVisible++;\n        bool actorTile = t.name == \"Player\" || t.name == \"Snapjaw\" || t.name == \"Villager\" || t.name == \"Merchant\" || t.name == \"Elder\" || t.name == \"Warden\" || t.name == \"VillageChild\" || t.name == \"Weaponsmith\" || t.name == \"Armorer\" || t.name == \"Apothecary\" || t.name == \"Arcanist\" || t.name == \"Provisioner\" || t.name.EndsWith(\"Hermit\");\n        if (actorTile) { actorOnNotVisible++; sb.Append($\"ACTOR-IN-FOG {t.name}@({x},{zy}) \"); }\n    }\n}\nreturn $\"claims={claims} onUnexplored={onUnexplored} onNotVisible={onNotVisible} actorInFog={actorOnNotVisible} :: {sb}\";","safety_checks":true,"compiler":"auto"},"error":"Compilation failed"}
{"ts":"2026-08-08T17:46:30.646Z","tool":"execute_code","type":"tool","status":"SUCCESS","ms":1011,"action":"execute","params":{"action":"execute","code":"return new { ka = true };","safety_checks":true,"compiler":"auto"}}
{"ts":"2026-08-08T17:46:49.519Z","tool":"execute_code","type":"tool","status":"SUCCESS","ms":1006,"action":"execute","params":{"action":"execute","code":"var overlayTm = default(UnityEngine.Tilemaps.Tilemap);\nforeach (var tm in UnityEngine.Object.FindObjectsByType<UnityEngine.Tilemaps.Tilemap>(UnityEngine.FindObjectsSortMode.None))\n    if (tm.gameObject.name == \"EnvironmentSpriteTilemap\") overlayTm = tm;\nif (overlayTm == null) return \"overlay tilemap not found\";\nvar zr = UnityEngine.Object.FindObjectsByType<CavesOfOoo.Rendering.ZoneRenderer>(UnityEngine.FindObjectsSortMode.None);\nif (zr.Length == 0) return \"no ZoneRenderer\";\nvar prop = zr[0].GetType().GetProperty(\"CurrentZone\") ?? null;\nvar field = zr[0].GetType().GetField(\"CurrentZone\");\nobject zoneObj = prop != null ? prop.GetValue(zr[0]) : (field != null ? field.GetValue(zr[0]) : null);\nvar zone = zoneObj as CavesOfOoo.Core.Zone;\nif (zone == null) return \"zone not resolved from ZoneRenderer\";\nint claims = 0, onUnexplored = 0, onNotVisible = 0, actorInFog = 0;\nvar sb = new System.Text.StringBuilder();\nfor (int x = 0; x < CavesOfOoo.Core.Zone.Width; x++)\nfor (int ty = 0; ty < CavesOfOoo.Core.Zone.Height; ty++)\n{\n    var t = overlayTm.GetTile(new UnityEngine.Vector3Int(x, ty, 0));\n    if (t == null) continue;\n    claims++;\n    int zy = CavesOfOoo.Core.Zone.Height - 1 - ty;\n    var cell = zone.GetCell(x, zy);\n    if (cell == null) continue;\n    if (!cell.Explored) { onUnexplored++; if (onUnexplored <= 5) sb.Append(\"unexplored:\" + t.name + \"@\" + x + \",\" + zy + \" \"); }\n    else if (!cell.IsVisible)\n    {\n        onNotVisible++;\n        string n = t.name;\n        bool actorTile = n == \"Player\" || n == \"Snapjaw\" || n == \"Villager\" || n == \"Merchant\" || n == \"Elder\" || n == \"Warden\" || n == \"VillageChild\" || n == \"Weaponsmith\" || n == \"Armorer\" || n == \"Apothecary\" || n == \"Arcanist\" || n == \"Provisioner\" || n.EndsWith(\"Hermit\");\n        if (actorTile) { actorInFog++; sb.Append(\"ACTOR-IN-FOG:\" + n + \"@\" + x + \",\" + zy + \" \"); }\n    }\n}\nreturn \"claims=\" + claims + \" onUnexplored=\" + onUnexplored + \" onNotVisible=\" + onNotVisible + \" actorInFog=\" + actorInFog + \" :: \" + sb;","safety_checks":true,"compiler":"auto"}}
{"ts":"2026-08-08T17:47:31.902Z","tool":"execute_code","type":"tool","status":"SUCCESS","ms":1183,"action":"execute","params":{"action":"execute","code":"return new { ka = true };","safety_checks":true,"compiler":"auto"}}
{"ts":"2026-08-08T17:47:34.996Z","tool":"read_console","type":"tool","status":"SUCCESS","ms":3,"action":"get","params":{"action":"get","types":["error"],"count":2,"format":"detailed","includeStacktrace":true}}
{"ts":"2026-08-08T17:48:33.174Z","tool":"execute_code","type":"tool","status":"SUCCESS","ms":1190,"action":"execute","params":{"action":"execute","code":"return new { ka = true };","safety_checks":true,"compiler":"auto"}}
{"ts":"2026-08-08T17:48:44.008Z","tool":"manage_editor","type":"tool","status":"SUCCESS","ms":6,"action":"stop","params":{"action":"stop"}}
{"ts":"2026-08-08T17:49:19.478Z","tool":"get_editor_state","type":"resource","status":"SUCCESS","ms":0,"params":{}}
{"ts":"2026-08-08T17:49:19.487Z","tool":"get_project_info","type":"resource","status":"SUCCESS","ms":0,"params":{}}
{"ts":"2026-08-08T17:49:19.814Z","tool":"get_editor_state","type":"resource","status":"SUCCESS","ms":0,"params":{}}
{"ts":"2026-08-08T17:49:19.816Z","tool":"get_project_info","type":"resource","status":"SUCCESS","ms":0,"params":{}}
{"ts":"2026-08-08T17:49:20.071Z","tool":"get_editor_state","type":"resource","status":"SUCCESS","ms":0,"params":{}}
{"ts":"2026-08-08T17:49:20.076Z","tool":"get_project_info","type":"resource","status":"SUCCESS","ms":0,"params":{}}
{"ts":"2026-08-08T17:49:20.330Z","tool":"get_editor_state","type":"resource","status":"SUCCESS","ms":0,"params":{}}
{"ts":"2026-08-08T17:49:20.331Z","tool":"get_project_info","type":"resource","status":"SUCCESS","ms":0,"params":{}}
{"ts":"2026-08-08T17:49:20.584Z","tool":"get_editor_state","type":"resource","status":"SUCCESS","ms":0,"params":{}}
{"ts":"2026-08-08T17:49:20.586Z","tool":"get_project_info","type":"resource","status":"SUCCESS","ms":0,"params":{}}
{"ts":"2026-08-08T17:49:20.942Z","tool":"get_editor_state","type":"resource","status":"SUCCESS","ms":0,"params":{}}
{"ts":"2026-08-08T17:49:20.944Z","tool":"get_project_info","type":"resource","status":"SUCCESS","ms":0,"params":{}}
{"ts":"2026-08-08T17:49:21.200Z","tool":"get_editor_state","type":"resource","status":"SUCCESS","ms":0,"params":{}}
{"ts":"2026-08-08T17:49:21.204Z","tool":"get_project_info","type":"resource","status":"SUCCESS","ms":0,"params":{}}
{"ts":"2026-08-08T17:49:21.530Z","tool":"get_editor_state","type":"resource","status":"SUCCESS","ms":0,"params":{}}
{"ts":"2026-08-08T17:49:21.531Z","tool":"get_project_info","type":"resource","status":"SUCCESS","ms":0,"params":{}}
{"ts":"2026-08-08T17:49:21.832Z","tool":"get_editor_state","type":"resource","status":"SUCCESS","ms":0,"params":{}}
{"ts":"2026-08-08T17:49:21.864Z","tool":"get_project_info","type":"resource","status":"SUCCESS","ms":0,"params":{}}
{"ts":"2026-08-08T17:49:22.117Z","tool":"get_editor_state","type":"resource","status":"SUCCESS","ms":0,"params":{}}
{"ts":"2026-08-08T17:49:22.118Z","tool":"get_project_info","type":"resource","status":"SUCCESS","ms":0,"params":{}}
{"ts":"2026-08-08T17:49:22.385Z","tool":"get_editor_state","type":"resource","status":"SUCCESS","ms":0,"params":{}}
{"ts":"2026-08-08T17:49:22.414Z","tool":"get_project_info","type":"resource","status":"SUCCESS","ms":0,"params":{}}
{"ts":"2026-08-08T17:49:22.668Z","tool":"get_editor_state","type":"resource","status":"SUCCESS","ms":0,"params":{}}
{"ts":"2026-08-08T17:49:22.670Z","tool":"get_project_info","type":"resource","status":"SUCCESS","ms":0,"params":{}}
{"ts":"2026-08-08T17:49:22.942Z","tool":"get_editor_state","type":"resource","status":"SUCCESS","ms":0,"params":{}}
{"ts":"2026-08-08T17:49:22.951Z","tool":"get_project_info","type":"resource","status":"SUCCESS","ms":0,"params":{}}
{"ts":"2026-08-08T17:49:23.298Z","tool":"get_editor_state","type":"resource","status":"SUCCESS","ms":0,"params":{}}
{"ts":"2026-08-08T17:49:23.302Z","tool":"get_project_info","type":"resource","status":"SUCCESS","ms":0,"params":{}}
{"ts":"2026-08-08T17:49:23.558Z","tool":"get_editor_state","type":"resource","status":"SUCCESS","ms":0,"params":{}}
{"ts":"2026-08-08T17:49:23.559Z","tool":"get_project_info","type":"resource","status":"SUCCESS","ms":0,"params":{}}
{"ts":"2026-08-08T17:49:23.823Z","tool":"get_editor_state","type":"resource","status":"SUCCESS","ms":0,"params":{}}
{"ts":"2026-08-08T17:49:23.825Z","tool":"get_project_info","type":"resource","status":"SUCCESS","ms":0,"params":{}}
{"ts":"2026-08-08T17:49:24.078Z","tool":"get_editor_state","type":"resource","status":"SUCCESS","ms":0,"params":{}}
{"ts":"2026-08-08T17:49:24.079Z","tool":"get_project_info","type":"resource","status":"SUCCESS","ms":0,"params":{}}
{"ts":"2026-08-08T17:49:30.115Z","event":"session_start","unity":"6000.3.4f1"}
{"ts":"2026-08-08T17:49:30.115Z","tool":"get_editor_state","type":"resource","status":"SUCCESS","ms":2,"params":{}}
{"ts":"2026-08-08T17:49:30.643Z","tool":"get_project_info","type":"resource","status":"SUCCESS","ms":1,"params":{}}
{"ts":"2026-08-08T17:49:34.316Z","tool":"execute_code","type":"tool","status":"SUCCESS","ms":1061,"action":"execute","params":{"action":"execute","code":"return new { ka = true };","safety_checks":true,"compiler":"auto"}}
{"ts":"2026-08-08T17:49:35.574Z","tool":"read_console","type":"tool","status":"SUCCESS","ms":3,"action":"get","params":{"action":"get","types":["error"],"count":5,"format":"plain","includeStacktrace":false}}
{"ts":"2026-08-08T17:49:41.926Z","tool":"get_editor_state","type":"resource","status":"SUCCESS","ms":0,"params":{}}
{"ts":"2026-08-08T17:49:41.927Z","tool":"get_project_info","type":"resource","status":"SUCCESS","ms":0,"params":{}}
{"ts":"2026-08-08T17:49:45.945Z","tool":"get_test_job","type":"tool","status":"SUCCESS","ms":0,"params":{"job_id":"0c03e1f836d74572bc138e8b17989690","includeFailedTests":true}}
{"ts":"2026-08-08T17:49:48.312Z","tool":"get_test_job","type":"tool","status":"SUCCESS","ms":0,"params":{"job_id":"0c03e1f836d74572bc138e8b17989690","includeFailedTests":true}}
{"ts":"2026-08-08T17:49:50.858Z","tool":"get_test_job","type":"tool","status":"SUCCESS","ms":0,"params":{"job_id":"0c03e1f836d74572bc138e8b17989690","includeFailedTests":true}}
{"ts":"2026-08-08T17:49:52.887Z","tool":"get_test_job","type":"tool","status":"SUCCESS","ms":0,"params":{"job_id":"0c03e1f836d74572bc138e8b17989690","includeFailedTests":true}}
{"ts":"2026-08-08T17:49:54.920Z","tool":"get_test_job","type":"tool","status":"SUCCESS","ms":0,"params":{"job_id":"0c03e1f836d74572bc138e8b17989690","includeFailedTests":true}}
{"ts":"2026-08-08T17:49:57.045Z","tool":"get_test_job","type":"tool","status":"SUCCESS","ms":0,"params":{"job_id":"0c03e1f836d74572bc138e8b17989690","includeFailedTests":true}}
{"ts":"2026-08-08T17:49:59.144Z","tool":"get_test_job","type":"tool","status":"SUCCESS","ms":0,"params":{"job_id":"0c03e1f836d74572bc138e8b17989690","includeFailedTests":true}}
{"ts":"2026-08-08T17:50:01.149Z","tool":"get_test_job","type":"tool","status":"SUCCESS","ms":0,"params":{"job_id":"0c03e1f836d74572bc138e8b17989690","includeFailedTests":true}}
{"ts":"2026-08-08T17:50:35.576Z","tool":"execute_code","type":"tool","status":"SUCCESS","ms":1196,"action":"execute","params":{"action":"execute","code":"return new { ka = true };","safety_checks":true,"compiler":"auto"}}
{"ts":"2026-08-08T17:51:09.347Z","tool":"get_editor_state","type":"resource","status":"SUCCESS","ms":0,"params":{}}
{"ts":"2026-08-08T17:51:09.354Z","tool":"get_project_info","type":"resource","status":"SUCCESS","ms":0,"params":{}}
{"ts":"2026-08-08T17:51:09.684Z","tool":"get_editor_state","type":"resource","status":"SUCCESS","ms":0,"params":{}}
{"ts":"2026-08-08T17:51:09.685Z","tool":"get_project_info","type":"resource","status":"SUCCESS","ms":0,"params":{}}
{"ts":"2026-08-08T17:51:09.939Z","tool":"get_editor_state","type":"resource","status":"SUCCESS","ms":0,"params":{}}
{"ts":"2026-08-08T17:51:09.963Z","tool":"get_project_info","type":"resource","status":"SUCCESS","ms":0,"params":{}}
{"ts":"2026-08-08T17:51:10.217Z","tool":"get_editor_state","type":"resource","status":"SUCCESS","ms":0,"params":{}}
{"ts":"2026-08-08T17:51:10.218Z","tool":"get_project_info","type":"resource","status":"SUCCESS","ms":0,"params":{}}
{"ts":"2026-08-08T17:51:10.484Z","tool":"get_editor_state","type":"resource","status":"SUCCESS","ms":0,"params":{}}
{"ts":"2026-08-08T17:51:10.490Z","tool":"get_project_info","type":"resource","status":"SUCCESS","ms":0,"params":{}}
{"ts":"2026-08-08T17:51:10.746Z","tool":"get_editor_state","type":"resource","status":"SUCCESS","ms":0,"params":{}}
{"ts":"2026-08-08T17:51:10.747Z","tool":"get_project_info","type":"resource","status":"SUCCESS","ms":0,"params":{}}
{"ts":"2026-08-08T17:51:11.006Z","tool":"get_editor_state","type":"resource","status":"SUCCESS","ms":0,"params":{}}
{"ts":"2026-08-08T17:51:11.010Z","tool":"get_project_info","type":"resource","status":"SUCCESS","ms":0,"params":{}}
{"ts":"2026-08-08T17:51:11.319Z","tool":"get_editor_state","type":"resource","status":"SUCCESS","ms":0,"params":{}}
{"ts":"2026-08-08T17:51:11.322Z","tool":"get_project_info","type":"resource","status":"SUCCESS","ms":0,"params":{}}
{"ts":"2026-08-08T17:51:11.576Z","tool":"get_editor_state","type":"resource","status":"SUCCESS","ms":0,"params":{}}
{"ts":"2026-08-08T17:51:11.577Z","tool":"get_project_info","type":"resource","status":"SUCCESS","ms":0,"params":{}}
{"ts":"2026-08-08T17:51:11.831Z","tool":"get_editor_state","type":"resource","status":"SUCCESS","ms":0,"params":{}}
{"ts":"2026-08-08T17:51:11.832Z","tool":"get_project_info","type":"resource","status":"SUCCESS","ms":0,"params":{}}
{"ts":"2026-08-08T17:51:17.845Z","event":"session_start","unity":"6000.3.4f1"}
{"ts":"2026-08-08T17:51:17.845Z","tool":"get_editor_state","type":"resource","status":"SUCCESS","ms":0,"params":{}}
{"ts":"2026-08-08T17:51:17.851Z","tool":"get_project_info","type":"resource","status":"SUCCESS","ms":0,"params":{}}
{"ts":"2026-08-08T17:51:22.290Z","tool":"get_editor_state","type":"resource","status":"SUCCESS","ms":0,"params":{}}
{"ts":"2026-08-08T17:51:22.305Z","tool":"get_project_info","type":"resource","status":"SUCCESS","ms":0,"params":{}}
{"ts":"2026-08-08T17:51:28.173Z","tool":"get_test_job","type":"tool","status":"SUCCESS","ms":0,"params":{"job_id":"7d94bc2f36f942d6862b7fd66bdd50aa","includeFailedTests":true}}
{"ts":"2026-08-08T17:51:30.221Z","tool":"get_test_job","type":"tool","status":"SUCCESS","ms":0,"params":{"job_id":"7d94bc2f36f942d6862b7fd66bdd50aa","includeFailedTests":true}}
{"ts":"2026-08-08T17:51:32.250Z","tool":"get_test_job","type":"tool","status":"SUCCESS","ms":0,"params":{"job_id":"7d94bc2f36f942d6862b7fd66bdd50aa","includeFailedTests":true}}
{"ts":"2026-08-08T17:51:34.347Z","tool":"get_test_job","type":"tool","status":"SUCCESS","ms":0,"params":{"job_id":"7d94bc2f36f942d6862b7fd66bdd50aa","includeFailedTests":true}}
{"ts":"2026-08-08T17:51:36.884Z","tool":"execute_code","type":"tool","status":"SUCCESS","ms":1234,"action":"execute","params":{"action":"execute","code":"return new { ka = true };","safety_checks":true,"compiler":"auto"}}
{"ts":"2026-08-08T17:51:36.897Z","tool":"get_test_job","type":"tool","status":"SUCCESS","ms":0,"params":{"job_id":"7d94bc2f36f942d6862b7fd66bdd50aa","includeFailedTests":true}}
{"ts":"2026-08-08T17:51:39.058Z","tool":"get_test_job","type":"tool","status":"SUCCESS","ms":0,"params":{"job_id":"7d94bc2f36f942d6862b7fd66bdd50aa","includeFailedTests":true}}
{"ts":"2026-08-08T17:51:41.363Z","tool":"get_test_job","type":"tool","status":"SUCCESS","ms":0,"params":{"job_id":"7d94bc2f36f942d6862b7fd66bdd50aa","includeFailedTests":true}}
{"ts":"2026-08-08T17:51:43.910Z","tool":"get_test_job","type":"tool","status":"SUCCESS","ms":0,"params":{"job_id":"7d94bc2f36f942d6862b7fd66bdd50aa","includeFailedTests":true}}
{"ts":"2026-08-08T17:51:50.534Z","tool":"manage_editor","type":"tool","status":"SUCCESS","ms":7,"action":"play","params":{"action":"play"}}
{"ts":"2026-08-08T17:52:38.207Z","tool":"execute_code","type":"tool","status":"SUCCESS","ms":1250,"action":"execute","params":{"action":"execute","code":"return new { ka = true };","safety_checks":true,"compiler":"auto"}}
{"ts":"2026-08-08T17:53:12.792Z","tool":"execute_code","type":"tool","status":"SUCCESS","ms":1193,"action":"execute","params":{"action":"execute","code":"UnityEngine.ScreenCapture.CaptureScreenshot(\"/private/tmp/claude-501/-Users-steven-caves-of-ooo/25f5aada-b900-417a-98cd-2a1d350c09e5/scratchpad/squint_jungle.png\");\nreturn \"capture requested (writes next frame)\";","safety_checks":true,"compiler":"auto"}}
{"ts":"2026-08-08T17:53:39.696Z","tool":"execute_code","type":"tool","status":"SUCCESS","ms":1382,"action":"execute","params":{"action":"execute","code":"return new { ka = true };","safety_checks":true,"compiler":"auto"}}
{"ts":"2026-08-08T17:54:02.849Z","tool":"manage_editor","type":"tool","status":"SUCCESS","ms":4,"action":"stop","params":{"action":"stop"}}
{"ts":"2026-08-08T17:54:08.645Z","tool":"get_editor_state","type":"resource","status":"SUCCESS","ms":0,"params":{}}
{"ts":"2026-08-08T17:54:08.654Z","tool":"get_project_info","type":"resource","status":"SUCCESS","ms":0,"params":{}}
{"ts":"2026-08-08T17:54:09.028Z","tool":"get_editor_state","type":"resource","status":"SUCCESS","ms":0,"params":{}}
{"ts":"2026-08-08T17:54:09.033Z","tool":"get_project_info","type":"resource","status":"SUCCESS","ms":0,"params":{}}
{"ts":"2026-08-08T17:54:09.287Z","tool":"get_editor_state","type":"resource","status":"SUCCESS","ms":0,"params":{}}
{"ts":"2026-08-08T17:54:09.298Z","tool":"get_project_info","type":"resource","status":"SUCCESS","ms":0,"params":{}}
{"ts":"2026-08-08T17:54:09.567Z","tool":"get_editor_state","type":"resource","status":"SUCCESS","ms":0,"params":{}}
{"ts":"2026-08-08T17:54:09.573Z","tool":"get_project_info","type":"resource","status":"SUCCESS","ms":0,"params":{}}
{"ts":"2026-08-08T17:54:09.844Z","tool":"get_editor_state","type":"resource","status":"SUCCESS","ms":0,"params":{}}
{"ts":"2026-08-08T17:54:09.847Z","tool":"get_project_info","type":"resource","status":"SUCCESS","ms":0,"params":{}}
{"ts":"2026-08-08T17:54:10.100Z","tool":"get_editor_state","type":"resource","status":"SUCCESS","ms":0,"params":{}}
{"ts":"2026-08-08T17:54:10.102Z","tool":"get_project_info","type":"resource","status":"SUCCESS","ms":0,"params":{}}
{"ts":"2026-08-08T17:54:26.584Z","event":"session_start","unity":"6000.3.4f1"}
{"ts":"2026-08-08T17:54:26.584Z","tool":"get_editor_state","type":"resource","status":"SUCCESS","ms":0,"params":{}}
{"ts":"2026-08-08T17:54:26.596Z","tool":"get_project_info","type":"resource","status":"SUCCESS","ms":1,"params":{}}
{"ts":"2026-08-08T17:54:32.481Z","tool":"get_editor_state","type":"resource","status":"SUCCESS","ms":0,"params":{}}
{"ts":"2026-08-08T17:54:32.483Z","tool":"get_project_info","type":"resource","status":"SUCCESS","ms":0,"params":{}}
{"ts":"2026-08-08T17:54:41.136Z","tool":"execute_code","type":"tool","status":"SUCCESS","ms":1343,"action":"execute","params":{"action":"execute","code":"return new { ka = true };","safety_checks":true,"compiler":"auto"}}
{"ts":"2026-08-08T17:55:09.170Z","tool":"get_test_job","type":"tool","status":"SUCCESS","ms":1,"params":{"job_id":"fdd84b00c2ae49d8bdc981a51b2454bb","includeFailedTests":true}}
{"ts":"2026-08-08T17:55:42.514Z","tool":"execute_code","type":"tool","status":"SUCCESS","ms":1314,"action":"execute","params":{"action":"execute","code":"return new { ka = true };","safety_checks":true,"compiler":"auto"}}
{"ts":"2026-08-08T17:56:43.834Z","tool":"execute_code","type":"tool","status":"SUCCESS","ms":1257,"action":"execute","params":{"action":"execute","code":"return new { ka = true };","safety_checks":true,"compiler":"auto"}}
{"ts":"2026-08-08T17:57:44.701Z","tool":"execute_code","type":"tool","status":"SUCCESS","ms":757,"action":"execute","params":{"action":"execute","code":"return new { ka = true };","safety_checks":true,"compiler":"auto"}}
{"ts":"2026-08-08T17:58:45.587Z","tool":"execute_code","type":"tool","status":"SUCCESS","ms":700,"action":"execute","params":{"action":"execute","code":"return new { ka = true };","safety_checks":true,"compiler":"auto"}}
{"ts":"2026-08-08T17:59:46.283Z","tool":"execute_code","type":"tool","status":"SUCCESS","ms":626,"action":"execute","params":{"action":"execute","code":"return new { ka = true };","safety_checks":true,"compiler":"auto"}}
{"ts":"2026-08-08T18:00:47.018Z","tool":"execute_code","type":"tool","status":"SUCCESS","ms":673,"action":"execute","params":{"action":"execute","code":"return new { ka = true };","safety_checks":true,"compiler":"auto"}}
{"ts":"2026-08-08T18:01:47.756Z","tool":"execute_code","type":"tool","status":"SUCCESS","ms":672,"action":"execute","params":{"action":"execute","code":"return new { ka = true };","safety_checks":true,"compiler":"auto"}}
{"ts":"2026-08-08T18:02:48.533Z","tool":"execute_code","type":"tool","status":"SUCCESS","ms":715,"action":"execute","params":{"action":"execute","code":"return new { ka = true };","safety_checks":true,"compiler":"auto"}}
{"ts":"2026-08-08T18:03:13.710Z","tool":"get_editor_state","type":"resource","status":"SUCCESS","ms":0,"params":{}}
{"ts":"2026-08-08T18:03:13.716Z","tool":"get_project_info","type":"resource","status":"SUCCESS","ms":0,"params":{}}
{"ts":"2026-08-08T18:03:14.019Z","tool":"get_editor_state","type":"resource","status":"SUCCESS","ms":0,"params":{}}
{"ts":"2026-08-08T18:03:14.020Z","tool":"get_project_info","type":"resource","status":"SUCCESS","ms":0,"params":{}}
{"ts":"2026-08-08T18:03:14.275Z","tool":"get_editor_state","type":"resource","status":"SUCCESS","ms":0,"params":{}}
{"ts":"2026-08-08T18:03:14.278Z","tool":"get_project_info","type":"resource","status":"SUCCESS","ms":0,"params":{}}
{"ts":"2026-08-08T18:03:14.531Z","tool":"get_editor_state","type":"resource","status":"SUCCESS","ms":0,"params":{}}
{"ts":"2026-08-08T18:03:14.533Z","tool":"get_project_info","type":"resource","status":"SUCCESS","ms":0,"params":{}}
{"ts":"2026-08-08T18:03:14.793Z","tool":"get_editor_state","type":"resource","status":"SUCCESS","ms":0,"params":{}}
{"ts":"2026-08-08T18:03:14.798Z","tool":"get_project_info","type":"resource","status":"SUCCESS","ms":0,"params":{}}
{"ts":"2026-08-08T18:03:15.053Z","tool":"get_editor_state","type":"resource","status":"SUCCESS","ms":0,"params":{}}
{"ts":"2026-08-08T18:03:15.055Z","tool":"get_project_info","type":"resource","status":"SUCCESS","ms":0,"params":{}}
{"ts":"2026-08-08T18:03:15.307Z","tool":"get_editor_state","type":"resource","status":"SUCCESS","ms":0,"params":{}}
{"ts":"2026-08-08T18:03:15.308Z","tool":"get_project_info","type":"resource","status":"SUCCESS","ms":0,"params":{}}
{"ts":"2026-08-08T18:03:20.623Z","event":"session_start","unity":"6000.3.4f1"}
{"ts":"2026-08-08T18:03:20.623Z","tool":"get_editor_state","type":"resource","status":"SUCCESS","ms":0,"params":{}}
{"ts":"2026-08-08T18:03:21.227Z","tool":"get_project_info","type":"resource","status":"SUCCESS","ms":1,"params":{}}
{"ts":"2026-08-08T18:03:27.808Z","tool":"get_editor_state","type":"resource","status":"SUCCESS","ms":0,"params":{}}
{"ts":"2026-08-08T18:03:27.809Z","tool":"get_project_info","type":"resource","status":"SUCCESS","ms":0,"params":{}}
{"ts":"2026-08-08T18:03:32.761Z","tool":"get_test_job","type":"tool","status":"SUCCESS","ms":0,"params":{"job_id":"3189b0a083ad4292b326f88f97dfadf5","includeFailedTests":true}}
{"ts":"2026-08-08T18:03:34.768Z","tool":"get_test_job","type":"tool","status":"SUCCESS","ms":0,"params":{"job_id":"3189b0a083ad4292b326f88f97dfadf5","includeFailedTests":true}}
{"ts":"2026-08-08T18:03:36.821Z","tool":"get_test_job","type":"tool","status":"SUCCESS","ms":0,"params":{"job_id":"3189b0a083ad4292b326f88f97dfadf5","includeFailedTests":true}}
{"ts":"2026-08-08T18:03:38.935Z","tool":"get_test_job","type":"tool","status":"SUCCESS","ms":0,"params":{"job_id":"3189b0a083ad4292b326f88f97dfadf5","includeFailedTests":true}}
{"ts":"2026-08-08T18:03:41.109Z","tool":"get_test_job","type":"tool","status":"SUCCESS","ms":0,"params":{"job_id":"3189b0a083ad4292b326f88f97dfadf5","includeFailedTests":true}}
{"ts":"2026-08-08T18:03:43.194Z","tool":"get_test_job","type":"tool","status":"SUCCESS","ms":0,"params":{"job_id":"3189b0a083ad4292b326f88f97dfadf5","includeFailedTests":true}}
{"ts":"2026-08-08T18:03:45.412Z","tool":"get_test_job","type":"tool","status":"SUCCESS","ms":0,"params":{"job_id":"3189b0a083ad4292b326f88f97dfadf5","includeFailedTests":true}}
{"ts":"2026-08-08T18:03:49.306Z","tool":"execute_code","type":"tool","status":"SUCCESS","ms":700,"action":"execute","params":{"action":"execute","code":"return new { ka = true };","safety_checks":true,"compiler":"auto"}}
{"ts":"2026-08-08T18:03:53.218Z","tool":"manage_editor","type":"tool","status":"SUCCESS","ms":8,"action":"play","params":{"action":"play"}}
{"ts":"2026-08-08T18:04:50.836Z","tool":"execute_code","type":"tool","status":"SUCCESS","ms":1448,"action":"execute","params":{"action":"execute","code":"return new { ka = true };","safety_checks":true,"compiler":"auto"}}
{"ts":"2026-08-08T18:05:07.647Z","tool":"execute_code","type":"tool","status":"SUCCESS","ms":1220,"action":"execute","params":{"action":"execute","code":"var overlayTm = default(UnityEngine.Tilemaps.Tilemap);\nforeach (var tm in UnityEngine.Object.FindObjectsByType<UnityEngine.Tilemaps.Tilemap>(UnityEngine.FindObjectsSortMode.None))\n    if (tm.gameObject.name == \"EnvironmentSpriteTilemap\") overlayTm = tm;\nvar zr = UnityEngine.Object.FindObjectsByType<CavesOfOoo.Rendering.ZoneRenderer>(UnityEngine.FindObjectsSortMode.None);\nvar prop = zr[0].GetType().GetProperty(\"CurrentZone\");\nvar zone = (prop != null ? prop.GetValue(zr[0]) : zr[0].GetType().GetField(\"CurrentZone\").GetValue(zr[0])) as CavesOfOoo.Core.Zone;\nvar claimed = new System.Text.StringBuilder();\nvar ascii = new System.Text.StringBuilder();\nfor (int x = 0; x < CavesOfOoo.Core.Zone.Width; x++)\nfor (int zy = 0; zy < CavesOfOoo.Core.Zone.Height; zy++)\n{\n    var cell = zone.GetCell(x, zy);\n    if (cell == null || !cell.Explored) continue;\n    var top = cell.GetTopVisibleObject();\n    string bp = top != null ? top.BlueprintName : \"-\";\n    if (bp == \"-\" || bp.EndsWith(\"Floor\") || bp == \"SilverSand\" || bp == \"Sand\" || bp == \"Grass\" || bp == \"Wall\" || bp == \"Bank\") continue;\n    var t = overlayTm.GetTile(new UnityEngine.Vector3Int(x, CavesOfOoo.Core.Zone.Height - 1 - zy, 0));\n    if (t != null) claimed.Append(bp + \"->\" + t.name + \" \");\n    else ascii.Append(bp + \" \");\n}\nreturn \"CLAIMED: \" + claimed + \" || ASCII: \" + ascii;","safety_checks":true,"compiler":"auto"}}
{"ts":"2026-08-08T18:05:52.259Z","tool":"execute_code","type":"tool","status":"SUCCESS","ms":1321,"action":"execute","params":{"action":"execute","code":"return new { ka = true };","safety_checks":true,"compiler":"auto"}}
{"ts":"2026-08-08T18:06:12.788Z","tool":"execute_code","type":"tool","status":"SUCCESS","ms":1185,"action":"execute","params":{"action":"execute","code":"var zr = UnityEngine.Object.FindObjectsByType<CavesOfOoo.Rendering.ZoneRenderer>(UnityEngine.FindObjectsSortMode.None);\nvar prop = zr[0].GetType().GetProperty(\"CurrentZone\");\nvar zone = (prop != null ? prop.GetValue(zr[0]) : zr[0].GetType().GetField(\"CurrentZone\").GetValue(zr[0])) as CavesOfOoo.Core.Zone;\nvar sb = new System.Text.StringBuilder();\nfor (int x = 0; x <= 12; x++)\nfor (int zy = 0; zy <= 10; zy++)\n{\n    var cell = zone.GetCell(x, zy);\n    if (cell == null || !cell.Explored || cell.Objects.Count == 0) continue;\n    var names = new System.Collections.Generic.List<string>();\n    for (int i = 0; i < cell.Objects.Count; i++)\n    {\n        var rp = cell.Objects[i].GetPart<CavesOfOoo.Core.RenderPart>();\n        names.Add(cell.Objects[i].BlueprintName + \"('\" + (rp != null ? rp.RenderString : \"?\") + \"')\");\n    }\n    if (names.Count == 1 && (names[0].StartsWith(\"SilverSand\") || names[0].StartsWith(\"Grass\") || names[0].StartsWith(\"Sand\"))) continue;\n    sb.Append(\"(\" + x + \",\" + zy + \")[\" + string.Join(\"+\", names) + \"] \");\n}\nreturn sb.ToString();","safety_checks":true,"compiler":"auto"}}
{"ts":"2026-08-08T18:06:31.491Z","tool":"execute_code","type":"tool","status":"SUCCESS","ms":1207,"action":"execute","params":{"action":"execute","code":"var sb = new System.Text.StringBuilder();\nforeach (var sr in UnityEngine.Object.FindObjectsByType<UnityEngine.SpriteRenderer>(UnityEngine.FindObjectsSortMode.None))\n{\n    var p = sr.transform.position;\n    if (p.x < 8 && p.y > 18)\n        sb.Append(sr.gameObject.name + \"@(\" + p.x.ToString(\"F1\") + \",\" + p.y.ToString(\"F1\") + \") sprite=\" + (sr.sprite != null ? sr.sprite.name : \"null\") + \" color=\" + sr.color + \" | \");\n}\nforeach (var ps in UnityEngine.Object.FindObjectsByType<UnityEngine.ParticleSystem>(UnityEngine.FindObjectsSortMode.None))\n{\n    var p = ps.transform.position;\n    if (p.x < 8 && p.y > 18)\n        sb.Append(\"PARTICLES:\" + ps.gameObject.name + \"@(\" + p.x.ToString(\"F1\") + \",\" + p.y.ToString(\"F1\") + \") | \");\n}\nreturn sb.Length > 0 ? sb.ToString() : \"nothing found in that region\";","safety_checks":true,"compiler":"auto"}}
{"ts":"2026-08-08T18:06:42.473Z","tool":"execute_code","type":"tool","status":"SUCCESS","ms":1247,"action":"execute","params":{"action":"execute","code":"var sb = new System.Text.StringBuilder();\nforeach (var tm in UnityEngine.Object.FindObjectsByType<UnityEngine.Tilemaps.Tilemap>(UnityEngine.FindObjectsSortMode.None))\n{\n    for (int x = 0; x <= 5; x++)\n    for (int ty = 19; ty <= 24; ty++)\n    {\n        var t = tm.GetTile(new UnityEngine.Vector3Int(x, ty, 0));\n        if (t == null) continue;\n        var c = tm.GetColor(new UnityEngine.Vector3Int(x, ty, 0));\n        bool reddish = c.r > 0.5f && c.g < 0.45f && c.b < 0.45f;\n        if (reddish || tm.gameObject.name == \"GlyphGhostTilemap\")\n            sb.Append(tm.gameObject.name + \"(\" + x + \",\" + ty + \")=\" + t.name + \" c=(\" + c.r.ToString(\"F2\") + \",\" + c.g.ToString(\"F2\") + \",\" + c.b.ToString(\"F2\") + \",\" + c.a.ToString(\"F2\") + \") | \");\n    }\n}\nreturn sb.Length > 0 ? sb.ToString() : \"no reddish tiles / no ghost tiles in region\";","safety_checks":true,"compiler":"auto"}}
{"ts":"2026-08-08T18:06:53.613Z","tool":"execute_code","type":"tool","status":"SUCCESS","ms":1270,"action":"execute","params":{"action":"execute","code":"return new { ka = true };","safety_checks":true,"compiler":"auto"}}
{"ts":"2026-08-08T18:06:59.049Z","tool":"execute_code","type":"tool","status":"SUCCESS","ms":1178,"action":"execute","params":{"action":"execute","code":"var zr = UnityEngine.Object.FindObjectsByType<CavesOfOoo.Rendering.ZoneRenderer>(UnityEngine.FindObjectsSortMode.None);\nvar prop = zr[0].GetType().GetProperty(\"CurrentZone\");\nvar zone = (prop != null ? prop.GetValue(zr[0]) : zr[0].GetType().GetField(\"CurrentZone\").GetValue(zr[0])) as CavesOfOoo.Core.Zone;\nvar sb = new System.Text.StringBuilder();\nfor (int x = 21; x <= 30; x++)\nfor (int zy = 1; zy <= 8; zy++)\n{\n    var cell = zone.GetCell(x, zy);\n    if (cell == null || cell.Objects.Count == 0) continue;\n    var names = new System.Collections.Generic.List<string>();\n    for (int i = 0; i < cell.Objects.Count; i++)\n    {\n        var rp = cell.Objects[i].GetPart<CavesOfOoo.Core.RenderPart>();\n        names.Add(cell.Objects[i].BlueprintName + \"('\" + (rp != null ? rp.RenderString : \"?\") + \"')\");\n    }\n    bool interesting = false;\n    foreach (var n in names) if (!n.StartsWith(\"SilverSand\") && !n.StartsWith(\"Grass(\") && !n.StartsWith(\"Sand(\") && !n.StartsWith(\"Floor(\") && !n.StartsWith(\"StoneWall\")) interesting = true;\n    if (interesting) sb.Append(\"(\" + x + \",\" + zy + \")[\" + string.Join(\"+\", names) + \"] \");\n}\nreturn sb.Length > 0 ? sb.ToString() : \"nothing interesting at (21-30, 1-8)\";","safety_checks":true,"compiler":"auto"}}
{"ts":"2026-08-08T18:07:54.880Z","tool":"execute_code","type":"tool","status":"SUCCESS","ms":1183,"action":"execute","params":{"action":"execute","code":"return new { ka = true };","safety_checks":true,"compiler":"auto"}}
{"ts":"2026-08-08T18:08:04.827Z","tool":"manage_editor","type":"tool","status":"SUCCESS","ms":6,"action":"stop","params":{"action":"stop"}}
{"ts":"2026-08-08T18:08:56.273Z","tool":"execute_code","type":"tool","status":"SUCCESS","ms":1306,"action":"execute","params":{"action":"execute","code":"return new { ka = true };","safety_checks":true,"compiler":"auto"}}
{"ts":"2026-08-08T18:09:34.243Z","tool":"get_editor_state","type":"resource","status":"SUCCESS","ms":0,"params":{}}
{"ts":"2026-08-08T18:09:34.251Z","tool":"get_project_info","type":"resource","status":"SUCCESS","ms":0,"params":{}}
{"ts":"2026-08-08T18:09:34.586Z","tool":"get_editor_state","type":"resource","status":"SUCCESS","ms":0,"params":{}}
{"ts":"2026-08-08T18:09:34.588Z","tool":"get_project_info","type":"resource","status":"SUCCESS","ms":0,"params":{}}
{"ts":"2026-08-08T18:09:34.843Z","tool":"get_editor_state","type":"resource","status":"SUCCESS","ms":0,"params":{}}
{"ts":"2026-08-08T18:09:34.846Z","tool":"get_project_info","type":"resource","status":"SUCCESS","ms":0,"params":{}}
{"ts":"2026-08-08T18:09:35.152Z","tool":"get_editor_state","type":"resource","status":"SUCCESS","ms":0,"params":{}}
{"ts":"2026-08-08T18:09:35.173Z","tool":"get_project_info","type":"resource","status":"SUCCESS","ms":0,"params":{}}
{"ts":"2026-08-08T18:09:35.436Z","tool":"get_editor_state","type":"resource","status":"SUCCESS","ms":0,"params":{}}
{"ts":"2026-08-08T18:09:35.438Z","tool":"get_project_info","type":"resource","status":"SUCCESS","ms":0,"params":{}}
{"ts":"2026-08-08T18:09:35.692Z","tool":"get_editor_state","type":"resource","status":"SUCCESS","ms":0,"params":{}}
{"ts":"2026-08-08T18:09:35.696Z","tool":"get_project_info","type":"resource","status":"SUCCESS","ms":0,"params":{}}
{"ts":"2026-08-08T18:09:41.685Z","tool":"get_editor_state","type":"resource","status":"SUCCESS","ms":0,"params":{}}
{"ts":"2026-08-08T18:09:41.686Z","tool":"get_project_info","type":"resource","status":"SUCCESS","ms":0,"params":{}}
{"ts":"2026-08-08T18:09:48.121Z","tool":"get_test_job","type":"tool","status":"SUCCESS","ms":0,"params":{"job_id":"e7a9af2fe60f44b7b00013c58d4bda83","includeFailedTests":true}}
{"ts":"2026-08-08T18:09:50.493Z","tool":"get_test_job","type":"tool","status":"SUCCESS","ms":0,"params":{"job_id":"e7a9af2fe60f44b7b00013c58d4bda83","includeFailedTests":true}}
{"ts":"2026-08-08T18:09:52.507Z","tool":"get_test_job","type":"tool","status":"SUCCESS","ms":0,"params":{"job_id":"e7a9af2fe60f44b7b00013c58d4bda83","includeFailedTests":true}}
{"ts":"2026-08-08T18:09:54.539Z","tool":"get_test_job","type":"tool","status":"SUCCESS","ms":0,"params":{"job_id":"e7a9af2fe60f44b7b00013c58d4bda83","includeFailedTests":true}}
{"ts":"2026-08-08T18:09:57.714Z","tool":"execute_code","type":"tool","status":"SUCCESS","ms":1338,"action":"execute","params":{"action":"execute","code":"return new { ka = true };","safety_checks":true,"compiler":"auto"}}
{"ts":"2026-08-08T18:09:57.794Z","tool":"get_test_job","type":"tool","status":"SUCCESS","ms":0,"params":{"job_id":"e7a9af2fe60f44b7b00013c58d4bda83","includeFailedTests":true}}
{"ts":"2026-08-08T18:09:59.903Z","tool":"get_test_job","type":"tool","status":"SUCCESS","ms":0,"params":{"job_id":"e7a9af2fe60f44b7b00013c58d4bda83","includeFailedTests":true}}
{"ts":"2026-08-08T18:10:01.911Z","tool":"get_test_job","type":"tool","status":"SUCCESS","ms":0,"params":{"job_id":"e7a9af2fe60f44b7b00013c58d4bda83","includeFailedTests":true}}
{"ts":"2026-08-08T18:10:03.914Z","tool":"get_test_job","type":"tool","status":"SUCCESS","ms":1,"params":{"job_id":"e7a9af2fe60f44b7b00013c58d4bda83","includeFailedTests":true}}
{"ts":"2026-08-08T18:10:59.084Z","tool":"execute_code","type":"tool","status":"SUCCESS","ms":1296,"action":"execute","params":{"action":"execute","code":"return new { ka = true };","safety_checks":true,"compiler":"auto"}}
{"ts":"2026-08-08T18:12:00.472Z","tool":"execute_code","type":"tool","status":"SUCCESS","ms":1317,"action":"execute","params":{"action":"execute","code":"return new { ka = true };","safety_checks":true,"compiler":"auto"}}
{"ts":"2026-08-08T18:16:02.147Z","event":"session_start","unity":"6000.3.4f1"}
{"ts":"2026-08-08T18:16:02.147Z","tool":"execute_code","type":"tool","status":"SUCCESS","ms":1274,"action":"execute","params":{"action":"execute","code":"return new { ka = true };","safety_checks":true,"compiler":"auto"}}
{"ts":"2026-08-08T18:17:03.512Z","tool":"execute_code","type":"tool","status":"SUCCESS","ms":1284,"action":"execute","params":{"action":"execute","code":"return new { ka = true };","safety_checks":true,"compiler":"auto"}}
{"ts":"2026-08-08T18:18:04.874Z","tool":"execute_code","type":"tool","status":"SUCCESS","ms":1286,"action":"execute","params":{"action":"execute","code":"return new { ka = true };","safety_checks":true,"compiler":"auto"}}
{"ts":"2026-08-08T18:19:06.199Z","tool":"execute_code","type":"tool","status":"SUCCESS","ms":1263,"action":"execute","params":{"action":"execute","code":"return new { ka = true };","safety_checks":true,"compiler":"auto"}}
{"ts":"2026-08-08T18:20:07.512Z","tool":"execute_code","type":"tool","status":"SUCCESS","ms":1245,"action":"execute","params":{"action":"execute","code":"return new { ka = true };","safety_checks":true,"compiler":"auto"}}
{"ts":"2026-08-08T18:21:08.842Z","tool":"execute_code","type":"tool","status":"SUCCESS","ms":1255,"action":"execute","params":{"action":"execute","code":"return new { ka = true };","safety_checks":true,"compiler":"auto"}}
{"ts":"2026-08-08T18:22:10.010Z","tool":"execute_code","type":"tool","status":"SUCCESS","ms":1093,"action":"execute","params":{"action":"execute","code":"return new { ka = true };","safety_checks":true,"compiler":"auto"}}
{"ts":"2026-08-08T18:23:11.223Z","tool":"execute_code","type":"tool","status":"SUCCESS","ms":1149,"action":"execute","params":{"action":"execute","code":"return new { ka = true };","safety_checks":true,"compiler":"auto"}}
{"ts":"2026-08-08T18:24:12.504Z","tool":"execute_code","type":"tool","status":"SUCCESS","ms":1216,"action":"execute","params":{"action":"execute","code":"return new { ka = true };","safety_checks":true,"compiler":"auto"}}
{"ts":"2026-08-08T18:25:13.683Z","tool":"execute_code","type":"tool","status":"SUCCESS","ms":1109,"action":"execute","params":{"action":"execute","code":"return new { ka = true };","safety_checks":true,"compiler":"auto"}}
{"ts":"2026-08-08T18:26:14.797Z","tool":"execute_code","type":"tool","status":"SUCCESS","ms":1052,"action":"execute","params":{"action":"execute","code":"return new { ka = true };","safety_checks":true,"compiler":"auto"}}
{"ts":"2026-08-08T18:27:15.934Z","tool":"execute_code","type":"tool","status":"SUCCESS","ms":1068,"action":"execute","params":{"action":"execute","code":"return new { ka = true };","safety_checks":true,"compiler":"auto"}}
{"ts":"2026-08-08T18:28:17.134Z","tool":"execute_code","type":"tool","status":"SUCCESS","ms":1129,"action":"execute","params":{"action":"execute","code":"return new { ka = true };","safety_checks":true,"compiler":"auto"}}
{"ts":"2026-08-08T18:29:18.286Z","tool":"execute_code","type":"tool","status":"SUCCESS","ms":1084,"action":"execute","params":{"action":"execute","code":"return new { ka = true };","safety_checks":true,"compiler":"auto"}}
{"ts":"2026-08-08T18:30:19.530Z","tool":"execute_code","type":"tool","status":"SUCCESS","ms":1177,"action":"execute","params":{"action":"execute","code":"return new { ka = true };","safety_checks":true,"compiler":"auto"}}
{"ts":"2026-08-08T18:31:20.798Z","tool":"execute_code","type":"tool","status":"SUCCESS","ms":1195,"action":"execute","params":{"action":"execute","code":"return new { ka = true };","safety_checks":true,"compiler":"auto"}}
{"ts":"2026-08-08T18:32:21.918Z","tool":"execute_code","type":"tool","status":"SUCCESS","ms":1050,"action":"execute","params":{"action":"execute","code":"return new { ka = true };","safety_checks":true,"compiler":"auto"}}
{"ts":"2026-08-08T18:33:23.256Z","tool":"execute_code","type":"tool","status":"SUCCESS","ms":1175,"action":"execute","params":{"action":"execute","code":"return new { ka = true };","safety_checks":true,"compiler":"auto"}}
{"ts":"2026-08-08T18:34:24.521Z","tool":"execute_code","type":"tool","status":"SUCCESS","ms":1180,"action":"execute","params":{"action":"execute","code":"return new { ka = true };","safety_checks":true,"compiler":"auto"}}
{"ts":"2026-08-08T18:35:25.834Z","tool":"execute_code","type":"tool","status":"SUCCESS","ms":1232,"action":"execute","params":{"action":"execute","code":"return new { ka = true };","safety_checks":true,"compiler":"auto"}}
{"ts":"2026-08-08T18:36:27.178Z","tool":"execute_code","type":"tool","status":"SUCCESS","ms":1274,"action":"execute","params":{"action":"execute","code":"return new { ka = true };","safety_checks":true,"compiler":"auto"}}
{"ts":"2026-08-08T18:37:20.827Z","tool":"get_editor_state","type":"resource","status":"SUCCESS","ms":0,"params":{}}
{"ts":"2026-08-08T18:37:20.831Z","tool":"get_project_info","type":"resource","status":"SUCCESS","ms":1,"params":{}}
{"ts":"2026-08-08T18:37:21.179Z","tool":"get_editor_state","type":"resource","status":"SUCCESS","ms":0,"params":{}}
{"ts":"2026-08-08T18:37:21.183Z","tool":"get_project_info","type":"resource","status":"SUCCESS","ms":0,"params":{}}
{"ts":"2026-08-08T18:37:21.438Z","tool":"get_editor_state","type":"resource","status":"SUCCESS","ms":0,"params":{}}
{"ts":"2026-08-08T18:37:21.439Z","tool":"get_project_info","type":"resource","status":"SUCCESS","ms":0,"params":{}}
{"ts":"2026-08-08T18:37:21.701Z","tool":"get_editor_state","type":"resource","status":"SUCCESS","ms":0,"params":{}}
{"ts":"2026-08-08T18:37:21.703Z","tool":"get_project_info","type":"resource","status":"SUCCESS","ms":0,"params":{}}
{"ts":"2026-08-08T18:37:21.980Z","tool":"get_editor_state","type":"resource","status":"SUCCESS","ms":0,"params":{}}
{"ts":"2026-08-08T18:37:21.983Z","tool":"get_project_info","type":"resource","status":"SUCCESS","ms":0,"params":{}}
{"ts":"2026-08-08T18:37:22.236Z","tool":"get_editor_state","type":"resource","status":"SUCCESS","ms":0,"params":{}}
{"ts":"2026-08-08T18:37:22.237Z","tool":"get_project_info","type":"resource","status":"SUCCESS","ms":0,"params":{}}
{"ts":"2026-08-08T18:37:22.492Z","tool":"get_editor_state","type":"resource","status":"SUCCESS","ms":0,"params":{}}
{"ts":"2026-08-08T18:37:22.494Z","tool":"get_project_info","type":"resource","status":"SUCCESS","ms":0,"params":{}}
{"ts":"2026-08-08T18:37:22.920Z","tool":"get_editor_state","type":"resource","status":"SUCCESS","ms":0,"params":{}}
{"ts":"2026-08-08T18:37:22.925Z","tool":"get_project_info","type":"resource","status":"SUCCESS","ms":1,"params":{}}
{"ts":"2026-08-08T18:37:28.467Z","tool":"execute_code","type":"tool","status":"SUCCESS","ms":1221,"action":"execute","params":{"action":"execute","code":"return new { ka = true };","safety_checks":true,"compiler":"auto"}}
{"ts":"2026-08-08T18:38:29.749Z","tool":"execute_code","type":"tool","status":"SUCCESS","ms":1212,"action":"execute","params":{"action":"execute","code":"return new { ka = true };","safety_checks":true,"compiler":"auto"}}
{"ts":"2026-08-08T18:39:31.054Z","tool":"execute_code","type":"tool","status":"SUCCESS","ms":1235,"action":"execute","params":{"action":"execute","code":"return new { ka = true };","safety_checks":true,"compiler":"auto"}}
{"ts":"2026-08-08T18:40:07.548Z","tool":"get_editor_state","type":"resource","status":"SUCCESS","ms":0,"params":{}}
{"ts":"2026-08-08T18:40:07.552Z","tool":"get_project_info","type":"resource","status":"SUCCESS","ms":0,"params":{}}
{"ts":"2026-08-08T18:40:07.882Z","tool":"get_editor_state","type":"resource","status":"SUCCESS","ms":0,"params":{}}
{"ts":"2026-08-08T18:40:07.886Z","tool":"get_project_info","type":"resource","status":"SUCCESS","ms":0,"params":{}}
{"ts":"2026-08-08T18:40:08.227Z","tool":"get_editor_state","type":"resource","status":"SUCCESS","ms":0,"params":{}}
{"ts":"2026-08-08T18:40:08.229Z","tool":"get_project_info","type":"resource","status":"SUCCESS","ms":0,"params":{}}
{"ts":"2026-08-08T18:40:08.483Z","tool":"get_editor_state","type":"resource","status":"SUCCESS","ms":0,"params":{}}
{"ts":"2026-08-08T18:40:08.484Z","tool":"get_project_info","type":"resource","status":"SUCCESS","ms":0,"params":{}}
{"ts":"2026-08-08T18:40:08.738Z","tool":"get_editor_state","type":"resource","status":"SUCCESS","ms":0,"params":{}}
{"ts":"2026-08-08T18:40:08.740Z","tool":"get_project_info","type":"resource","status":"SUCCESS","ms":0,"params":{}}
{"ts":"2026-08-08T18:40:08.994Z","tool":"get_editor_state","type":"resource","status":"SUCCESS","ms":0,"params":{}}
{"ts":"2026-08-08T18:40:08.995Z","tool":"get_project_info","type":"resource","status":"SUCCESS","ms":0,"params":{}}
{"ts":"2026-08-08T18:40:09.250Z","tool":"get_editor_state","type":"resource","status":"SUCCESS","ms":0,"params":{}}
{"ts":"2026-08-08T18:40:09.253Z","tool":"get_project_info","type":"resource","status":"SUCCESS","ms":0,"params":{}}
{"ts":"2026-08-08T18:40:09.599Z","tool":"get_editor_state","type":"resource","status":"SUCCESS","ms":0,"params":{}}
{"ts":"2026-08-08T18:40:09.602Z","tool":"get_project_info","type":"resource","status":"SUCCESS","ms":0,"params":{}}
{"ts":"2026-08-08T18:40:09.921Z","tool":"get_editor_state","type":"resource","status":"SUCCESS","ms":0,"params":{}}
{"ts":"2026-08-08T18:40:09.930Z","tool":"get_project_info","type":"resource","status":"SUCCESS","ms":0,"params":{}}
{"ts":"2026-08-08T18:40:10.188Z","tool":"get_editor_state","type":"resource","status":"SUCCESS","ms":0,"params":{}}
{"ts":"2026-08-08T18:40:10.190Z","tool":"get_project_info","type":"resource","status":"SUCCESS","ms":0,"params":{}}
{"ts":"2026-08-08T18:40:10.445Z","tool":"get_editor_state","type":"resource","status":"SUCCESS","ms":0,"params":{}}
{"ts":"2026-08-08T18:40:10.447Z","tool":"get_project_info","type":"resource","status":"SUCCESS","ms":0,"params":{}}
{"ts":"2026-08-08T18:40:10.700Z","tool":"get_editor_state","type":"resource","status":"SUCCESS","ms":0,"params":{}}
{"ts":"2026-08-08T18:40:10.701Z","tool":"get_project_info","type":"resource","status":"SUCCESS","ms":0,"params":{}}
{"ts":"2026-08-08T18:40:17.739Z","event":"session_start","unity":"6000.3.4f1"}
{"ts":"2026-08-08T18:40:17.739Z","tool":"get_editor_state","type":"resource","status":"SUCCESS","ms":0,"params":{}}
{"ts":"2026-08-08T18:40:17.751Z","tool":"get_project_info","type":"resource","status":"SUCCESS","ms":1,"params":{}}
{"ts":"2026-08-08T18:40:24.651Z","tool":"read_console","type":"tool","status":"SUCCESS","ms":3,"action":"get","params":{"action":"get","types":["error"],"count":6,"format":"plain","includeStacktrace":false}}
{"ts":"2026-08-08T18:40:32.283Z","tool":"execute_code","type":"tool","status":"SUCCESS","ms":1165,"action":"execute","params":{"action":"execute","code":"return new { ka = true };","safety_checks":true,"compiler":"auto"}}
{"ts":"2026-08-08T18:40:35.235Z","tool":"get_editor_state","type":"resource","status":"SUCCESS","ms":0,"params":{}}
{"ts":"2026-08-08T18:40:35.236Z","tool":"get_project_info","type":"resource","status":"SUCCESS","ms":0,"params":{}}
{"ts":"2026-08-08T18:40:40.853Z","tool":"get_test_job","type":"tool","status":"SUCCESS","ms":0,"params":{"job_id":"e105a00820704ca1be8f6f601326eea4","includeFailedTests":true}}
{"ts":"2026-08-08T18:40:42.872Z","tool":"get_test_job","type":"tool","status":"SUCCESS","ms":0,"params":{"job_id":"e105a00820704ca1be8f6f601326eea4","includeFailedTests":true}}
{"ts":"2026-08-08T18:40:44.926Z","tool":"get_test_job","type":"tool","status":"SUCCESS","ms":0,"params":{"job_id":"e105a00820704ca1be8f6f601326eea4","includeFailedTests":true}}
{"ts":"2026-08-08T18:40:46.941Z","tool":"get_test_job","type":"tool","status":"SUCCESS","ms":0,"params":{"job_id":"e105a00820704ca1be8f6f601326eea4","includeFailedTests":true}}
{"ts":"2026-08-08T18:40:49.118Z","tool":"get_test_job","type":"tool","status":"SUCCESS","ms":0,"params":{"job_id":"e105a00820704ca1be8f6f601326eea4","includeFailedTests":true}}
{"ts":"2026-08-08T18:40:51.294Z","tool":"get_test_job","type":"tool","status":"SUCCESS","ms":0,"params":{"job_id":"e105a00820704ca1be8f6f601326eea4","includeFailedTests":true}}
{"ts":"2026-08-08T18:40:53.687Z","tool":"get_test_job","type":"tool","status":"SUCCESS","ms":0,"params":{"job_id":"e105a00820704ca1be8f6f601326eea4","includeFailedTests":true}}
{"ts":"2026-08-08T18:40:55.874Z","tool":"get_test_job","type":"tool","status":"SUCCESS","ms":0,"params":{"job_id":"e105a00820704ca1be8f6f601326eea4","includeFailedTests":true}}
{"ts":"2026-08-08T18:41:15.971Z","tool":"get_editor_state","type":"resource","status":"SUCCESS","ms":0,"params":{}}
{"ts":"2026-08-08T18:41:15.978Z","tool":"get_project_info","type":"resource","status":"SUCCESS","ms":0,"params":{}}
{"ts":"2026-08-08T18:41:16.300Z","tool":"get_editor_state","type":"resource","status":"SUCCESS","ms":0,"params":{}}
{"ts":"2026-08-08T18:41:16.304Z","tool":"get_project_info","type":"resource","status":"SUCCESS","ms":0,"params":{}}
{"ts":"2026-08-08T18:41:16.578Z","tool":"get_editor_state","type":"resource","status":"SUCCESS","ms":0,"params":{}}
{"ts":"2026-08-08T18:41:16.580Z","tool":"get_project_info","type":"resource","status":"SUCCESS","ms":0,"params":{}}
{"ts":"2026-08-08T18:41:16.876Z","tool":"get_editor_state","type":"resource","status":"SUCCESS","ms":0,"params":{}}
{"ts":"2026-08-08T18:41:16.887Z","tool":"get_project_info","type":"resource","status":"SUCCESS","ms":0,"params":{}}
{"ts":"2026-08-08T18:41:17.142Z","tool":"get_editor_state","type":"resource","status":"SUCCESS","ms":0,"params":{}}
{"ts":"2026-08-08T18:41:17.144Z","tool":"get_project_info","type":"resource","status":"SUCCESS","ms":0,"params":{}}
{"ts":"2026-08-08T18:41:17.397Z","tool":"get_editor_state","type":"resource","status":"SUCCESS","ms":0,"params":{}}
{"ts":"2026-08-08T18:41:17.399Z","tool":"get_project_info","type":"resource","status":"SUCCESS","ms":0,"params":{}}
{"ts":"2026-08-08T18:41:17.653Z","tool":"get_editor_state","type":"resource","status":"SUCCESS","ms":0,"params":{}}
{"ts":"2026-08-08T18:41:17.654Z","tool":"get_project_info","type":"resource","status":"SUCCESS","ms":0,"params":{}}
{"ts":"2026-08-08T18:41:24.565Z","event":"session_start","unity":"6000.3.4f1"}
{"ts":"2026-08-08T18:41:24.565Z","tool":"get_editor_state","type":"resource","status":"SUCCESS","ms":0,"params":{}}
{"ts":"2026-08-08T18:41:25.109Z","tool":"get_project_info","type":"resource","status":"SUCCESS","ms":1,"params":{}}
{"ts":"2026-08-08T18:41:33.465Z","tool":"execute_code","type":"tool","status":"SUCCESS","ms":1115,"action":"execute","params":{"action":"execute","code":"return new { ka = true };","safety_checks":true,"compiler":"auto"}}
{"ts":"2026-08-08T18:41:33.474Z","tool":"get_editor_state","type":"resource","status":"SUCCESS","ms":0,"params":{}}
{"ts":"2026-08-08T18:41:33.479Z","tool":"get_project_info","type":"resource","status":"SUCCESS","ms":0,"params":{}}
{"ts":"2026-08-08T18:41:39.021Z","tool":"get_test_job","type":"tool","status":"SUCCESS","ms":0,"params":{"job_id":"ba7390f12c28467097a73296d4a3efae","includeFailedTests":true}}
{"ts":"2026-08-08T18:41:41.054Z","tool":"get_test_job","type":"tool","status":"SUCCESS","ms":0,"params":{"job_id":"ba7390f12c28467097a73296d4a3efae","includeFailedTests":true}}
{"ts":"2026-08-08T18:41:43.417Z","tool":"get_test_job","type":"tool","status":"SUCCESS","ms":0,"params":{"job_id":"ba7390f12c28467097a73296d4a3efae","includeFailedTests":true}}
{"ts":"2026-08-08T18:41:45.437Z","tool":"get_test_job","type":"tool","status":"SUCCESS","ms":0,"params":{"job_id":"ba7390f12c28467097a73296d4a3efae","includeFailedTests":true}}
{"ts":"2026-08-08T18:41:47.462Z","tool":"get_test_job","type":"tool","status":"SUCCESS","ms":0,"params":{"job_id":"ba7390f12c28467097a73296d4a3efae","includeFailedTests":true}}
{"ts":"2026-08-08T18:41:50.355Z","tool":"get_test_job","type":"tool","status":"SUCCESS","ms":0,"params":{"job_id":"ba7390f12c28467097a73296d4a3efae","includeFailedTests":true}}
{"ts":"2026-08-08T18:41:52.817Z","tool":"get_test_job","type":"tool","status":"SUCCESS","ms":0,"params":{"job_id":"ba7390f12c28467097a73296d4a3efae","includeFailedTests":true}}
{"ts":"2026-08-08T18:42:01.399Z","tool":"get_editor_state","type":"resource","status":"SUCCESS","ms":0,"params":{}}
{"ts":"2026-08-08T18:42:01.400Z","tool":"get_project_info","type":"resource","status":"SUCCESS","ms":0,"params":{}}
{"ts":"2026-08-08T18:42:02.127Z","tool":"get_editor_state","type":"resource","status":"SUCCESS","ms":0,"params":{}}
{"ts":"2026-08-08T18:42:02.135Z","tool":"get_project_info","type":"resource","status":"SUCCESS","ms":0,"params":{}}
{"ts":"2026-08-08T18:42:02.389Z","tool":"get_editor_state","type":"resource","status":"SUCCESS","ms":0,"params":{}}
{"ts":"2026-08-08T18:42:02.391Z","tool":"get_project_info","type":"resource","status":"SUCCESS","ms":0,"params":{}}
{"ts":"2026-08-08T18:42:07.980Z","event":"session_start","unity":"6000.3.4f1"}
{"ts":"2026-08-08T18:42:07.980Z","tool":"get_editor_state","type":"resource","status":"SUCCESS","ms":0,"params":{}}
{"ts":"2026-08-08T18:42:08.501Z","tool":"get_project_info","type":"resource","status":"SUCCESS","ms":1,"params":{}}
{"ts":"2026-08-08T18:42:15.482Z","tool":"get_test_job","type":"tool","status":"SUCCESS","ms":1,"params":{"job_id":"65c078acff504ced93813fdfbb94bc3d","includeFailedTests":true}}
{"ts":"2026-08-08T18:42:26.545Z","tool":"manage_editor","type":"tool","status":"SUCCESS","ms":7,"action":"play","params":{"action":"play"}}
{"ts":"2026-08-08T18:42:34.796Z","tool":"execute_code","type":"tool","status":"SUCCESS","ms":1238,"action":"execute","params":{"action":"execute","code":"return new { ka = true };","safety_checks":true,"compiler":"auto"}}
{"ts":"2026-08-08T18:43:20.963Z","tool":"manage_editor","type":"tool","status":"SUCCESS","ms":3,"action":"stop","params":{"action":"stop"}}
{"ts":"2026-08-08T18:43:36.052Z","tool":"execute_code","type":"tool","status":"SUCCESS","ms":1174,"action":"execute","params":{"action":"execute","code":"return new { ka = true };","safety_checks":true,"compiler":"auto"}}
{"ts":"2026-08-08T18:44:37.335Z","tool":"execute_code","type":"tool","status":"SUCCESS","ms":1221,"action":"execute","params":{"action":"execute","code":"return new { ka = true };","safety_checks":true,"compiler":"auto"}}
{"ts":"2026-08-08T18:45:38.178Z","tool":"execute_code","type":"tool","status":"SUCCESS","ms":696,"action":"execute","params":{"action":"execute","code":"return new { ka = true };","safety_checks":true,"compiler":"auto"}}
{"ts":"2026-08-08T18:46:38.942Z","tool":"execute_code","type":"tool","status":"SUCCESS","ms":656,"action":"execute","params":{"action":"execute","code":"return new { ka = true };","safety_checks":true,"compiler":"auto"}}
{"ts":"2026-08-08T18:47:39.740Z","tool":"execute_code","type":"tool","status":"SUCCESS","ms":653,"action":"execute","params":{"action":"execute","code":"return new { ka = true };","safety_checks":true,"compiler":"auto"}}
{"ts":"2026-08-08T18:48:40.547Z","tool":"execute_code","type":"tool","status":"SUCCESS","ms":659,"action":"execute","params":{"action":"execute","code":"return new { ka = true };","safety_checks":true,"compiler":"auto"}}
{"ts":"2026-08-08T18:49:41.453Z","tool":"execute_code","type":"tool","status":"SUCCESS","ms":663,"action":"execute","params":{"action":"execute","code":"return new { ka = true };","safety_checks":true,"compiler":"auto"}}
{"ts":"2026-08-08T18:50:42.250Z","tool":"execute_code","type":"tool","status":"SUCCESS","ms":658,"action":"execute","params":{"action":"execute","code":"return new { ka = true };","safety_checks":true,"compiler":"auto"}}
{"ts":"2026-08-08T18:51:43.048Z","tool":"execute_code","type":"tool","status":"SUCCESS","ms":654,"action":"execute","params":{"action":"execute","code":"return new { ka = true };","safety_checks":true,"compiler":"auto"}}
{"ts":"2026-08-08T18:52:43.884Z","tool":"execute_code","type":"tool","status":"SUCCESS","ms":591,"action":"execute","params":{"action":"execute","code":"return new { ka = true };","safety_checks":true,"compiler":"auto"}}
{"ts":"2026-08-08T18:53:44.752Z","tool":"execute_code","type":"tool","status":"SUCCESS","ms":657,"action":"execute","params":{"action":"execute","code":"return new { ka = true };","safety_checks":true,"compiler":"auto"}}
{"ts":"2026-08-08T18:54:45.551Z","tool":"execute_code","type":"tool","status":"SUCCESS","ms":655,"action":"execute","params":{"action":"execute","code":"return new { ka = true };","safety_checks":true,"compiler":"auto"}}
{"ts":"2026-08-08T18:55:46.345Z","tool":"execute_code","type":"tool","status":"SUCCESS","ms":648,"action":"execute","params":{"action":"execute","code":"return new { ka = true };","safety_checks":true,"compiler":"auto"}}
{"ts":"2026-08-08T18:56:47.079Z","tool":"execute_code","type":"tool","status":"SUCCESS","ms":581,"action":"execute","params":{"action":"execute","code":"return new { ka = true };","safety_checks":true,"compiler":"auto"}}
{"ts":"2026-08-08T18:57:47.859Z","tool":"execute_code","type":"tool","status":"SUCCESS","ms":660,"action":"execute","params":{"action":"execute","code":"return new { ka = true };","safety_checks":true,"compiler":"auto"}}
{"ts":"2026-08-08T18:58:48.648Z","tool":"execute_code","type":"tool","status":"SUCCESS","ms":648,"action":"execute","params":{"action":"execute","code":"return new { ka = true };","safety_checks":true,"compiler":"auto"}}
{"ts":"2026-08-08T18:59:49.456Z","tool":"execute_code","type":"tool","status":"SUCCESS","ms":655,"action":"execute","params":{"action":"execute","code":"return new { ka = true };","safety_checks":true,"compiler":"auto"}}
{"ts":"2026-08-08T19:00:50.264Z","tool":"execute_code","type":"tool","status":"SUCCESS","ms":662,"action":"execute","params":{"action":"execute","code":"return new { ka = true };","safety_checks":true,"compiler":"auto"}}
{"ts":"2026-08-08T19:01:51.157Z","tool":"execute_code","type":"tool","status":"SUCCESS","ms":654,"action":"execute","params":{"action":"execute","code":"return new { ka = true };","safety_checks":true,"compiler":"auto"}}
{"ts":"2026-08-08T19:02:51.984Z","tool":"execute_code","type":"tool","status":"SUCCESS","ms":681,"action":"execute","params":{"action":"execute","code":"return new { ka = true };","safety_checks":true,"compiler":"auto"}}
{"ts":"2026-08-08T19:03:52.794Z","tool":"execute_code","type":"tool","status":"SUCCESS","ms":591,"action":"execute","params":{"action":"execute","code":"return new { ka = true };","safety_checks":true,"compiler":"auto"}}
{"ts":"2026-08-08T19:04:53.485Z","tool":"execute_code","type":"tool","status":"SUCCESS","ms":580,"action":"execute","params":{"action":"execute","code":"return new { ka = true };","safety_checks":true,"compiler":"auto"}}
{"ts":"2026-08-08T19:05:54.265Z","tool":"execute_code","type":"tool","status":"SUCCESS","ms":706,"action":"execute","params":{"action":"execute","code":"return new { ka = true };","safety_checks":true,"compiler":"auto"}}
{"ts":"2026-08-08T19:06:55.043Z","tool":"execute_code","type":"tool","status":"SUCCESS","ms":707,"action":"execute","params":{"action":"execute","code":"return new { ka = true };","safety_checks":true,"compiler":"auto"}}
{"ts":"2026-08-08T19:07:55.905Z","tool":"execute_code","type":"tool","status":"SUCCESS","ms":667,"action":"execute","params":{"action":"execute","code":"return new { ka = true };","safety_checks":true,"compiler":"auto"}}
{"ts":"2026-08-08T19:08:56.757Z","tool":"execute_code","type":"tool","status":"SUCCESS","ms":718,"action":"execute","params":{"action":"execute","code":"return new { ka = true };","safety_checks":true,"compiler":"auto"}}
{"ts":"2026-08-08T19:09:57.463Z","tool":"execute_code","type":"tool","status":"SUCCESS","ms":624,"action":"execute","params":{"action":"execute","code":"return new { ka = true };","safety_checks":true,"compiler":"auto"}}
{"ts":"2026-08-08T19:10:58.276Z","tool":"execute_code","type":"tool","status":"SUCCESS","ms":736,"action":"execute","params":{"action":"execute","code":"return new { ka = true };","safety_checks":true,"compiler":"auto"}}
{"ts":"2026-08-08T19:11:59.037Z","tool":"execute_code","type":"tool","status":"SUCCESS","ms":695,"action":"execute","params":{"action":"execute","code":"return new { ka = true };","safety_checks":true,"compiler":"auto"}}
{"ts":"2026-08-08T19:12:59.843Z","tool":"execute_code","type":"tool","status":"SUCCESS","ms":701,"action":"execute","params":{"action":"execute","code":"return new { ka = true };","safety_checks":true,"compiler":"auto"}}
{"ts":"2026-08-08T19:13:01.336Z","tool":"get_editor_state","type":"resource","status":"SUCCESS","ms":1,"params":{}}
{"ts":"2026-08-08T19:13:01.343Z","tool":"get_project_info","type":"resource","status":"SUCCESS","ms":0,"params":{}}
{"ts":"2026-08-08T19:13:01.942Z","tool":"get_editor_state","type":"resource","status":"SUCCESS","ms":0,"params":{}}
{"ts":"2026-08-08T19:13:02.141Z","tool":"get_project_info","type":"resource","status":"SUCCESS","ms":0,"params":{}}
{"ts":"2026-08-08T19:13:02.641Z","tool":"get_editor_state","type":"resource","status":"SUCCESS","ms":0,"params":{}}
{"ts":"2026-08-08T19:13:02.741Z","tool":"get_project_info","type":"resource","status":"SUCCESS","ms":0,"params":{}}
{"ts":"2026-08-08T19:13:03.342Z","tool":"get_editor_state","type":"resource","status":"SUCCESS","ms":0,"params":{}}
{"ts":"2026-08-08T19:13:03.442Z","tool":"get_project_info","type":"resource","status":"SUCCESS","ms":0,"params":{}}
{"ts":"2026-08-08T19:13:03.941Z","tool":"get_editor_state","type":"resource","status":"SUCCESS","ms":0,"params":{}}
{"ts":"2026-08-08T19:13:04.141Z","tool":"get_project_info","type":"resource","status":"SUCCESS","ms":0,"params":{}}
{"ts":"2026-08-08T19:13:04.641Z","tool":"get_editor_state","type":"resource","status":"SUCCESS","ms":0,"params":{}}
{"ts":"2026-08-08T19:13:04.841Z","tool":"get_project_info","type":"resource","status":"SUCCESS","ms":0,"params":{}}
{"ts":"2026-08-08T19:13:05.441Z","tool":"get_editor_state","type":"resource","status":"SUCCESS","ms":0,"params":{}}
{"ts":"2026-08-08T19:13:10.448Z","event":"session_start","unity":"6000.3.4f1"}
{"ts":"2026-08-08T19:13:10.448Z","tool":"get_editor_state","type":"resource","status":"SUCCESS","ms":1,"params":{}}
{"ts":"2026-08-08T19:13:10.542Z","tool":"get_project_info","type":"resource","status":"SUCCESS","ms":0,"params":{}}
{"ts":"2026-08-08T19:13:16.147Z","tool":"read_console","type":"tool","status":"SUCCESS","ms":5,"action":"get","params":{"action":"get","types":["error"],"count":8,"format":"plain","includeStacktrace":false}}
{"ts":"2026-08-08T19:13:25.943Z","tool":"get_editor_state","type":"resource","status":"SUCCESS","ms":0,"params":{}}
{"ts":"2026-08-08T19:13:26.143Z","tool":"get_project_info","type":"resource","status":"SUCCESS","ms":0,"params":{}}
{"ts":"2026-08-08T19:13:32.834Z","tool":"get_test_job","type":"tool","status":"SUCCESS","ms":1,"params":{"job_id":"9dd1f6eb369d42bba1959e97dc5058e0","includeFailedTests":true}}
{"ts":"2026-08-08T19:13:34.932Z","tool":"get_test_job","type":"tool","status":"SUCCESS","ms":0,"params":{"job_id":"9dd1f6eb369d42bba1959e97dc5058e0","includeFailedTests":true}}
{"ts":"2026-08-08T19:13:37.032Z","tool":"get_test_job","type":"tool","status":"SUCCESS","ms":0,"params":{"job_id":"9dd1f6eb369d42bba1959e97dc5058e0","includeFailedTests":true}}
{"ts":"2026-08-08T19:13:39.132Z","tool":"get_test_job","type":"tool","status":"SUCCESS","ms":0,"params":{"job_id":"9dd1f6eb369d42bba1959e97dc5058e0","includeFailedTests":true}}
{"ts":"2026-08-08T19:13:41.232Z","tool":"get_test_job","type":"tool","status":"SUCCESS","ms":0,"params":{"job_id":"9dd1f6eb369d42bba1959e97dc5058e0","includeFailedTests":true}}
{"ts":"2026-08-08T19:13:43.331Z","tool":"get_test_job","type":"tool","status":"SUCCESS","ms":0,"params":{"job_id":"9dd1f6eb369d42bba1959e97dc5058e0","includeFailedTests":true}}
{"ts":"2026-08-08T19:13:45.532Z","tool":"get_test_job","type":"tool","status":"SUCCESS","ms":0,"params":{"job_id":"9dd1f6eb369d42bba1959e97dc5058e0","includeFailedTests":true}}
{"ts":"2026-08-08T19:13:47.632Z","tool":"get_test_job","type":"tool","status":"SUCCESS","ms":0,"params":{"job_id":"9dd1f6eb369d42bba1959e97dc5058e0","includeFailedTests":true}}
{"ts":"2026-08-08T19:13:49.732Z","tool":"get_test_job","type":"tool","status":"SUCCESS","ms":0,"params":{"job_id":"9dd1f6eb369d42bba1959e97dc5058e0","includeFailedTests":true}}
{"ts":"2026-08-08T19:13:51.833Z","tool":"get_test_job","type":"tool","status":"SUCCESS","ms":0,"params":{"job_id":"9dd1f6eb369d42bba1959e97dc5058e0","includeFailedTests":true}}
{"ts":"2026-08-08T19:13:53.932Z","tool":"get_test_job","type":"tool","status":"SUCCESS","ms":0,"params":{"job_id":"9dd1f6eb369d42bba1959e97dc5058e0","includeFailedTests":true}}
{"ts":"2026-08-08T19:13:56.132Z","tool":"get_test_job","type":"tool","status":"SUCCESS","ms":0,"params":{"job_id":"9dd1f6eb369d42bba1959e97dc5058e0","includeFailedTests":true}}
{"ts":"2026-08-08T19:13:58.332Z","tool":"get_test_job","type":"tool","status":"SUCCESS","ms":0,"params":{"job_id":"9dd1f6eb369d42bba1959e97dc5058e0","includeFailedTests":true}}
{"ts":"2026-08-08T19:14:00.629Z","tool":"execute_code","type":"tool","status":"SUCCESS","ms":697,"action":"execute","params":{"action":"execute","code":"return new { ka = true };","safety_checks":true,"compiler":"auto"}}
{"ts":"2026-08-08T19:14:00.733Z","tool":"get_test_job","type":"tool","status":"SUCCESS","ms":0,"params":{"job_id":"9dd1f6eb369d42bba1959e97dc5058e0","includeFailedTests":true}}
{"ts":"2026-08-08T19:14:02.832Z","tool":"get_test_job","type":"tool","status":"SUCCESS","ms":0,"params":{"job_id":"9dd1f6eb369d42bba1959e97dc5058e0","includeFailedTests":true}}
{"ts":"2026-08-08T19:14:05.032Z","tool":"get_test_job","type":"tool","status":"SUCCESS","ms":0,"params":{"job_id":"9dd1f6eb369d42bba1959e97dc5058e0","includeFailedTests":true}}
{"ts":"2026-08-08T19:14:07.233Z","tool":"get_test_job","type":"tool","status":"SUCCESS","ms":0,"params":{"job_id":"9dd1f6eb369d42bba1959e97dc5058e0","includeFailedTests":true}}
{"ts":"2026-08-08T19:14:09.431Z","tool":"get_test_job","type":"tool","status":"SUCCESS","ms":0,"params":{"job_id":"9dd1f6eb369d42bba1959e97dc5058e0","includeFailedTests":true}}
{"ts":"2026-08-08T19:14:11.532Z","tool":"get_test_job","type":"tool","status":"SUCCESS","ms":0,"params":{"job_id":"9dd1f6eb369d42bba1959e97dc5058e0","includeFailedTests":true}}
{"ts":"2026-08-08T19:14:13.733Z","tool":"get_test_job","type":"tool","status":"SUCCESS","ms":0,"params":{"job_id":"9dd1f6eb369d42bba1959e97dc5058e0","includeFailedTests":true}}
{"ts":"2026-08-08T19:14:15.833Z","tool":"get_test_job","type":"tool","status":"SUCCESS","ms":0,"params":{"job_id":"9dd1f6eb369d42bba1959e97dc5058e0","includeFailedTests":true}}
{"ts":"2026-08-08T19:14:17.933Z","tool":"get_test_job","type":"tool","status":"SUCCESS","ms":0,"params":{"job_id":"9dd1f6eb369d42bba1959e97dc5058e0","includeFailedTests":true}}
{"ts":"2026-08-08T19:14:20.133Z","tool":"get_test_job","type":"tool","status":"SUCCESS","ms":0,"params":{"job_id":"9dd1f6eb369d42bba1959e97dc5058e0","includeFailedTests":true}}
{"ts":"2026-08-08T19:14:22.233Z","tool":"get_test_job","type":"tool","status":"SUCCESS","ms":0,"params":{"job_id":"9dd1f6eb369d42bba1959e97dc5058e0","includeFailedTests":true}}
{"ts":"2026-08-08T19:14:24.433Z","tool":"get_test_job","type":"tool","status":"SUCCESS","ms":0,"params":{"job_id":"9dd1f6eb369d42bba1959e97dc5058e0","includeFailedTests":true}}
{"ts":"2026-08-08T19:14:26.531Z","tool":"get_test_job","type":"tool","status":"SUCCESS","ms":0,"params":{"job_id":"9dd1f6eb369d42bba1959e97dc5058e0","includeFailedTests":true}}
{"ts":"2026-08-08T19:14:28.633Z","tool":"get_test_job","type":"tool","status":"SUCCESS","ms":0,"params":{"job_id":"9dd1f6eb369d42bba1959e97dc5058e0","includeFailedTests":true}}
{"ts":"2026-08-08T19:14:30.832Z","tool":"get_test_job","type":"tool","status":"SUCCESS","ms":0,"params":{"job_id":"9dd1f6eb369d42bba1959e97dc5058e0","includeFailedTests":true}}
{"ts":"2026-08-08T19:14:32.932Z","tool":"get_test_job","type":"tool","status":"SUCCESS","ms":0,"params":{"job_id":"9dd1f6eb369d42bba1959e97dc5058e0","includeFailedTests":true}}
{"ts":"2026-08-08T19:14:41.832Z","tool":"get_test_job","type":"tool","status":"SUCCESS","ms":0,"params":{"job_id":"9dd1f6eb369d42bba1959e97dc5058e0","includeFailedTests":true}}
{"ts":"2026-08-08T19:14:43.933Z","tool":"get_test_job","type":"tool","status":"SUCCESS","ms":0,"params":{"job_id":"9dd1f6eb369d42bba1959e97dc5058e0","includeFailedTests":true}}
{"ts":"2026-08-08T19:14:46.033Z","tool":"get_test_job","type":"tool","status":"SUCCESS","ms":0,"params":{"job_id":"9dd1f6eb369d42bba1959e97dc5058e0","includeFailedTests":true}}
{"ts":"2026-08-08T19:14:48.233Z","tool":"get_test_job","type":"tool","status":"SUCCESS","ms":0,"params":{"job_id":"9dd1f6eb369d42bba1959e97dc5058e0","includeFailedTests":true}}
{"ts":"2026-08-08T19:14:50.333Z","tool":"get_test_job","type":"tool","status":"SUCCESS","ms":0,"params":{"job_id":"9dd1f6eb369d42bba1959e97dc5058e0","includeFailedTests":true}}
{"ts":"2026-08-08T19:14:52.533Z","tool":"get_test_job","type":"tool","status":"SUCCESS","ms":0,"params":{"job_id":"9dd1f6eb369d42bba1959e97dc5058e0","includeFailedTests":true}}
{"ts":"2026-08-08T19:14:54.633Z","tool":"get_test_job","type":"tool","status":"SUCCESS","ms":0,"params":{"job_id":"9dd1f6eb369d42bba1959e97dc5058e0","includeFailedTests":true}}
{"ts":"2026-08-08T19:14:56.733Z","tool":"get_test_job","type":"tool","status":"SUCCESS","ms":0,"params":{"job_id":"9dd1f6eb369d42bba1959e97dc5058e0","includeFailedTests":true}}
{"ts":"2026-08-08T19:14:58.933Z","tool":"get_test_job","type":"tool","status":"SUCCESS","ms":0,"params":{"job_id":"9dd1f6eb369d42bba1959e97dc5058e0","includeFailedTests":true}}
{"ts":"2026-08-08T19:15:01.934Z","tool":"execute_code","type":"tool","status":"SUCCESS","ms":688,"action":"execute","params":{"action":"execute","code":"return new { ka = true };","safety_checks":true,"compiler":"auto"}}
{"ts":"2026-08-08T19:15:01.936Z","tool":"get_test_job","type":"tool","status":"SUCCESS","ms":0,"params":{"job_id":"9dd1f6eb369d42bba1959e97dc5058e0","includeFailedTests":true}}
{"ts":"2026-08-08T19:15:31.163Z","tool":"manage_editor","type":"tool","status":"SUCCESS","ms":17,"action":"play","params":{"action":"play"}}
{"ts":"2026-08-08T19:16:03.331Z","tool":"execute_code","type":"tool","status":"SUCCESS","ms":1315,"action":"execute","params":{"action":"execute","code":"return new { ka = true };","safety_checks":true,"compiler":"auto"}}
{"ts":"2026-08-08T19:16:07.127Z","tool":"execute_code","type":"tool","status":"SUCCESS","ms":1118,"action":"execute","params":{"action":"execute","code":"CavesOfOoo.Rendering.EnvironmentSpriteRenderer.Perf.Reset();\nreturn \"counters reset — window 1 (walking) begins\";","safety_checks":true,"compiler":"auto"}}
{"ts":"2026-08-08T19:16:20.820Z","tool":"execute_code","type":"tool","status":"SUCCESS","ms":1216,"action":"execute","params":{"action":"execute","code":"string w1 = CavesOfOoo.Rendering.EnvironmentSpriteRenderer.Perf.Snapshot();\nCavesOfOoo.Rendering.EnvironmentSpriteRenderer.Perf.Reset();\nreturn \"WINDOW1(walking): \" + w1;","safety_checks":true,"compiler":"auto"}}
{"ts":"2026-08-08T19:17:04.683Z","tool":"execute_code","type":"tool","status":"SUCCESS","ms":1267,"action":"execute","params":{"action":"execute","code":"return new { ka = true };","safety_checks":true,"compiler":"auto"}}
{"ts":"2026-08-08T19:17:18.306Z","tool":"execute_code","type":"tool","status":"SUCCESS","ms":1214,"action":"execute","params":{"action":"execute","code":"return \"WINDOW2(waiting/NPC turns): \" + CavesOfOoo.Rendering.EnvironmentSpriteRenderer.Perf.Snapshot();","safety_checks":true,"compiler":"auto"}}
{"ts":"2026-08-08T19:18:02.062Z","tool":"execute_code","type":"tool","status":"SUCCESS","ms":1194,"action":"execute","params":{"action":"execute","code":"return \"WINDOW2(waiting/NPC turns): \" + CavesOfOoo.Rendering.EnvironmentSpriteRenderer.Perf.Snapshot();","safety_checks":true,"compiler":"auto"}}
{"ts":"2026-08-08T19:18:05.888Z","tool":"execute_code","type":"tool","status":"SUCCESS","ms":1128,"action":"execute","params":{"action":"execute","code":"return new { ka = true };","safety_checks":true,"compiler":"auto"}}
{"ts":"2026-08-08T19:18:32.313Z","tool":"execute_code","type":"tool","status":"SUCCESS","ms":1171,"action":"execute","params":{"action":"execute","code":"var tmType = System.Type.GetType(\"CavesOfOoo.Core.TurnManager, CavesOfOoo\");\nif (tmType == null) return \"TurnManager type not found\";\nvar inst = tmType.GetProperty(\"Instance\", System.Reflection.BindingFlags.Public | System.Reflection.BindingFlags.Static)?.GetValue(null);\nvar sb = new System.Text.StringBuilder();\nforeach (var p in tmType.GetProperties(System.Reflection.BindingFlags.Public | System.Reflection.BindingFlags.Instance | System.Reflection.BindingFlags.Static))\n    if (p.Name.ToLower().Contains(\"turn\") || p.Name.ToLower().Contains(\"clock\") || p.Name.ToLower().Contains(\"tick\"))\n        sb.Append(p.Name + \"=\" + (p.GetGetMethod()?.IsStatic == true ? p.GetValue(null) : (inst != null ? p.GetValue(inst) : \"?\")) + \" \");\nreturn sb.Length > 0 ? sb.ToString() : \"no turn-ish properties found\";","safety_checks":true,"compiler":"auto"}}
{"ts":"2026-08-08T19:18:46.667Z","tool":"execute_code","type":"tool","status":"SUCCESS","ms":1300,"action":"execute","params":{"action":"execute","code":"return \"WINDOW2b: \" + CavesOfOoo.Rendering.EnvironmentSpriteRenderer.Perf.Snapshot();","safety_checks":true,"compiler":"auto"}}
{"ts":"2026-08-08T19:19:07.131Z","tool":"execute_code","type":"tool","status":"SUCCESS","ms":1159,"action":"execute","params":{"action":"execute","code":"return new { ka = true };","safety_checks":true,"compiler":"auto"}}
{"ts":"2026-08-08T19:19:32.620Z","tool":"execute_code","type":"tool","status":"SUCCESS","ms":1168,"action":"execute","params":{"action":"execute","code":"return \"WINDOW2c: \" + CavesOfOoo.Rendering.EnvironmentSpriteRenderer.Perf.Snapshot();","safety_checks":true,"compiler":"auto"}}
{"ts":"2026-08-08T19:19:51.031Z","tool":"manage_editor","type":"tool","status":"SUCCESS","ms":7,"action":"stop","params":{"action":"stop"}}
{"ts":"2026-08-08T19:20:08.505Z","tool":"execute_code","type":"tool","status":"SUCCESS","ms":1298,"action":"execute","params":{"action":"execute","code":"return new { ka = true };","safety_checks":true,"compiler":"auto"}}
{"ts":"2026-08-08T19:21:09.825Z","tool":"execute_code","type":"tool","status":"SUCCESS","ms":1249,"action":"execute","params":{"action":"execute","code":"return new { ka = true };","safety_checks":true,"compiler":"auto"}}
{"ts":"2026-08-08T19:22:10.780Z","tool":"execute_code","type":"tool","status":"SUCCESS","ms":748,"action":"execute","params":{"action":"execute","code":"return new { ka = true };","safety_checks":true,"compiler":"auto"}}
{"ts":"2026-08-08T19:23:11.618Z","tool":"execute_code","type":"tool","status":"SUCCESS","ms":685,"action":"execute","params":{"action":"execute","code":"return new { ka = true };","safety_checks":true,"compiler":"auto"}}
{"ts":"2026-08-08T19:24:12.311Z","tool":"execute_code","type":"tool","status":"SUCCESS","ms":577,"action":"execute","params":{"action":"execute","code":"return new { ka = true };","safety_checks":true,"compiler":"auto"}}
{"ts":"2026-08-08T19:25:13.023Z","tool":"execute_code","type":"tool","status":"SUCCESS","ms":586,"action":"execute","params":{"action":"execute","code":"return new { ka = true };","safety_checks":true,"compiler":"auto"}}
{"ts":"2026-08-08T19:26:13.923Z","tool":"execute_code","type":"tool","status":"SUCCESS","ms":687,"action":"execute","params":{"action":"execute","code":"return new { ka = true };","safety_checks":true,"compiler":"auto"}}
{"ts":"2026-08-08T19:27:14.825Z","tool":"execute_code","type":"tool","status":"SUCCESS","ms":688,"action":"execute","params":{"action":"execute","code":"return new { ka = true };","safety_checks":true,"compiler":"auto"}}
{"ts":"2026-08-08T19:28:15.544Z","tool":"execute_code","type":"tool","status":"SUCCESS","ms":610,"action":"execute","params":{"action":"execute","code":"return new { ka = true };","safety_checks":true,"compiler":"auto"}}
{"ts":"2026-08-08T19:29:16.209Z","tool":"execute_code","type":"tool","status":"SUCCESS","ms":575,"action":"execute","params":{"action":"execute","code":"return new { ka = true };","safety_checks":true,"compiler":"auto"}}
{"ts":"2026-08-08T19:30:17.028Z","tool":"execute_code","type":"tool","status":"SUCCESS","ms":695,"action":"execute","params":{"action":"execute","code":"return new { ka = true };","safety_checks":true,"compiler":"auto"}}
{"ts":"2026-08-08T19:31:17.924Z","tool":"execute_code","type":"tool","status":"SUCCESS","ms":688,"action":"execute","params":{"action":"execute","code":"return new { ka = true };","safety_checks":true,"compiler":"auto"}}
{"ts":"2026-08-08T19:32:18.729Z","tool":"execute_code","type":"tool","status":"SUCCESS","ms":592,"action":"execute","params":{"action":"execute","code":"return new { ka = true };","safety_checks":true,"compiler":"auto"}}
{"ts":"2026-08-08T19:33:19.532Z","tool":"execute_code","type":"tool","status":"SUCCESS","ms":695,"action":"execute","params":{"action":"execute","code":"return new { ka = true };","safety_checks":true,"compiler":"auto"}}
{"ts":"2026-08-08T19:34:20.307Z","tool":"execute_code","type":"tool","status":"SUCCESS","ms":668,"action":"execute","params":{"action":"execute","code":"return new { ka = true };","safety_checks":true,"compiler":"auto"}}
{"ts":"2026-08-08T19:35:21.085Z","tool":"execute_code","type":"tool","status":"SUCCESS","ms":646,"action":"execute","params":{"action":"execute","code":"return new { ka = true };","safety_checks":true,"compiler":"auto"}}
{"ts":"2026-08-08T19:36:21.819Z","tool":"execute_code","type":"tool","status":"SUCCESS","ms":579,"action":"execute","params":{"action":"execute","code":"return new { ka = true };","safety_checks":true,"compiler":"auto"}}
{"ts":"2026-08-08T19:37:22.631Z","tool":"execute_code","type":"tool","status":"SUCCESS","ms":589,"action":"execute","params":{"action":"execute","code":"return new { ka = true };","safety_checks":true,"compiler":"auto"}}
{"ts":"2026-08-08T19:38:23.541Z","tool":"execute_code","type":"tool","status":"SUCCESS","ms":698,"action":"execute","params":{"action":"execute","code":"return new { ka = true };","safety_checks":true,"compiler":"auto"}}
{"ts":"2026-08-08T19:39:24.431Z","tool":"execute_code","type":"tool","status":"SUCCESS","ms":689,"action":"execute","params":{"action":"execute","code":"return new { ka = true };","safety_checks":true,"compiler":"auto"}}
{"ts":"2026-08-08T19:40:25.128Z","tool":"execute_code","type":"tool","status":"SUCCESS","ms":584,"action":"execute","params":{"action":"execute","code":"return new { ka = true };","safety_checks":true,"compiler":"auto"}}
{"ts":"2026-08-08T19:41:25.818Z","tool":"execute_code","type":"tool","status":"SUCCESS","ms":574,"action":"execute","params":{"action":"execute","code":"return new { ka = true };","safety_checks":true,"compiler":"auto"}}
{"ts":"2026-08-08T19:42:26.536Z","tool":"execute_code","type":"tool","status":"SUCCESS","ms":592,"action":"execute","params":{"action":"execute","code":"return new { ka = true };","safety_checks":true,"compiler":"auto"}}
{"ts":"2026-08-08T19:43:27.327Z","tool":"execute_code","type":"tool","status":"SUCCESS","ms":582,"action":"execute","params":{"action":"execute","code":"return new { ka = true };","safety_checks":true,"compiler":"auto"}}
{"ts":"2026-08-08T19:44:28.027Z","tool":"execute_code","type":"tool","status":"SUCCESS","ms":580,"action":"execute","params":{"action":"execute","code":"return new { ka = true };","safety_checks":true,"compiler":"auto"}}
{"ts":"2026-08-08T19:45:28.861Z","tool":"execute_code","type":"tool","status":"SUCCESS","ms":612,"action":"execute","params":{"action":"execute","code":"return new { ka = true };","safety_checks":true,"compiler":"auto"}}
{"ts":"2026-08-08T19:46:29.741Z","tool":"execute_code","type":"tool","status":"SUCCESS","ms":693,"action":"execute","params":{"action":"execute","code":"return new { ka = true };","safety_checks":true,"compiler":"auto"}}
{"ts":"2026-08-08T19:47:30.530Z","tool":"execute_code","type":"tool","status":"SUCCESS","ms":581,"action":"execute","params":{"action":"execute","code":"return new { ka = true };","safety_checks":true,"compiler":"auto"}}
{"ts":"2026-08-08T19:48:31.232Z","tool":"execute_code","type":"tool","status":"SUCCESS","ms":583,"action":"execute","params":{"action":"execute","code":"return new { ka = true };","safety_checks":true,"compiler":"auto"}}
{"ts":"2026-08-08T19:49:32.087Z","tool":"execute_code","type":"tool","status":"SUCCESS","ms":635,"action":"execute","params":{"action":"execute","code":"return new { ka = true };","safety_checks":true,"compiler":"auto"}}
{"ts":"2026-08-08T19:50:32.723Z","tool":"execute_code","type":"tool","status":"SUCCESS","ms":576,"action":"execute","params":{"action":"execute","code":"return new { ka = true };","safety_checks":true,"compiler":"auto"}}
{"ts":"2026-08-08T19:51:33.421Z","tool":"execute_code","type":"tool","status":"SUCCESS","ms":574,"action":"execute","params":{"action":"execute","code":"return new { ka = true };","safety_checks":true,"compiler":"auto"}}
{"ts":"2026-08-08T19:52:34.132Z","tool":"execute_code","type":"tool","status":"SUCCESS","ms":584,"action":"execute","params":{"action":"execute","code":"return new { ka = true };","safety_checks":true,"compiler":"auto"}}
{"ts":"2026-08-08T19:53:34.864Z","tool":"execute_code","type":"tool","status":"SUCCESS","ms":615,"action":"execute","params":{"action":"execute","code":"return new { ka = true };","safety_checks":true,"compiler":"auto"}}
{"ts":"2026-08-08T19:54:35.531Z","tool":"execute_code","type":"tool","status":"SUCCESS","ms":581,"action":"execute","params":{"action":"execute","code":"return new { ka = true };","safety_checks":true,"compiler":"auto"}}
{"ts":"2026-08-08T19:55:36.235Z","tool":"execute_code","type":"tool","status":"SUCCESS","ms":585,"action":"execute","params":{"action":"execute","code":"return new { ka = true };","safety_checks":true,"compiler":"auto"}}
{"ts":"2026-08-08T19:56:37.036Z","tool":"execute_code","type":"tool","status":"SUCCESS","ms":585,"action":"execute","params":{"action":"execute","code":"return new { ka = true };","safety_checks":true,"compiler":"auto"}}
{"ts":"2026-08-08T19:57:37.943Z","tool":"execute_code","type":"tool","status":"SUCCESS","ms":691,"action":"execute","params":{"action":"execute","code":"return new { ka = true };","safety_checks":true,"compiler":"auto"}}
{"ts":"2026-08-08T19:58:38.686Z","tool":"execute_code","type":"tool","status":"SUCCESS","ms":633,"action":"execute","params":{"action":"execute","code":"return new { ka = true };","safety_checks":true,"compiler":"auto"}}
{"ts":"2026-08-08T19:59:39.339Z","tool":"execute_code","type":"tool","status":"SUCCESS","ms":586,"action":"execute","params":{"action":"execute","code":"return new { ka = true };","safety_checks":true,"compiler":"auto"}}
{"ts":"2026-08-08T20:00:40.171Z","tool":"execute_code","type":"tool","status":"SUCCESS","ms":717,"action":"execute","params":{"action":"execute","code":"return new { ka = true };","safety_checks":true,"compiler":"auto"}}
{"ts":"2026-08-08T20:01:40.968Z","tool":"execute_code","type":"tool","status":"SUCCESS","ms":612,"action":"execute","params":{"action":"execute","code":"return new { ka = true };","safety_checks":true,"compiler":"auto"}}
{"ts":"2026-08-08T20:02:41.772Z","tool":"execute_code","type":"tool","status":"SUCCESS","ms":616,"action":"execute","params":{"action":"execute","code":"return new { ka = true };","safety_checks":true,"compiler":"auto"}}
{"ts":"2026-08-08T20:03:42.562Z","tool":"execute_code","type":"tool","status":"SUCCESS","ms":607,"action":"execute","params":{"action":"execute","code":"return new { ka = true };","safety_checks":true,"compiler":"auto"}}
{"ts":"2026-08-08T20:04:43.232Z","tool":"execute_code","type":"tool","status":"SUCCESS","ms":575,"action":"execute","params":{"action":"execute","code":"return new { ka = true };","safety_checks":true,"compiler":"auto"}}
{"ts":"2026-08-08T20:05:43.985Z","tool":"execute_code","type":"tool","status":"SUCCESS","ms":627,"action":"execute","params":{"action":"execute","code":"return new { ka = true };","safety_checks":true,"compiler":"auto"}}
{"ts":"2026-08-08T20:06:44.743Z","tool":"execute_code","type":"tool","status":"SUCCESS","ms":584,"action":"execute","params":{"action":"execute","code":"return new { ka = true };","safety_checks":true,"compiler":"auto"}}
{"ts":"2026-08-08T20:07:45.547Z","tool":"execute_code","type":"tool","status":"SUCCESS","ms":587,"action":"execute","params":{"action":"execute","code":"return new { ka = true };","safety_checks":true,"compiler":"auto"}}
{"ts":"2026-08-08T20:08:46.236Z","tool":"execute_code","type":"tool","status":"SUCCESS","ms":576,"action":"execute","params":{"action":"execute","code":"return new { ka = true };","safety_checks":true,"compiler":"auto"}}
{"ts":"2026-08-08T20:09:47.163Z","tool":"execute_code","type":"tool","status":"SUCCESS","ms":703,"action":"execute","params":{"action":"execute","code":"return new { ka = true };","safety_checks":true,"compiler":"auto"}}
{"ts":"2026-08-08T20:10:47.837Z","tool":"execute_code","type":"tool","status":"SUCCESS","ms":575,"action":"execute","params":{"action":"execute","code":"return new { ka = true };","safety_checks":true,"compiler":"auto"}}
{"ts":"2026-08-08T20:11:48.617Z","tool":"execute_code","type":"tool","status":"SUCCESS","ms":574,"action":"execute","params":{"action":"execute","code":"return new { ka = true };","safety_checks":true,"compiler":"auto"}}
{"ts":"2026-08-08T20:12:49.293Z","tool":"execute_code","type":"tool","status":"SUCCESS","ms":577,"action":"execute","params":{"action":"execute","code":"return new { ka = true };","safety_checks":true,"compiler":"auto"}}
{"ts":"2026-08-08T20:13:50.041Z","tool":"execute_code","type":"tool","status":"SUCCESS","ms":623,"action":"execute","params":{"action":"execute","code":"return new { ka = true };","safety_checks":true,"compiler":"auto"}}
{"ts":"2026-08-08T20:14:50.693Z","tool":"execute_code","type":"tool","status":"SUCCESS","ms":576,"action":"execute","params":{"action":"execute","code":"return new { ka = true };","safety_checks":true,"compiler":"auto"}}
{"ts":"2026-08-08T20:15:51.404Z","tool":"execute_code","type":"tool","status":"SUCCESS","ms":586,"action":"execute","params":{"action":"execute","code":"return new { ka = true };","safety_checks":true,"compiler":"auto"}}
{"ts":"2026-08-08T20:16:52.195Z","tool":"execute_code","type":"tool","status":"SUCCESS","ms":577,"action":"execute","params":{"action":"execute","code":"return new { ka = true };","safety_checks":true,"compiler":"auto"}}
{"ts":"2026-08-08T20:17:52.944Z","tool":"execute_code","type":"tool","status":"SUCCESS","ms":626,"action":"execute","params":{"action":"execute","code":"return new { ka = true };","safety_checks":true,"compiler":"auto"}}
{"ts":"2026-08-08T20:18:53.690Z","tool":"execute_code","type":"tool","status":"SUCCESS","ms":571,"action":"execute","params":{"action":"execute","code":"return new { ka = true };","safety_checks":true,"compiler":"auto"}}
{"ts":"2026-08-08T20:19:54.389Z","tool":"execute_code","type":"tool","status":"SUCCESS","ms":570,"action":"execute","params":{"action":"execute","code":"return new { ka = true };","safety_checks":true,"compiler":"auto"}}
{"ts":"2026-08-08T20:20:55.205Z","tool":"execute_code","type":"tool","status":"SUCCESS","ms":587,"action":"execute","params":{"action":"execute","code":"return new { ka = true };","safety_checks":true,"compiler":"auto"}}
{"ts":"2026-08-08T20:21:55.891Z","tool":"execute_code","type":"tool","status":"SUCCESS","ms":572,"action":"execute","params":{"action":"execute","code":"return new { ka = true };","safety_checks":true,"compiler":"auto"}}
{"ts":"2026-08-08T20:22:56.696Z","tool":"execute_code","type":"tool","status":"SUCCESS","ms":577,"action":"execute","params":{"action":"execute","code":"return new { ka = true };","safety_checks":true,"compiler":"auto"}}
{"ts":"2026-08-08T20:39:51.635Z","tool":"execute_code","type":"tool","status":"SUCCESS","ms":687,"action":"execute","params":{"action":"execute","code":"return new { ka = true };","safety_checks":true,"compiler":"auto"}}
{"ts":"2026-08-08T20:40:52.533Z","tool":"execute_code","type":"tool","status":"SUCCESS","ms":664,"action":"execute","params":{"action":"execute","code":"return new { ka = true };","safety_checks":true,"compiler":"auto"}}
{"ts":"2026-08-08T20:41:53.317Z","tool":"execute_code","type":"tool","status":"SUCCESS","ms":647,"action":"execute","params":{"action":"execute","code":"return new { ka = true };","safety_checks":true,"compiler":"auto"}}
{"ts":"2026-08-08T20:42:54.231Z","tool":"execute_code","type":"tool","status":"SUCCESS","ms":660,"action":"execute","params":{"action":"execute","code":"return new { ka = true };","safety_checks":true,"compiler":"auto"}}
{"ts":"2026-08-08T20:43:55.123Z","tool":"execute_code","type":"tool","status":"SUCCESS","ms":652,"action":"execute","params":{"action":"execute","code":"return new { ka = true };","safety_checks":true,"compiler":"auto"}}
{"ts":"2026-08-08T20:44:55.856Z","tool":"execute_code","type":"tool","status":"SUCCESS","ms":585,"action":"execute","params":{"action":"execute","code":"return new { ka = true };","safety_checks":true,"compiler":"auto"}}
{"ts":"2026-08-08T20:45:56.635Z","tool":"execute_code","type":"tool","status":"SUCCESS","ms":662,"action":"execute","params":{"action":"execute","code":"return new { ka = true };","safety_checks":true,"compiler":"auto"}}
{"ts":"2026-08-08T20:47:00.326Z","tool":"execute_code","type":"tool","status":"SUCCESS","ms":3352,"action":"execute","params":{"action":"execute","code":"return new { ka = true };","safety_checks":true,"compiler":"auto"}}
{"ts":"2026-08-08T20:48:01.179Z","tool":"execute_code","type":"tool","status":"SUCCESS","ms":705,"action":"execute","params":{"action":"execute","code":"return new { ka = true };","safety_checks":true,"compiler":"auto"}}
{"ts":"2026-08-08T20:49:01.932Z","tool":"execute_code","type":"tool","status":"SUCCESS","ms":658,"action":"execute","params":{"action":"execute","code":"return new { ka = true };","safety_checks":true,"compiler":"auto"}}
{"ts":"2026-08-08T20:50:02.825Z","tool":"execute_code","type":"tool","status":"SUCCESS","ms":750,"action":"execute","params":{"action":"execute","code":"return new { ka = true };","safety_checks":true,"compiler":"auto"}}
{"ts":"2026-08-08T20:51:03.571Z","tool":"execute_code","type":"tool","status":"SUCCESS","ms":696,"action":"execute","params":{"action":"execute","code":"return new { ka = true };","safety_checks":true,"compiler":"auto"}}
{"ts":"2026-08-08T20:52:04.509Z","tool":"execute_code","type":"tool","status":"SUCCESS","ms":733,"action":"execute","params":{"action":"execute","code":"return new { ka = true };","safety_checks":true,"compiler":"auto"}}
{"ts":"2026-08-08T20:53:05.392Z","tool":"execute_code","type":"tool","status":"SUCCESS","ms":716,"action":"execute","params":{"action":"execute","code":"return new { ka = true };","safety_checks":true,"compiler":"auto"}}
{"ts":"2026-08-08T20:54:06.289Z","tool":"execute_code","type":"tool","status":"SUCCESS","ms":711,"action":"execute","params":{"action":"execute","code":"return new { ka = true };","safety_checks":true,"compiler":"auto"}}
{"ts":"2026-08-08T20:55:07.216Z","tool":"execute_code","type":"tool","status":"SUCCESS","ms":740,"action":"execute","params":{"action":"execute","code":"return new { ka = true };","safety_checks":true,"compiler":"auto"}}
{"ts":"2026-08-08T20:56:08.008Z","tool":"execute_code","type":"tool","status":"SUCCESS","ms":731,"action":"execute","params":{"action":"execute","code":"return new { ka = true };","safety_checks":true,"compiler":"auto"}}
{"ts":"2026-08-08T20:57:08.825Z","tool":"execute_code","type":"tool","status":"SUCCESS","ms":747,"action":"execute","params":{"action":"execute","code":"return new { ka = true };","safety_checks":true,"compiler":"auto"}}
{"ts":"2026-08-08T20:58:09.665Z","tool":"execute_code","type":"tool","status":"SUCCESS","ms":786,"action":"execute","params":{"action":"execute","code":"return new { ka = true };","safety_checks":true,"compiler":"auto"}}
{"ts":"2026-08-08T20:59:10.542Z","tool":"execute_code","type":"tool","status":"SUCCESS","ms":763,"action":"execute","params":{"action":"execute","code":"return new { ka = true };","safety_checks":true,"compiler":"auto"}}
{"ts":"2026-08-08T21:00:11.501Z","tool":"execute_code","type":"tool","status":"SUCCESS","ms":821,"action":"execute","params":{"action":"execute","code":"return new { ka = true };","safety_checks":true,"compiler":"auto"}}
{"ts":"2026-08-08T21:01:12.476Z","tool":"execute_code","type":"tool","status":"SUCCESS","ms":796,"action":"execute","params":{"action":"execute","code":"return new { ka = true };","safety_checks":true,"compiler":"auto"}}
{"ts":"2026-08-08T21:02:13.510Z","tool":"execute_code","type":"tool","status":"SUCCESS","ms":929,"action":"execute","params":{"action":"execute","code":"return new { ka = true };","safety_checks":true,"compiler":"auto"}}
{"ts":"2026-08-08T21:03:14.621Z","tool":"execute_code","type":"tool","status":"SUCCESS","ms":939,"action":"execute","params":{"action":"execute","code":"return new { ka = true };","safety_checks":true,"compiler":"auto"}}
{"ts":"2026-08-08T21:04:15.614Z","tool":"execute_code","type":"tool","status":"SUCCESS","ms":832,"action":"execute","params":{"action":"execute","code":"return new { ka = true };","safety_checks":true,"compiler":"auto"}}
{"ts":"2026-08-08T21:37:36.820Z","tool":"execute_code","type":"tool","status":"SUCCESS","ms":640,"action":"execute","params":{"action":"execute","code":"return new { ka = true };","safety_checks":true,"compiler":"auto"}}
{"ts":"2026-08-08T21:54:37.336Z","tool":"execute_code","type":"tool","status":"SUCCESS","ms":599,"action":"execute","params":{"action":"execute","code":"return new { ka = true };","safety_checks":true,"compiler":"auto"}}
{"ts":"2026-08-08T21:55:38.060Z","tool":"execute_code","type":"tool","status":"SUCCESS","ms":630,"action":"execute","params":{"action":"execute","code":"return new { ka = true };","safety_checks":true,"compiler":"auto"}}
{"ts":"2026-08-08T21:56:38.873Z","tool":"execute_code","type":"tool","status":"SUCCESS","ms":643,"action":"execute","params":{"action":"execute","code":"return new { ka = true };","safety_checks":true,"compiler":"auto"}}
{"ts":"2026-08-08T22:15:23.861Z","tool":"execute_code","type":"tool","status":"SUCCESS","ms":721,"action":"execute","params":{"action":"execute","code":"return new { ka = true };","safety_checks":true,"compiler":"auto"}}
{"ts":"2026-08-08T22:25:07.141Z","tool":"execute_code","type":"tool","status":"SUCCESS","ms":641,"action":"execute","params":{"action":"execute","code":"return new { ka = true };","safety_checks":true,"compiler":"auto"}}
{"ts":"2026-08-08T22:41:48.407Z","tool":"execute_code","type":"tool","status":"SUCCESS","ms":641,"action":"execute","params":{"action":"execute","code":"return new { ka = true };","safety_checks":true,"compiler":"auto"}}
{"ts":"2026-08-08T22:58:32.601Z","tool":"execute_code","type":"tool","status":"SUCCESS","ms":569,"action":"execute","params":{"action":"execute","code":"return new { ka = true };","safety_checks":true,"compiler":"auto"}}
{"ts":"2026-08-08T23:15:45.921Z","tool":"execute_code","type":"tool","status":"SUCCESS","ms":664,"action":"execute","params":{"action":"execute","code":"return new { ka = true };","safety_checks":true,"compiler":"auto"}}
{"ts":"2026-08-08T23:16:46.698Z","tool":"execute_code","type":"tool","status":"SUCCESS","ms":639,"action":"execute","params":{"action":"execute","code":"return new { ka = true };","safety_checks":true,"compiler":"auto"}}
{"ts":"2026-08-08T23:17:47.469Z","tool":"execute_code","type":"tool","status":"SUCCESS","ms":610,"action":"execute","params":{"action":"execute","code":"return new { ka = true };","safety_checks":true,"compiler":"auto"}}
{"ts":"2026-08-08T23:26:32.197Z","tool":"execute_code","type":"tool","status":"SUCCESS","ms":644,"action":"execute","params":{"action":"execute","code":"return new { ka = true };","safety_checks":true,"compiler":"auto"}}
{"ts":"2026-08-08T23:42:44.951Z","tool":"execute_code","type":"tool","status":"SUCCESS","ms":647,"action":"execute","params":{"action":"execute","code":"return new { ka = true };","safety_checks":true,"compiler":"auto"}}
{"ts":"2026-08-09T00:13:38.201Z","tool":"execute_code","type":"tool","status":"SUCCESS","ms":788,"action":"execute","params":{"action":"execute","code":"return new { ka = true };","safety_checks":true,"compiler":"auto"}}
{"ts":"2026-08-09T00:27:11.472Z","tool":"execute_code","type":"tool","status":"SUCCESS","ms":626,"action":"execute","params":{"action":"execute","code":"return new { ka = true };","safety_checks":true,"compiler":"auto"}}
{"ts":"2026-08-09T00:43:27.655Z","tool":"execute_code","type":"tool","status":"SUCCESS","ms":577,"action":"execute","params":{"action":"execute","code":"return new { ka = true };","safety_checks":true,"compiler":"auto"}}
{"ts":"2026-08-09T00:44:28.350Z","tool":"execute_code","type":"tool","status":"SUCCESS","ms":572,"action":"execute","params":{"action":"execute","code":"return new { ka = true };","safety_checks":true,"compiler":"auto"}}
{"ts":"2026-08-09T00:45:29.037Z","tool":"execute_code","type":"tool","status":"SUCCESS","ms":559,"action":"execute","params":{"action":"execute","code":"return new { ka = true };","safety_checks":true,"compiler":"auto"}}
{"ts":"2026-08-09T01:01:31.949Z","tool":"execute_code","type":"tool","status":"SUCCESS","ms":639,"action":"execute","params":{"action":"execute","code":"return new { ka = true };","safety_checks":true,"compiler":"auto"}}
{"ts":"2026-08-09T01:27:51.575Z","tool":"execute_code","type":"tool","status":"SUCCESS","ms":617,"action":"execute","params":{"action":"execute","code":"return new { ka = true };","safety_checks":true,"compiler":"auto"}}
{"ts":"2026-08-09T01:45:16.282Z","tool":"execute_code","type":"tool","status":"SUCCESS","ms":632,"action":"execute","params":{"action":"execute","code":"return new { ka = true };","safety_checks":true,"compiler":"auto"}}
{"ts":"2026-08-09T02:03:19.672Z","tool":"execute_code","type":"tool","status":"SUCCESS","ms":564,"action":"execute","params":{"action":"execute","code":"return new { ka = true };","safety_checks":true,"compiler":"auto"}}
{"ts":"2026-08-09T02:04:20.369Z","tool":"execute_code","type":"tool","status":"SUCCESS","ms":559,"action":"execute","params":{"action":"execute","code":"return new { ka = true };","safety_checks":true,"compiler":"auto"}}
{"ts":"2026-08-09T02:05:21.160Z","tool":"execute_code","type":"tool","status":"SUCCESS","ms":550,"action":"execute","params":{"action":"execute","code":"return new { ka = true };","safety_checks":true,"compiler":"auto"}}
{"ts":"2026-08-09T02:21:39.016Z","tool":"execute_code","type":"tool","status":"SUCCESS","ms":697,"action":"execute","params":{"action":"execute","code":"return new { ka = true };","safety_checks":true,"compiler":"auto"}}
{"ts":"2026-08-09T02:29:17.428Z","tool":"execute_code","type":"tool","status":"SUCCESS","ms":636,"action":"execute","params":{"action":"execute","code":"return new { ka = true };","safety_checks":true,"compiler":"auto"}}
{"ts":"2026-08-09T02:46:33.285Z","tool":"execute_code","type":"tool","status":"SUCCESS","ms":630,"action":"execute","params":{"action":"execute","code":"return new { ka = true };","safety_checks":true,"compiler":"auto"}}
{"ts":"2026-08-09T03:04:50.973Z","tool":"execute_code","type":"tool","status":"SUCCESS","ms":658,"action":"execute","params":{"action":"execute","code":"return new { ka = true };","safety_checks":true,"compiler":"auto"}}
{"ts":"2026-08-09T03:21:42.156Z","tool":"execute_code","type":"tool","status":"SUCCESS","ms":581,"action":"execute","params":{"action":"execute","code":"return new { ka = true };","safety_checks":true,"compiler":"auto"}}
{"ts":"2026-08-09T03:22:42.838Z","tool":"execute_code","type":"tool","status":"SUCCESS","ms":563,"action":"execute","params":{"action":"execute","code":"return new { ka = true };","safety_checks":true,"compiler":"auto"}}
{"ts":"2026-08-09T03:23:43.607Z","tool":"execute_code","type":"tool","status":"SUCCESS","ms":533,"action":"execute","params":{"action":"execute","code":"return new { ka = true };","safety_checks":true,"compiler":"auto"}}
{"ts":"2026-08-09T03:45:42.860Z","tool":"execute_code","type":"tool","status":"SUCCESS","ms":629,"action":"execute","params":{"action":"execute","code":"return new { ka = true };","safety_checks":true,"compiler":"auto"}}
{"ts":"2026-08-09T04:04:34.333Z","tool":"execute_code","type":"tool","status":"SUCCESS","ms":640,"action":"execute","params":{"action":"execute","code":"return new { ka = true };","safety_checks":true,"compiler":"auto"}}
{"ts":"2026-08-09T04:07:59.479Z","tool":"execute_code","type":"tool","status":"SUCCESS","ms":629,"action":"execute","params":{"action":"execute","code":"return new { ka = true };","safety_checks":true,"compiler":"auto"}}
{"ts":"2026-08-09T04:25:43.317Z","tool":"execute_code","type":"tool","status":"SUCCESS","ms":652,"action":"execute","params":{"action":"execute","code":"return new { ka = true };","safety_checks":true,"compiler":"auto"}}
{"ts":"2026-08-09T04:30:56.807Z","tool":"execute_code","type":"tool","status":"SUCCESS","ms":639,"action":"execute","params":{"action":"execute","code":"return new { ka = true };","safety_checks":true,"compiler":"auto"}}
{"ts":"2026-08-09T04:31:57.575Z","tool":"execute_code","type":"tool","status":"SUCCESS","ms":706,"action":"execute","params":{"action":"execute","code":"return new { ka = true };","safety_checks":true,"compiler":"auto"}}
{"ts":"2026-08-09T04:32:58.230Z","tool":"execute_code","type":"tool","status":"SUCCESS","ms":562,"action":"execute","params":{"action":"execute","code":"return new { ka = true };","safety_checks":true,"compiler":"auto"}}
{"ts":"2026-08-09T04:49:02.875Z","tool":"execute_code","type":"tool","status":"SUCCESS","ms":542,"action":"execute","params":{"action":"execute","code":"return new { ka = true };","safety_checks":true,"compiler":"auto"}}
{"ts":"2026-08-09T05:05:12.212Z","tool":"execute_code","type":"tool","status":"SUCCESS","ms":624,"action":"execute","params":{"action":"execute","code":"return new { ka = true };","safety_checks":true,"compiler":"auto"}}
{"ts":"2026-08-09T05:23:09.484Z","tool":"execute_code","type":"tool","status":"SUCCESS","ms":633,"action":"execute","params":{"action":"execute","code":"return new { ka = true };","safety_checks":true,"compiler":"auto"}}
{"ts":"2026-08-09T05:40:17.295Z","tool":"execute_code","type":"tool","status":"SUCCESS","ms":641,"action":"execute","params":{"action":"execute","code":"return new { ka = true };","safety_checks":true,"compiler":"auto"}}
{"ts":"2026-08-09T05:58:34.226Z","tool":"execute_code","type":"tool","status":"SUCCESS","ms":651,"action":"execute","params":{"action":"execute","code":"return new { ka = true };","safety_checks":true,"compiler":"auto"}}
{"ts":"2026-08-09T05:59:34.916Z","tool":"execute_code","type":"tool","status":"SUCCESS","ms":541,"action":"execute","params":{"action":"execute","code":"return new { ka = true };","safety_checks":true,"compiler":"auto"}}
{"ts":"2026-08-09T06:00:35.520Z","tool":"execute_code","type":"tool","status":"SUCCESS","ms":544,"action":"execute","params":{"action":"execute","code":"return new { ka = true };","safety_checks":true,"compiler":"auto"}}
{"ts":"2026-08-09T06:34:10.478Z","tool":"execute_code","type":"tool","status":"SUCCESS","ms":865,"action":"execute","params":{"action":"execute","code":"return new { ka = true };","safety_checks":true,"compiler":"auto"}}
{"ts":"2026-08-09T06:35:11.221Z","tool":"execute_code","type":"tool","status":"SUCCESS","ms":605,"action":"execute","params":{"action":"execute","code":"return new { ka = true };","safety_checks":true,"compiler":"auto"}}
{"ts":"2026-08-09T06:42:51.752Z","tool":"execute_code","type":"tool","status":"SUCCESS","ms":643,"action":"execute","params":{"action":"execute","code":"return new { ka = true };","safety_checks":true,"compiler":"auto"}}
{"ts":"2026-08-09T06:43:52.419Z","tool":"execute_code","type":"tool","status":"SUCCESS","ms":602,"action":"execute","params":{"action":"execute","code":"return new { ka = true };","safety_checks":true,"compiler":"auto"}}
{"ts":"2026-08-09T06:44:53.085Z","tool":"execute_code","type":"tool","status":"SUCCESS","ms":606,"action":"execute","params":{"action":"execute","code":"return new { ka = true };","safety_checks":true,"compiler":"auto"}}
{"ts":"2026-08-09T06:45:53.714Z","tool":"execute_code","type":"tool","status":"SUCCESS","ms":570,"action":"execute","params":{"action":"execute","code":"return new { ka = true };","safety_checks":true,"compiler":"auto"}}
{"ts":"2026-08-09T06:46:54.438Z","tool":"execute_code","type":"tool","status":"SUCCESS","ms":658,"action":"execute","params":{"action":"execute","code":"return new { ka = true };","safety_checks":true,"compiler":"auto"}}
{"ts":"2026-08-09T06:47:55.158Z","tool":"execute_code","type":"tool","status":"SUCCESS","ms":658,"action":"execute","params":{"action":"execute","code":"return new { ka = true };","safety_checks":true,"compiler":"auto"}}
{"ts":"2026-08-09T06:48:55.873Z","tool":"execute_code","type":"tool","status":"SUCCESS","ms":655,"action":"execute","params":{"action":"execute","code":"return new { ka = true };","safety_checks":true,"compiler":"auto"}}
{"ts":"2026-08-09T06:49:56.581Z","tool":"execute_code","type":"tool","status":"SUCCESS","ms":648,"action":"execute","params":{"action":"execute","code":"return new { ka = true };","safety_checks":true,"compiler":"auto"}}
{"ts":"2026-08-09T06:50:57.299Z","tool":"execute_code","type":"tool","status":"SUCCESS","ms":657,"action":"execute","params":{"action":"execute","code":"return new { ka = true };","safety_checks":true,"compiler":"auto"}}
{"ts":"2026-08-09T06:51:57.990Z","tool":"execute_code","type":"tool","status":"SUCCESS","ms":620,"action":"execute","params":{"action":"execute","code":"return new { ka = true };","safety_checks":true,"compiler":"auto"}}
{"ts":"2026-08-09T06:52:58.618Z","tool":"execute_code","type":"tool","status":"SUCCESS","ms":570,"action":"execute","params":{"action":"execute","code":"return new { ka = true };","safety_checks":true,"compiler":"auto"}}
{"ts":"2026-08-09T06:53:59.275Z","tool":"execute_code","type":"tool","status":"SUCCESS","ms":596,"action":"execute","params":{"action":"execute","code":"return new { ka = true };","safety_checks":true,"compiler":"auto"}}
{"ts":"2026-08-09T06:55:00.061Z","tool":"execute_code","type":"tool","status":"SUCCESS","ms":717,"action":"execute","params":{"action":"execute","code":"return new { ka = true };","safety_checks":true,"compiler":"auto"}}
{"ts":"2026-08-09T06:56:00.860Z","tool":"execute_code","type":"tool","status":"SUCCESS","ms":715,"action":"execute","params":{"action":"execute","code":"return new { ka = true };","safety_checks":true,"compiler":"auto"}}
{"ts":"2026-08-09T06:57:01.741Z","tool":"execute_code","type":"tool","status":"SUCCESS","ms":716,"action":"execute","params":{"action":"execute","code":"return new { ka = true };","safety_checks":true,"compiler":"auto"}}
{"ts":"2026-08-09T06:58:02.549Z","tool":"execute_code","type":"tool","status":"SUCCESS","ms":734,"action":"execute","params":{"action":"execute","code":"return new { ka = true };","safety_checks":true,"compiler":"auto"}}
{"ts":"2026-08-09T06:59:03.266Z","tool":"execute_code","type":"tool","status":"SUCCESS","ms":663,"action":"execute","params":{"action":"execute","code":"return new { ka = true };","safety_checks":true,"compiler":"auto"}}
{"ts":"2026-08-09T07:00:03.986Z","tool":"execute_code","type":"tool","status":"SUCCESS","ms":660,"action":"execute","params":{"action":"execute","code":"return new { ka = true };","safety_checks":true,"compiler":"auto"}}
{"ts":"2026-08-09T07:01:04.735Z","tool":"execute_code","type":"tool","status":"SUCCESS","ms":688,"action":"execute","params":{"action":"execute","code":"return new { ka = true };","safety_checks":true,"compiler":"auto"}}
{"ts":"2026-08-09T07:02:05.481Z","tool":"execute_code","type":"tool","status":"SUCCESS","ms":687,"action":"execute","params":{"action":"execute","code":"return new { ka = true };","safety_checks":true,"compiler":"auto"}}
{"ts":"2026-08-09T07:03:06.237Z","tool":"execute_code","type":"tool","status":"SUCCESS","ms":696,"action":"execute","params":{"action":"execute","code":"return new { ka = true };","safety_checks":true,"compiler":"auto"}}
{"ts":"2026-08-09T07:04:06.990Z","tool":"execute_code","type":"tool","status":"SUCCESS","ms":693,"action":"execute","params":{"action":"execute","code":"return new { ka = true };","safety_checks":true,"compiler":"auto"}}
{"ts":"2026-08-09T07:05:07.747Z","tool":"execute_code","type":"tool","status":"SUCCESS","ms":698,"action":"execute","params":{"action":"execute","code":"return new { ka = true };","safety_checks":true,"compiler":"auto"}}
{"ts":"2026-08-09T07:06:08.520Z","tool":"execute_code","type":"tool","status":"SUCCESS","ms":706,"action":"execute","params":{"action":"execute","code":"return new { ka = true };","safety_checks":true,"compiler":"auto"}}
{"ts":"2026-08-09T07:07:09.456Z","tool":"execute_code","type":"tool","status":"SUCCESS","ms":745,"action":"execute","params":{"action":"execute","code":"return new { ka = true };","safety_checks":true,"compiler":"auto"}}
{"ts":"2026-08-09T07:08:10.459Z","tool":"execute_code","type":"tool","status":"SUCCESS","ms":749,"action":"execute","params":{"action":"execute","code":"return new { ka = true };","safety_checks":true,"compiler":"auto"}}
{"ts":"2026-08-09T07:09:11.452Z","tool":"execute_code","type":"tool","status":"SUCCESS","ms":744,"action":"execute","params":{"action":"execute","code":"return new { ka = true };","safety_checks":true,"compiler":"auto"}}
{"ts":"2026-08-09T07:10:12.367Z","tool":"execute_code","type":"tool","status":"SUCCESS","ms":757,"action":"execute","params":{"action":"execute","code":"return new { ka = true };","safety_checks":true,"compiler":"auto"}}
{"ts":"2026-08-09T07:11:13.098Z","tool":"execute_code","type":"tool","status":"SUCCESS","ms":676,"action":"execute","params":{"action":"execute","code":"return new { ka = true };","safety_checks":true,"compiler":"auto"}}
{"ts":"2026-08-09T07:12:13.860Z","tool":"execute_code","type":"tool","status":"SUCCESS","ms":695,"action":"execute","params":{"action":"execute","code":"return new { ka = true };","safety_checks":true,"compiler":"auto"}}
{"ts":"2026-08-09T07:12:21.880Z","tool":"get_editor_state","type":"resource","status":"SUCCESS","ms":0,"params":{}}
{"ts":"2026-08-09T07:12:21.882Z","tool":"get_project_info","type":"resource","status":"SUCCESS","ms":0,"params":{}}
{"ts":"2026-08-09T07:12:22.197Z","tool":"get_editor_state","type":"resource","status":"SUCCESS","ms":0,"params":{}}
{"ts":"2026-08-09T07:12:22.198Z","tool":"get_project_info","type":"resource","status":"SUCCESS","ms":0,"params":{}}
{"ts":"2026-08-09T07:12:22.450Z","tool":"get_editor_state","type":"resource","status":"SUCCESS","ms":0,"params":{}}
{"ts":"2026-08-09T07:12:22.451Z","tool":"get_project_info","type":"resource","status":"SUCCESS","ms":0,"params":{}}
{"ts":"2026-08-09T07:12:22.705Z","tool":"get_editor_state","type":"resource","status":"SUCCESS","ms":0,"params":{}}
{"ts":"2026-08-09T07:12:22.709Z","tool":"get_project_info","type":"resource","status":"SUCCESS","ms":0,"params":{}}
{"ts":"2026-08-09T07:12:30.023Z","tool":"read_console","type":"tool","status":"SUCCESS","ms":0,"action":"get","params":{"action":"get","types":["error"],"count":8,"format":"plain","includeStacktrace":false}}
{"ts":"2026-08-09T07:13:14.599Z","tool":"execute_code","type":"tool","status":"SUCCESS","ms":677,"action":"execute","params":{"action":"execute","code":"return new { ka = true };","safety_checks":true,"compiler":"auto"}}
{"ts":"2026-08-09T07:14:06.067Z","tool":"get_editor_state","type":"resource","status":"SUCCESS","ms":0,"params":{}}
{"ts":"2026-08-09T07:14:06.070Z","tool":"get_project_info","type":"resource","status":"SUCCESS","ms":0,"params":{}}
{"ts":"2026-08-09T07:14:06.373Z","tool":"get_editor_state","type":"resource","status":"SUCCESS","ms":0,"params":{}}
{"ts":"2026-08-09T07:14:06.373Z","tool":"get_project_info","type":"resource","status":"SUCCESS","ms":0,"params":{}}
{"ts":"2026-08-09T07:14:06.629Z","tool":"get_editor_state","type":"resource","status":"SUCCESS","ms":0,"params":{}}
{"ts":"2026-08-09T07:14:06.631Z","tool":"get_project_info","type":"resource","status":"SUCCESS","ms":0,"params":{}}
{"ts":"2026-08-09T07:14:06.885Z","tool":"get_editor_state","type":"resource","status":"SUCCESS","ms":0,"params":{}}
{"ts":"2026-08-09T07:14:06.886Z","tool":"get_project_info","type":"resource","status":"SUCCESS","ms":0,"params":{}}
{"ts":"2026-08-09T07:14:07.140Z","tool":"get_editor_state","type":"resource","status":"SUCCESS","ms":0,"params":{}}
{"ts":"2026-08-09T07:14:07.144Z","tool":"get_project_info","type":"resource","status":"SUCCESS","ms":0,"params":{}}
{"ts":"2026-08-09T07:14:07.402Z","tool":"get_editor_state","type":"resource","status":"SUCCESS","ms":0,"params":{}}
{"ts":"2026-08-09T07:14:07.403Z","tool":"get_project_info","type":"resource","status":"SUCCESS","ms":0,"params":{}}
{"ts":"2026-08-09T07:14:07.663Z","tool":"get_editor_state","type":"resource","status":"SUCCESS","ms":0,"params":{}}
{"ts":"2026-08-09T07:14:07.664Z","tool":"get_project_info","type":"resource","status":"SUCCESS","ms":0,"params":{}}
{"ts":"2026-08-09T07:14:08.006Z","tool":"get_editor_state","type":"resource","status":"SUCCESS","ms":0,"params":{}}
{"ts":"2026-08-09T07:14:08.007Z","tool":"get_project_info","type":"resource","status":"SUCCESS","ms":0,"params":{}}
{"ts":"2026-08-09T07:14:08.259Z","tool":"get_editor_state","type":"resource","status":"SUCCESS","ms":0,"params":{}}
{"ts":"2026-08-09T07:14:08.262Z","tool":"get_project_info","type":"resource","status":"SUCCESS","ms":0,"params":{}}
{"ts":"2026-08-09T07:14:13.164Z","event":"session_start","unity":"6000.3.4f1"}
{"ts":"2026-08-09T07:14:13.164Z","tool":"get_editor_state","type":"resource","status":"SUCCESS","ms":0,"params":{}}
{"ts":"2026-08-09T07:14:13.637Z","tool":"get_project_info","type":"resource","status":"SUCCESS","ms":1,"params":{}}
{"ts":"2026-08-09T07:14:15.310Z","tool":"execute_code","type":"tool","status":"SUCCESS","ms":638,"action":"execute","params":{"action":"execute","code":"return new { ka = true };","safety_checks":true,"compiler":"auto"}}
{"ts":"2026-08-09T07:14:19.773Z","tool":"read_console","type":"tool","status":"SUCCESS","ms":2,"action":"get","params":{"action":"get","types":["error"],"count":6,"format":"plain","includeStacktrace":false}}
{"ts":"2026-08-09T07:15:16.060Z","tool":"execute_code","type":"tool","status":"SUCCESS","ms":679,"action":"execute","params":{"action":"execute","code":"return new { ka = true };","safety_checks":true,"compiler":"auto"}}
{"ts":"2026-08-09T07:16:16.699Z","tool":"execute_code","type":"tool","status":"SUCCESS","ms":566,"action":"execute","params":{"action":"execute","code":"return new { ka = true };","safety_checks":true,"compiler":"auto"}}
{"ts":"2026-08-09T07:17:17.350Z","tool":"execute_code","type":"tool","status":"SUCCESS","ms":564,"action":"execute","params":{"action":"execute","code":"return new { ka = true };","safety_checks":true,"compiler":"auto"}}
{"ts":"2026-08-09T07:18:17.950Z","tool":"execute_code","type":"tool","status":"SUCCESS","ms":540,"action":"execute","params":{"action":"execute","code":"return new { ka = true };","safety_checks":true,"compiler":"auto"}}
{"ts":"2026-08-09T07:19:18.653Z","tool":"execute_code","type":"tool","status":"SUCCESS","ms":642,"action":"execute","params":{"action":"execute","code":"return new { ka = true };","safety_checks":true,"compiler":"auto"}}
{"ts":"2026-08-09T07:19:30.242Z","tool":"get_editor_state","type":"resource","status":"SUCCESS","ms":0,"params":{}}
{"ts":"2026-08-09T07:19:30.250Z","tool":"get_project_info","type":"resource","status":"SUCCESS","ms":0,"params":{}}
{"ts":"2026-08-09T07:19:30.555Z","tool":"get_editor_state","type":"resource","status":"SUCCESS","ms":0,"params":{}}
{"ts":"2026-08-09T07:19:30.555Z","tool":"get_project_info","type":"resource","status":"SUCCESS","ms":0,"params":{}}
{"ts":"2026-08-09T07:19:30.808Z","tool":"get_editor_state","type":"resource","status":"SUCCESS","ms":0,"params":{}}
{"ts":"2026-08-09T07:19:30.811Z","tool":"get_project_info","type":"resource","status":"SUCCESS","ms":0,"params":{}}
{"ts":"2026-08-09T07:19:31.065Z","tool":"get_editor_state","type":"resource","status":"SUCCESS","ms":0,"params":{}}
{"ts":"2026-08-09T07:19:31.068Z","tool":"get_project_info","type":"resource","status":"SUCCESS","ms":0,"params":{}}
{"ts":"2026-08-09T07:19:31.321Z","tool":"get_editor_state","type":"resource","status":"SUCCESS","ms":0,"params":{}}
{"ts":"2026-08-09T07:19:31.322Z","tool":"get_project_info","type":"resource","status":"SUCCESS","ms":0,"params":{}}
{"ts":"2026-08-09T07:19:31.579Z","tool":"get_editor_state","type":"resource","status":"SUCCESS","ms":0,"params":{}}
{"ts":"2026-08-09T07:19:31.580Z","tool":"get_project_info","type":"resource","status":"SUCCESS","ms":0,"params":{}}
{"ts":"2026-08-09T07:19:31.833Z","tool":"get_editor_state","type":"resource","status":"SUCCESS","ms":0,"params":{}}
{"ts":"2026-08-09T07:19:31.834Z","tool":"get_project_info","type":"resource","status":"SUCCESS","ms":0,"params":{}}
{"ts":"2026-08-09T07:19:32.152Z","tool":"get_editor_state","type":"resource","status":"SUCCESS","ms":0,"params":{}}
{"ts":"2026-08-09T07:19:32.173Z","tool":"get_project_info","type":"resource","status":"SUCCESS","ms":0,"params":{}}
{"ts":"2026-08-09T07:19:32.428Z","tool":"get_editor_state","type":"resource","status":"SUCCESS","ms":0,"params":{}}
{"ts":"2026-08-09T07:19:32.429Z","tool":"get_project_info","type":"resource","status":"SUCCESS","ms":0,"params":{}}
{"ts":"2026-08-09T07:19:32.748Z","tool":"get_editor_state","type":"resource","status":"SUCCESS","ms":0,"params":{}}
{"ts":"2026-08-09T07:19:32.749Z","tool":"get_project_info","type":"resource","status":"SUCCESS","ms":0,"params":{}}
{"ts":"2026-08-09T07:19:33.002Z","tool":"get_editor_state","type":"resource","status":"SUCCESS","ms":0,"params":{}}
{"ts":"2026-08-09T07:19:33.004Z","tool":"get_project_info","type":"resource","status":"SUCCESS","ms":0,"params":{}}
{"ts":"2026-08-09T07:19:37.414Z","event":"session_start","unity":"6000.3.4f1"}
{"ts":"2026-08-09T07:19:37.414Z","tool":"get_editor_state","type":"resource","status":"SUCCESS","ms":0,"params":{}}
{"ts":"2026-08-09T07:19:37.919Z","tool":"get_project_info","type":"resource","status":"SUCCESS","ms":1,"params":{}}
{"ts":"2026-08-09T07:19:44.186Z","tool":"read_console","type":"tool","status":"SUCCESS","ms":2,"action":"get","params":{"action":"get","types":["error"],"count":8,"format":"plain","includeStacktrace":false}}
{"ts":"2026-08-09T07:19:51.038Z","tool":"get_editor_state","type":"resource","status":"SUCCESS","ms":0,"params":{}}
{"ts":"2026-08-09T07:19:51.039Z","tool":"get_project_info","type":"resource","status":"SUCCESS","ms":0,"params":{}}
{"ts":"2026-08-09T07:19:57.680Z","tool":"get_test_job","type":"tool","status":"SUCCESS","ms":0,"params":{"job_id":"9226691e321f4b5aaf098f27f78b2402","includeFailedTests":true}}
{"ts":"2026-08-09T07:19:59.686Z","tool":"get_test_job","type":"tool","status":"SUCCESS","ms":0,"params":{"job_id":"9226691e321f4b5aaf098f27f78b2402","includeFailedTests":true}}
{"ts":"2026-08-09T07:20:01.777Z","tool":"get_test_job","type":"tool","status":"SUCCESS","ms":0,"params":{"job_id":"9226691e321f4b5aaf098f27f78b2402","includeFailedTests":true}}
{"ts":"2026-08-09T07:20:03.806Z","tool":"get_test_job","type":"tool","status":"SUCCESS","ms":0,"params":{"job_id":"9226691e321f4b5aaf098f27f78b2402","includeFailedTests":true}}
{"ts":"2026-08-09T07:20:06.497Z","tool":"get_test_job","type":"tool","status":"SUCCESS","ms":0,"params":{"job_id":"9226691e321f4b5aaf098f27f78b2402","includeFailedTests":true}}
{"ts":"2026-08-09T07:20:08.804Z","tool":"get_test_job","type":"tool","status":"SUCCESS","ms":0,"params":{"job_id":"9226691e321f4b5aaf098f27f78b2402","includeFailedTests":true}}
{"ts":"2026-08-09T07:20:18.212Z","tool":"manage_editor","type":"tool","status":"SUCCESS","ms":6,"action":"play","params":{"action":"play"}}
{"ts":"2026-08-09T07:20:19.470Z","tool":"execute_code","type":"tool","status":"SUCCESS","ms":708,"action":"execute","params":{"action":"execute","code":"return new { ka = true };","safety_checks":true,"compiler":"auto"}}
{"ts":"2026-08-09T07:21:04.312Z","tool":"execute_code","type":"tool","status":"SUCCESS","ms":1369,"action":"execute","params":{"action":"execute","code":"var overlayTm = default(UnityEngine.Tilemaps.Tilemap);\nforeach (var tm in UnityEngine.Object.FindObjectsByType<UnityEngine.Tilemaps.Tilemap>(UnityEngine.FindObjectsSortMode.None))\n    if (tm.gameObject.name == \"EnvironmentSpriteTilemap\") overlayTm = tm;\nvar zr = UnityEngine.Object.FindObjectsByType<CavesOfOoo.Rendering.ZoneRenderer>(UnityEngine.FindObjectsSortMode.None);\nvar prop = zr[0].GetType().GetProperty(\"CurrentZone\");\nvar zone = (prop != null ? prop.GetValue(zr[0]) : null) as CavesOfOoo.Core.Zone;\nvar claims = new System.Collections.Generic.Dictionary<string, int>();\nfor (int x = 0; x < CavesOfOoo.Core.Zone.Width; x++)\nfor (int ty = 0; ty < CavesOfOoo.Core.Zone.Height; ty++)\n{\n    var t = overlayTm.GetTile(new UnityEngine.Vector3Int(x, ty, 0));\n    if (t == null) continue;\n    string n = t.name;\n    if (n.StartsWith(\"grass\") || n.StartsWith(\"floor\") || n.StartsWith(\"water\") || n.StartsWith(\"wall\") || n.StartsWith(\"sand\") || n.StartsWith(\"slate\") || n.StartsWith(\"bank\")) continue;\n    claims[n] = claims.TryGetValue(n, out var c) ? c + 1 : 1;\n}\nvar sb = new System.Text.StringBuilder();\nforeach (var kv in claims) sb.Append(kv.Key + \"x\" + kv.Value + \" \");\n// also: any AmbientMotes anchors registered?\nvar motes = UnityEngine.Object.FindObjectsByType<CavesOfOoo.Rendering.AmbientMotesRenderer>(UnityEngine.FindObjectsSortMode.None);\nint anchors = motes.Length > 0 ? motes[0].AnchorCount : -1;\nreturn \"NON-TERRAIN CLAIMS: \" + sb + \" || moteAnchors=\" + anchors;","safety_checks":true,"compiler":"auto"}}
{"ts":"2026-08-09T07:21:20.844Z","tool":"execute_code","type":"tool","status":"SUCCESS","ms":1301,"action":"execute","params":{"action":"execute","code":"return new { ka = true };","safety_checks":true,"compiler":"auto"}}
{"ts":"2026-08-09T07:21:30.883Z","tool":"manage_editor","type":"tool","status":"SUCCESS","ms":8,"action":"stop","params":{"action":"stop"}}
{"ts":"2026-08-09T07:22:22.262Z","tool":"execute_code","type":"tool","status":"SUCCESS","ms":1334,"action":"execute","params":{"action":"execute","code":"return new { ka = true };","safety_checks":true,"compiler":"auto"}}
{"ts":"2026-08-09T07:23:23.221Z","tool":"execute_code","type":"tool","status":"SUCCESS","ms":690,"action":"execute","params":{"action":"execute","code":"return new { ka = true };","safety_checks":true,"compiler":"auto"}}
{"ts":"2026-08-09T07:24:24.063Z","tool":"execute_code","type":"tool","status":"SUCCESS","ms":733,"action":"execute","params":{"action":"execute","code":"return new { ka = true };","safety_checks":true,"compiler":"auto"}}
{"ts":"2026-08-09T07:25:25.056Z","tool":"execute_code","type":"tool","status":"SUCCESS","ms":725,"action":"execute","params":{"action":"execute","code":"return new { ka = true };","safety_checks":true,"compiler":"auto"}}
{"ts":"2026-08-09T07:26:25.966Z","tool":"execute_code","type":"tool","status":"SUCCESS","ms":735,"action":"execute","params":{"action":"execute","code":"return new { ka = true };","safety_checks":true,"compiler":"auto"}}
{"ts":"2026-08-09T07:27:26.946Z","tool":"execute_code","type":"tool","status":"SUCCESS","ms":715,"action":"execute","params":{"action":"execute","code":"return new { ka = true };","safety_checks":true,"compiler":"auto"}}
{"ts":"2026-08-09T07:28:27.761Z","tool":"execute_code","type":"tool","status":"SUCCESS","ms":729,"action":"execute","params":{"action":"execute","code":"return new { ka = true };","safety_checks":true,"compiler":"auto"}}
{"ts":"2026-08-09T07:29:28.552Z","tool":"execute_code","type":"tool","status":"SUCCESS","ms":720,"action":"execute","params":{"action":"execute","code":"return new { ka = true };","safety_checks":true,"compiler":"auto"}}
{"ts":"2026-08-09T07:30:29.238Z","tool":"execute_code","type":"tool","status":"SUCCESS","ms":606,"action":"execute","params":{"action":"execute","code":"return new { ka = true };","safety_checks":true,"compiler":"auto"}}
{"ts":"2026-08-09T07:31:30.072Z","tool":"execute_code","type":"tool","status":"SUCCESS","ms":740,"action":"execute","params":{"action":"execute","code":"return new { ka = true };","safety_checks":true,"compiler":"auto"}}
{"ts":"2026-08-09T07:32:31.084Z","tool":"execute_code","type":"tool","status":"SUCCESS","ms":691,"action":"execute","params":{"action":"execute","code":"return new { ka = true };","safety_checks":true,"compiler":"auto"}}
{"ts":"2026-08-09T07:33:31.875Z","tool":"execute_code","type":"tool","status":"SUCCESS","ms":725,"action":"execute","params":{"action":"execute","code":"return new { ka = true };","safety_checks":true,"compiler":"auto"}}
{"ts":"2026-08-09T07:34:32.729Z","tool":"execute_code","type":"tool","status":"SUCCESS","ms":705,"action":"execute","params":{"action":"execute","code":"return new { ka = true };","safety_checks":true,"compiler":"auto"}}
{"ts":"2026-08-09T07:35:33.565Z","tool":"execute_code","type":"tool","status":"SUCCESS","ms":740,"action":"execute","params":{"action":"execute","code":"return new { ka = true };","safety_checks":true,"compiler":"auto"}}
{"ts":"2026-08-09T07:36:34.287Z","tool":"execute_code","type":"tool","status":"SUCCESS","ms":665,"action":"execute","params":{"action":"execute","code":"return new { ka = true };","safety_checks":true,"compiler":"auto"}}
{"ts":"2026-08-09T07:37:35.076Z","tool":"execute_code","type":"tool","status":"SUCCESS","ms":713,"action":"execute","params":{"action":"execute","code":"return new { ka = true };","safety_checks":true,"compiler":"auto"}}
{"ts":"2026-08-09T07:38:35.867Z","event":"session_start","unity":"6000.3.4f1"}
{"ts":"2026-08-09T07:38:35.867Z","tool":"execute_code","type":"tool","status":"SUCCESS","ms":720,"action":"execute","params":{"action":"execute","code":"return new { ka = true };","safety_checks":true,"compiler":"auto"}}
{"ts":"2026-08-09T07:39:36.595Z","tool":"execute_code","type":"tool","status":"SUCCESS","ms":665,"action":"execute","params":{"action":"execute","code":"return new { ka = true };","safety_checks":true,"compiler":"auto"}}
{"ts":"2026-08-09T07:40:37.257Z","tool":"execute_code","type":"tool","status":"SUCCESS","ms":603,"action":"execute","params":{"action":"execute","code":"return new { ka = true };","safety_checks":true,"compiler":"auto"}}
{"ts":"2026-08-09T07:41:37.992Z","tool":"execute_code","type":"tool","status":"SUCCESS","ms":678,"action":"execute","params":{"action":"execute","code":"return new { ka = true };","safety_checks":true,"compiler":"auto"}}
{"ts":"2026-08-09T07:42:38.744Z","tool":"execute_code","type":"tool","status":"SUCCESS","ms":687,"action":"execute","params":{"action":"execute","code":"return new { ka = true };","safety_checks":true,"compiler":"auto"}}
{"ts":"2026-08-09T07:43:21.433Z","tool":"get_editor_state","type":"resource","status":"SUCCESS","ms":0,"params":{}}
{"ts":"2026-08-09T07:43:21.441Z","tool":"get_project_info","type":"resource","status":"SUCCESS","ms":5,"params":{}}
{"ts":"2026-08-09T07:43:21.761Z","tool":"get_editor_state","type":"resource","status":"SUCCESS","ms":0,"params":{}}
{"ts":"2026-08-09T07:43:21.761Z","tool":"get_project_info","type":"resource","status":"SUCCESS","ms":0,"params":{}}
{"ts":"2026-08-09T07:43:22.014Z","tool":"get_editor_state","type":"resource","status":"SUCCESS","ms":0,"params":{}}
{"ts":"2026-08-09T07:43:22.016Z","tool":"get_project_info","type":"resource","status":"SUCCESS","ms":0,"params":{}}
{"ts":"2026-08-09T07:43:22.269Z","tool":"get_editor_state","type":"resource","status":"SUCCESS","ms":0,"params":{}}
{"ts":"2026-08-09T07:43:22.270Z","tool":"get_project_info","type":"resource","status":"SUCCESS","ms":0,"params":{}}
{"ts":"2026-08-09T07:43:22.523Z","tool":"get_editor_state","type":"resource","status":"SUCCESS","ms":0,"params":{}}
{"ts":"2026-08-09T07:43:22.524Z","tool":"get_project_info","type":"resource","status":"SUCCESS","ms":0,"params":{}}
{"ts":"2026-08-09T07:43:22.787Z","tool":"get_editor_state","type":"resource","status":"SUCCESS","ms":0,"params":{}}
{"ts":"2026-08-09T07:43:22.788Z","tool":"get_project_info","type":"resource","status":"SUCCESS","ms":0,"params":{}}
{"ts":"2026-08-09T07:43:23.042Z","tool":"get_editor_state","type":"resource","status":"SUCCESS","ms":0,"params":{}}
{"ts":"2026-08-09T07:43:23.043Z","tool":"get_project_info","type":"resource","status":"SUCCESS","ms":0,"params":{}}
{"ts":"2026-08-09T07:43:23.454Z","tool":"get_editor_state","type":"resource","status":"SUCCESS","ms":0,"params":{}}
{"ts":"2026-08-09T07:43:23.456Z","tool":"get_project_info","type":"resource","status":"SUCCESS","ms":0,"params":{}}
{"ts":"2026-08-09T07:43:23.709Z","tool":"get_editor_state","type":"resource","status":"SUCCESS","ms":0,"params":{}}
{"ts":"2026-08-09T07:43:23.710Z","tool":"get_project_info","type":"resource","status":"SUCCESS","ms":0,"params":{}}
{"ts":"2026-08-09T07:43:23.963Z","tool":"get_editor_state","type":"resource","status":"SUCCESS","ms":0,"params":{}}
{"ts":"2026-08-09T07:43:23.963Z","tool":"get_project_info","type":"resource","status":"SUCCESS","ms":0,"params":{}}
{"ts":"2026-08-09T07:43:24.215Z","tool":"get_editor_state","type":"resource","status":"SUCCESS","ms":0,"params":{}}
{"ts":"2026-08-09T07:43:24.216Z","tool":"get_project_info","type":"resource","status":"SUCCESS","ms":0,"params":{}}
{"ts":"2026-08-09T07:43:24.469Z","tool":"get_editor_state","type":"resource","status":"SUCCESS","ms":0,"params":{}}
{"ts":"2026-08-09T07:43:24.470Z","tool":"get_project_info","type":"resource","status":"SUCCESS","ms":0,"params":{}}
{"ts":"2026-08-09T07:43:24.723Z","tool":"get_editor_state","type":"resource","status":"SUCCESS","ms":0,"params":{}}
{"ts":"2026-08-09T07:43:24.724Z","tool":"get_project_info","type":"resource","status":"SUCCESS","ms":0,"params":{}}
{"ts":"2026-08-09T07:43:25.024Z","tool":"get_editor_state","type":"resource","status":"SUCCESS","ms":0,"params":{}}
{"ts":"2026-08-09T07:43:25.025Z","tool":"get_project_info","type":"resource","status":"SUCCESS","ms":0,"params":{}}
{"ts":"2026-08-09T07:43:25.279Z","tool":"get_editor_state","type":"resource","status":"SUCCESS","ms":0,"params":{}}
{"ts":"2026-08-09T07:43:25.280Z","tool":"get_project_info","type":"resource","status":"SUCCESS","ms":0,"params":{}}
{"ts":"2026-08-09T07:43:25.532Z","tool":"get_editor_state","type":"resource","status":"SUCCESS","ms":0,"params":{}}
{"ts":"2026-08-09T07:43:25.533Z","tool":"get_project_info","type":"resource","status":"SUCCESS","ms":0,"params":{}}
{"ts":"2026-08-09T07:43:25.786Z","tool":"get_editor_state","type":"resource","status":"SUCCESS","ms":0,"params":{}}
{"ts":"2026-08-09T07:43:25.787Z","tool":"get_project_info","type":"resource","status":"SUCCESS","ms":0,"params":{}}
{"ts":"2026-08-09T07:43:26.040Z","tool":"get_editor_state","type":"resource","status":"SUCCESS","ms":0,"params":{}}
{"ts":"2026-08-09T07:43:26.040Z","tool":"get_project_info","type":"resource","status":"SUCCESS","ms":0,"params":{}}
{"ts":"2026-08-09T07:43:26.294Z","tool":"get_editor_state","type":"resource","status":"SUCCESS","ms":0,"params":{}}
{"ts":"2026-08-09T07:43:26.295Z","tool":"get_project_info","type":"resource","status":"SUCCESS","ms":0,"params":{}}
{"ts":"2026-08-09T07:43:26.595Z","tool":"get_editor_state","type":"resource","status":"SUCCESS","ms":0,"params":{}}
{"ts":"2026-08-09T07:43:26.595Z","tool":"get_project_info","type":"resource","status":"SUCCESS","ms":0,"params":{}}
{"ts":"2026-08-09T07:43:26.848Z","tool":"get_editor_state","type":"resource","status":"SUCCESS","ms":0,"params":{}}
{"ts":"2026-08-09T07:43:26.849Z","tool":"get_project_info","type":"resource","status":"SUCCESS","ms":0,"params":{}}
{"ts":"2026-08-09T07:43:27.102Z","tool":"get_editor_state","type":"resource","status":"SUCCESS","ms":0,"params":{}}
{"ts":"2026-08-09T07:43:27.103Z","tool":"get_project_info","type":"resource","status":"SUCCESS","ms":0,"params":{}}
{"ts":"2026-08-09T07:43:27.356Z","tool":"get_editor_state","type":"resource","status":"SUCCESS","ms":0,"params":{}}
{"ts":"2026-08-09T07:43:27.361Z","tool":"get_project_info","type":"resource","status":"SUCCESS","ms":0,"params":{}}
{"ts":"2026-08-09T07:43:27.616Z","tool":"get_editor_state","type":"resource","status":"SUCCESS","ms":0,"params":{}}
{"ts":"2026-08-09T07:43:27.617Z","tool":"get_project_info","type":"resource","status":"SUCCESS","ms":0,"params":{}}
{"ts":"2026-08-09T07:43:27.870Z","tool":"get_editor_state","type":"resource","status":"SUCCESS","ms":0,"params":{}}
{"ts":"2026-08-09T07:43:27.871Z","tool":"get_project_info","type":"resource","status":"SUCCESS","ms":0,"params":{}}
{"ts":"2026-08-09T07:43:28.188Z","tool":"get_editor_state","type":"resource","status":"SUCCESS","ms":0,"params":{}}
{"ts":"2026-08-09T07:43:28.188Z","tool":"get_project_info","type":"resource","status":"SUCCESS","ms":0,"params":{}}
{"ts":"2026-08-09T07:43:28.442Z","tool":"get_editor_state","type":"resource","status":"SUCCESS","ms":0,"params":{}}
{"ts":"2026-08-09T07:43:28.442Z","tool":"get_project_info","type":"resource","status":"SUCCESS","ms":0,"params":{}}
{"ts":"2026-08-09T07:43:28.696Z","tool":"get_editor_state","type":"resource","status":"SUCCESS","ms":0,"params":{}}
{"ts":"2026-08-09T07:43:28.697Z","tool":"get_project_info","type":"resource","status":"SUCCESS","ms":0,"params":{}}
{"ts":"2026-08-09T07:43:28.949Z","tool":"get_editor_state","type":"resource","status":"SUCCESS","ms":0,"params":{}}
{"ts":"2026-08-09T07:43:28.950Z","tool":"get_project_info","type":"resource","status":"SUCCESS","ms":0,"params":{}}
{"ts":"2026-08-09T07:43:29.203Z","tool":"get_editor_state","type":"resource","status":"SUCCESS","ms":0,"params":{}}
{"ts":"2026-08-09T07:43:29.204Z","tool":"get_project_info","type":"resource","status":"SUCCESS","ms":0,"params":{}}
{"ts":"2026-08-09T07:43:29.457Z","tool":"get_editor_state","type":"resource","status":"SUCCESS","ms":0,"params":{}}
{"ts":"2026-08-09T07:43:29.458Z","tool":"get_project_info","type":"resource","status":"SUCCESS","ms":0,"params":{}}
{"ts":"2026-08-09T07:43:29.755Z","tool":"get_editor_state","type":"resource","status":"SUCCESS","ms":0,"params":{}}
{"ts":"2026-08-09T07:43:29.756Z","tool":"get_project_info","type":"resource","status":"SUCCESS","ms":0,"params":{}}
{"ts":"2026-08-09T07:43:30.010Z","tool":"get_editor_state","type":"resource","status":"SUCCESS","ms":0,"params":{}}
{"ts":"2026-08-09T07:43:30.010Z","tool":"get_project_info","type":"resource","status":"SUCCESS","ms":0,"params":{}}
{"ts":"2026-08-09T07:43:30.263Z","tool":"get_editor_state","type":"resource","status":"SUCCESS","ms":0,"params":{}}
{"ts":"2026-08-09T07:43:30.265Z","tool":"get_project_info","type":"resource","status":"SUCCESS","ms":0,"params":{}}
{"ts":"2026-08-09T07:43:30.519Z","tool":"get_editor_state","type":"resource","status":"SUCCESS","ms":0,"params":{}}
{"ts":"2026-08-09T07:43:30.519Z","tool":"get_project_info","type":"resource","status":"SUCCESS","ms":0,"params":{}}
{"ts":"2026-08-09T07:43:30.773Z","tool":"get_editor_state","type":"resource","status":"SUCCESS","ms":0,"params":{}}
{"ts":"2026-08-09T07:43:30.773Z","tool":"get_project_info","type":"resource","status":"SUCCESS","ms":0,"params":{}}
{"ts":"2026-08-09T07:43:31.026Z","tool":"get_editor_state","type":"resource","status":"SUCCESS","ms":0,"params":{}}
{"ts":"2026-08-09T07:43:31.027Z","tool":"get_project_info","type":"resource","status":"SUCCESS","ms":0,"params":{}}
{"ts":"2026-08-09T07:43:31.331Z","tool":"get_editor_state","type":"resource","status":"SUCCESS","ms":0,"params":{}}
{"ts":"2026-08-09T07:43:31.332Z","tool":"get_project_info","type":"resource","status":"SUCCESS","ms":0,"params":{}}
{"ts":"2026-08-09T07:43:31.584Z","tool":"get_editor_state","type":"resource","status":"SUCCESS","ms":0,"params":{}}
{"ts":"2026-08-09T07:43:31.585Z","tool":"get_project_info","type":"resource","status":"SUCCESS","ms":0,"params":{}}
{"ts":"2026-08-09T07:43:31.838Z","tool":"get_editor_state","type":"resource","status":"SUCCESS","ms":0,"params":{}}
{"ts":"2026-08-09T07:43:31.839Z","tool":"get_project_info","type":"resource","status":"SUCCESS","ms":0,"params":{}}
{"ts":"2026-08-09T07:43:32.092Z","tool":"get_editor_state","type":"resource","status":"SUCCESS","ms":0,"params":{}}
{"ts":"2026-08-09T07:43:32.093Z","tool":"get_project_info","type":"resource","status":"SUCCESS","ms":0,"params":{}}
{"ts":"2026-08-09T07:43:32.347Z","tool":"get_editor_state","type":"resource","status":"SUCCESS","ms":0,"params":{}}
{"ts":"2026-08-09T07:43:32.348Z","tool":"get_project_info","type":"resource","status":"SUCCESS","ms":0,"params":{}}
{"ts":"2026-08-09T07:43:32.601Z","tool":"get_editor_state","type":"resource","status":"SUCCESS","ms":0,"params":{}}
{"ts":"2026-08-09T07:43:32.602Z","tool":"get_project_info","type":"resource","status":"SUCCESS","ms":0,"params":{}}
{"ts":"2026-08-09T07:43:32.901Z","tool":"get_editor_state","type":"resource","status":"SUCCESS","ms":0,"params":{}}
{"ts":"2026-08-09T07:43:32.902Z","tool":"get_project_info","type":"resource","status":"SUCCESS","ms":0,"params":{}}
{"ts":"2026-08-09T07:43:33.156Z","tool":"get_editor_state","type":"resource","status":"SUCCESS","ms":0,"params":{}}
{"ts":"2026-08-09T07:43:33.156Z","tool":"get_project_info","type":"resource","status":"SUCCESS","ms":0,"params":{}}
{"ts":"2026-08-09T07:43:33.410Z","tool":"get_editor_state","type":"resource","status":"SUCCESS","ms":0,"params":{}}
{"ts":"2026-08-09T07:43:33.411Z","tool":"get_project_info","type":"resource","status":"SUCCESS","ms":0,"params":{}}
{"ts":"2026-08-09T07:43:33.664Z","tool":"get_editor_state","type":"resource","status":"SUCCESS","ms":0,"params":{}}
{"ts":"2026-08-09T07:43:33.665Z","tool":"get_project_info","type":"resource","status":"SUCCESS","ms":0,"params":{}}
{"ts":"2026-08-09T07:43:33.919Z","tool":"get_editor_state","type":"resource","status":"SUCCESS","ms":0,"params":{}}
{"ts":"2026-08-09T07:43:33.920Z","tool":"get_project_info","type":"resource","status":"SUCCESS","ms":0,"params":{}}
{"ts":"2026-08-09T07:43:34.172Z","tool":"get_editor_state","type":"resource","status":"SUCCESS","ms":0,"params":{}}
{"ts":"2026-08-09T07:43:34.173Z","tool":"get_project_info","type":"resource","status":"SUCCESS","ms":0,"params":{}}
{"ts":"2026-08-09T07:43:34.480Z","tool":"get_editor_state","type":"resource","status":"SUCCESS","ms":0,"params":{}}
{"ts":"2026-08-09T07:43:34.481Z","tool":"get_project_info","type":"resource","status":"SUCCESS","ms":0,"params":{}}
{"ts":"2026-08-09T07:43:34.735Z","tool":"get_editor_state","type":"resource","status":"SUCCESS","ms":0,"params":{}}
{"ts":"2026-08-09T07:43:34.736Z","tool":"get_project_info","type":"resource","status":"SUCCESS","ms":0,"params":{}}
{"ts":"2026-08-09T07:43:34.988Z","tool":"get_editor_state","type":"resource","status":"SUCCESS","ms":0,"params":{}}
{"ts":"2026-08-09T07:43:34.989Z","tool":"get_project_info","type":"resource","status":"SUCCESS","ms":0,"params":{}}
{"ts":"2026-08-09T07:43:35.242Z","tool":"get_editor_state","type":"resource","status":"SUCCESS","ms":0,"params":{}}
{"ts":"2026-08-09T07:43:35.243Z","tool":"get_project_info","type":"resource","status":"SUCCESS","ms":0,"params":{}}
{"ts":"2026-08-09T07:43:35.495Z","tool":"get_editor_state","type":"resource","status":"SUCCESS","ms":0,"params":{}}
{"ts":"2026-08-09T07:43:35.496Z","tool":"get_project_info","type":"resource","status":"SUCCESS","ms":0,"params":{}}
{"ts":"2026-08-09T07:43:35.748Z","tool":"get_editor_state","type":"resource","status":"SUCCESS","ms":0,"params":{}}
{"ts":"2026-08-09T07:43:35.749Z","tool":"get_project_info","type":"resource","status":"SUCCESS","ms":0,"params":{}}
{"ts":"2026-08-09T07:43:36.045Z","tool":"get_editor_state","type":"resource","status":"SUCCESS","ms":0,"params":{}}
{"ts":"2026-08-09T07:43:36.046Z","tool":"get_project_info","type":"resource","status":"SUCCESS","ms":0,"params":{}}
{"ts":"2026-08-09T07:43:36.298Z","tool":"get_editor_state","type":"resource","status":"SUCCESS","ms":0,"params":{}}
{"ts":"2026-08-09T07:43:36.299Z","tool":"get_project_info","type":"resource","status":"SUCCESS","ms":0,"params":{}}
{"ts":"2026-08-09T07:43:36.552Z","tool":"get_editor_state","type":"resource","status":"SUCCESS","ms":0,"params":{}}
{"ts":"2026-08-09T07:43:36.553Z","tool":"get_project_info","type":"resource","status":"SUCCESS","ms":0,"params":{}}
{"ts":"2026-08-09T07:43:36.812Z","tool":"get_editor_state","type":"resource","status":"SUCCESS","ms":0,"params":{}}
{"ts":"2026-08-09T07:43:36.813Z","tool":"get_project_info","type":"resource","status":"SUCCESS","ms":0,"params":{}}
{"ts":"2026-08-09T07:43:37.064Z","tool":"get_editor_state","type":"resource","status":"SUCCESS","ms":0,"params":{}}
{"ts":"2026-08-09T07:43:37.065Z","tool":"get_project_info","type":"resource","status":"SUCCESS","ms":0,"params":{}}
{"ts":"2026-08-09T07:43:37.318Z","tool":"get_editor_state","type":"resource","status":"SUCCESS","ms":0,"params":{}}
{"ts":"2026-08-09T07:43:37.319Z","tool":"get_project_info","type":"resource","status":"SUCCESS","ms":0,"params":{}}
{"ts":"2026-08-09T07:43:37.618Z","tool":"get_editor_state","type":"resource","status":"SUCCESS","ms":0,"params":{}}
{"ts":"2026-08-09T07:43:37.619Z","tool":"get_project_info","type":"resource","status":"SUCCESS","ms":0,"params":{}}
{"ts":"2026-08-09T07:43:37.873Z","tool":"get_editor_state","type":"resource","status":"SUCCESS","ms":0,"params":{}}
{"ts":"2026-08-09T07:43:37.875Z","tool":"get_project_info","type":"resource","status":"SUCCESS","ms":0,"params":{}}
{"ts":"2026-08-09T07:43:38.128Z","tool":"get_editor_state","type":"resource","status":"SUCCESS","ms":0,"params":{}}
{"ts":"2026-08-09T07:43:38.129Z","tool":"get_project_info","type":"resource","status":"SUCCESS","ms":0,"params":{}}
{"ts":"2026-08-09T07:43:38.381Z","tool":"get_editor_state","type":"resource","status":"SUCCESS","ms":0,"params":{}}
{"ts":"2026-08-09T07:43:38.381Z","tool":"get_project_info","type":"resource","status":"SUCCESS","ms":0,"params":{}}
{"ts":"2026-08-09T07:43:38.633Z","tool":"get_editor_state","type":"resource","status":"SUCCESS","ms":0,"params":{}}
{"ts":"2026-08-09T07:43:38.634Z","tool":"get_project_info","type":"resource","status":"SUCCESS","ms":0,"params":{}}
{"ts":"2026-08-09T07:43:39.476Z","tool":"execute_code","type":"tool","status":"SUCCESS","ms":675,"action":"execute","params":{"action":"execute","code":"return new { ka = true };","safety_checks":true,"compiler":"auto"}}
{"ts":"2026-08-09T07:43:39.481Z","tool":"get_editor_state","type":"resource","status":"SUCCESS","ms":0,"params":{}}
{"ts":"2026-08-09T07:43:39.482Z","tool":"get_project_info","type":"resource","status":"SUCCESS","ms":0,"params":{}}
{"ts":"2026-08-09T07:43:39.777Z","tool":"get_editor_state","type":"resource","status":"SUCCESS","ms":0,"params":{}}
{"ts":"2026-08-09T07:43:39.778Z","tool":"get_project_info","type":"resource","status":"SUCCESS","ms":0,"params":{}}
{"ts":"2026-08-09T07:43:40.032Z","tool":"get_editor_state","type":"resource","status":"SUCCESS","ms":0,"params":{}}
{"ts":"2026-08-09T07:43:40.033Z","tool":"get_project_info","type":"resource","status":"SUCCESS","ms":0,"params":{}}
{"ts":"2026-08-09T07:43:40.287Z","tool":"get_editor_state","type":"resource","status":"SUCCESS","ms":0,"params":{}}
{"ts":"2026-08-09T07:43:40.287Z","tool":"get_project_info","type":"resource","status":"SUCCESS","ms":0,"params":{}}
{"ts":"2026-08-09T07:43:40.541Z","tool":"get_editor_state","type":"resource","status":"SUCCESS","ms":0,"params":{}}
{"ts":"2026-08-09T07:43:40.542Z","tool":"get_project_info","type":"resource","status":"SUCCESS","ms":0,"params":{}}
{"ts":"2026-08-09T07:43:40.795Z","tool":"get_editor_state","type":"resource","status":"SUCCESS","ms":0,"params":{}}
{"ts":"2026-08-09T07:43:40.796Z","tool":"get_project_info","type":"resource","status":"SUCCESS","ms":0,"params":{}}
{"ts":"2026-08-09T07:43:41.048Z","tool":"get_editor_state","type":"resource","status":"SUCCESS","ms":0,"params":{}}
{"ts":"2026-08-09T07:43:41.049Z","tool":"get_project_info","type":"resource","status":"SUCCESS","ms":0,"params":{}}
{"ts":"2026-08-09T07:43:41.355Z","tool":"get_editor_state","type":"resource","status":"SUCCESS","ms":0,"params":{}}
{"ts":"2026-08-09T07:43:41.356Z","tool":"get_project_info","type":"resource","status":"SUCCESS","ms":0,"params":{}}
{"ts":"2026-08-09T07:43:41.609Z","tool":"get_editor_state","type":"resource","status":"SUCCESS","ms":0,"params":{}}
{"ts":"2026-08-09T07:43:41.610Z","tool":"get_project_info","type":"resource","status":"SUCCESS","ms":0,"params":{}}
{"ts":"2026-08-09T07:43:41.864Z","tool":"get_editor_state","type":"resource","status":"SUCCESS","ms":0,"params":{}}
{"ts":"2026-08-09T07:43:41.866Z","tool":"get_project_info","type":"resource","status":"SUCCESS","ms":0,"params":{}}
{"ts":"2026-08-09T07:43:42.120Z","tool":"get_editor_state","type":"resource","status":"SUCCESS","ms":0,"params":{}}
{"ts":"2026-08-09T07:43:42.120Z","tool":"get_project_info","type":"resource","status":"SUCCESS","ms":0,"params":{}}
{"ts":"2026-08-09T07:43:42.374Z","tool":"get_editor_state","type":"resource","status":"SUCCESS","ms":0,"params":{}}
{"ts":"2026-08-09T07:43:42.378Z","tool":"get_project_info","type":"resource","status":"SUCCESS","ms":0,"params":{}}
{"ts":"2026-08-09T07:43:42.631Z","tool":"get_editor_state","type":"resource","status":"SUCCESS","ms":0,"params":{}}
{"ts":"2026-08-09T07:43:42.632Z","tool":"get_project_info","type":"resource","status":"SUCCESS","ms":0,"params":{}}
{"ts":"2026-08-09T07:43:42.930Z","tool":"get_editor_state","type":"resource","status":"SUCCESS","ms":0,"params":{}}
{"ts":"2026-08-09T07:43:42.931Z","tool":"get_project_info","type":"resource","status":"SUCCESS","ms":0,"params":{}}
{"ts":"2026-08-09T07:43:43.184Z","tool":"get_editor_state","type":"resource","status":"SUCCESS","ms":0,"params":{}}
{"ts":"2026-08-09T07:43:43.185Z","tool":"get_project_info","type":"resource","status":"SUCCESS","ms":0,"params":{}}
{"ts":"2026-08-09T07:43:43.438Z","tool":"get_editor_state","type":"resource","status":"SUCCESS","ms":0,"params":{}}
{"ts":"2026-08-09T07:43:43.439Z","tool":"get_project_info","type":"resource","status":"SUCCESS","ms":0,"params":{}}
{"ts":"2026-08-09T07:43:43.692Z","tool":"get_editor_state","type":"resource","status":"SUCCESS","ms":0,"params":{}}
{"ts":"2026-08-09T07:43:43.693Z","tool":"get_project_info","type":"resource","status":"SUCCESS","ms":0,"params":{}}
{"ts":"2026-08-09T07:43:43.947Z","tool":"get_editor_state","type":"resource","status":"SUCCESS","ms":0,"params":{}}
{"ts":"2026-08-09T07:43:43.948Z","tool":"get_project_info","type":"resource","status":"SUCCESS","ms":0,"params":{}}
{"ts":"2026-08-09T07:43:44.201Z","tool":"get_editor_state","type":"resource","status":"SUCCESS","ms":0,"params":{}}
{"ts":"2026-08-09T07:43:44.202Z","tool":"get_project_info","type":"resource","status":"SUCCESS","ms":0,"params":{}}
{"ts":"2026-08-09T07:43:44.505Z","tool":"get_editor_state","type":"resource","status":"SUCCESS","ms":0,"params":{}}
{"ts":"2026-08-09T07:43:44.506Z","tool":"get_project_info","type":"resource","status":"SUCCESS","ms":0,"params":{}}
{"ts":"2026-08-09T07:43:44.759Z","tool":"get_editor_state","type":"resource","status":"SUCCESS","ms":0,"params":{}}
{"ts":"2026-08-09T07:43:44.760Z","tool":"get_project_info","type":"resource","status":"SUCCESS","ms":0,"params":{}}
{"ts":"2026-08-09T07:43:45.013Z","tool":"get_editor_state","type":"resource","status":"SUCCESS","ms":0,"params":{}}
{"ts":"2026-08-09T07:43:45.014Z","tool":"get_project_info","type":"resource","status":"SUCCESS","ms":0,"params":{}}
{"ts":"2026-08-09T07:43:45.266Z","tool":"get_editor_state","type":"resource","status":"SUCCESS","ms":0,"params":{}}
{"ts":"2026-08-09T07:43:45.267Z","tool":"get_project_info","type":"resource","status":"SUCCESS","ms":0,"params":{}}
{"ts":"2026-08-09T07:43:45.521Z","tool":"get_editor_state","type":"resource","status":"SUCCESS","ms":0,"params":{}}
{"ts":"2026-08-09T07:43:45.521Z","tool":"get_project_info","type":"resource","status":"SUCCESS","ms":0,"params":{}}
{"ts":"2026-08-09T07:43:45.775Z","tool":"get_editor_state","type":"resource","status":"SUCCESS","ms":0,"params":{}}
{"ts":"2026-08-09T07:43:45.776Z","tool":"get_project_info","type":"resource","status":"SUCCESS","ms":0,"params":{}}
{"ts":"2026-08-09T07:43:46.081Z","tool":"get_editor_state","type":"resource","status":"SUCCESS","ms":0,"params":{}}
{"ts":"2026-08-09T07:43:46.082Z","tool":"get_project_info","type":"resource","status":"SUCCESS","ms":0,"params":{}}
{"ts":"2026-08-09T07:43:46.336Z","tool":"get_editor_state","type":"resource","status":"SUCCESS","ms":0,"params":{}}
{"ts":"2026-08-09T07:43:46.337Z","tool":"get_project_info","type":"resource","status":"SUCCESS","ms":0,"params":{}}
{"ts":"2026-08-09T07:43:46.590Z","tool":"get_editor_state","type":"resource","status":"SUCCESS","ms":0,"params":{}}
{"ts":"2026-08-09T07:43:46.591Z","tool":"get_project_info","type":"resource","status":"SUCCESS","ms":0,"params":{}}
{"ts":"2026-08-09T07:43:46.845Z","tool":"get_editor_state","type":"resource","status":"SUCCESS","ms":0,"params":{}}
{"ts":"2026-08-09T07:43:46.846Z","tool":"get_project_info","type":"resource","status":"SUCCESS","ms":0,"params":{}}
{"ts":"2026-08-09T07:43:47.098Z","tool":"get_editor_state","type":"resource","status":"SUCCESS","ms":0,"params":{}}
{"ts":"2026-08-09T07:43:47.100Z","tool":"get_project_info","type":"resource","status":"SUCCESS","ms":0,"params":{}}
{"ts":"2026-08-09T07:43:47.353Z","tool":"get_editor_state","type":"resource","status":"SUCCESS","ms":0,"params":{}}
{"ts":"2026-08-09T07:43:47.354Z","tool":"get_project_info","type":"resource","status":"SUCCESS","ms":0,"params":{}}
{"ts":"2026-08-09T07:43:47.653Z","tool":"get_editor_state","type":"resource","status":"SUCCESS","ms":0,"params":{}}
{"ts":"2026-08-09T07:43:47.654Z","tool":"get_project_info","type":"resource","status":"SUCCESS","ms":0,"params":{}}
{"ts":"2026-08-09T07:43:47.908Z","tool":"get_editor_state","type":"resource","status":"SUCCESS","ms":0,"params":{}}
{"ts":"2026-08-09T07:43:47.909Z","tool":"get_project_info","type":"resource","status":"SUCCESS","ms":0,"params":{}}
{"ts":"2026-08-09T07:43:48.162Z","tool":"get_editor_state","type":"resource","status":"SUCCESS","ms":0,"params":{}}
{"ts":"2026-08-09T07:43:48.163Z","tool":"get_project_info","type":"resource","status":"SUCCESS","ms":0,"params":{}}
{"ts":"2026-08-09T07:43:48.416Z","tool":"get_editor_state","type":"resource","status":"SUCCESS","ms":0,"params":{}}
{"ts":"2026-08-09T07:43:48.417Z","tool":"get_project_info","type":"resource","status":"SUCCESS","ms":0,"params":{}}
{"ts":"2026-08-09T07:43:48.670Z","tool":"get_editor_state","type":"resource","status":"SUCCESS","ms":0,"params":{}}
{"ts":"2026-08-09T07:43:48.670Z","tool":"get_project_info","type":"resource","status":"SUCCESS","ms":0,"params":{}}
{"ts":"2026-08-09T07:43:48.923Z","tool":"get_editor_state","type":"resource","status":"SUCCESS","ms":0,"params":{}}
{"ts":"2026-08-09T07:43:48.924Z","tool":"get_project_info","type":"resource","status":"SUCCESS","ms":0,"params":{}}
{"ts":"2026-08-09T07:43:49.230Z","tool":"get_editor_state","type":"resource","status":"SUCCESS","ms":0,"params":{}}
{"ts":"2026-08-09T07:43:49.231Z","tool":"get_project_info","type":"resource","status":"SUCCESS","ms":0,"params":{}}
{"ts":"2026-08-09T07:43:49.483Z","tool":"get_editor_state","type":"resource","status":"SUCCESS","ms":0,"params":{}}
{"ts":"2026-08-09T07:43:49.483Z","tool":"get_project_info","type":"resource","status":"SUCCESS","ms":0,"params":{}}
{"ts":"2026-08-09T07:43:49.736Z","tool":"get_editor_state","type":"resource","status":"SUCCESS","ms":0,"params":{}}
{"ts":"2026-08-09T07:43:49.737Z","tool":"get_project_info","type":"resource","status":"SUCCESS","ms":0,"params":{}}
{"ts":"2026-08-09T07:43:49.989Z","tool":"get_editor_state","type":"resource","status":"SUCCESS","ms":0,"params":{}}
{"ts":"2026-08-09T07:43:49.990Z","tool":"get_project_info","type":"resource","status":"SUCCESS","ms":0,"params":{}}
{"ts":"2026-08-09T07:43:50.244Z","tool":"get_editor_state","type":"resource","status":"SUCCESS","ms":0,"params":{}}
{"ts":"2026-08-09T07:43:50.245Z","tool":"get_project_info","type":"resource","status":"SUCCESS","ms":0,"params":{}}
{"ts":"2026-08-09T07:43:50.499Z","tool":"get_editor_state","type":"resource","status":"SUCCESS","ms":0,"params":{}}
{"ts":"2026-08-09T07:43:50.500Z","tool":"get_project_info","type":"resource","status":"SUCCESS","ms":0,"params":{}}
{"ts":"2026-08-09T07:43:50.800Z","tool":"get_editor_state","type":"resource","status":"SUCCESS","ms":0,"params":{}}
{"ts":"2026-08-09T07:43:50.801Z","tool":"get_project_info","type":"resource","status":"SUCCESS","ms":0,"params":{}}
{"ts":"2026-08-09T07:43:51.053Z","tool":"get_editor_state","type":"resource","status":"SUCCESS","ms":0,"params":{}}
{"ts":"2026-08-09T07:43:51.053Z","tool":"get_project_info","type":"resource","status":"SUCCESS","ms":0,"params":{}}
{"ts":"2026-08-09T07:43:51.306Z","tool":"get_editor_state","type":"resource","status":"SUCCESS","ms":0,"params":{}}
{"ts":"2026-08-09T07:43:51.307Z","tool":"get_project_info","type":"resource","status":"SUCCESS","ms":0,"params":{}}
{"ts":"2026-08-09T07:43:51.561Z","tool":"get_editor_state","type":"resource","status":"SUCCESS","ms":0,"params":{}}
{"ts":"2026-08-09T07:43:51.562Z","tool":"get_project_info","type":"resource","status":"SUCCESS","ms":0,"params":{}}
{"ts":"2026-08-09T07:43:51.815Z","tool":"get_editor_state","type":"resource","status":"SUCCESS","ms":0,"params":{}}
{"ts":"2026-08-09T07:43:51.816Z","tool":"get_project_info","type":"resource","status":"SUCCESS","ms":0,"params":{}}
{"ts":"2026-08-09T07:43:52.069Z","tool":"get_editor_state","type":"resource","status":"SUCCESS","ms":0,"params":{}}
{"ts":"2026-08-09T07:43:52.070Z","tool":"get_project_info","type":"resource","status":"SUCCESS","ms":0,"params":{}}
{"ts":"2026-08-09T07:43:52.375Z","tool":"get_editor_state","type":"resource","status":"SUCCESS","ms":0,"params":{}}
{"ts":"2026-08-09T07:43:52.376Z","tool":"get_project_info","type":"resource","status":"SUCCESS","ms":0,"params":{}}
{"ts":"2026-08-09T07:43:52.629Z","tool":"get_editor_state","type":"resource","status":"SUCCESS","ms":0,"params":{}}
{"ts":"2026-08-09T07:43:52.630Z","tool":"get_project_info","type":"resource","status":"SUCCESS","ms":0,"params":{}}
{"ts":"2026-08-09T07:43:52.884Z","tool":"get_editor_state","type":"resource","status":"SUCCESS","ms":0,"params":{}}
{"ts":"2026-08-09T07:43:52.884Z","tool":"get_project_info","type":"resource","status":"SUCCESS","ms":0,"params":{}}
{"ts":"2026-08-09T07:43:53.137Z","tool":"get_editor_state","type":"resource","status":"SUCCESS","ms":0,"params":{}}
{"ts":"2026-08-09T07:43:53.138Z","tool":"get_project_info","type":"resource","status":"SUCCESS","ms":0,"params":{}}
{"ts":"2026-08-09T07:43:53.391Z","tool":"get_editor_state","type":"resource","status":"SUCCESS","ms":0,"params":{}}
{"ts":"2026-08-09T07:43:53.392Z","tool":"get_project_info","type":"resource","status":"SUCCESS","ms":0,"params":{}}
{"ts":"2026-08-09T07:43:53.646Z","tool":"get_editor_state","type":"resource","status":"SUCCESS","ms":0,"params":{}}
{"ts":"2026-08-09T07:43:53.647Z","tool":"get_project_info","type":"resource","status":"SUCCESS","ms":0,"params":{}}
{"ts":"2026-08-09T07:43:53.952Z","tool":"get_editor_state","type":"resource","status":"SUCCESS","ms":0,"params":{}}
{"ts":"2026-08-09T07:43:53.953Z","tool":"get_project_info","type":"resource","status":"SUCCESS","ms":0,"params":{}}
{"ts":"2026-08-09T07:43:54.206Z","tool":"get_editor_state","type":"resource","status":"SUCCESS","ms":0,"params":{}}
{"ts":"2026-08-09T07:43:54.207Z","tool":"get_project_info","type":"resource","status":"SUCCESS","ms":0,"params":{}}
{"ts":"2026-08-09T07:43:54.461Z","tool":"get_editor_state","type":"resource","status":"SUCCESS","ms":0,"params":{}}
{"ts":"2026-08-09T07:43:54.462Z","tool":"get_project_info","type":"resource","status":"SUCCESS","ms":0,"params":{}}
{"ts":"2026-08-09T07:43:54.713Z","tool":"get_editor_state","type":"resource","status":"SUCCESS","ms":0,"params":{}}
{"ts":"2026-08-09T07:43:54.714Z","tool":"get_project_info","type":"resource","status":"SUCCESS","ms":0,"params":{}}
{"ts":"2026-08-09T07:43:55.033Z","tool":"get_editor_state","type":"resource","status":"SUCCESS","ms":0,"params":{}}
{"ts":"2026-08-09T07:43:55.034Z","tool":"get_project_info","type":"resource","status":"SUCCESS","ms":0,"params":{}}
{"ts":"2026-08-09T07:43:55.287Z","tool":"get_editor_state","type":"resource","status":"SUCCESS","ms":0,"params":{}}
{"ts":"2026-08-09T07:43:55.287Z","tool":"get_project_info","type":"resource","status":"SUCCESS","ms":0,"params":{}}
{"ts":"2026-08-09T07:43:55.593Z","tool":"get_editor_state","type":"resource","status":"SUCCESS","ms":0,"params":{}}
{"ts":"2026-08-09T07:43:55.594Z","tool":"get_project_info","type":"resource","status":"SUCCESS","ms":0,"params":{}}
{"ts":"2026-08-09T07:43:55.845Z","tool":"get_editor_state","type":"resource","status":"SUCCESS","ms":0,"params":{}}
{"ts":"2026-08-09T07:43:55.846Z","tool":"get_project_info","type":"resource","status":"SUCCESS","ms":0,"params":{}}
{"ts":"2026-08-09T07:43:56.100Z","tool":"get_editor_state","type":"resource","status":"SUCCESS","ms":0,"params":{}}
{"ts":"2026-08-09T07:43:56.100Z","tool":"get_project_info","type":"resource","status":"SUCCESS","ms":0,"params":{}}
{"ts":"2026-08-09T07:43:56.354Z","tool":"get_editor_state","type":"resource","status":"SUCCESS","ms":0,"params":{}}
{"ts":"2026-08-09T07:43:56.355Z","tool":"get_project_info","type":"resource","status":"SUCCESS","ms":0,"params":{}}
{"ts":"2026-08-09T07:43:56.607Z","tool":"get_editor_state","type":"resource","status":"SUCCESS","ms":0,"params":{}}
{"ts":"2026-08-09T07:43:56.608Z","tool":"get_project_info","type":"resource","status":"SUCCESS","ms":0,"params":{}}
{"ts":"2026-08-09T07:43:56.860Z","tool":"get_editor_state","type":"resource","status":"SUCCESS","ms":0,"params":{}}
{"ts":"2026-08-09T07:43:56.860Z","tool":"get_project_info","type":"resource","status":"SUCCESS","ms":0,"params":{}}
{"ts":"2026-08-09T07:43:57.162Z","tool":"get_editor_state","type":"resource","status":"SUCCESS","ms":0,"params":{}}
{"ts":"2026-08-09T07:43:57.163Z","tool":"get_project_info","type":"resource","status":"SUCCESS","ms":0,"params":{}}
{"ts":"2026-08-09T07:43:57.415Z","tool":"get_editor_state","type":"resource","status":"SUCCESS","ms":0,"params":{}}
{"ts":"2026-08-09T07:43:57.415Z","tool":"get_project_info","type":"resource","status":"SUCCESS","ms":0,"params":{}}
{"ts":"2026-08-09T07:43:57.669Z","tool":"get_editor_state","type":"resource","status":"SUCCESS","ms":0,"params":{}}
{"ts":"2026-08-09T07:43:57.670Z","tool":"get_project_info","type":"resource","status":"SUCCESS","ms":0,"params":{}}
{"ts":"2026-08-09T07:43:57.923Z","tool":"get_editor_state","type":"resource","status":"SUCCESS","ms":0,"params":{}}
{"ts":"2026-08-09T07:43:57.924Z","tool":"get_project_info","type":"resource","status":"SUCCESS","ms":0,"params":{}}
{"ts":"2026-08-09T07:43:58.177Z","tool":"get_editor_state","type":"resource","status":"SUCCESS","ms":0,"params":{}}
{"ts":"2026-08-09T07:43:58.178Z","tool":"get_project_info","type":"resource","status":"SUCCESS","ms":0,"params":{}}
{"ts":"2026-08-09T07:43:58.432Z","tool":"get_editor_state","type":"resource","status":"SUCCESS","ms":0,"params":{}}
{"ts":"2026-08-09T07:43:58.432Z","tool":"get_project_info","type":"resource","status":"SUCCESS","ms":0,"params":{}}
{"ts":"2026-08-09T07:43:58.734Z","tool":"get_editor_state","type":"resource","status":"SUCCESS","ms":0,"params":{}}
{"ts":"2026-08-09T07:43:58.735Z","tool":"get_project_info","type":"resource","status":"SUCCESS","ms":0,"params":{}}
{"ts":"2026-08-09T07:43:58.987Z","tool":"get_editor_state","type":"resource","status":"SUCCESS","ms":0,"params":{}}
{"ts":"2026-08-09T07:43:58.987Z","tool":"get_project_info","type":"resource","status":"SUCCESS","ms":0,"params":{}}
{"ts":"2026-08-09T07:43:59.240Z","tool":"get_editor_state","type":"resource","status":"SUCCESS","ms":0,"params":{}}
{"ts":"2026-08-09T07:43:59.240Z","tool":"get_project_info","type":"resource","status":"SUCCESS","ms":0,"params":{}}
{"ts":"2026-08-09T07:43:59.494Z","tool":"get_editor_state","type":"resource","status":"SUCCESS","ms":0,"params":{}}
{"ts":"2026-08-09T07:43:59.495Z","tool":"get_project_info","type":"resource","status":"SUCCESS","ms":0,"params":{}}
{"ts":"2026-08-09T07:43:59.748Z","tool":"get_editor_state","type":"resource","status":"SUCCESS","ms":0,"params":{}}
{"ts":"2026-08-09T07:43:59.749Z","tool":"get_project_info","type":"resource","status":"SUCCESS","ms":0,"params":{}}
{"ts":"2026-08-09T07:44:00.001Z","tool":"get_editor_state","type":"resource","status":"SUCCESS","ms":0,"params":{}}
{"ts":"2026-08-09T07:44:00.002Z","tool":"get_project_info","type":"resource","status":"SUCCESS","ms":0,"params":{}}
{"ts":"2026-08-09T07:44:00.306Z","tool":"get_editor_state","type":"resource","status":"SUCCESS","ms":0,"params":{}}
{"ts":"2026-08-09T07:44:00.307Z","tool":"get_project_info","type":"resource","status":"SUCCESS","ms":0,"params":{}}
{"ts":"2026-08-09T07:44:00.560Z","tool":"get_editor_state","type":"resource","status":"SUCCESS","ms":0,"params":{}}
{"ts":"2026-08-09T07:44:00.561Z","tool":"get_project_info","type":"resource","status":"SUCCESS","ms":0,"params":{}}
{"ts":"2026-08-09T07:44:00.812Z","tool":"get_editor_state","type":"resource","status":"SUCCESS","ms":0,"params":{}}
{"ts":"2026-08-09T07:44:00.813Z","tool":"get_project_info","type":"resource","status":"SUCCESS","ms":0,"params":{}}
{"ts":"2026-08-09T07:44:01.066Z","tool":"get_editor_state","type":"resource","status":"SUCCESS","ms":0,"params":{}}
{"ts":"2026-08-09T07:44:01.067Z","tool":"get_project_info","type":"resource","status":"SUCCESS","ms":0,"params":{}}
{"ts":"2026-08-09T07:44:01.320Z","tool":"get_editor_state","type":"resource","status":"SUCCESS","ms":0,"params":{}}
{"ts":"2026-08-09T07:44:01.321Z","tool":"get_project_info","type":"resource","status":"SUCCESS","ms":0,"params":{}}
{"ts":"2026-08-09T07:44:01.574Z","tool":"get_editor_state","type":"resource","status":"SUCCESS","ms":0,"params":{}}
{"ts":"2026-08-09T07:44:01.575Z","tool":"get_project_info","type":"resource","status":"SUCCESS","ms":0,"params":{}}
{"ts":"2026-08-09T07:44:01.877Z","tool":"get_editor_state","type":"resource","status":"SUCCESS","ms":0,"params":{}}
{"ts":"2026-08-09T07:44:01.878Z","tool":"get_project_info","type":"resource","status":"SUCCESS","ms":0,"params":{}}
{"ts":"2026-08-09T07:44:02.130Z","tool":"get_editor_state","type":"resource","status":"SUCCESS","ms":0,"params":{}}
{"ts":"2026-08-09T07:44:02.131Z","tool":"get_project_info","type":"resource","status":"SUCCESS","ms":0,"params":{}}
{"ts":"2026-08-09T07:44:02.383Z","tool":"get_editor_state","type":"resource","status":"SUCCESS","ms":0,"params":{}}
{"ts":"2026-08-09T07:44:02.384Z","tool":"get_project_info","type":"resource","status":"SUCCESS","ms":0,"params":{}}
{"ts":"2026-08-09T07:44:02.638Z","tool":"get_editor_state","type":"resource","status":"SUCCESS","ms":0,"params":{}}
{"ts":"2026-08-09T07:44:02.638Z","tool":"get_project_info","type":"resource","status":"SUCCESS","ms":0,"params":{}}
{"ts":"2026-08-09T07:44:02.892Z","tool":"get_editor_state","type":"resource","status":"SUCCESS","ms":0,"params":{}}
{"ts":"2026-08-09T07:44:02.893Z","tool":"get_project_info","type":"resource","status":"SUCCESS","ms":0,"params":{}}
{"ts":"2026-08-09T07:44:03.146Z","tool":"get_editor_state","type":"resource","status":"SUCCESS","ms":0,"params":{}}
{"ts":"2026-08-09T07:44:03.147Z","tool":"get_project_info","type":"resource","status":"SUCCESS","ms":0,"params":{}}
{"ts":"2026-08-09T07:44:03.451Z","tool":"get_editor_state","type":"resource","status":"SUCCESS","ms":0,"params":{}}
{"ts":"2026-08-09T07:44:03.452Z","tool":"get_project_info","type":"resource","status":"SUCCESS","ms":0,"params":{}}
{"ts":"2026-08-09T07:44:03.703Z","tool":"get_editor_state","type":"resource","status":"SUCCESS","ms":0,"params":{}}
{"ts":"2026-08-09T07:44:03.704Z","tool":"get_project_info","type":"resource","status":"SUCCESS","ms":0,"params":{}}
{"ts":"2026-08-09T07:44:03.957Z","tool":"get_editor_state","type":"resource","status":"SUCCESS","ms":0,"params":{}}
{"ts":"2026-08-09T07:44:03.957Z","tool":"get_project_info","type":"resource","status":"SUCCESS","ms":0,"params":{}}
{"ts":"2026-08-09T07:44:04.210Z","tool":"get_editor_state","type":"resource","status":"SUCCESS","ms":0,"params":{}}
{"ts":"2026-08-09T07:44:04.211Z","tool":"get_project_info","type":"resource","status":"SUCCESS","ms":0,"params":{}}
{"ts":"2026-08-09T07:44:04.466Z","tool":"get_editor_state","type":"resource","status":"SUCCESS","ms":0,"params":{}}
{"ts":"2026-08-09T07:44:04.467Z","tool":"get_project_info","type":"resource","status":"SUCCESS","ms":0,"params":{}}
{"ts":"2026-08-09T07:44:04.719Z","tool":"get_editor_state","type":"resource","status":"SUCCESS","ms":0,"params":{}}
{"ts":"2026-08-09T07:44:04.720Z","tool":"get_project_info","type":"resource","status":"SUCCESS","ms":0,"params":{}}
{"ts":"2026-08-09T07:44:05.025Z","tool":"get_editor_state","type":"resource","status":"SUCCESS","ms":0,"params":{}}
{"ts":"2026-08-09T07:44:05.026Z","tool":"get_project_info","type":"resource","status":"SUCCESS","ms":0,"params":{}}
{"ts":"2026-08-09T07:44:05.280Z","tool":"get_editor_state","type":"resource","status":"SUCCESS","ms":0,"params":{}}
{"ts":"2026-08-09T07:44:05.281Z","tool":"get_project_info","type":"resource","status":"SUCCESS","ms":0,"params":{}}
{"ts":"2026-08-09T07:44:05.534Z","tool":"get_editor_state","type":"resource","status":"SUCCESS","ms":0,"params":{}}
{"ts":"2026-08-09T07:44:05.534Z","tool":"get_project_info","type":"resource","status":"SUCCESS","ms":0,"params":{}}
{"ts":"2026-08-09T07:44:05.787Z","tool":"get_editor_state","type":"resource","status":"SUCCESS","ms":0,"params":{}}
{"ts":"2026-08-09T07:44:05.788Z","tool":"get_project_info","type":"resource","status":"SUCCESS","ms":0,"params":{}}
{"ts":"2026-08-09T07:44:06.042Z","tool":"get_editor_state","type":"resource","status":"SUCCESS","ms":0,"params":{}}
{"ts":"2026-08-09T07:44:06.043Z","tool":"get_project_info","type":"resource","status":"SUCCESS","ms":0,"params":{}}
{"ts":"2026-08-09T07:44:06.296Z","tool":"get_editor_state","type":"resource","status":"SUCCESS","ms":0,"params":{}}
{"ts":"2026-08-09T07:44:06.297Z","tool":"get_project_info","type":"resource","status":"SUCCESS","ms":0,"params":{}}
{"ts":"2026-08-09T07:44:06.602Z","tool":"get_editor_state","type":"resource","status":"SUCCESS","ms":0,"params":{}}
{"ts":"2026-08-09T07:44:06.603Z","tool":"get_project_info","type":"resource","status":"SUCCESS","ms":0,"params":{}}
{"ts":"2026-08-09T07:44:06.857Z","tool":"get_editor_state","type":"resource","status":"SUCCESS","ms":0,"params":{}}
{"ts":"2026-08-09T07:44:06.858Z","tool":"get_project_info","type":"resource","status":"SUCCESS","ms":0,"params":{}}
{"ts":"2026-08-09T07:44:07.112Z","tool":"get_editor_state","type":"resource","status":"SUCCESS","ms":0,"params":{}}
{"ts":"2026-08-09T07:44:07.114Z","tool":"get_project_info","type":"resource","status":"SUCCESS","ms":0,"params":{}}
{"ts":"2026-08-09T07:44:07.367Z","tool":"get_editor_state","type":"resource","status":"SUCCESS","ms":0,"params":{}}
{"ts":"2026-08-09T07:44:07.368Z","tool":"get_project_info","type":"resource","status":"SUCCESS","ms":0,"params":{}}
{"ts":"2026-08-09T07:44:07.623Z","tool":"get_editor_state","type":"resource","status":"SUCCESS","ms":0,"params":{}}
{"ts":"2026-08-09T07:44:07.624Z","tool":"get_project_info","type":"resource","status":"SUCCESS","ms":0,"params":{}}
{"ts":"2026-08-09T07:44:07.878Z","tool":"get_editor_state","type":"resource","status":"SUCCESS","ms":0,"params":{}}
{"ts":"2026-08-09T07:44:07.880Z","tool":"get_project_info","type":"resource","status":"SUCCESS","ms":0,"params":{}}
{"ts":"2026-08-09T07:44:08.180Z","tool":"get_editor_state","type":"resource","status":"SUCCESS","ms":0,"params":{}}
{"ts":"2026-08-09T07:44:08.181Z","tool":"get_project_info","type":"resource","status":"SUCCESS","ms":0,"params":{}}
{"ts":"2026-08-09T07:44:08.432Z","tool":"get_editor_state","type":"resource","status":"SUCCESS","ms":0,"params":{}}
{"ts":"2026-08-09T07:44:08.433Z","tool":"get_project_info","type":"resource","status":"SUCCESS","ms":0,"params":{}}
{"ts":"2026-08-09T07:44:08.686Z","tool":"get_editor_state","type":"resource","status":"SUCCESS","ms":0,"params":{}}
{"ts":"2026-08-09T07:44:08.686Z","tool":"get_project_info","type":"resource","status":"SUCCESS","ms":0,"params":{}}
{"ts":"2026-08-09T07:44:08.938Z","tool":"get_editor_state","type":"resource","status":"SUCCESS","ms":0,"params":{}}
{"ts":"2026-08-09T07:44:08.939Z","tool":"get_project_info","type":"resource","status":"SUCCESS","ms":0,"params":{}}
{"ts":"2026-08-09T07:44:09.191Z","tool":"get_editor_state","type":"resource","status":"SUCCESS","ms":0,"params":{}}
{"ts":"2026-08-09T07:44:09.192Z","tool":"get_project_info","type":"resource","status":"SUCCESS","ms":0,"params":{}}
{"ts":"2026-08-09T07:44:09.444Z","tool":"get_editor_state","type":"resource","status":"SUCCESS","ms":0,"params":{}}
{"ts":"2026-08-09T07:44:09.444Z","tool":"get_project_info","type":"resource","status":"SUCCESS","ms":0,"params":{}}
{"ts":"2026-08-09T07:44:09.748Z","tool":"get_editor_state","type":"resource","status":"SUCCESS","ms":0,"params":{}}
{"ts":"2026-08-09T07:44:09.749Z","tool":"get_project_info","type":"resource","status":"SUCCESS","ms":0,"params":{}}
{"ts":"2026-08-09T07:44:10.002Z","tool":"get_editor_state","type":"resource","status":"SUCCESS","ms":0,"params":{}}
{"ts":"2026-08-09T07:44:10.003Z","tool":"get_project_info","type":"resource","status":"SUCCESS","ms":0,"params":{}}
{"ts":"2026-08-09T07:44:10.256Z","tool":"get_editor_state","type":"resource","status":"SUCCESS","ms":0,"params":{}}
{"ts":"2026-08-09T07:44:10.257Z","tool":"get_project_info","type":"resource","status":"SUCCESS","ms":0,"params":{}}
{"ts":"2026-08-09T07:44:10.511Z","tool":"get_editor_state","type":"resource","status":"SUCCESS","ms":0,"params":{}}
{"ts":"2026-08-09T07:44:10.511Z","tool":"get_project_info","type":"resource","status":"SUCCESS","ms":0,"params":{}}
{"ts":"2026-08-09T07:44:10.765Z","tool":"get_editor_state","type":"resource","status":"SUCCESS","ms":0,"params":{}}
{"ts":"2026-08-09T07:44:10.766Z","tool":"get_project_info","type":"resource","status":"SUCCESS","ms":0,"params":{}}
{"ts":"2026-08-09T07:44:11.019Z","tool":"get_editor_state","type":"resource","status":"SUCCESS","ms":0,"params":{}}
{"ts":"2026-08-09T07:44:11.020Z","tool":"get_project_info","type":"resource","status":"SUCCESS","ms":0,"params":{}}
{"ts":"2026-08-09T07:44:11.325Z","tool":"get_editor_state","type":"resource","status":"SUCCESS","ms":0,"params":{}}
{"ts":"2026-08-09T07:44:11.326Z","tool":"get_project_info","type":"resource","status":"SUCCESS","ms":0,"params":{}}
{"ts":"2026-08-09T07:44:11.580Z","tool":"get_editor_state","type":"resource","status":"SUCCESS","ms":0,"params":{}}
{"ts":"2026-08-09T07:44:11.580Z","tool":"get_project_info","type":"resource","status":"SUCCESS","ms":0,"params":{}}
{"ts":"2026-08-09T07:44:11.832Z","tool":"get_editor_state","type":"resource","status":"SUCCESS","ms":0,"params":{}}
{"ts":"2026-08-09T07:44:11.833Z","tool":"get_project_info","type":"resource","status":"SUCCESS","ms":0,"params":{}}
{"ts":"2026-08-09T07:44:12.086Z","tool":"get_editor_state","type":"resource","status":"SUCCESS","ms":0,"params":{}}
{"ts":"2026-08-09T07:44:12.087Z","tool":"get_project_info","type":"resource","status":"SUCCESS","ms":0,"params":{}}
{"ts":"2026-08-09T07:44:12.351Z","tool":"get_editor_state","type":"resource","status":"SUCCESS","ms":0,"params":{}}
{"ts":"2026-08-09T07:44:12.352Z","tool":"get_project_info","type":"resource","status":"SUCCESS","ms":0,"params":{}}
{"ts":"2026-08-09T07:44:12.605Z","tool":"get_editor_state","type":"resource","status":"SUCCESS","ms":0,"params":{}}
{"ts":"2026-08-09T07:44:12.606Z","tool":"get_project_info","type":"resource","status":"SUCCESS","ms":0,"params":{}}
{"ts":"2026-08-09T07:44:12.911Z","tool":"get_editor_state","type":"resource","status":"SUCCESS","ms":0,"params":{}}
{"ts":"2026-08-09T07:44:12.912Z","tool":"get_project_info","type":"resource","status":"SUCCESS","ms":0,"params":{}}
{"ts":"2026-08-09T07:44:13.166Z","tool":"get_editor_state","type":"resource","status":"SUCCESS","ms":0,"params":{}}
{"ts":"2026-08-09T07:44:13.167Z","tool":"get_project_info","type":"resource","status":"SUCCESS","ms":0,"params":{}}
{"ts":"2026-08-09T07:44:13.420Z","tool":"get_editor_state","type":"resource","status":"SUCCESS","ms":0,"params":{}}
{"ts":"2026-08-09T07:44:13.421Z","tool":"get_project_info","type":"resource","status":"SUCCESS","ms":0,"params":{}}
{"ts":"2026-08-09T07:44:13.674Z","tool":"get_editor_state","type":"resource","status":"SUCCESS","ms":0,"params":{}}
{"ts":"2026-08-09T07:44:13.675Z","tool":"get_project_info","type":"resource","status":"SUCCESS","ms":0,"params":{}}
{"ts":"2026-08-09T07:44:13.929Z","tool":"get_editor_state","type":"resource","status":"SUCCESS","ms":0,"params":{}}
{"ts":"2026-08-09T07:44:13.930Z","tool":"get_project_info","type":"resource","status":"SUCCESS","ms":0,"params":{}}
{"ts":"2026-08-09T07:44:14.182Z","tool":"get_editor_state","type":"resource","status":"SUCCESS","ms":0,"params":{}}
{"ts":"2026-08-09T07:44:14.182Z","tool":"get_project_info","type":"resource","status":"SUCCESS","ms":0,"params":{}}
{"ts":"2026-08-09T07:44:14.486Z","tool":"get_editor_state","type":"resource","status":"SUCCESS","ms":0,"params":{}}
{"ts":"2026-08-09T07:44:14.487Z","tool":"get_project_info","type":"resource","status":"SUCCESS","ms":0,"params":{}}
{"ts":"2026-08-09T07:44:14.739Z","tool":"get_editor_state","type":"resource","status":"SUCCESS","ms":0,"params":{}}
{"ts":"2026-08-09T07:44:14.739Z","tool":"get_project_info","type":"resource","status":"SUCCESS","ms":0,"params":{}}
{"ts":"2026-08-09T07:44:14.992Z","tool":"get_editor_state","type":"resource","status":"SUCCESS","ms":0,"params":{}}
{"ts":"2026-08-09T07:44:14.993Z","tool":"get_project_info","type":"resource","status":"SUCCESS","ms":0,"params":{}}
{"ts":"2026-08-09T07:44:15.245Z","tool":"get_editor_state","type":"resource","status":"SUCCESS","ms":0,"params":{}}
{"ts":"2026-08-09T07:44:15.246Z","tool":"get_project_info","type":"resource","status":"SUCCESS","ms":0,"params":{}}
{"ts":"2026-08-09T07:44:15.499Z","tool":"get_editor_state","type":"resource","status":"SUCCESS","ms":0,"params":{}}
{"ts":"2026-08-09T07:44:15.500Z","tool":"get_project_info","type":"resource","status":"SUCCESS","ms":0,"params":{}}
{"ts":"2026-08-09T07:44:15.754Z","tool":"get_editor_state","type":"resource","status":"SUCCESS","ms":0,"params":{}}
{"ts":"2026-08-09T07:44:15.755Z","tool":"get_project_info","type":"resource","status":"SUCCESS","ms":0,"params":{}}
{"ts":"2026-08-09T07:44:16.054Z","tool":"get_editor_state","type":"resource","status":"SUCCESS","ms":0,"params":{}}
{"ts":"2026-08-09T07:44:16.055Z","tool":"get_project_info","type":"resource","status":"SUCCESS","ms":0,"params":{}}
{"ts":"2026-08-09T07:44:16.309Z","tool":"get_editor_state","type":"resource","status":"SUCCESS","ms":0,"params":{}}
{"ts":"2026-08-09T07:44:16.309Z","tool":"get_project_info","type":"resource","status":"SUCCESS","ms":0,"params":{}}
{"ts":"2026-08-09T07:44:16.564Z","tool":"get_editor_state","type":"resource","status":"SUCCESS","ms":0,"params":{}}
{"ts":"2026-08-09T07:44:16.565Z","tool":"get_project_info","type":"resource","status":"SUCCESS","ms":0,"params":{}}
{"ts":"2026-08-09T07:44:16.818Z","tool":"get_editor_state","type":"resource","status":"SUCCESS","ms":0,"params":{}}
{"ts":"2026-08-09T07:44:16.819Z","tool":"get_project_info","type":"resource","status":"SUCCESS","ms":0,"params":{}}
{"ts":"2026-08-09T07:44:17.071Z","tool":"get_editor_state","type":"resource","status":"SUCCESS","ms":0,"params":{}}
{"ts":"2026-08-09T07:44:17.072Z","tool":"get_project_info","type":"resource","status":"SUCCESS","ms":0,"params":{}}
{"ts":"2026-08-09T07:44:17.326Z","tool":"get_editor_state","type":"resource","status":"SUCCESS","ms":0,"params":{}}
{"ts":"2026-08-09T07:44:17.326Z","tool":"get_project_info","type":"resource","status":"SUCCESS","ms":0,"params":{}}
{"ts":"2026-08-09T07:44:17.631Z","tool":"get_editor_state","type":"resource","status":"SUCCESS","ms":0,"params":{}}
{"ts":"2026-08-09T07:44:17.632Z","tool":"get_project_info","type":"resource","status":"SUCCESS","ms":0,"params":{}}
{"ts":"2026-08-09T07:44:17.885Z","tool":"get_editor_state","type":"resource","status":"SUCCESS","ms":0,"params":{}}
{"ts":"2026-08-09T07:44:17.886Z","tool":"get_project_info","type":"resource","status":"SUCCESS","ms":0,"params":{}}
{"ts":"2026-08-09T07:44:18.139Z","tool":"get_editor_state","type":"resource","status":"SUCCESS","ms":0,"params":{}}
{"ts":"2026-08-09T07:44:18.139Z","tool":"get_project_info","type":"resource","status":"SUCCESS","ms":0,"params":{}}
{"ts":"2026-08-09T07:44:18.393Z","tool":"get_editor_state","type":"resource","status":"SUCCESS","ms":0,"params":{}}
{"ts":"2026-08-09T07:44:18.394Z","tool":"get_project_info","type":"resource","status":"SUCCESS","ms":0,"params":{}}
{"ts":"2026-08-09T07:44:18.647Z","tool":"get_editor_state","type":"resource","status":"SUCCESS","ms":0,"params":{}}
{"ts":"2026-08-09T07:44:18.648Z","tool":"get_project_info","type":"resource","status":"SUCCESS","ms":0,"params":{}}
{"ts":"2026-08-09T07:44:18.900Z","tool":"get_editor_state","type":"resource","status":"SUCCESS","ms":0,"params":{}}
{"ts":"2026-08-09T07:44:18.901Z","tool":"get_project_info","type":"resource","status":"SUCCESS","ms":0,"params":{}}
{"ts":"2026-08-09T07:44:19.207Z","tool":"get_editor_state","type":"resource","status":"SUCCESS","ms":0,"params":{}}
{"ts":"2026-08-09T07:44:19.207Z","tool":"get_project_info","type":"resource","status":"SUCCESS","ms":0,"params":{}}
{"ts":"2026-08-09T07:44:19.461Z","tool":"get_editor_state","type":"resource","status":"SUCCESS","ms":0,"params":{}}
{"ts":"2026-08-09T07:44:19.462Z","tool":"get_project_info","type":"resource","status":"SUCCESS","ms":0,"params":{}}
{"ts":"2026-08-09T07:44:19.716Z","tool":"get_editor_state","type":"resource","status":"SUCCESS","ms":0,"params":{}}
{"ts":"2026-08-09T07:44:19.717Z","tool":"get_project_info","type":"resource","status":"SUCCESS","ms":0,"params":{}}
{"ts":"2026-08-09T07:44:19.970Z","tool":"get_editor_state","type":"resource","status":"SUCCESS","ms":0,"params":{}}
{"ts":"2026-08-09T07:44:19.971Z","tool":"get_project_info","type":"resource","status":"SUCCESS","ms":0,"params":{}}
{"ts":"2026-08-09T07:44:20.225Z","tool":"get_editor_state","type":"resource","status":"SUCCESS","ms":0,"params":{}}
{"ts":"2026-08-09T07:44:20.225Z","tool":"get_project_info","type":"resource","status":"SUCCESS","ms":0,"params":{}}
{"ts":"2026-08-09T07:44:20.479Z","tool":"get_editor_state","type":"resource","status":"SUCCESS","ms":0,"params":{}}
{"ts":"2026-08-09T07:44:20.481Z","tool":"get_project_info","type":"resource","status":"SUCCESS","ms":0,"params":{}}
{"ts":"2026-08-09T07:44:20.784Z","tool":"get_editor_state","type":"resource","status":"SUCCESS","ms":0,"params":{}}
{"ts":"2026-08-09T07:44:20.784Z","tool":"get_project_info","type":"resource","status":"SUCCESS","ms":0,"params":{}}
{"ts":"2026-08-09T07:44:21.038Z","tool":"get_editor_state","type":"resource","status":"SUCCESS","ms":0,"params":{}}
{"ts":"2026-08-09T07:44:21.039Z","tool":"get_project_info","type":"resource","status":"SUCCESS","ms":0,"params":{}}
{"ts":"2026-08-09T07:44:21.291Z","tool":"get_editor_state","type":"resource","status":"SUCCESS","ms":0,"params":{}}
{"ts":"2026-08-09T07:44:21.292Z","tool":"get_project_info","type":"resource","status":"SUCCESS","ms":0,"params":{}}
{"ts":"2026-08-09T07:44:40.223Z","tool":"execute_code","type":"tool","status":"SUCCESS","ms":688,"action":"execute","params":{"action":"execute","code":"return new { ka = true };","safety_checks":true,"compiler":"auto"}}
{"ts":"2026-08-09T07:45:40.950Z","tool":"execute_code","type":"tool","status":"SUCCESS","ms":671,"action":"execute","params":{"action":"execute","code":"return new { ka = true };","safety_checks":true,"compiler":"auto"}}
{"ts":"2026-08-09T08:13:21.837Z","event":"session_start","unity":"6000.3.4f1"}
{"ts":"2026-08-09T08:13:21.837Z","tool":"get_editor_state","type":"resource","status":"SUCCESS","ms":2,"params":{}}
{"ts":"2026-08-09T08:13:22.033Z","tool":"get_project_info","type":"resource","status":"SUCCESS","ms":1,"params":{}}
{"ts":"2026-08-09T08:13:43.003Z","tool":"get_test_job","type":"tool","status":"SUCCESS","ms":1,"params":{"job_id":"3b7bbce0cbd640a78c8a2a8f5549016f","includeFailedTests":true}}
{"ts":"2026-08-09T08:13:47.597Z","tool":"execute_code","type":"tool","status":"SUCCESS","ms":1294,"action":"execute","params":{"action":"execute","code":"return new { ka = true };","safety_checks":true,"compiler":"auto"}}
{"ts":"2026-08-09T08:13:58.202Z","tool":"get_test_job","type":"tool","status":"SUCCESS","ms":0,"params":{"job_id":"3b7bbce0cbd640a78c8a2a8f5549016f","includeFailedTests":true}}
{"ts":"2026-08-09T08:14:13.302Z","tool":"get_test_job","type":"tool","status":"SUCCESS","ms":0,"params":{"job_id":"3b7bbce0cbd640a78c8a2a8f5549016f","includeFailedTests":true}}
{"ts":"2026-08-09T08:14:28.402Z","tool":"get_test_job","type":"tool","status":"SUCCESS","ms":0,"params":{"job_id":"3b7bbce0cbd640a78c8a2a8f5549016f","includeFailedTests":true}}
{"ts":"2026-08-09T08:14:43.603Z","tool":"get_test_job","type":"tool","status":"SUCCESS","ms":0,"params":{"job_id":"3b7bbce0cbd640a78c8a2a8f5549016f","includeFailedTests":true}}
{"ts":"2026-08-09T08:14:49.088Z","tool":"execute_code","type":"tool","status":"SUCCESS","ms":1384,"action":"execute","params":{"action":"execute","code":"return new { ka = true };","safety_checks":true,"compiler":"auto"}}
{"ts":"2026-08-09T08:14:59.002Z","tool":"get_test_job","type":"tool","status":"SUCCESS","ms":0,"params":{"job_id":"3b7bbce0cbd640a78c8a2a8f5549016f","includeFailedTests":true}}
{"ts":"2026-08-09T08:15:14.217Z","tool":"get_test_job","type":"tool","status":"SUCCESS","ms":0,"params":{"job_id":"3b7bbce0cbd640a78c8a2a8f5549016f","includeFailedTests":true}}
{"ts":"2026-08-09T08:15:14.318Z","tool":"get_test_job","type":"tool","status":"SUCCESS","ms":0,"params":{"job_id":"3b7bbce0cbd640a78c8a2a8f5549016f","includeFailedTests":true}}
{"ts":"2026-08-09T08:15:50.451Z","tool":"execute_code","type":"tool","status":"SUCCESS","ms":1233,"action":"execute","params":{"action":"execute","code":"return new { ka = true };","safety_checks":true,"compiler":"auto"}}
{"ts":"2026-08-09T08:16:51.743Z","tool":"execute_code","type":"tool","status":"SUCCESS","ms":1224,"action":"execute","params":{"action":"execute","code":"return new { ka = true };","safety_checks":true,"compiler":"auto"}}
{"ts":"2026-08-09T08:17:13.022Z","tool":"get_editor_state","type":"resource","status":"SUCCESS","ms":0,"params":{}}
{"ts":"2026-08-09T08:17:13.219Z","tool":"get_project_info","type":"resource","status":"SUCCESS","ms":0,"params":{}}
{"ts":"2026-08-09T08:17:13.918Z","tool":"get_editor_state","type":"resource","status":"SUCCESS","ms":0,"params":{}}
{"ts":"2026-08-09T08:17:14.120Z","tool":"get_project_info","type":"resource","status":"SUCCESS","ms":0,"params":{}}
{"ts":"2026-08-09T08:17:21.222Z","event":"session_start","unity":"6000.3.4f1"}
{"ts":"2026-08-09T08:17:21.222Z","tool":"get_editor_state","type":"resource","status":"SUCCESS","ms":1,"params":{}}
{"ts":"2026-08-09T08:17:21.420Z","tool":"get_project_info","type":"resource","status":"SUCCESS","ms":1,"params":{}}
{"ts":"2026-08-09T08:17:53.145Z","tool":"execute_code","type":"tool","status":"SUCCESS","ms":1324,"action":"execute","params":{"action":"execute","code":"return new { ka = true };","safety_checks":true,"compiler":"auto"}}
{"ts":"2026-08-09T08:18:54.532Z","tool":"execute_code","type":"tool","status":"SUCCESS","ms":1311,"action":"execute","params":{"action":"execute","code":"return new { ka = true };","safety_checks":true,"compiler":"auto"}}
{"ts":"2026-08-09T08:19:56.071Z","tool":"execute_code","type":"tool","status":"SUCCESS","ms":1350,"action":"execute","params":{"action":"execute","code":"return new { ka = true };","safety_checks":true,"compiler":"auto"}}
{"ts":"2026-08-09T08:20:57.514Z","tool":"execute_code","type":"tool","status":"SUCCESS","ms":1292,"action":"execute","params":{"action":"execute","code":"return new { ka = true };","safety_checks":true,"compiler":"auto"}}
{"ts":"2026-08-09T08:21:58.946Z","tool":"execute_code","type":"tool","status":"SUCCESS","ms":1323,"action":"execute","params":{"action":"execute","code":"return new { ka = true };","safety_checks":true,"compiler":"auto"}}
{"ts":"2026-08-09T08:23:00.340Z","tool":"execute_code","type":"tool","status":"SUCCESS","ms":1316,"action":"execute","params":{"action":"execute","code":"return new { ka = true };","safety_checks":true,"compiler":"auto"}}
{"ts":"2026-08-09T08:24:01.757Z","tool":"execute_code","type":"tool","status":"SUCCESS","ms":1233,"action":"execute","params":{"action":"execute","code":"return new { ka = true };","safety_checks":true,"compiler":"auto"}}
{"ts":"2026-08-09T08:24:48.315Z","tool":"get_editor_state","type":"resource","status":"SUCCESS","ms":0,"params":{}}
{"ts":"2026-08-09T08:24:48.515Z","tool":"get_project_info","type":"resource","status":"SUCCESS","ms":0,"params":{}}
{"ts":"2026-08-09T08:24:48.916Z","tool":"get_test_job","type":"tool","status":"SUCCESS","ms":1,"params":{"job_id":"fecbd36a9bfd4f34829367f1af6a8769","includeFailedTests":true}}
{"ts":"2026-08-09T08:25:03.220Z","tool":"execute_code","type":"tool","status":"SUCCESS","ms":1327,"action":"execute","params":{"action":"execute","code":"return new { ka = true };","safety_checks":true,"compiler":"auto"}}
{"ts":"2026-08-09T08:25:04.092Z","tool":"get_test_job","type":"tool","status":"SUCCESS","ms":0,"params":{"job_id":"fecbd36a9bfd4f34829367f1af6a8769","includeFailedTests":true}}
{"ts":"2026-08-09T08:25:19.292Z","tool":"get_test_job","type":"tool","status":"SUCCESS","ms":0,"params":{"job_id":"fecbd36a9bfd4f34829367f1af6a8769","includeFailedTests":true}}
{"ts":"2026-08-09T08:25:34.392Z","tool":"get_test_job","type":"tool","status":"SUCCESS","ms":0,"params":{"job_id":"fecbd36a9bfd4f34829367f1af6a8769","includeFailedTests":true}}
{"ts":"2026-08-09T08:25:49.492Z","tool":"get_test_job","type":"tool","status":"SUCCESS","ms":0,"params":{"job_id":"fecbd36a9bfd4f34829367f1af6a8769","includeFailedTests":true}}
{"ts":"2026-08-09T08:26:04.608Z","tool":"execute_code","type":"tool","status":"SUCCESS","ms":1316,"action":"execute","params":{"action":"execute","code":"return new { ka = true };","safety_checks":true,"compiler":"auto"}}
{"ts":"2026-08-09T08:26:04.692Z","tool":"get_test_job","type":"tool","status":"SUCCESS","ms":0,"params":{"job_id":"fecbd36a9bfd4f34829367f1af6a8769","includeFailedTests":true}}
{"ts":"2026-08-09T08:26:19.692Z","tool":"get_test_job","type":"tool","status":"SUCCESS","ms":0,"params":{"job_id":"fecbd36a9bfd4f34829367f1af6a8769","includeFailedTests":true}}
{"ts":"2026-08-09T08:26:34.913Z","tool":"get_test_job","type":"tool","status":"SUCCESS","ms":0,"params":{"job_id":"fecbd36a9bfd4f34829367f1af6a8769","includeFailedTests":true}}
{"ts":"2026-08-09T08:26:35.113Z","tool":"get_test_job","type":"tool","status":"SUCCESS","ms":0,"params":{"job_id":"fecbd36a9bfd4f34829367f1af6a8769","includeFailedTests":true}}
{"ts":"2026-08-09T08:27:16.518Z","event":"session_start","unity":"6000.3.4f1"}
{"ts":"2026-08-09T08:27:16.518Z","tool":"get_editor_state","type":"resource","status":"SUCCESS","ms":2,"params":{}}
{"ts":"2026-08-09T08:27:16.714Z","tool":"get_project_info","type":"resource","status":"SUCCESS","ms":1,"params":{}}
{"ts":"2026-08-09T08:27:17.014Z","tool":"get_test_job","type":"tool","status":"SUCCESS","ms":0,"params":{"job_id":"32a175bb5554454bb8d7debd70365e70","includeFailedTests":true}}
{"ts":"2026-08-09T08:27:32.091Z","tool":"get_test_job","type":"tool","status":"SUCCESS","ms":0,"params":{"job_id":"32a175bb5554454bb8d7debd70365e70","includeFailedTests":true}}
{"ts":"2026-08-09T08:27:47.291Z","tool":"get_test_job","type":"tool","status":"SUCCESS","ms":0,"params":{"job_id":"32a175bb5554454bb8d7debd70365e70","includeFailedTests":true}}
{"ts":"2026-08-09T08:28:02.492Z","tool":"get_test_job","type":"tool","status":"SUCCESS","ms":0,"params":{"job_id":"32a175bb5554454bb8d7debd70365e70","includeFailedTests":true}}
{"ts":"2026-08-09T08:28:17.891Z","tool":"get_test_job","type":"tool","status":"SUCCESS","ms":0,"params":{"job_id":"32a175bb5554454bb8d7debd70365e70","includeFailedTests":true}}
{"ts":"2026-08-09T08:28:32.992Z","tool":"get_test_job","type":"tool","status":"SUCCESS","ms":0,"params":{"job_id":"32a175bb5554454bb8d7debd70365e70","includeFailedTests":true}}
{"ts":"2026-08-09T08:28:48.992Z","tool":"get_test_job","type":"tool","status":"SUCCESS","ms":0,"params":{"job_id":"32a175bb5554454bb8d7debd70365e70","includeFailedTests":true}}
{"ts":"2026-08-09T08:29:04.213Z","tool":"get_test_job","type":"tool","status":"SUCCESS","ms":0,"params":{"job_id":"32a175bb5554454bb8d7debd70365e70","includeFailedTests":true}}
{"ts":"2026-08-09T08:29:04.313Z","tool":"get_test_job","type":"tool","status":"SUCCESS","ms":0,"params":{"job_id":"32a175bb5554454bb8d7debd70365e70","includeFailedTests":true}}
{"ts":"2026-08-09T08:30:06.917Z","event":"session_start","unity":"6000.3.4f1"}
{"ts":"2026-08-09T08:30:06.917Z","tool":"get_editor_state","type":"resource","status":"SUCCESS","ms":1,"params":{}}
{"ts":"2026-08-09T08:30:07.115Z","tool":"get_project_info","type":"resource","status":"SUCCESS","ms":1,"params":{}}
{"ts":"2026-08-09T08:30:07.514Z","tool":"get_test_job","type":"tool","status":"SUCCESS","ms":0,"params":{"job_id":"37a4884df5d84c75a50b82494b6ca49e","includeFailedTests":true}}
{"ts":"2026-08-09T08:30:22.695Z","tool":"get_test_job","type":"tool","status":"SUCCESS","ms":0,"params":{"job_id":"37a4884df5d84c75a50b82494b6ca49e","includeFailedTests":true}}
{"ts":"2026-08-09T08:30:37.895Z","tool":"get_test_job","type":"tool","status":"SUCCESS","ms":0,"params":{"job_id":"37a4884df5d84c75a50b82494b6ca49e","includeFailedTests":true}}
{"ts":"2026-08-09T08:30:53.093Z","tool":"get_test_job","type":"tool","status":"SUCCESS","ms":0,"params":{"job_id":"37a4884df5d84c75a50b82494b6ca49e","includeFailedTests":true}}
{"ts":"2026-08-09T08:31:08.393Z","tool":"get_test_job","type":"tool","status":"SUCCESS","ms":0,"params":{"job_id":"37a4884df5d84c75a50b82494b6ca49e","includeFailedTests":true}}
{"ts":"2026-08-09T08:31:23.495Z","tool":"get_test_job","type":"tool","status":"SUCCESS","ms":0,"params":{"job_id":"37a4884df5d84c75a50b82494b6ca49e","includeFailedTests":true}}
{"ts":"2026-08-09T08:31:38.795Z","tool":"get_test_job","type":"tool","status":"SUCCESS","ms":0,"params":{"job_id":"37a4884df5d84c75a50b82494b6ca49e","includeFailedTests":true}}
{"ts":"2026-08-09T08:31:54.024Z","tool":"get_test_job","type":"tool","status":"SUCCESS","ms":3,"params":{"job_id":"37a4884df5d84c75a50b82494b6ca49e","includeFailedTests":true}}
{"ts":"2026-08-09T08:31:54.222Z","tool":"get_test_job","type":"tool","status":"SUCCESS","ms":1,"params":{"job_id":"37a4884df5d84c75a50b82494b6ca49e","includeFailedTests":true}}
{"ts":"2026-08-09T15:57:45.276Z","event":"session_start","unity":"6000.3.4f1"}
{"ts":"2026-08-09T15:57:45.276Z","tool":"get_editor_state","type":"resource","status":"SUCCESS","ms":0,"params":{}}
{"ts":"2026-08-09T15:57:45.279Z","tool":"get_project_info","type":"resource","status":"SUCCESS","ms":0,"params":{}}
{"ts":"2026-08-09T15:57:45.456Z","tool":"get_test_job","type":"tool","status":"SUCCESS","ms":0,"params":{"job_id":"b293803ec18a4613a0426d97cfdd6d0b","includeFailedTests":true}}
{"ts":"2026-08-09T15:57:53.499Z","tool":"get_test_job","type":"tool","status":"SUCCESS","ms":0,"params":{"job_id":"b293803ec18a4613a0426d97cfdd6d0b","includeFailedTests":true}}
{"ts":"2026-08-09T15:57:53.525Z","tool":"get_test_job","type":"tool","status":"SUCCESS","ms":0,"params":{"job_id":"b293803ec18a4613a0426d97cfdd6d0b","includeFailedTests":true}}
{"ts":"2026-08-09T15:58:25.508Z","event":"session_start","unity":"6000.3.4f1"}
{"ts":"2026-08-09T15:58:25.508Z","tool":"get_editor_state","type":"resource","status":"SUCCESS","ms":1,"params":{}}
{"ts":"2026-08-09T15:58:26.230Z","tool":"get_project_info","type":"resource","status":"SUCCESS","ms":1,"params":{}}
{"ts":"2026-08-09T15:58:26.740Z","tool":"get_test_job","type":"tool","status":"SUCCESS","ms":0,"params":{"job_id":"525dbcce774e4ef183b3e51efc4f55da","includeFailedTests":true}}
{"ts":"2026-08-09T15:58:34.785Z","tool":"get_test_job","type":"tool","status":"SUCCESS","ms":0,"params":{"job_id":"525dbcce774e4ef183b3e51efc4f55da","includeFailedTests":true}}
{"ts":"2026-08-09T15:58:34.851Z","tool":"get_test_job","type":"tool","status":"SUCCESS","ms":0,"params":{"job_id":"525dbcce774e4ef183b3e51efc4f55da","includeFailedTests":true}}
{"ts":"2026-08-09T16:01:10.045Z","event":"session_start","unity":"6000.3.4f1"}
{"ts":"2026-08-09T16:01:10.045Z","tool":"get_editor_state","type":"resource","status":"SUCCESS","ms":0,"params":{}}
{"ts":"2026-08-09T16:01:10.051Z","tool":"get_project_info","type":"resource","status":"SUCCESS","ms":0,"params":{}}
{"ts":"2026-08-09T16:01:10.593Z","tool":"get_test_job","type":"tool","status":"SUCCESS","ms":0,"params":{"job_id":"f5853e9c66864971838c7f8a45c3b660","includeFailedTests":true}}
{"ts":"2026-08-09T16:01:22.679Z","tool":"get_test_job","type":"tool","status":"SUCCESS","ms":0,"params":{"job_id":"f5853e9c66864971838c7f8a45c3b660","includeFailedTests":true}}
{"ts":"2026-08-09T16:01:34.730Z","tool":"get_test_job","type":"tool","status":"SUCCESS","ms":0,"params":{"job_id":"f5853e9c66864971838c7f8a45c3b660","includeFailedTests":true}}
{"ts":"2026-08-09T16:01:34.754Z","tool":"get_test_job","type":"tool","status":"SUCCESS","ms":0,"params":{"job_id":"f5853e9c66864971838c7f8a45c3b660","includeFailedTests":true}}
{"ts":"2026-08-09T16:01:45.021Z","tool":"get_editor_state","type":"resource","status":"SUCCESS","ms":0,"params":{}}
{"ts":"2026-08-09T16:01:45.022Z","tool":"get_project_info","type":"resource","status":"SUCCESS","ms":0,"params":{}}
{"ts":"2026-08-09T16:01:45.645Z","tool":"get_editor_state","type":"resource","status":"SUCCESS","ms":0,"params":{}}
{"ts":"2026-08-09T16:01:45.651Z","tool":"get_project_info","type":"resource","status":"SUCCESS","ms":0,"params":{}}
{"ts":"2026-08-09T16:01:50.436Z","event":"session_start","unity":"6000.3.4f1"}
{"ts":"2026-08-09T16:01:50.435Z","tool":"get_editor_state","type":"resource","status":"SUCCESS","ms":0,"params":{}}
{"ts":"2026-08-09T16:01:51.074Z","tool":"get_project_info","type":"resource","status":"SUCCESS","ms":3,"params":{}}
{"ts":"2026-08-09T16:01:51.571Z","tool":"get_test_job","type":"tool","status":"SUCCESS","ms":0,"params":{"job_id":"a3f5f6f2839c4806a1a7111c0f014bfa"}}
{"ts":"2026-08-09T16:01:57.623Z","tool":"get_test_job","type":"tool","status":"SUCCESS","ms":0,"params":{"job_id":"a3f5f6f2839c4806a1a7111c0f014bfa"}}
{"ts":"2026-08-09T16:01:57.649Z","tool":"get_test_job","type":"tool","status":"SUCCESS","ms":0,"params":{"job_id":"a3f5f6f2839c4806a1a7111c0f014bfa"}}
{"ts":"2026-08-09T16:06:19.499Z","event":"session_start","unity":"6000.3.4f1"}
{"ts":"2026-08-09T16:06:19.499Z","tool":"get_editor_state","type":"resource","status":"SUCCESS","ms":0,"params":{}}
{"ts":"2026-08-09T16:06:20.074Z","tool":"get_project_info","type":"resource","status":"SUCCESS","ms":1,"params":{}}
{"ts":"2026-08-09T16:06:20.492Z","tool":"get_test_job","type":"tool","status":"SUCCESS","ms":0,"params":{"job_id":"ff0cdf0f069445aca914a2285fc2ff06","includeFailedTests":true}}
{"ts":"2026-08-09T16:06:28.552Z","tool":"get_test_job","type":"tool","status":"SUCCESS","ms":0,"params":{"job_id":"ff0cdf0f069445aca914a2285fc2ff06","includeFailedTests":true}}
{"ts":"2026-08-09T16:06:28.578Z","tool":"get_test_job","type":"tool","status":"SUCCESS","ms":0,"params":{"job_id":"ff0cdf0f069445aca914a2285fc2ff06","includeFailedTests":true}}
{"ts":"2026-08-09T16:06:46.216Z","tool":"get_editor_state","type":"resource","status":"SUCCESS","ms":0,"params":{}}
{"ts":"2026-08-09T16:06:46.217Z","tool":"get_project_info","type":"resource","status":"SUCCESS","ms":0,"params":{}}
{"ts":"2026-08-09T16:06:46.752Z","tool":"get_editor_state","type":"resource","status":"SUCCESS","ms":0,"params":{}}
{"ts":"2026-08-09T16:06:46.759Z","tool":"get_project_info","type":"resource","status":"SUCCESS","ms":0,"params":{}}
{"ts":"2026-08-09T16:06:51.826Z","event":"session_start","unity":"6000.3.4f1"}
{"ts":"2026-08-09T16:06:51.826Z","tool":"get_editor_state","type":"resource","status":"SUCCESS","ms":1,"params":{}}
{"ts":"2026-08-09T16:06:51.832Z","tool":"get_project_info","type":"resource","status":"SUCCESS","ms":0,"params":{}}
{"ts":"2026-08-09T16:06:52.404Z","tool":"get_test_job","type":"tool","status":"SUCCESS","ms":0,"params":{"job_id":"f9263a90fa1d46e4be991cb80e176912","includeFailedTests":true}}
{"ts":"2026-08-09T16:07:04.464Z","tool":"get_test_job","type":"tool","status":"SUCCESS","ms":0,"params":{"job_id":"f9263a90fa1d46e4be991cb80e176912","includeFailedTests":true}}
{"ts":"2026-08-09T16:07:16.511Z","tool":"get_test_job","type":"tool","status":"SUCCESS","ms":0,"params":{"job_id":"f9263a90fa1d46e4be991cb80e176912","includeFailedTests":true}}
{"ts":"2026-08-09T16:07:16.537Z","tool":"get_test_job","type":"tool","status":"SUCCESS","ms":0,"params":{"job_id":"f9263a90fa1d46e4be991cb80e176912","includeFailedTests":true}}
{"ts":"2026-08-09T16:41:16.875Z","event":"session_start","unity":"6000.3.4f1"}
{"ts":"2026-08-09T16:41:16.875Z","tool":"get_editor_state","type":"resource","status":"SUCCESS","ms":0,"params":{}}
{"ts":"2026-08-09T16:41:16.879Z","tool":"get_project_info","type":"resource","status":"SUCCESS","ms":0,"params":{}}
{"ts":"2026-08-09T16:41:17.039Z","tool":"get_test_job","type":"tool","status":"SUCCESS","ms":0,"params":{"job_id":"c89c9dc899a845c2b916aedebd5f4ad7","includeFailedTests":true}}
{"ts":"2026-08-09T16:41:29.147Z","tool":"get_test_job","type":"tool","status":"SUCCESS","ms":0,"params":{"job_id":"c89c9dc899a845c2b916aedebd5f4ad7","includeFailedTests":true}}
{"ts":"2026-08-09T16:41:41.202Z","tool":"get_test_job","type":"tool","status":"SUCCESS","ms":0,"params":{"job_id":"c89c9dc899a845c2b916aedebd5f4ad7","includeFailedTests":true}}
{"ts":"2026-08-09T16:41:41.224Z","tool":"get_test_job","type":"tool","status":"SUCCESS","ms":0,"params":{"job_id":"c89c9dc899a845c2b916aedebd5f4ad7","includeFailedTests":true}}
{"ts":"2026-08-09T16:42:39.063Z","event":"session_start","unity":"6000.3.4f1"}
{"ts":"2026-08-09T16:42:39.063Z","tool":"get_editor_state","type":"resource","status":"SUCCESS","ms":0,"params":{}}
{"ts":"2026-08-09T16:42:39.718Z","tool":"get_project_info","type":"resource","status":"SUCCESS","ms":12,"params":{}}
{"ts":"2026-08-09T16:42:40.179Z","tool":"get_test_job","type":"tool","status":"SUCCESS","ms":0,"params":{"job_id":"105ca78d57cd4db6ae4910a418468889","includeFailedTests":true}}
{"ts":"2026-08-09T16:42:52.326Z","tool":"get_test_job","type":"tool","status":"SUCCESS","ms":0,"params":{"job_id":"105ca78d57cd4db6ae4910a418468889","includeFailedTests":true}}
{"ts":"2026-08-09T16:43:04.380Z","tool":"get_test_job","type":"tool","status":"SUCCESS","ms":1,"params":{"job_id":"105ca78d57cd4db6ae4910a418468889","includeFailedTests":true}}
{"ts":"2026-08-09T16:43:04.411Z","tool":"get_test_job","type":"tool","status":"SUCCESS","ms":0,"params":{"job_id":"105ca78d57cd4db6ae4910a418468889","includeFailedTests":true}}
{"ts":"2026-08-09T16:43:12.608Z","tool":"manage_editor","type":"tool","status":"SUCCESS","ms":7,"action":"play","params":{"action":"play"}}
{"ts":"2026-08-09T16:43:56.461Z","tool":"execute_code","type":"tool","status":"SUCCESS","ms":1396,"action":"execute","params":{"action":"execute","code":"var zr = UnityEngine.Object.FindObjectsByType<CavesOfOoo.Rendering.ZoneRenderer>(UnityEngine.FindObjectsSortMode.None); var prop = zr[0].GetType().GetProperty(\"CurrentZone\"); var zone = prop.GetValue(zr[0]) as CavesOfOoo.Core.Zone; var sb = new System.Text.StringBuilder(); int cont=0, stocked=0, items=0; foreach (var e in zone.GetAllEntities()) { var cp = e.GetPart<CavesOfOoo.Core.ContainerPart>(); if (cp == null) continue; cont++; if (cp.Contents.Count>0) { stocked++; items+=cp.Contents.Count; } sb.Append(e.BlueprintName + \"(\" + cp.Contents.Count + \") \"); } return \"containers=\" + cont + \" stocked=\" + stocked + \" items=\" + items + \" :: \" + sb;","safety_checks":true,"compiler":"auto"}}
{"ts":"2026-08-09T16:44:30.380Z","tool":"execute_code","type":"tool","status":"SUCCESS","ms":1319,"action":"execute","params":{"action":"execute","code":"var zr = UnityEngine.Object.FindObjectsByType<CavesOfOoo.Rendering.ZoneRenderer>(UnityEngine.FindObjectsSortMode.None); var prop = zr[0].GetType().GetProperty(\"CurrentZone\"); var zone = prop.GetValue(zr[0]) as CavesOfOoo.Core.Zone; var sb = new System.Text.StringBuilder(); int cont=0, items=0; foreach (var e in zone.GetAllEntities()) { var cp = e.GetPart<CavesOfOoo.Core.ContainerPart>(); if (cp==null) continue; cont++; items+=cp.Contents.Count; var c=zone.GetEntityCell(e); sb.Append(e.BlueprintName+\"@\"+c.X+\",\"+c.Y+\"[\"+cp.Contents.Count+\"] \"); } int loadout=0; var lsb=new System.Text.StringBuilder(); foreach (var e in zone.GetAllEntities()) { if (e.GetPart<CavesOfOoo.Core.LoadoutPart>()==null) continue; loadout++; var inv=e.GetPart<CavesOfOoo.Core.InventoryPart>(); int eq=inv!=null?inv.EquippedItems.Count:0; int carry=inv!=null?inv.Objects.Count:0; lsb.Append(e.BlueprintName+\"(eq\"+eq+\",carry\"+carry+\") \"); } return \"ZONE=\"+zone.ZoneID+\" containers=\"+cont+\" items=\"+items+\" :: \"+sb+\" || armed creatures=\"+loadout+\" :: \"+lsb;","safety_checks":true,"compiler":"auto"}}
{"ts":"2026-08-09T16:44:46.526Z","tool":"execute_code","type":"tool","status":"ERROR","ms":1253,"action":"execute","params":{"action":"execute","code":"var recs = CavesOfOoo.Diagnostics.Diag.Query(category: \"worldgen\", kind: \"ContainersPlaced\", limit: 30); var sb=new System.Text.StringBuilder(); sb.Append(\"records=\"+recs.Count+\" :: \"); foreach (var r in recs) sb.Append(r.PayloadJson+\" | \"); return sb.ToString();","safety_checks":true,"compiler":"auto"},"error":"Compilation failed"}
{"ts":"2026-08-09T16:45:08.149Z","tool":"execute_code","type":"tool","status":"ERROR","ms":1065,"action":"execute","params":{"action":"execute","code":"var zm = UnityEngine.Object.FindObjectsByType<CavesOfOoo.Core.OverworldZoneManager>(UnityEngine.FindObjectsSortMode.None); if (zm.Length==0) return \"no zm\"; var z = zm[0].GetZone(\"Overworld.12.10.0\"); if (z==null) return \"null zone\"; int cont=0,items=0; var sb=new System.Text.StringBuilder(); foreach (var e in z.GetAllEntities()) { var cp=e.GetPart<CavesOfOoo.Core.ContainerPart>(); if(cp==null) continue; cont++; items+=cp.Contents.Count; sb.Append(e.BlueprintName+\"[\"+cp.Contents.Count+\"] \"); } int armed=0; var asb=new System.Text.StringBuilder(); foreach (var e in z.GetAllEntities()) { if (e.GetPart<CavesOfOoo.Core.LoadoutPart>()==null) continue; armed++; var inv=e.GetPart<CavesOfOoo.Core.InventoryPart>(); asb.Append(e.BlueprintName+\"(eq\"+(inv!=null?inv.EquippedItems.Count:0)+\") \"); } return \"WILDERNESS \"+z.ZoneID+\": containers=\"+cont+\" items=\"+items+\" :: \"+sb+\" || armed=\"+armed+\" :: \"+asb;","safety_checks":true,"compiler":"auto"},"error":"Compilation failed"}
{"ts":"2026-08-09T16:45:22.581Z","tool":"execute_code","type":"tool","status":"SUCCESS","ms":1289,"action":"execute","params":{"action":"execute","code":"var gb = UnityEngine.Object.FindObjectsByType<CavesOfOoo.GameBootstrap>(UnityEngine.FindObjectsSortMode.None); if (gb.Length==0) return \"no bootstrap\"; var f = gb[0].GetType().GetField(\"_zoneManager\", System.Reflection.BindingFlags.NonPublic|System.Reflection.BindingFlags.Instance); var zm = f.GetValue(gb[0]) as CavesOfOoo.Core.OverworldZoneManager; if (zm==null) return \"no zm\"; var z = zm.GetZone(\"Overworld.12.10.0\"); if (z==null) return \"null zone\"; int cont=0,items=0; var sb=new System.Text.StringBuilder(); foreach (var e in z.GetAllEntities()) { var cp=e.GetPart<CavesOfOoo.Core.ContainerPart>(); if(cp==null) continue; cont++; items+=cp.Contents.Count; sb.Append(e.BlueprintName+\"[\"+cp.Contents.Count+\"] \"); } int armed=0; var asb=new System.Text.StringBuilder(); foreach (var e in z.GetAllEntities()) { if (e.GetPart<CavesOfOoo.Core.LoadoutPart>()==null) continue; armed++; var inv=e.GetPart<CavesOfOoo.Core.InventoryPart>(); asb.Append(e.BlueprintName+\"(eq\"+(inv!=null?inv.EquippedItems.Count:0)+\",c\"+(inv!=null?inv.Objects.Count:0)+\") \"); } return z.ZoneID+\": containers=\"+cont+\" items=\"+items+\" :: \"+sb+\" || armed=\"+armed+\" :: \"+asb;","safety_checks":true,"compiler":"auto"}}
{"ts":"2026-08-09T16:45:41.358Z","tool":"execute_code","type":"tool","status":"SUCCESS","ms":1305,"action":"execute","params":{"action":"execute","code":"var gb = UnityEngine.Object.FindObjectsByType<CavesOfOoo.GameBootstrap>(UnityEngine.FindObjectsSortMode.None); var f = gb[0].GetType().GetField(\"_zoneManager\", System.Reflection.BindingFlags.NonPublic|System.Reflection.BindingFlags.Instance); var zm = f.GetValue(gb[0]) as CavesOfOoo.Core.OverworldZoneManager; var sb=new System.Text.StringBuilder(); string[] ids = { \"Overworld.14.10.0\", \"Overworld.10.14.0\", \"Overworld.7.7.0\", \"Overworld.13.13.0\" }; foreach (var id in ids) { var z = zm.GetZone(id); if (z==null) { sb.Append(id+\"=null | \"); continue; } int cont=0,items=0,armed=0,gear=0; var kinds=new System.Text.StringBuilder(); foreach (var e in z.GetAllEntities()) { var cp=e.GetPart<CavesOfOoo.Core.ContainerPart>(); if(cp!=null){cont++;items+=cp.Contents.Count;kinds.Append(e.BlueprintName+\",\");} if (e.GetPart<CavesOfOoo.Core.LoadoutPart>()!=null){armed++; var inv=e.GetPart<CavesOfOoo.Core.InventoryPart>(); if(inv!=null) gear+=inv.EquippedItems.Count+inv.Objects.Count;} } sb.Append(id+\": cont=\"+cont+\"(\"+items+\" items) [\"+kinds+\"] armed=\"+armed+\" gearOnThem=\"+gear+\" | \"); } return sb.ToString();","safety_checks":true,"compiler":"auto"}}
{"ts":"2026-08-09T16:46:49.236Z","tool":"manage_editor","type":"tool","status":"SUCCESS","ms":5,"action":"stop","params":{"action":"stop"}}
{"ts":"2026-08-09T16:47:02.009Z","event":"session_start","unity":"6000.3.4f1"}
{"ts":"2026-08-09T16:47:02.008Z","tool":"get_editor_state","type":"resource","status":"SUCCESS","ms":0,"params":{}}
{"ts":"2026-08-09T16:47:02.016Z","tool":"get_project_info","type":"resource","status":"SUCCESS","ms":1,"params":{}}
{"ts":"2026-08-09T16:47:02.410Z","tool":"get_test_job","type":"tool","status":"SUCCESS","ms":0,"params":{"job_id":"8335d67a6d3643b69565db5b393d6415","includeFailedTests":true}}
{"ts":"2026-08-09T16:47:14.473Z","tool":"get_test_job","type":"tool","status":"SUCCESS","ms":0,"params":{"job_id":"8335d67a6d3643b69565db5b393d6415","includeFailedTests":true}}
{"ts":"2026-08-09T16:47:26.645Z","tool":"get_test_job","type":"tool","status":"SUCCESS","ms":1,"params":{"job_id":"8335d67a6d3643b69565db5b393d6415","includeFailedTests":true}}
{"ts":"2026-08-09T16:47:27.627Z","tool":"get_test_job","type":"tool","status":"SUCCESS","ms":0,"params":{"job_id":"8335d67a6d3643b69565db5b393d6415","includeFailedTests":true}}
{"ts":"2026-08-09T17:03:22.116Z","tool":"get_editor_state","type":"resource","status":"SUCCESS","ms":0,"params":{}}
{"ts":"2026-08-09T17:03:22.117Z","tool":"get_project_info","type":"resource","status":"SUCCESS","ms":0,"params":{}}
{"ts":"2026-08-09T17:03:22.311Z","tool":"get_test_job","type":"tool","status":"SUCCESS","ms":0,"params":{"job_id":"1f4f5ba92cf14834a48427873da0b441","includeFailedTests":true}}
{"ts":"2026-08-09T17:03:30.358Z","tool":"get_test_job","type":"tool","status":"SUCCESS","ms":0,"params":{"job_id":"1f4f5ba92cf14834a48427873da0b441","includeFailedTests":true}}
{"ts":"2026-08-09T17:03:30.382Z","tool":"get_test_job","type":"tool","status":"SUCCESS","ms":0,"params":{"job_id":"1f4f5ba92cf14834a48427873da0b441","includeFailedTests":true}}
{"ts":"2026-08-09T17:04:10.266Z","event":"session_start","unity":"6000.3.4f1"}
{"ts":"2026-08-09T17:04:10.266Z","tool":"get_editor_state","type":"resource","status":"SUCCESS","ms":0,"params":{}}
{"ts":"2026-08-09T17:04:10.784Z","tool":"get_project_info","type":"resource","status":"SUCCESS","ms":1,"params":{}}
{"ts":"2026-08-09T17:04:11.254Z","tool":"get_test_job","type":"tool","status":"SUCCESS","ms":0,"params":{"job_id":"99f77380562c461db83bbb9621417d29","includeFailedTests":true}}
{"ts":"2026-08-09T17:04:19.302Z","tool":"get_test_job","type":"tool","status":"SUCCESS","ms":0,"params":{"job_id":"99f77380562c461db83bbb9621417d29","includeFailedTests":true}}
{"ts":"2026-08-09T17:04:19.327Z","tool":"get_test_job","type":"tool","status":"SUCCESS","ms":0,"params":{"job_id":"99f77380562c461db83bbb9621417d29","includeFailedTests":true}}
{"ts":"2026-08-09T17:04:58.441Z","event":"session_start","unity":"6000.3.4f1"}
{"ts":"2026-08-09T17:04:58.441Z","tool":"get_editor_state","type":"resource","status":"SUCCESS","ms":0,"params":{}}
{"ts":"2026-08-09T17:04:59.007Z","tool":"get_project_info","type":"resource","status":"SUCCESS","ms":21,"params":{}}
{"ts":"2026-08-09T17:04:59.494Z","tool":"get_test_job","type":"tool","status":"SUCCESS","ms":0,"params":{"job_id":"d491109c9f354b27a9e1f9c4a8ec8081","includeFailedTests":true}}
{"ts":"2026-08-09T17:05:11.577Z","tool":"get_test_job","type":"tool","status":"SUCCESS","ms":0,"params":{"job_id":"d491109c9f354b27a9e1f9c4a8ec8081","includeFailedTests":true}}
{"ts":"2026-08-09T17:05:23.622Z","tool":"get_test_job","type":"tool","status":"SUCCESS","ms":0,"params":{"job_id":"d491109c9f354b27a9e1f9c4a8ec8081","includeFailedTests":true}}
{"ts":"2026-08-09T17:05:23.649Z","tool":"get_test_job","type":"tool","status":"SUCCESS","ms":0,"params":{"job_id":"d491109c9f354b27a9e1f9c4a8ec8081","includeFailedTests":true}}
{"ts":"2026-08-09T17:05:43.488Z","tool":"manage_editor","type":"tool","status":"SUCCESS","ms":6,"action":"play","params":{"action":"play"}}
{"ts":"2026-08-09T17:05:59.268Z","tool":"execute_code","type":"tool","status":"SUCCESS","ms":1725,"action":"execute","params":{"action":"execute","code":"var gb = UnityEngine.Object.FindObjectsByType<CavesOfOoo.GameBootstrap>(UnityEngine.FindObjectsSortMode.None); if (gb.Length==0) return \"no bootstrap\"; var f = gb[0].GetType().GetField(\"_zoneManager\", System.Reflection.BindingFlags.NonPublic|System.Reflection.BindingFlags.Instance); var zm = f.GetValue(gb[0]) as CavesOfOoo.Core.OverworldZoneManager; if (zm==null) return \"no zm\"; var sb=new System.Text.StringBuilder(); int[,] coords = { {11,10},{12,10},{13,10},{14,10},{15,10},{10,11},{10,12},{10,13},{10,14},{9,9},{8,8},{7,7},{13,13},{14,14},{6,10},{10,6},{16,10},{10,16},{12,14},{14,12} }; int totalC=0, totalI=0, totalV=0, zones=0; for (int i=0;i<coords.GetLength(0);i++){ string id=\"Overworld.\"+coords[i,0]+\".\"+coords[i,1]+\".0\"; var z=zm.GetZone(id); if(z==null) continue; zones++; int c=0,it=0,val=0; foreach(var e in z.GetAllEntities()){ var cp=e.GetPart<CavesOfOoo.Core.ContainerPart>(); if(cp!=null){c++; it+=cp.Contents.Count; foreach(var item in cp.Contents){ var cm=item.GetPart<CavesOfOoo.Core.CommercePart>(); if(cm!=null) val+=cm.Value; } } var ph=e.GetPart<CavesOfOoo.Core.PhysicsPart>(); if(ph!=null&&ph.Takeable){ var cm2=e.GetPart<CavesOfOoo.Core.CommercePart>(); if(cm2!=null) val+=cm2.Value; } } totalC+=c; totalI+=it; totalV+=val; } return \"zones=\"+zones+\" containers=\"+totalC+\" containedItems=\"+totalI+\" totalSellValue=\"+totalV+\" | perZone: cont=\"+(zones>0?(totalC*100/zones)/100.0:0)+\" val=\"+(zones>0?totalV/zones:0);","safety_checks":true,"compiler":"auto"}}
{"ts":"2026-08-09T17:06:46.620Z","tool":"manage_editor","type":"tool","status":"SUCCESS","ms":3,"action":"stop","params":{"action":"stop"}}
{"ts":"2026-08-09T17:31:04.458Z","tool":"get_editor_state","type":"resource","status":"SUCCESS","ms":0,"params":{}}
{"ts":"2026-08-09T17:31:04.459Z","tool":"get_project_info","type":"resource","status":"SUCCESS","ms":0,"params":{}}
{"ts":"2026-08-09T17:31:04.781Z","tool":"get_editor_state","type":"resource","status":"SUCCESS","ms":0,"params":{}}
{"ts":"2026-08-09T17:31:04.782Z","tool":"get_project_info","type":"resource","status":"SUCCESS","ms":0,"params":{}}
{"ts":"2026-08-09T17:31:05.035Z","tool":"get_editor_state","type":"resource","status":"SUCCESS","ms":0,"params":{}}
{"ts":"2026-08-09T17:31:05.036Z","tool":"get_project_info","type":"resource","status":"SUCCESS","ms":0,"params":{}}
{"ts":"2026-08-09T17:31:05.289Z","tool":"get_editor_state","type":"resource","status":"SUCCESS","ms":0,"params":{}}
{"ts":"2026-08-09T17:31:05.290Z","tool":"get_project_info","type":"resource","status":"SUCCESS","ms":0,"params":{}}
{"ts":"2026-08-09T17:31:05.543Z","tool":"get_editor_state","type":"resource","status":"SUCCESS","ms":0,"params":{}}
{"ts":"2026-08-09T17:31:05.544Z","tool":"get_project_info","type":"resource","status":"SUCCESS","ms":0,"params":{}}
{"ts":"2026-08-09T17:31:05.796Z","tool":"get_editor_state","type":"resource","status":"SUCCESS","ms":0,"params":{}}
{"ts":"2026-08-09T17:31:05.797Z","tool":"get_project_info","type":"resource","status":"SUCCESS","ms":0,"params":{}}
{"ts":"2026-08-09T17:31:06.050Z","tool":"get_editor_state","type":"resource","status":"SUCCESS","ms":0,"params":{}}
{"ts":"2026-08-09T17:31:06.051Z","tool":"get_project_info","type":"resource","status":"SUCCESS","ms":0,"params":{}}
{"ts":"2026-08-09T17:31:06.354Z","tool":"get_editor_state","type":"resource","status":"SUCCESS","ms":0,"params":{}}
{"ts":"2026-08-09T17:31:06.355Z","tool":"get_project_info","type":"resource","status":"SUCCESS","ms":0,"params":{}}
{"ts":"2026-08-09T17:31:06.611Z","tool":"get_editor_state","type":"resource","status":"SUCCESS","ms":0,"params":{}}
{"ts":"2026-08-09T17:31:06.611Z","tool":"get_project_info","type":"resource","status":"SUCCESS","ms":0,"params":{}}
{"ts":"2026-08-09T17:31:06.863Z","tool":"get_editor_state","type":"resource","status":"SUCCESS","ms":0,"params":{}}
{"ts":"2026-08-09T17:31:06.864Z","tool":"get_project_info","type":"resource","status":"SUCCESS","ms":0,"params":{}}
{"ts":"2026-08-09T17:31:07.117Z","tool":"get_editor_state","type":"resource","status":"SUCCESS","ms":0,"params":{}}
{"ts":"2026-08-09T17:31:07.118Z","tool":"get_project_info","type":"resource","status":"SUCCESS","ms":0,"params":{}}
{"ts":"2026-08-09T17:31:07.370Z","tool":"get_editor_state","type":"resource","status":"SUCCESS","ms":0,"params":{}}
{"ts":"2026-08-09T17:31:07.371Z","tool":"get_project_info","type":"resource","status":"SUCCESS","ms":0,"params":{}}
{"ts":"2026-08-09T17:31:07.625Z","tool":"get_editor_state","type":"resource","status":"SUCCESS","ms":0,"params":{}}
{"ts":"2026-08-09T17:31:07.625Z","tool":"get_project_info","type":"resource","status":"SUCCESS","ms":0,"params":{}}
{"ts":"2026-08-09T17:31:07.933Z","tool":"get_editor_state","type":"resource","status":"SUCCESS","ms":0,"params":{}}
{"ts":"2026-08-09T17:31:07.935Z","tool":"get_project_info","type":"resource","status":"SUCCESS","ms":0,"params":{}}
{"ts":"2026-08-09T17:31:08.245Z","tool":"get_editor_state","type":"resource","status":"SUCCESS","ms":0,"params":{}}
{"ts":"2026-08-09T17:31:08.245Z","tool":"get_project_info","type":"resource","status":"SUCCESS","ms":0,"params":{}}
{"ts":"2026-08-09T17:31:08.498Z","tool":"get_editor_state","type":"resource","status":"SUCCESS","ms":0,"params":{}}
{"ts":"2026-08-09T17:31:08.498Z","tool":"get_project_info","type":"resource","status":"SUCCESS","ms":0,"params":{}}
{"ts":"2026-08-09T17:31:08.751Z","tool":"get_editor_state","type":"resource","status":"SUCCESS","ms":0,"params":{}}
{"ts":"2026-08-09T17:31:08.752Z","tool":"get_project_info","type":"resource","status":"SUCCESS","ms":0,"params":{}}
{"ts":"2026-08-09T17:31:09.004Z","tool":"get_editor_state","type":"resource","status":"SUCCESS","ms":0,"params":{}}
{"ts":"2026-08-09T17:31:09.004Z","tool":"get_project_info","type":"resource","status":"SUCCESS","ms":0,"params":{}}
{"ts":"2026-08-09T17:31:09.258Z","tool":"get_editor_state","type":"resource","status":"SUCCESS","ms":0,"params":{}}
{"ts":"2026-08-09T17:31:09.259Z","tool":"get_project_info","type":"resource","status":"SUCCESS","ms":0,"params":{}}
{"ts":"2026-08-09T17:31:09.557Z","tool":"get_editor_state","type":"resource","status":"SUCCESS","ms":0,"params":{}}
{"ts":"2026-08-09T17:31:09.557Z","tool":"get_project_info","type":"resource","status":"SUCCESS","ms":0,"params":{}}
{"ts":"2026-08-09T17:31:09.812Z","tool":"get_editor_state","type":"resource","status":"SUCCESS","ms":0,"params":{}}
{"ts":"2026-08-09T17:31:09.812Z","tool":"get_project_info","type":"resource","status":"SUCCESS","ms":0,"params":{}}
{"ts":"2026-08-09T17:31:10.066Z","tool":"get_editor_state","type":"resource","status":"SUCCESS","ms":0,"params":{}}
{"ts":"2026-08-09T17:31:10.067Z","tool":"get_project_info","type":"resource","status":"SUCCESS","ms":0,"params":{}}
{"ts":"2026-08-09T17:31:10.319Z","tool":"get_editor_state","type":"resource","status":"SUCCESS","ms":0,"params":{}}
{"ts":"2026-08-09T17:31:10.320Z","tool":"get_project_info","type":"resource","status":"SUCCESS","ms":0,"params":{}}
{"ts":"2026-08-09T17:31:10.573Z","tool":"get_editor_state","type":"resource","status":"SUCCESS","ms":0,"params":{}}
{"ts":"2026-08-09T17:31:10.573Z","tool":"get_project_info","type":"resource","status":"SUCCESS","ms":0,"params":{}}
{"ts":"2026-08-09T17:31:10.827Z","tool":"get_editor_state","type":"resource","status":"SUCCESS","ms":0,"params":{}}
{"ts":"2026-08-09T17:31:10.828Z","tool":"get_project_info","type":"resource","status":"SUCCESS","ms":0,"params":{}}
{"ts":"2026-08-09T17:31:11.132Z","tool":"get_editor_state","type":"resource","status":"SUCCESS","ms":0,"params":{}}
{"ts":"2026-08-09T17:31:11.133Z","tool":"get_project_info","type":"resource","status":"SUCCESS","ms":0,"params":{}}
{"ts":"2026-08-09T17:31:11.386Z","tool":"get_editor_state","type":"resource","status":"SUCCESS","ms":0,"params":{}}
{"ts":"2026-08-09T17:31:11.386Z","tool":"get_project_info","type":"resource","status":"SUCCESS","ms":0,"params":{}}
{"ts":"2026-08-09T17:31:11.640Z","tool":"get_editor_state","type":"resource","status":"SUCCESS","ms":0,"params":{}}
{"ts":"2026-08-09T17:31:11.640Z","tool":"get_project_info","type":"resource","status":"SUCCESS","ms":0,"params":{}}
{"ts":"2026-08-09T17:31:11.894Z","tool":"get_editor_state","type":"resource","status":"SUCCESS","ms":0,"params":{}}
{"ts":"2026-08-09T17:31:11.896Z","tool":"get_project_info","type":"resource","status":"SUCCESS","ms":0,"params":{}}
{"ts":"2026-08-09T17:31:12.148Z","tool":"get_editor_state","type":"resource","status":"SUCCESS","ms":0,"params":{}}
{"ts":"2026-08-09T17:31:12.149Z","tool":"get_project_info","type":"resource","status":"SUCCESS","ms":0,"params":{}}
{"ts":"2026-08-09T17:31:12.402Z","tool":"get_editor_state","type":"resource","status":"SUCCESS","ms":0,"params":{}}
{"ts":"2026-08-09T17:31:12.402Z","tool":"get_project_info","type":"resource","status":"SUCCESS","ms":0,"params":{}}
{"ts":"2026-08-09T17:31:12.706Z","tool":"get_editor_state","type":"resource","status":"SUCCESS","ms":0,"params":{}}
{"ts":"2026-08-09T17:31:12.707Z","tool":"get_project_info","type":"resource","status":"SUCCESS","ms":0,"params":{}}
{"ts":"2026-08-09T17:31:12.959Z","tool":"get_editor_state","type":"resource","status":"SUCCESS","ms":0,"params":{}}
{"ts":"2026-08-09T17:31:12.960Z","tool":"get_project_info","type":"resource","status":"SUCCESS","ms":0,"params":{}}
{"ts":"2026-08-09T17:31:13.213Z","tool":"get_editor_state","type":"resource","status":"SUCCESS","ms":0,"params":{}}
{"ts":"2026-08-09T17:31:13.214Z","tool":"get_project_info","type":"resource","status":"SUCCESS","ms":0,"params":{}}
{"ts":"2026-08-09T17:31:13.467Z","tool":"get_editor_state","type":"resource","status":"SUCCESS","ms":0,"params":{}}
{"ts":"2026-08-09T17:31:13.468Z","tool":"get_project_info","type":"resource","status":"SUCCESS","ms":0,"params":{}}
{"ts":"2026-08-09T17:31:13.721Z","tool":"get_editor_state","type":"resource","status":"SUCCESS","ms":0,"params":{}}
{"ts":"2026-08-09T17:31:13.722Z","tool":"get_project_info","type":"resource","status":"SUCCESS","ms":0,"params":{}}
{"ts":"2026-08-09T17:31:13.975Z","tool":"get_editor_state","type":"resource","status":"SUCCESS","ms":0,"params":{}}
{"ts":"2026-08-09T17:31:13.976Z","tool":"get_project_info","type":"resource","status":"SUCCESS","ms":0,"params":{}}
{"ts":"2026-08-09T17:31:14.276Z","tool":"get_editor_state","type":"resource","status":"SUCCESS","ms":0,"params":{}}
{"ts":"2026-08-09T17:31:14.277Z","tool":"get_project_info","type":"resource","status":"SUCCESS","ms":0,"params":{}}
{"ts":"2026-08-09T17:31:14.530Z","tool":"get_editor_state","type":"resource","status":"SUCCESS","ms":0,"params":{}}
{"ts":"2026-08-09T17:31:14.532Z","tool":"get_project_info","type":"resource","status":"SUCCESS","ms":0,"params":{}}
{"ts":"2026-08-09T17:31:14.785Z","tool":"get_editor_state","type":"resource","status":"SUCCESS","ms":0,"params":{}}
{"ts":"2026-08-09T17:31:14.786Z","tool":"get_project_info","type":"resource","status":"SUCCESS","ms":0,"params":{}}
{"ts":"2026-08-09T17:31:15.039Z","tool":"get_editor_state","type":"resource","status":"SUCCESS","ms":0,"params":{}}
{"ts":"2026-08-09T17:31:15.040Z","tool":"get_project_info","type":"resource","status":"SUCCESS","ms":0,"params":{}}
{"ts":"2026-08-09T17:31:15.293Z","tool":"get_editor_state","type":"resource","status":"SUCCESS","ms":0,"params":{}}
{"ts":"2026-08-09T17:31:15.294Z","tool":"get_project_info","type":"resource","status":"SUCCESS","ms":0,"params":{}}
{"ts":"2026-08-09T17:31:15.548Z","tool":"get_editor_state","type":"resource","status":"SUCCESS","ms":0,"params":{}}
{"ts":"2026-08-09T17:31:15.548Z","tool":"get_project_info","type":"resource","status":"SUCCESS","ms":0,"params":{}}
{"ts":"2026-08-09T17:31:15.847Z","tool":"get_editor_state","type":"resource","status":"SUCCESS","ms":0,"params":{}}
{"ts":"2026-08-09T17:31:15.848Z","tool":"get_project_info","type":"resource","status":"SUCCESS","ms":0,"params":{}}
{"ts":"2026-08-09T17:31:16.102Z","tool":"get_editor_state","type":"resource","status":"SUCCESS","ms":0,"params":{}}
{"ts":"2026-08-09T17:31:16.103Z","tool":"get_project_info","type":"resource","status":"SUCCESS","ms":0,"params":{}}
{"ts":"2026-08-09T17:31:16.356Z","tool":"get_editor_state","type":"resource","status":"SUCCESS","ms":0,"params":{}}
{"ts":"2026-08-09T17:31:16.357Z","tool":"get_project_info","type":"resource","status":"SUCCESS","ms":0,"params":{}}
{"ts":"2026-08-09T17:31:16.611Z","tool":"get_editor_state","type":"resource","status":"SUCCESS","ms":0,"params":{}}
{"ts":"2026-08-09T17:31:16.612Z","tool":"get_project_info","type":"resource","status":"SUCCESS","ms":0,"params":{}}
{"ts":"2026-08-09T17:31:16.864Z","tool":"get_editor_state","type":"resource","status":"SUCCESS","ms":0,"params":{}}
{"ts":"2026-08-09T17:31:16.865Z","tool":"get_project_info","type":"resource","status":"SUCCESS","ms":0,"params":{}}
{"ts":"2026-08-09T17:31:17.117Z","tool":"get_editor_state","type":"resource","status":"SUCCESS","ms":0,"params":{}}
{"ts":"2026-08-09T17:31:17.118Z","tool":"get_project_info","type":"resource","status":"SUCCESS","ms":0,"params":{}}
{"ts":"2026-08-09T17:31:17.418Z","tool":"get_editor_state","type":"resource","status":"SUCCESS","ms":0,"params":{}}
{"ts":"2026-08-09T17:31:17.419Z","tool":"get_project_info","type":"resource","status":"SUCCESS","ms":0,"params":{}}
{"ts":"2026-08-09T17:31:17.671Z","tool":"get_editor_state","type":"resource","status":"SUCCESS","ms":0,"params":{}}
{"ts":"2026-08-09T17:31:17.672Z","tool":"get_project_info","type":"resource","status":"SUCCESS","ms":0,"params":{}}
{"ts":"2026-08-09T17:31:17.926Z","tool":"get_editor_state","type":"resource","status":"SUCCESS","ms":0,"params":{}}
{"ts":"2026-08-09T17:31:17.927Z","tool":"get_project_info","type":"resource","status":"SUCCESS","ms":0,"params":{}}
{"ts":"2026-08-09T17:31:18.180Z","tool":"get_editor_state","type":"resource","status":"SUCCESS","ms":0,"params":{}}
{"ts":"2026-08-09T17:31:18.181Z","tool":"get_project_info","type":"resource","status":"SUCCESS","ms":0,"params":{}}
{"ts":"2026-08-09T17:31:18.436Z","tool":"get_editor_state","type":"resource","status":"SUCCESS","ms":0,"params":{}}
{"ts":"2026-08-09T17:31:18.437Z","tool":"get_project_info","type":"resource","status":"SUCCESS","ms":0,"params":{}}
{"ts":"2026-08-09T17:31:18.690Z","tool":"get_editor_state","type":"resource","status":"SUCCESS","ms":0,"params":{}}
{"ts":"2026-08-09T17:31:18.691Z","tool":"get_project_info","type":"resource","status":"SUCCESS","ms":0,"params":{}}
{"ts":"2026-08-09T17:31:18.996Z","tool":"get_editor_state","type":"resource","status":"SUCCESS","ms":0,"params":{}}
{"ts":"2026-08-09T17:31:18.997Z","tool":"get_project_info","type":"resource","status":"SUCCESS","ms":0,"params":{}}
{"ts":"2026-08-09T17:31:19.250Z","tool":"get_editor_state","type":"resource","status":"SUCCESS","ms":0,"params":{}}
{"ts":"2026-08-09T17:31:19.251Z","tool":"get_project_info","type":"resource","status":"SUCCESS","ms":0,"params":{}}
{"ts":"2026-08-09T17:31:19.504Z","tool":"get_editor_state","type":"resource","status":"SUCCESS","ms":0,"params":{}}
{"ts":"2026-08-09T17:31:19.506Z","tool":"get_project_info","type":"resource","status":"SUCCESS","ms":0,"params":{}}
{"ts":"2026-08-09T17:31:19.760Z","tool":"get_editor_state","type":"resource","status":"SUCCESS","ms":0,"params":{}}
{"ts":"2026-08-09T17:31:19.760Z","tool":"get_project_info","type":"resource","status":"SUCCESS","ms":0,"params":{}}
{"ts":"2026-08-09T17:31:20.014Z","tool":"get_editor_state","type":"resource","status":"SUCCESS","ms":0,"params":{}}
{"ts":"2026-08-09T17:31:20.015Z","tool":"get_project_info","type":"resource","status":"SUCCESS","ms":0,"params":{}}
{"ts":"2026-08-09T17:31:20.269Z","tool":"get_editor_state","type":"resource","status":"SUCCESS","ms":0,"params":{}}
{"ts":"2026-08-09T17:31:20.269Z","tool":"get_project_info","type":"resource","status":"SUCCESS","ms":0,"params":{}}
{"ts":"2026-08-09T17:31:20.572Z","tool":"get_editor_state","type":"resource","status":"SUCCESS","ms":0,"params":{}}
{"ts":"2026-08-09T17:31:20.573Z","tool":"get_project_info","type":"resource","status":"SUCCESS","ms":0,"params":{}}
{"ts":"2026-08-09T17:31:20.825Z","tool":"get_editor_state","type":"resource","status":"SUCCESS","ms":0,"params":{}}
{"ts":"2026-08-09T17:31:20.826Z","tool":"get_project_info","type":"resource","status":"SUCCESS","ms":0,"params":{}}
{"ts":"2026-08-09T17:31:21.079Z","tool":"get_editor_state","type":"resource","status":"SUCCESS","ms":0,"params":{}}
{"ts":"2026-08-09T17:31:21.080Z","tool":"get_project_info","type":"resource","status":"SUCCESS","ms":0,"params":{}}
{"ts":"2026-08-09T17:31:21.333Z","tool":"get_editor_state","type":"resource","status":"SUCCESS","ms":0,"params":{}}
{"ts":"2026-08-09T17:31:21.334Z","tool":"get_project_info","type":"resource","status":"SUCCESS","ms":0,"params":{}}
{"ts":"2026-08-09T17:31:21.587Z","tool":"get_editor_state","type":"resource","status":"SUCCESS","ms":0,"params":{}}
{"ts":"2026-08-09T17:31:21.588Z","tool":"get_project_info","type":"resource","status":"SUCCESS","ms":0,"params":{}}
{"ts":"2026-08-09T17:31:21.841Z","tool":"get_editor_state","type":"resource","status":"SUCCESS","ms":0,"params":{}}
{"ts":"2026-08-09T17:31:21.842Z","tool":"get_project_info","type":"resource","status":"SUCCESS","ms":0,"params":{}}
{"ts":"2026-08-09T17:31:22.145Z","tool":"get_editor_state","type":"resource","status":"SUCCESS","ms":0,"params":{}}
{"ts":"2026-08-09T17:31:22.145Z","tool":"get_project_info","type":"resource","status":"SUCCESS","ms":0,"params":{}}
{"ts":"2026-08-09T17:31:22.399Z","tool":"get_editor_state","type":"resource","status":"SUCCESS","ms":0,"params":{}}
{"ts":"2026-08-09T17:31:22.400Z","tool":"get_project_info","type":"resource","status":"SUCCESS","ms":0,"params":{}}
{"ts":"2026-08-09T17:31:22.652Z","tool":"get_editor_state","type":"resource","status":"SUCCESS","ms":0,"params":{}}
{"ts":"2026-08-09T17:31:22.653Z","tool":"get_project_info","type":"resource","status":"SUCCESS","ms":0,"params":{}}
{"ts":"2026-08-09T17:31:22.906Z","tool":"get_editor_state","type":"resource","status":"SUCCESS","ms":0,"params":{}}
{"ts":"2026-08-09T17:31:22.906Z","tool":"get_project_info","type":"resource","status":"SUCCESS","ms":0,"params":{}}
{"ts":"2026-08-09T17:31:23.160Z","tool":"get_editor_state","type":"resource","status":"SUCCESS","ms":0,"params":{}}
{"ts":"2026-08-09T17:31:23.161Z","tool":"get_project_info","type":"resource","status":"SUCCESS","ms":0,"params":{}}
{"ts":"2026-08-09T17:31:23.414Z","tool":"get_editor_state","type":"resource","status":"SUCCESS","ms":0,"params":{}}
{"ts":"2026-08-09T17:31:23.415Z","tool":"get_project_info","type":"resource","status":"SUCCESS","ms":0,"params":{}}
{"ts":"2026-08-09T17:31:23.719Z","tool":"get_editor_state","type":"resource","status":"SUCCESS","ms":0,"params":{}}
{"ts":"2026-08-09T17:31:23.720Z","tool":"get_project_info","type":"resource","status":"SUCCESS","ms":0,"params":{}}
{"ts":"2026-08-09T17:31:23.973Z","tool":"get_editor_state","type":"resource","status":"SUCCESS","ms":0,"params":{}}
{"ts":"2026-08-09T17:31:23.973Z","tool":"get_project_info","type":"resource","status":"SUCCESS","ms":0,"params":{}}
{"ts":"2026-08-09T17:31:24.226Z","tool":"get_editor_state","type":"resource","status":"SUCCESS","ms":0,"params":{}}
{"ts":"2026-08-09T17:31:24.226Z","tool":"get_project_info","type":"resource","status":"SUCCESS","ms":0,"params":{}}
{"ts":"2026-08-09T17:31:24.480Z","tool":"get_editor_state","type":"resource","status":"SUCCESS","ms":0,"params":{}}
{"ts":"2026-08-09T17:31:24.481Z","tool":"get_project_info","type":"resource","status":"SUCCESS","ms":0,"params":{}}
{"ts":"2026-08-09T17:31:24.733Z","tool":"get_editor_state","type":"resource","status":"SUCCESS","ms":0,"params":{}}
{"ts":"2026-08-09T17:31:24.734Z","tool":"get_project_info","type":"resource","status":"SUCCESS","ms":0,"params":{}}
{"ts":"2026-08-09T17:31:24.987Z","tool":"get_editor_state","type":"resource","status":"SUCCESS","ms":0,"params":{}}
{"ts":"2026-08-09T17:31:24.988Z","tool":"get_project_info","type":"resource","status":"SUCCESS","ms":0,"params":{}}
{"ts":"2026-08-09T17:31:25.288Z","tool":"get_editor_state","type":"resource","status":"SUCCESS","ms":0,"params":{}}
{"ts":"2026-08-09T17:31:25.288Z","tool":"get_project_info","type":"resource","status":"SUCCESS","ms":0,"params":{}}
{"ts":"2026-08-09T17:31:25.542Z","tool":"get_editor_state","type":"resource","status":"SUCCESS","ms":0,"params":{}}
{"ts":"2026-08-09T17:31:25.543Z","tool":"get_project_info","type":"resource","status":"SUCCESS","ms":0,"params":{}}
{"ts":"2026-08-09T17:31:25.796Z","tool":"get_editor_state","type":"resource","status":"SUCCESS","ms":0,"params":{}}
{"ts":"2026-08-09T17:31:25.797Z","tool":"get_project_info","type":"resource","status":"SUCCESS","ms":0,"params":{}}
{"ts":"2026-08-09T17:31:26.051Z","tool":"get_editor_state","type":"resource","status":"SUCCESS","ms":0,"params":{}}
{"ts":"2026-08-09T17:31:26.052Z","tool":"get_project_info","type":"resource","status":"SUCCESS","ms":0,"params":{}}
{"ts":"2026-08-09T17:31:26.305Z","tool":"get_editor_state","type":"resource","status":"SUCCESS","ms":0,"params":{}}
{"ts":"2026-08-09T17:31:26.306Z","tool":"get_project_info","type":"resource","status":"SUCCESS","ms":0,"params":{}}
{"ts":"2026-08-09T17:31:26.559Z","tool":"get_editor_state","type":"resource","status":"SUCCESS","ms":0,"params":{}}
{"ts":"2026-08-09T17:31:26.560Z","tool":"get_project_info","type":"resource","status":"SUCCESS","ms":0,"params":{}}
{"ts":"2026-08-09T17:31:26.862Z","tool":"get_editor_state","type":"resource","status":"SUCCESS","ms":0,"params":{}}
{"ts":"2026-08-09T17:31:26.863Z","tool":"get_project_info","type":"resource","status":"SUCCESS","ms":0,"params":{}}
{"ts":"2026-08-09T17:31:27.117Z","tool":"get_editor_state","type":"resource","status":"SUCCESS","ms":0,"params":{}}
{"ts":"2026-08-09T17:31:27.117Z","tool":"get_project_info","type":"resource","status":"SUCCESS","ms":0,"params":{}}
{"ts":"2026-08-09T17:31:27.370Z","tool":"get_editor_state","type":"resource","status":"SUCCESS","ms":0,"params":{}}
{"ts":"2026-08-09T17:31:27.371Z","tool":"get_project_info","type":"resource","status":"SUCCESS","ms":0,"params":{}}
{"ts":"2026-08-09T17:31:27.623Z","tool":"get_editor_state","type":"resource","status":"SUCCESS","ms":0,"params":{}}
{"ts":"2026-08-09T17:31:27.624Z","tool":"get_project_info","type":"resource","status":"SUCCESS","ms":0,"params":{}}
{"ts":"2026-08-09T17:31:27.876Z","tool":"get_editor_state","type":"resource","status":"SUCCESS","ms":0,"params":{}}
{"ts":"2026-08-09T17:31:27.877Z","tool":"get_project_info","type":"resource","status":"SUCCESS","ms":0,"params":{}}
{"ts":"2026-08-09T17:31:28.129Z","tool":"get_editor_state","type":"resource","status":"SUCCESS","ms":0,"params":{}}
{"ts":"2026-08-09T17:31:28.129Z","tool":"get_project_info","type":"resource","status":"SUCCESS","ms":0,"params":{}}
{"ts":"2026-08-09T17:31:28.431Z","tool":"get_editor_state","type":"resource","status":"SUCCESS","ms":0,"params":{}}
{"ts":"2026-08-09T17:31:28.432Z","tool":"get_project_info","type":"resource","status":"SUCCESS","ms":0,"params":{}}
{"ts":"2026-08-09T17:31:28.685Z","tool":"get_editor_state","type":"resource","status":"SUCCESS","ms":0,"params":{}}
{"ts":"2026-08-09T17:31:28.686Z","tool":"get_project_info","type":"resource","status":"SUCCESS","ms":0,"params":{}}
{"ts":"2026-08-09T17:31:28.938Z","tool":"get_editor_state","type":"resource","status":"SUCCESS","ms":0,"params":{}}
{"ts":"2026-08-09T17:31:28.939Z","tool":"get_project_info","type":"resource","status":"SUCCESS","ms":0,"params":{}}
{"ts":"2026-08-09T17:31:29.193Z","tool":"get_editor_state","type":"resource","status":"SUCCESS","ms":0,"params":{}}
{"ts":"2026-08-09T17:31:29.193Z","tool":"get_project_info","type":"resource","status":"SUCCESS","ms":0,"params":{}}
{"ts":"2026-08-09T17:31:29.445Z","tool":"get_editor_state","type":"resource","status":"SUCCESS","ms":0,"params":{}}
{"ts":"2026-08-09T17:31:29.446Z","tool":"get_project_info","type":"resource","status":"SUCCESS","ms":0,"params":{}}
{"ts":"2026-08-09T17:31:29.700Z","tool":"get_editor_state","type":"resource","status":"SUCCESS","ms":0,"params":{}}
{"ts":"2026-08-09T17:31:29.700Z","tool":"get_project_info","type":"resource","status":"SUCCESS","ms":0,"params":{}}
{"ts":"2026-08-09T17:31:30.006Z","tool":"get_editor_state","type":"resource","status":"SUCCESS","ms":0,"params":{}}
{"ts":"2026-08-09T17:31:30.007Z","tool":"get_project_info","type":"resource","status":"SUCCESS","ms":0,"params":{}}
{"ts":"2026-08-09T17:31:30.260Z","tool":"get_editor_state","type":"resource","status":"SUCCESS","ms":0,"params":{}}
{"ts":"2026-08-09T17:31:30.261Z","tool":"get_project_info","type":"resource","status":"SUCCESS","ms":0,"params":{}}
{"ts":"2026-08-09T17:31:30.514Z","tool":"get_editor_state","type":"resource","status":"SUCCESS","ms":0,"params":{}}
{"ts":"2026-08-09T17:31:30.515Z","tool":"get_project_info","type":"resource","status":"SUCCESS","ms":0,"params":{}}
{"ts":"2026-08-09T17:31:30.768Z","tool":"get_editor_state","type":"resource","status":"SUCCESS","ms":0,"params":{}}
{"ts":"2026-08-09T17:31:30.769Z","tool":"get_project_info","type":"resource","status":"SUCCESS","ms":0,"params":{}}
{"ts":"2026-08-09T17:31:31.021Z","tool":"get_editor_state","type":"resource","status":"SUCCESS","ms":0,"params":{}}
{"ts":"2026-08-09T17:31:31.021Z","tool":"get_project_info","type":"resource","status":"SUCCESS","ms":0,"params":{}}
{"ts":"2026-08-09T17:31:31.275Z","tool":"get_editor_state","type":"resource","status":"SUCCESS","ms":0,"params":{}}
{"ts":"2026-08-09T17:31:31.276Z","tool":"get_project_info","type":"resource","status":"SUCCESS","ms":0,"params":{}}
{"ts":"2026-08-09T17:31:31.585Z","tool":"get_editor_state","type":"resource","status":"SUCCESS","ms":0,"params":{}}
{"ts":"2026-08-09T17:31:31.586Z","tool":"get_project_info","type":"resource","status":"SUCCESS","ms":0,"params":{}}
{"ts":"2026-08-09T17:31:31.839Z","tool":"get_editor_state","type":"resource","status":"SUCCESS","ms":0,"params":{}}
{"ts":"2026-08-09T17:31:31.840Z","tool":"get_project_info","type":"resource","status":"SUCCESS","ms":0,"params":{}}
{"ts":"2026-08-09T17:31:32.092Z","tool":"get_editor_state","type":"resource","status":"SUCCESS","ms":0,"params":{}}
{"ts":"2026-08-09T17:31:32.093Z","tool":"get_project_info","type":"resource","status":"SUCCESS","ms":0,"params":{}}
{"ts":"2026-08-09T17:31:32.345Z","tool":"get_editor_state","type":"resource","status":"SUCCESS","ms":0,"params":{}}
{"ts":"2026-08-09T17:31:32.346Z","tool":"get_project_info","type":"resource","status":"SUCCESS","ms":0,"params":{}}
{"ts":"2026-08-09T17:31:32.600Z","tool":"get_editor_state","type":"resource","status":"SUCCESS","ms":0,"params":{}}
{"ts":"2026-08-09T17:31:32.600Z","tool":"get_project_info","type":"resource","status":"SUCCESS","ms":0,"params":{}}
{"ts":"2026-08-09T17:31:32.854Z","tool":"get_editor_state","type":"resource","status":"SUCCESS","ms":0,"params":{}}
{"ts":"2026-08-09T17:31:32.855Z","tool":"get_project_info","type":"resource","status":"SUCCESS","ms":0,"params":{}}
{"ts":"2026-08-09T17:31:33.156Z","tool":"get_editor_state","type":"resource","status":"SUCCESS","ms":0,"params":{}}
{"ts":"2026-08-09T17:31:33.157Z","tool":"get_project_info","type":"resource","status":"SUCCESS","ms":0,"params":{}}
{"ts":"2026-08-09T17:31:33.410Z","tool":"get_editor_state","type":"resource","status":"SUCCESS","ms":0,"params":{}}
{"ts":"2026-08-09T17:31:33.410Z","tool":"get_project_info","type":"resource","status":"SUCCESS","ms":0,"params":{}}
{"ts":"2026-08-09T17:31:33.664Z","tool":"get_editor_state","type":"resource","status":"SUCCESS","ms":0,"params":{}}
{"ts":"2026-08-09T17:31:33.665Z","tool":"get_project_info","type":"resource","status":"SUCCESS","ms":0,"params":{}}
{"ts":"2026-08-09T17:31:33.917Z","tool":"get_editor_state","type":"resource","status":"SUCCESS","ms":0,"params":{}}
{"ts":"2026-08-09T17:31:33.917Z","tool":"get_project_info","type":"resource","status":"SUCCESS","ms":0,"params":{}}
{"ts":"2026-08-09T17:31:34.171Z","tool":"get_editor_state","type":"resource","status":"SUCCESS","ms":0,"params":{}}
{"ts":"2026-08-09T17:31:34.172Z","tool":"get_project_info","type":"resource","status":"SUCCESS","ms":0,"params":{}}
{"ts":"2026-08-09T17:31:34.425Z","tool":"get_editor_state","type":"resource","status":"SUCCESS","ms":0,"params":{}}
{"ts":"2026-08-09T17:31:34.426Z","tool":"get_project_info","type":"resource","status":"SUCCESS","ms":0,"params":{}}
{"ts":"2026-08-09T17:31:34.722Z","tool":"get_editor_state","type":"resource","status":"SUCCESS","ms":0,"params":{}}
{"ts":"2026-08-09T17:31:34.723Z","tool":"get_project_info","type":"resource","status":"SUCCESS","ms":0,"params":{}}
{"ts":"2026-08-09T17:31:34.757Z","tool":"get_test_job","type":"tool","status":"ERROR","ms":0,"params":{"job_id":"","includeFailedTests":true},"error":"Missing required parameter 'job_id'."}
{"ts":"2026-08-09T17:31:46.799Z","tool":"get_test_job","type":"tool","status":"ERROR","ms":0,"params":{"job_id":"","includeFailedTests":true},"error":"Missing required parameter 'job_id'."}
{"ts":"2026-08-09T17:31:58.842Z","tool":"get_test_job","type":"tool","status":"ERROR","ms":0,"params":{"job_id":"","includeFailedTests":true},"error":"Missing required parameter 'job_id'."}
{"ts":"2026-08-09T17:32:10.883Z","tool":"get_test_job","type":"tool","status":"ERROR","ms":0,"params":{"job_id":"","includeFailedTests":true},"error":"Missing required parameter 'job_id'."}
{"ts":"2026-08-09T17:32:22.922Z","tool":"get_test_job","type":"tool","status":"ERROR","ms":0,"params":{"job_id":"","includeFailedTests":true},"error":"Missing required parameter 'job_id'."}
{"ts":"2026-08-09T17:32:34.969Z","tool":"get_test_job","type":"tool","status":"ERROR","ms":0,"params":{"job_id":"","includeFailedTests":true},"error":"Missing required parameter 'job_id'."}
{"ts":"2026-08-09T17:32:47.025Z","tool":"get_test_job","type":"tool","status":"ERROR","ms":0,"params":{"job_id":"","includeFailedTests":true},"error":"Missing required parameter 'job_id'."}
{"ts":"2026-08-09T17:32:59.069Z","tool":"get_test_job","type":"tool","status":"ERROR","ms":0,"params":{"job_id":"","includeFailedTests":true},"error":"Missing required parameter 'job_id'."}
{"ts":"2026-08-09T17:33:11.114Z","tool":"get_test_job","type":"tool","status":"ERROR","ms":0,"params":{"job_id":"","includeFailedTests":true},"error":"Missing required parameter 'job_id'."}
{"ts":"2026-08-09T17:33:23.151Z","tool":"get_test_job","type":"tool","status":"ERROR","ms":0,"params":{"job_id":"","includeFailedTests":true},"error":"Missing required parameter 'job_id'."}
{"ts":"2026-08-09T17:33:35.195Z","tool":"get_test_job","type":"tool","status":"ERROR","ms":0,"params":{"job_id":"","includeFailedTests":true},"error":"Missing required parameter 'job_id'."}
{"ts":"2026-08-09T17:33:47.242Z","tool":"get_test_job","type":"tool","status":"ERROR","ms":0,"params":{"job_id":"","includeFailedTests":true},"error":"Missing required parameter 'job_id'."}
{"ts":"2026-08-09T17:33:59.286Z","tool":"get_test_job","type":"tool","status":"ERROR","ms":0,"params":{"job_id":"","includeFailedTests":true},"error":"Missing required parameter 'job_id'."}
{"ts":"2026-08-09T17:34:11.329Z","tool":"get_test_job","type":"tool","status":"ERROR","ms":0,"params":{"job_id":"","includeFailedTests":true},"error":"Missing required parameter 'job_id'."}
{"ts":"2026-08-09T17:34:23.372Z","tool":"get_test_job","type":"tool","status":"ERROR","ms":0,"params":{"job_id":"","includeFailedTests":true},"error":"Missing required parameter 'job_id'."}
{"ts":"2026-08-09T17:41:21.912Z","event":"session_start","unity":"6000.3.4f1"}
{"ts":"2026-08-09T17:41:21.912Z","tool":"execute_code","type":"tool","status":"SUCCESS","ms":1272,"action":"execute","params":{"action":"execute","code":"return new { ka = true };","safety_checks":true,"compiler":"auto"}}
{"ts":"2026-08-09T17:41:26.434Z","tool":"get_editor_state","type":"resource","status":"SUCCESS","ms":0,"params":{}}
{"ts":"2026-08-09T17:41:26.437Z","tool":"get_project_info","type":"resource","status":"SUCCESS","ms":1,"params":{}}
{"ts":"2026-08-09T17:41:26.737Z","tool":"get_test_job","type":"tool","status":"SUCCESS","ms":0,"params":{"job_id":"3a2a7c8a7edd4e74baf954ecc85c1b7e","includeFailedTests":true}}
{"ts":"2026-08-09T17:41:38.825Z","tool":"get_test_job","type":"tool","status":"SUCCESS","ms":0,"params":{"job_id":"3a2a7c8a7edd4e74baf954ecc85c1b7e","includeFailedTests":true}}
{"ts":"2026-08-09T17:41:51.128Z","tool":"get_test_job","type":"tool","status":"SUCCESS","ms":0,"params":{"job_id":"3a2a7c8a7edd4e74baf954ecc85c1b7e","includeFailedTests":true}}
{"ts":"2026-08-09T17:41:51.963Z","tool":"get_test_job","type":"tool","status":"SUCCESS","ms":0,"params":{"job_id":"3a2a7c8a7edd4e74baf954ecc85c1b7e","includeFailedTests":true}}
{"ts":"2026-08-09T17:42:23.153Z","tool":"execute_code","type":"tool","status":"SUCCESS","ms":1182,"action":"execute","params":{"action":"execute","code":"return new { ka = true };","safety_checks":true,"compiler":"auto"}}
{"ts":"2026-08-09T17:42:50.580Z","event":"session_start","unity":"6000.3.4f1"}
{"ts":"2026-08-09T17:42:50.580Z","tool":"get_editor_state","type":"resource","status":"SUCCESS","ms":0,"params":{}}
{"ts":"2026-08-09T17:42:50.586Z","tool":"get_project_info","type":"resource","status":"SUCCESS","ms":1,"params":{}}
{"ts":"2026-08-09T17:42:50.967Z","tool":"get_test_job","type":"tool","status":"SUCCESS","ms":0,"params":{"job_id":"4ddd07f1b6db432096849c947364e14b","includeFailedTests":true}}
{"ts":"2026-08-09T17:43:03.032Z","tool":"get_test_job","type":"tool","status":"SUCCESS","ms":0,"params":{"job_id":"4ddd07f1b6db432096849c947364e14b","includeFailedTests":true}}
{"ts":"2026-08-09T17:43:15.639Z","tool":"get_test_job","type":"tool","status":"SUCCESS","ms":0,"params":{"job_id":"4ddd07f1b6db432096849c947364e14b","includeFailedTests":true}}
{"ts":"2026-08-09T17:43:15.708Z","tool":"get_test_job","type":"tool","status":"SUCCESS","ms":0,"params":{"job_id":"4ddd07f1b6db432096849c947364e14b","includeFailedTests":true}}
{"ts":"2026-08-09T17:43:24.525Z","tool":"execute_code","type":"tool","status":"SUCCESS","ms":1314,"action":"execute","params":{"action":"execute","code":"return new { ka = true };","safety_checks":true,"compiler":"auto"}}
{"ts":"2026-08-09T17:43:34.825Z","tool":"manage_editor","type":"tool","status":"SUCCESS","ms":16,"action":"play","params":{"action":"play"}}
{"ts":"2026-08-09T17:43:52.271Z","tool":"execute_code","type":"tool","status":"SUCCESS","ms":1358,"action":"execute","params":{"action":"execute","code":"var gb = UnityEngine.Object.FindObjectsByType<CavesOfOoo.GameBootstrap>(UnityEngine.FindObjectsSortMode.None); if(gb.Length==0) return \"no bootstrap\"; var ff = gb[0].GetType().GetField(\"_factory\", System.Reflection.BindingFlags.NonPublic|System.Reflection.BindingFlags.Instance); var fac = ff.GetValue(gb[0]) as CavesOfOoo.Data.EntityFactory; if(fac==null) return \"no factory\"; string[] who = { \"Merchant\", \"SaccharineEnvoy\", \"Villager\", \"Innkeeper\", \"CaveHermit\", \"Tinker\", \"Quartermaster\", \"Farmer\", \"Scribe\", \"Mogu\", \"PaleCurator\", \"Marceline\", \"Warden\", \"Undertaker\", \"WellKeeper\", \"Elder\", \"GlassblownDrifter\", \"ChoirTendril\", \"PalimpsestEcho\", \"Weaponsmith\" }; var sb=new System.Text.StringBuilder(); int ok=0, bad=0; foreach(var n in who){ var e = fac.CreateEntity(n); if(e==null){ sb.Append(n+\"=NULL \"); bad++; continue; } var inv=e.GetPart<CavesOfOoo.Core.InventoryPart>(); int items = inv!=null?inv.Objects.Count:0; int dr = CavesOfOoo.Core.TradeSystem.GetDrams(e); bool can = CavesOfOoo.Core.ConversationManager.CanTrade(e); if(items>0 && can) ok++; else bad++; sb.Append(n+\"[\"+items+\" goods,\"+dr+\"dr,\"+(can?\"TRADE\":\"no\")+\"] \"); } return \"stocked=\"+ok+\" empty=\"+bad+\" :: \"+sb;","safety_checks":true,"compiler":"auto"}}
{"ts":"2026-08-09T17:44:25.728Z","tool":"execute_code","type":"tool","status":"SUCCESS","ms":1109,"action":"execute","params":{"action":"execute","code":"return new { ka = true };","safety_checks":true,"compiler":"auto"}}
{"ts":"2026-08-09T17:45:26.857Z","tool":"execute_code","type":"tool","status":"SUCCESS","ms":1055,"action":"execute","params":{"action":"execute","code":"return new { ka = true };","safety_checks":true,"compiler":"auto"}}
{"ts":"2026-08-09T17:46:28.186Z","tool":"execute_code","type":"tool","status":"SUCCESS","ms":1254,"action":"execute","params":{"action":"execute","code":"return new { ka = true };","safety_checks":true,"compiler":"auto"}}
{"ts":"2026-08-09T17:46:48.227Z","tool":"manage_editor","type":"tool","status":"SUCCESS","ms":13,"action":"stop","params":{"action":"stop"}}
{"ts":"2026-08-09T17:47:29.474Z","tool":"execute_code","type":"tool","status":"SUCCESS","ms":1221,"action":"execute","params":{"action":"execute","code":"return new { ka = true };","safety_checks":true,"compiler":"auto"}}
{"ts":"2026-08-09T17:48:30.762Z","tool":"execute_code","type":"tool","status":"SUCCESS","ms":1224,"action":"execute","params":{"action":"execute","code":"return new { ka = true };","safety_checks":true,"compiler":"auto"}}
{"ts":"2026-08-09T17:49:11.516Z","event":"session_start","unity":"6000.3.4f1"}
{"ts":"2026-08-09T17:49:11.516Z","tool":"get_test_job","type":"tool","status":"ERROR","ms":0,"params":{"job_id":"","includeFailedTests":true},"error":"Missing required parameter 'job_id'."}
{"ts":"2026-08-09T17:49:21.590Z","tool":"get_test_job","type":"tool","status":"ERROR","ms":0,"params":{"job_id":"","includeFailedTests":true},"error":"Missing required parameter 'job_id'."}
{"ts":"2026-08-09T17:49:32.065Z","tool":"execute_code","type":"tool","status":"SUCCESS","ms":1241,"action":"execute","params":{"action":"execute","code":"return new { ka = true };","safety_checks":true,"compiler":"auto"}}
{"ts":"2026-08-09T17:49:32.069Z","tool":"get_test_job","type":"tool","status":"ERROR","ms":0,"params":{"job_id":"","includeFailedTests":true},"error":"Missing required parameter 'job_id'."}
{"ts":"2026-08-09T17:49:42.124Z","tool":"get_test_job","type":"tool","status":"ERROR","ms":0,"params":{"job_id":"","includeFailedTests":true},"error":"Missing required parameter 'job_id'."}
{"ts":"2026-08-09T17:49:52.184Z","tool":"get_test_job","type":"tool","status":"ERROR","ms":0,"params":{"job_id":"","includeFailedTests":true},"error":"Missing required parameter 'job_id'."}
{"ts":"2026-08-09T17:50:02.243Z","tool":"get_test_job","type":"tool","status":"ERROR","ms":0,"params":{"job_id":"","includeFailedTests":true},"error":"Missing required parameter 'job_id'."}
{"ts":"2026-08-09T17:50:12.306Z","tool":"get_test_job","type":"tool","status":"ERROR","ms":0,"params":{"job_id":"","includeFailedTests":true},"error":"Missing required parameter 'job_id'."}
{"ts":"2026-08-09T17:50:22.367Z","tool":"get_test_job","type":"tool","status":"ERROR","ms":0,"params":{"job_id":"","includeFailedTests":true},"error":"Missing required parameter 'job_id'."}
{"ts":"2026-08-09T17:50:32.427Z","tool":"get_test_job","type":"tool","status":"ERROR","ms":0,"params":{"job_id":"","includeFailedTests":true},"error":"Missing required parameter 'job_id'."}
{"ts":"2026-08-09T17:50:42.491Z","tool":"get_test_job","type":"tool","status":"ERROR","ms":0,"params":{"job_id":"","includeFailedTests":true},"error":"Missing required parameter 'job_id'."}
{"ts":"2026-08-09T17:50:52.553Z","tool":"get_test_job","type":"tool","status":"ERROR","ms":0,"params":{"job_id":"","includeFailedTests":true},"error":"Missing required parameter 'job_id'."}
{"ts":"2026-08-09T17:51:02.615Z","tool":"get_test_job","type":"tool","status":"ERROR","ms":0,"params":{"job_id":"","includeFailedTests":true},"error":"Missing required parameter 'job_id'."}
{"ts":"2026-08-09T17:51:12.666Z","tool":"get_test_job","type":"tool","status":"ERROR","ms":0,"params":{"job_id":"","includeFailedTests":true},"error":"Missing required parameter 'job_id'."}
{"ts":"2026-08-09T17:51:22.725Z","tool":"get_test_job","type":"tool","status":"ERROR","ms":0,"params":{"job_id":"","includeFailedTests":true},"error":"Missing required parameter 'job_id'."}
{"ts":"2026-08-09T17:51:32.787Z","tool":"get_test_job","type":"tool","status":"ERROR","ms":0,"params":{"job_id":"","includeFailedTests":true},"error":"Missing required parameter 'job_id'."}
{"ts":"2026-08-09T17:51:42.847Z","tool":"get_test_job","type":"tool","status":"ERROR","ms":0,"params":{"job_id":"","includeFailedTests":true},"error":"Missing required parameter 'job_id'."}
{"ts":"2026-08-09T17:51:52.902Z","tool":"get_test_job","type":"tool","status":"ERROR","ms":0,"params":{"job_id":"","includeFailedTests":true},"error":"Missing required parameter 'job_id'."}
{"ts":"2026-08-09T17:52:02.964Z","tool":"get_test_job","type":"tool","status":"ERROR","ms":0,"params":{"job_id":"","includeFailedTests":true},"error":"Missing required parameter 'job_id'."}
{"ts":"2026-08-09T17:52:13.019Z","tool":"get_test_job","type":"tool","status":"ERROR","ms":0,"params":{"job_id":"","includeFailedTests":true},"error":"Missing required parameter 'job_id'."}
{"ts":"2026-08-09T17:52:23.077Z","tool":"get_test_job","type":"tool","status":"ERROR","ms":0,"params":{"job_id":"","includeFailedTests":true},"error":"Missing required parameter 'job_id'."}
{"ts":"2026-08-09T17:52:33.136Z","tool":"get_test_job","type":"tool","status":"ERROR","ms":0,"params":{"job_id":"","includeFailedTests":true},"error":"Missing required parameter 'job_id'."}
{"ts":"2026-08-09T17:52:43.200Z","tool":"get_test_job","type":"tool","status":"ERROR","ms":0,"params":{"job_id":"","includeFailedTests":true},"error":"Missing required parameter 'job_id'."}
{"ts":"2026-08-09T17:52:53.263Z","tool":"get_test_job","type":"tool","status":"ERROR","ms":0,"params":{"job_id":"","includeFailedTests":true},"error":"Missing required parameter 'job_id'."}
{"ts":"2026-08-09T17:53:03.325Z","tool":"get_test_job","type":"tool","status":"ERROR","ms":0,"params":{"job_id":"","includeFailedTests":true},"error":"Missing required parameter 'job_id'."}
{"ts":"2026-08-09T17:53:13.384Z","tool":"get_test_job","type":"tool","status":"ERROR","ms":0,"params":{"job_id":"","includeFailedTests":true},"error":"Missing required parameter 'job_id'."}
{"ts":"2026-08-09T17:53:23.443Z","tool":"get_test_job","type":"tool","status":"ERROR","ms":0,"params":{"job_id":"","includeFailedTests":true},"error":"Missing required parameter 'job_id'."}
{"ts":"2026-08-09T17:53:33.500Z","tool":"get_test_job","type":"tool","status":"ERROR","ms":0,"params":{"job_id":"","includeFailedTests":true},"error":"Missing required parameter 'job_id'."}
{"ts":"2026-08-09T17:53:43.563Z","tool":"get_test_job","type":"tool","status":"ERROR","ms":0,"params":{"job_id":"","includeFailedTests":true},"error":"Missing required parameter 'job_id'."}
{"ts":"2026-08-09T17:53:53.625Z","tool":"get_test_job","type":"tool","status":"ERROR","ms":0,"params":{"job_id":"","includeFailedTests":true},"error":"Missing required parameter 'job_id'."}
{"ts":"2026-08-09T17:54:03.687Z","tool":"get_test_job","type":"tool","status":"ERROR","ms":0,"params":{"job_id":"","includeFailedTests":true},"error":"Missing required parameter 'job_id'."}
{"ts":"2026-08-09T17:54:13.748Z","tool":"get_test_job","type":"tool","status":"ERROR","ms":0,"params":{"job_id":"","includeFailedTests":true},"error":"Missing required parameter 'job_id'."}
{"ts":"2026-08-09T17:54:23.809Z","tool":"get_test_job","type":"tool","status":"ERROR","ms":0,"params":{"job_id":"","includeFailedTests":true},"error":"Missing required parameter 'job_id'."}
{"ts":"2026-08-09T17:54:33.868Z","tool":"get_test_job","type":"tool","status":"ERROR","ms":0,"params":{"job_id":"","includeFailedTests":true},"error":"Missing required parameter 'job_id'."}
{"ts":"2026-08-09T17:54:43.917Z","tool":"get_test_job","type":"tool","status":"ERROR","ms":0,"params":{"job_id":"","includeFailedTests":true},"error":"Missing required parameter 'job_id'."}
{"ts":"2026-08-09T17:54:53.976Z","tool":"get_test_job","type":"tool","status":"ERROR","ms":0,"params":{"job_id":"","includeFailedTests":true},"error":"Missing required parameter 'job_id'."}
{"ts":"2026-08-09T17:55:04.038Z","tool":"get_test_job","type":"tool","status":"ERROR","ms":0,"params":{"job_id":"","includeFailedTests":true},"error":"Missing required parameter 'job_id'."}
{"ts":"2026-08-09T17:55:14.094Z","tool":"get_test_job","type":"tool","status":"ERROR","ms":0,"params":{"job_id":"","includeFailedTests":true},"error":"Missing required parameter 'job_id'."}
{"ts":"2026-08-09T17:55:24.150Z","tool":"get_test_job","type":"tool","status":"ERROR","ms":0,"params":{"job_id":"","includeFailedTests":true},"error":"Missing required parameter 'job_id'."}
{"ts":"2026-08-09T17:55:34.210Z","tool":"get_test_job","type":"tool","status":"ERROR","ms":0,"params":{"job_id":"","includeFailedTests":true},"error":"Missing required parameter 'job_id'."}
{"ts":"2026-08-09T17:55:44.269Z","tool":"get_test_job","type":"tool","status":"ERROR","ms":0,"params":{"job_id":"","includeFailedTests":true},"error":"Missing required parameter 'job_id'."}
{"ts":"2026-08-09T17:55:54.327Z","tool":"get_test_job","type":"tool","status":"ERROR","ms":0,"params":{"job_id":"","includeFailedTests":true},"error":"Missing required parameter 'job_id'."}
{"ts":"2026-08-09T17:56:04.387Z","tool":"get_test_job","type":"tool","status":"ERROR","ms":0,"params":{"job_id":"","includeFailedTests":true},"error":"Missing required parameter 'job_id'."}
{"ts":"2026-08-09T17:56:14.443Z","tool":"get_test_job","type":"tool","status":"ERROR","ms":0,"params":{"job_id":"","includeFailedTests":true},"error":"Missing required parameter 'job_id'."}
{"ts":"2026-08-09T17:56:24.499Z","tool":"get_test_job","type":"tool","status":"ERROR","ms":0,"params":{"job_id":"","includeFailedTests":true},"error":"Missing required parameter 'job_id'."}
{"ts":"2026-08-09T17:56:41.663Z","tool":"get_editor_state","type":"resource","status":"SUCCESS","ms":0,"params":{}}
{"ts":"2026-08-09T17:56:41.665Z","tool":"get_project_info","type":"resource","status":"SUCCESS","ms":0,"params":{}}
{"ts":"2026-08-09T17:56:41.868Z","tool":"get_test_job","type":"tool","status":"SUCCESS","ms":0,"params":{"job_id":"89e921c34e4b4dd7bc00fbb1b9cfcc65","includeFailedTests":true}}
{"ts":"2026-08-09T17:56:53.937Z","tool":"get_test_job","type":"tool","status":"SUCCESS","ms":0,"params":{"job_id":"89e921c34e4b4dd7bc00fbb1b9cfcc65","includeFailedTests":true}}
{"ts":"2026-08-09T17:57:06.015Z","tool":"get_test_job","type":"tool","status":"SUCCESS","ms":0,"params":{"job_id":"89e921c34e4b4dd7bc00fbb1b9cfcc65","includeFailedTests":true}}
{"ts":"2026-08-09T17:57:15.998Z","tool":"get_test_job","type":"tool","status":"SUCCESS","ms":0,"params":{"job_id":"89e921c34e4b4dd7bc00fbb1b9cfcc65","includeFailedTests":true}}
{"ts":"2026-08-09T17:58:26.824Z","event":"session_start","unity":"6000.3.4f1"}
{"ts":"2026-08-09T17:58:26.824Z","tool":"get_editor_state","type":"resource","status":"SUCCESS","ms":0,"params":{}}
{"ts":"2026-08-09T17:58:26.828Z","tool":"get_project_info","type":"resource","status":"SUCCESS","ms":1,"params":{}}
{"ts":"2026-08-09T17:58:27.036Z","tool":"get_test_job","type":"tool","status":"SUCCESS","ms":1,"params":{"job_id":"60a6b7e059804872aa02e344b1ae98b0","includeFailedTests":true}}
{"ts":"2026-08-09T17:58:39.111Z","tool":"get_test_job","type":"tool","status":"SUCCESS","ms":0,"params":{"job_id":"60a6b7e059804872aa02e344b1ae98b0","includeFailedTests":true}}
{"ts":"2026-08-09T17:58:51.187Z","tool":"get_test_job","type":"tool","status":"SUCCESS","ms":0,"params":{"job_id":"60a6b7e059804872aa02e344b1ae98b0","includeFailedTests":true}}
{"ts":"2026-08-09T17:59:09.115Z","tool":"manage_editor","type":"tool","status":"SUCCESS","ms":13,"action":"play","params":{"action":"play"}}
{"ts":"2026-08-09T17:59:26.551Z","tool":"execute_code","type":"tool","status":"SUCCESS","ms":1366,"action":"execute","params":{"action":"execute","code":"var gb = UnityEngine.Object.FindObjectsByType<CavesOfOoo.GameBootstrap>(UnityEngine.FindObjectsSortMode.None); var ff = gb[0].GetType().GetField(\"_factory\", System.Reflection.BindingFlags.NonPublic|System.Reflection.BindingFlags.Instance); var fac = ff.GetValue(gb[0]) as CavesOfOoo.Data.EntityFactory; int stocked=0, empty=0, talkable=0; var worst=new System.Text.StringBuilder(); var names=new System.Collections.Generic.List<string>(fac.Blueprints.Keys); foreach(var n in names){ CavesOfOoo.Core.Entity e=null; try{ e=fac.CreateEntity(n);}catch{} if(e==null) continue; if(e.GetPart<CavesOfOoo.Core.ConversationPart>()==null) continue; talkable++; var inv=e.GetPart<CavesOfOoo.Core.InventoryPart>(); int items=inv!=null?inv.Objects.Count:0; int dr=CavesOfOoo.Core.TradeSystem.GetDrams(e); bool can=CavesOfOoo.Core.ConversationManager.CanTrade(e); if(items>0 && dr>0 && can) stocked++; else { empty++; worst.Append(n+\"[\"+items+\"g,\"+dr+\"dr,\"+(can?\"TRADE\":\"no\")+\"] \"); } } return \"talkable=\"+talkable+\" fullyStocked=\"+stocked+\" problems=\"+empty+\" :: \"+worst;","safety_checks":true,"compiler":"auto"}}
{"ts":"2026-08-09T17:59:43.790Z","tool":"execute_code","type":"tool","status":"SUCCESS","ms":1183,"action":"execute","params":{"action":"execute","code":"var gb = UnityEngine.Object.FindObjectsByType<CavesOfOoo.GameBootstrap>(UnityEngine.FindObjectsSortMode.None); var zf = gb[0].GetType().GetField(\"_zone\", System.Reflection.BindingFlags.NonPublic|System.Reflection.BindingFlags.Instance); var z = zf!=null? zf.GetValue(gb[0]) as CavesOfOoo.Core.Zone : null; if(z==null) return \"no zone field\"; var sb=new System.Text.StringBuilder(); int talk=0, offers=0, liars=0; foreach(var e in z.GetAllEntities()){ if(e==null||e.GetPart<CavesOfOoo.Core.ConversationPart>()==null) continue; talk++; var inv=e.GetPart<CavesOfOoo.Core.InventoryPart>(); int items=inv!=null?inv.Objects.Count:0; int dr=CavesOfOoo.Core.TradeSystem.GetDrams(e); bool can=CavesOfOoo.Core.ConversationManager.CanTrade(e); if(can){ offers++; if(items==0 && dr<=0) liars++; } sb.Append(e.BlueprintName+\"[\"+items+\"g,\"+dr+\"dr,\"+(can?\"TRADE\":\"-\")+\"] \"); } return \"inZone talkable=\"+talk+\" offerTrade=\"+offers+\" emptyWindowLiars=\"+liars+\" :: \"+sb;","safety_checks":true,"compiler":"auto"}}
{"ts":"2026-08-09T18:01:01.436Z","tool":"manage_editor","type":"tool","status":"SUCCESS","ms":3,"action":"stop","params":{"action":"stop"}}
{"ts":"2026-08-09T18:01:32.787Z","event":"session_start","unity":"6000.3.4f1"}
{"ts":"2026-08-09T18:01:32.787Z","tool":"get_editor_state","type":"resource","status":"SUCCESS","ms":2,"params":{}}
{"ts":"2026-08-09T18:01:32.984Z","tool":"get_project_info","type":"resource","status":"SUCCESS","ms":1,"params":{}}
{"ts":"2026-08-09T18:01:33.283Z","tool":"get_test_job","type":"tool","status":"SUCCESS","ms":1,"params":{"job_id":"c3f467062fdf412c8c7fb0c0c8d0089d","includeFailedTests":true}}
{"ts":"2026-08-09T18:01:45.459Z","tool":"get_test_job","type":"tool","status":"SUCCESS","ms":0,"params":{"job_id":"c3f467062fdf412c8c7fb0c0c8d0089d","includeFailedTests":true}}
{"ts":"2026-08-09T18:01:57.559Z","tool":"get_test_job","type":"tool","status":"SUCCESS","ms":0,"params":{"job_id":"c3f467062fdf412c8c7fb0c0c8d0089d","includeFailedTests":true}}
{"ts":"2026-08-09T18:02:09.659Z","tool":"get_test_job","type":"tool","status":"SUCCESS","ms":0,"params":{"job_id":"c3f467062fdf412c8c7fb0c0c8d0089d","includeFailedTests":true}}
{"ts":"2026-08-09T18:02:21.759Z","tool":"get_test_job","type":"tool","status":"SUCCESS","ms":0,"params":{"job_id":"c3f467062fdf412c8c7fb0c0c8d0089d","includeFailedTests":true}}
{"ts":"2026-08-09T18:02:33.959Z","tool":"get_test_job","type":"tool","status":"SUCCESS","ms":0,"params":{"job_id":"c3f467062fdf412c8c7fb0c0c8d0089d","includeFailedTests":true}}
{"ts":"2026-08-09T18:02:46.060Z","tool":"get_test_job","type":"tool","status":"SUCCESS","ms":0,"params":{"job_id":"c3f467062fdf412c8c7fb0c0c8d0089d","includeFailedTests":true}}
{"ts":"2026-08-09T18:02:58.160Z","tool":"get_test_job","type":"tool","status":"SUCCESS","ms":0,"params":{"job_id":"c3f467062fdf412c8c7fb0c0c8d0089d","includeFailedTests":true}}
{"ts":"2026-08-09T18:03:10.260Z","tool":"get_test_job","type":"tool","status":"SUCCESS","ms":0,"params":{"job_id":"c3f467062fdf412c8c7fb0c0c8d0089d","includeFailedTests":true}}
{"ts":"2026-08-09T18:03:22.378Z","tool":"get_test_job","type":"tool","status":"SUCCESS","ms":0,"params":{"job_id":"c3f467062fdf412c8c7fb0c0c8d0089d","includeFailedTests":true}}
{"ts":"2026-08-09T18:04:10.384Z","event":"session_start","unity":"6000.3.4f1"}
{"ts":"2026-08-09T18:04:10.384Z","tool":"get_editor_state","type":"resource","status":"SUCCESS","ms":2,"params":{}}
{"ts":"2026-08-09T18:04:10.581Z","tool":"get_project_info","type":"resource","status":"SUCCESS","ms":1,"params":{}}
{"ts":"2026-08-09T18:04:10.880Z","tool":"get_test_job","type":"tool","status":"SUCCESS","ms":1,"params":{"job_id":"544016781c8e408a8b72075369965386","includeFailedTests":true}}
{"ts":"2026-08-09T18:04:23.055Z","tool":"get_test_job","type":"tool","status":"SUCCESS","ms":0,"params":{"job_id":"544016781c8e408a8b72075369965386","includeFailedTests":true}}
{"ts":"2026-08-09T18:04:35.155Z","tool":"get_test_job","type":"tool","status":"SUCCESS","ms":0,"params":{"job_id":"544016781c8e408a8b72075369965386","includeFailedTests":true}}
{"ts":"2026-08-09T18:04:47.258Z","tool":"get_test_job","type":"tool","status":"SUCCESS","ms":0,"params":{"job_id":"544016781c8e408a8b72075369965386","includeFailedTests":true}}
{"ts":"2026-08-09T18:04:59.455Z","tool":"get_test_job","type":"tool","status":"SUCCESS","ms":0,"params":{"job_id":"544016781c8e408a8b72075369965386","includeFailedTests":true}}
{"ts":"2026-08-09T18:05:11.555Z","tool":"get_test_job","type":"tool","status":"SUCCESS","ms":0,"params":{"job_id":"544016781c8e408a8b72075369965386","includeFailedTests":true}}
{"ts":"2026-08-09T18:05:23.656Z","tool":"get_test_job","type":"tool","status":"SUCCESS","ms":0,"params":{"job_id":"544016781c8e408a8b72075369965386","includeFailedTests":true}}
{"ts":"2026-08-09T18:05:35.756Z","tool":"get_test_job","type":"tool","status":"SUCCESS","ms":0,"params":{"job_id":"544016781c8e408a8b72075369965386","includeFailedTests":true}}
{"ts":"2026-08-09T18:05:48.065Z","tool":"get_test_job","type":"tool","status":"SUCCESS","ms":0,"params":{"job_id":"544016781c8e408a8b72075369965386","includeFailedTests":true}}
{"ts":"2026-08-09T18:06:00.139Z","tool":"get_test_job","type":"tool","status":"SUCCESS","ms":0,"params":{"job_id":"544016781c8e408a8b72075369965386","includeFailedTests":true}}
{"ts":"2026-08-09T18:07:50.912Z","event":"session_start","unity":"6000.3.4f1"}
{"ts":"2026-08-09T18:07:50.912Z","tool":"get_editor_state","type":"resource","status":"SUCCESS","ms":0,"params":{}}
{"ts":"2026-08-09T18:07:50.916Z","tool":"get_project_info","type":"resource","status":"SUCCESS","ms":0,"params":{}}
{"ts":"2026-08-09T18:07:51.175Z","tool":"get_test_job","type":"tool","status":"SUCCESS","ms":0,"params":{"job_id":"f5f13fe2858b4166b46b0c0c212c5d34","includeFailedTests":true}}
{"ts":"2026-08-09T18:08:03.316Z","tool":"get_test_job","type":"tool","status":"SUCCESS","ms":0,"params":{"job_id":"f5f13fe2858b4166b46b0c0c212c5d34","includeFailedTests":true}}
{"ts":"2026-08-09T18:08:15.970Z","tool":"get_test_job","type":"tool","status":"SUCCESS","ms":0,"params":{"job_id":"f5f13fe2858b4166b46b0c0c212c5d34","includeFailedTests":true}}
{"ts":"2026-08-09T18:08:28.694Z","tool":"manage_editor","type":"tool","status":"SUCCESS","ms":7,"action":"play","params":{"action":"play"}}
{"ts":"2026-08-09T18:08:46.145Z","tool":"execute_code","type":"tool","status":"SUCCESS","ms":1381,"action":"execute","params":{"action":"execute","code":"var gb = UnityEngine.Object.FindObjectsByType<CavesOfOoo.GameBootstrap>(UnityEngine.FindObjectsSortMode.None); var zf = gb[0].GetType().GetField(\"_zone\", System.Reflection.BindingFlags.NonPublic|System.Reflection.BindingFlags.Instance); var z = zf.GetValue(gb[0]) as CavesOfOoo.Core.Zone; var sb=new System.Text.StringBuilder(); int talk=0,dupes=0; foreach(var e in z.GetAllEntities()){ if(e==null||e.GetPart<CavesOfOoo.Core.ConversationPart>()==null) continue; talk++; var inv=e.GetPart<CavesOfOoo.Core.InventoryPart>(); var counts=new System.Collections.Generic.Dictionary<string,int>(); int items=0; if(inv!=null) foreach(var it in inv.Objects){ items++; counts.TryGetValue(it.BlueprintName, out int c); counts[it.BlueprintName]=c+1; } string dup=\"\"; foreach(var kv in counts) if(kv.Value>1) dup+=kv.Key+\"x\"+kv.Value+\" \"; if(dup!=\"\") dupes++; sb.Append(e.BlueprintName+\"[\"+items+\"g\"+(dup!=\"\"?\" DUP:\"+dup:\"\")+\"] \"); } return \"talkable=\"+talk+\" withDupes=\"+dupes+\" :: \"+sb;","safety_checks":true,"compiler":"auto"}}
{"ts":"2026-08-09T18:08:53.203Z","tool":"manage_editor","type":"tool","status":"SUCCESS","ms":4,"action":"stop","params":{"action":"stop"}}
{"ts":"2026-08-09T18:26:15.018Z","event":"session_start","unity":"6000.3.4f1"}
{"ts":"2026-08-09T18:26:15.018Z","tool":"get_editor_state","type":"resource","status":"SUCCESS","ms":0,"params":{}}
{"ts":"2026-08-09T18:26:15.022Z","tool":"get_project_info","type":"resource","status":"SUCCESS","ms":0,"params":{}}
{"ts":"2026-08-09T18:26:15.242Z","tool":"get_test_job","type":"tool","status":"SUCCESS","ms":0,"params":{"job_id":"77d7761ddb234370b1e01f9053ca3284","includeFailedTests":true}}
{"ts":"2026-08-09T18:26:27.664Z","tool":"get_test_job","type":"tool","status":"SUCCESS","ms":0,"params":{"job_id":"77d7761ddb234370b1e01f9053ca3284","includeFailedTests":true}}
{"ts":"2026-08-09T18:26:40.156Z","tool":"get_test_job","type":"tool","status":"SUCCESS","ms":1,"params":{"job_id":"77d7761ddb234370b1e01f9053ca3284","includeFailedTests":true}}
