phase,unityFrame,seconds,EnvSprites_ns,ZoneRenderer_ns,InputIdle_ns,MainThread_ns,GC_bytes
0,17,0.863354165999997,0,0,0,0,0
0,18,0.87848512499999742,0,77375,41,16250125,462371
0,19,0.89546895799999859,0,74333,42,16804458,501199
0,20,0.91191704099999882,0,76708,41,16568667,487637
0,21,0.92851079099999723,0,78583,41,16503875,487489
0,22,0.94589620799999707,0,96333,0,17298833,461267
0,23,0.9619280830000001,0,78500,0,16198125,459913
0,24,0.97848087499999892,0,73583,42,16594708,487437
0,25,0.99520037499999958,0,76750,41,16680916,487437
0,26,1.0124516660000005,0,75959,0,16981583,515161
0,27,1.0286906659999993,0,72041,41,16495250,473675
0,28,1.0454785829999977,0,82084,42,16596625,446151
0,29,1.0618052909999989,0,95458,42,16503500,501199
0,30,1.0784959159999978,0,73333,83,16694250,528723
0,31,1.0952476659999988,0,78750,0,16405750,512383
0,32,1.1116876249999983,0,74792,42,16799500,529269
0,33,1.1283308329999997,0,78417,41,16677417,542537
0,34,1.1455755829999994,0,69500,0,16994833,542485
0,35,1.1618514999999974,0,72000,42,16491000,514961
0,36,1.1784090409999983,0,78166,42,16595875,542485
0,37,1.1954407499999995,0,68250,41,16894208,556247
0,38,1.211769125,0,69375,42,16406125,529083
0,39,1.2286758750000004,0,77959,0,16878333,542485
0,40,1.2454813329999972,0,73250,0,16523833,523047
0,41,1.2618393749999974,0,76667,42,16670375,521991
0,42,1.2784639579999997,0,73625,0,16697333,556247
0,43,1.295264207999999,0,64459,0,16696000,556247
0,44,1.3116619159999985,0,70875,41,16404167,542685
0,45,1.3284994579999996,0,70416,0,16795417,528775
0,46,1.3455272909999998,0,76500,42,16897167,531821
0,47,1.3620949160000002,0,76916,42,16581458,528723
0,48,1.3783614580000005,0,78292,41,16389208,514961
0,49,1.3955835830000005,0,77041,41,16799083,523047
0,50,1.4117844159999997,0,77625,42,16596500,515507
0,51,1.4287175829999974,0,73209,42,16890709,514961
0,52,1.4451182500000002,0,78125,42,16391666,514961
0,53,1.4622514579999972,0,77959,0,17076042,556247
0,54,1.4786165409999974,0,71958,0,16516625,542485
0,55,1.4952626659999986,0,67791,167,16590333,542485
0,56,1.5118929159999972,0,73250,42,16598375,528923
0,57,1.5293720409999985,0,78250,42,17184833,212249
0,58,1.5484467080000002,0,121750,42,18623541,102101
0,59,1.561858291,0,76042,42,14173833,419981
0,60,1.5786812499999989,0,72000,41,16777375,556247
0,61,1.5956472909999988,0,76541,83,16697708,542485
0,62,1.6118612910000003,0,74625,41,16487083,532021
0,63,1.6284566249999983,0,75875,42,16601875,542485
0,64,1.6452269999999984,0,72041,125,16795083,556247
0,65,1.661882833,0,67625,0,16606000,528723
0,66,1.678776457999998,0,74792,0,16784333,514961
0,67,1.6956346660000001,0,76000,0,16700459,528723
0,68,1.7121488330000005,0,74083,0,16765417,530277
0,69,1.7286092909999979,0,70000,41,16516541,542537
0,70,1.7451824999999985,0,65667,41,16596208,542485
0,71,1.7619286659999993,0,64292,42,16700416,556247
0,72,1.7784224579999979,0,66583,42,16496875,542485
0,73,1.7953107499999987,0,69834,41,16793541,556247
0,74,1.8122809999999987,0,68458,42,16876000,542685
0,75,1.8286217909999998,0,71667,0,16415292,528723
0,76,1.845569458,0,72916,42,16807000,542485
0,77,1.861877707999998,0,73084,41,16476250,519413
0,78,1.878612540999999,0,77041,0,16693958,528723
0,79,1.8953014159999988,0,72625,0,16700000,542485
0,80,1.912211499999998,0,70917,0,16860250,556447
0,81,1.9286501659999971,0,67333,167,16529958,542537
0,82,1.9456214999999979,0,66333,41,16698375,542485
0,83,1.9617602909999974,0,73250,0,16395750,514961
0,84,1.9789229999999982,0,75541,0,16893000,514961
0,85,1.9956309999999995,0,75917,42,16690709,542485
0,86,2.011941041,0,76292,41,16600333,530277
0,87,2.0283623330000005,0,72084,42,16490542,542485
0,88,2.0451037079999992,0,67208,41,16697416,556247
0,89,2.0617726249999997,0,67500,42,16689250,556247
0,90,2.0783327499999977,0,71583,0,16500209,542485
0,91,2.0956084999999973,0,71542,42,16994417,542485
0,92,2.1120093749999995,0,69667,0,16589625,528923
0,93,2.1283948749999979,0,70209,0,16398875,531873
0,94,2.145218749999998,0,76167,42,16895333,542485
0,95,2.1622333749999996,0,67792,83,16858958,543839
0,96,2.1788677909999983,0,69083,42,16535209,542485
0,97,2.1951889579999992,0,72041,42,16497542,528723
0,98,2.2122661659999991,0,70625,42,16705291,528923
0,99,2.2285695829999987,0,106333,42,16679584,501199
0,100,2.2450185410000003,0,73750,41,16490667,542485
0,101,2.2617994999999986,0,68708,42,16789375,556247
0,102,2.2783696659999997,0,68375,0,16504584,528723
0,103,2.2952788749999975,0,82083,42,16785125,514961
0,104,2.3119627909999991,0,78208,0,16810625,516515
0,105,2.3283513330000005,0,76625,42,16385875,515013
0,106,2.3451114159999982,0,76042,42,16786292,556247
0,107,2.3619428750000004,0,68458,41,16800125,556247
0,108,2.3785279999999993,0,68333,0,16495542,531981
0,109,2.3952892079999977,0,76834,42,16798500,528723
0,110,2.411837875,0,72666,0,16584000,528923
0,111,2.4284807499999985,0,72834,42,16704959,542485
0,112,2.4452786250000003,0,64250,0,16691333,556247
0,113,2.4622342499999981,0,82208,41,16861292,543839
0,114,2.4784493750000003,0,70500,0,16229458,516105
0,115,2.4950466250000005,0,77833,41,16624625,542485
0,116,2.5117719159999972,0,73333,42,16760792,487637
0,117,2.5283619579999979,0,76416,0,16599333,542485
0,118,2.545225791,0,72292,42,16895333,556299
0,119,2.5618824999999994,0,67292,0,16585333,542485
0,120,2.5789511249999997,0,76125,0,16809709,556247
0,121,2.595317625,0,73625,0,16476625,501199
0,122,2.6120614999999994,0,86625,41,16798209,530277
0,123,2.6289024579999989,0,74625,42,16697250,531821
0,124,2.6450523329999989,0,78958,41,16388334,501199
0,125,2.6617689579999997,0,78583,0,16705000,528723
0,126,2.678552290999999,0,78209,41,16793042,556247
0,127,2.6954271249999984,0,72917,42,16793583,556247
0,128,2.7118030409999996,0,66750,84,16497709,542685
0,129,2.7286693749999991,0,71292,42,16795666,556247
0,130,2.7452386659999988,0,66250,42,16598875,542537
0,131,2.7618576249999975,0,76708,0,16587791,502553
0,132,2.7785542079999992,0,79166,42,16600541,528723
0,133,2.7953700829999981,0,75708,0,16788917,528723
0,134,2.8118296659999977,0,75959,42,16595750,542685
0,135,2.8283699999999996,0,74667,41,16499167,528723
0,136,2.845539791,0,72458,41,16983500,556247
0,137,2.8622973329999972,0,74709,42,16765875,542485
0,138,2.8785712500000002,0,70708,42,16438958,528723
0,139,2.8953913329999992,0,79583,41,16684833,545583
0,140,2.9117676249999995,0,76458,42,16490708,530277
0,141,2.9285253329999996,0,85333,42,16800250,556247
0,142,2.945505208,0,68166,42,16795000,556299
0,143,2.9617427499999991,0,71459,0,16393542,514961
0,144,2.9786017499999993,0,76792,83,16793959,528723
0,145,2.995255874999998,0,84333,42,16699458,542485
0,146,3.0117548329999977,0,71625,0,16490125,542685
0,147,3.0284879579999995,0,75042,0,16796208,556247
0,148,3.0455063749999987,0,62042,0,16789000,556247
0,149,3.0617074579999972,0,70458,41,16392208,516315
0,150,3.0784310409999982,0,68833,42,16703666,542485
0,151,3.0953350829999984,0,71750,0,16796167,542485
0,152,3.1117086249999986,0,69959,42,16489875,542685
0,153,3.128555791,0,69708,83,16796166,556247
0,154,3.1453603749999992,0,72875,41,16795125,559397
0,155,3.1617753749999977,0,64291,0,16497958,542485
0,156,3.1784783329999975,0,63625,125,16690709,556247
0,157,3.19512675,0,63917,0,16489459,542485
0,158,3.2119626249999982,0,78292,0,16917083,530277
0,159,3.2288901659999993,0,71542,42,16688375,542485
0,160,3.2456046659999984,0,71459,0,16782917,542485
0,161,3.2621537499999995,0,73875,42,16652292,542485
0,162,3.2784660409999979,0,69167,0,16343167,528723
0,163,3.2951563329999978,0,74291,42,16693083,542485
0,164,3.3118258330000003,0,72041,42,16690708,542685
0,165,3.3286253749999979,0,70625,42,16789333,556247
0,166,3.3449872499999991,0,63917,0,16406416,542537
0,167,3.361899416,0,67042,83,16892875,557601
0,168,3.3787280829999986,0,65959,41,16701333,556247
0,169,3.3952342909999977,0,67958,0,16490417,542485
0,170,3.4118422909999992,0,71000,0,16693500,545783
0,171,3.4285499999999978,0,71750,42,16695000,542485
0,172,3.4451339159999996,0,68667,0,16589292,542485
0,173,3.461944916,0,75166,0,16706167,542485
0,174,3.4783366660000006,0,69208,42,16485167,528723
0,175,3.495153791,0,72167,0,16795500,556247
0,176,3.5117140409999976,0,68625,42,16596167,544039
0,177,3.528729791,0,71916,42,16898166,556247
0,178,3.5450502079999993,0,66958,0,16490917,542537
0,179,3.5617780000000003,0,59750,0,16699291,556247
0,180,3.5786051659999991,0,63709,42,16696625,542485
0,181,3.5954050409999994,0,73708,41,16691958,528723
0,182,3.6120030829999976,0,75042,84,16697167,542685
0,183,3.6283643750000003,0,72000,41,16394334,528723
0,184,3.6455966249999996,0,71708,42,17081167,556247
0,185,3.6619209159999997,0,71458,42,16400167,533175
0,186,3.6784025000000007,0,74708,41,16601834,542485
0,187,3.6951588750000006,0,72708,125,16690958,556247
0,188,3.7121050409999974,0,68208,41,16796667,556447
0,189,3.7286144579999991,0,101125,0,16591709,528723
0,190,3.745312791,0,71792,125,16698541,542537
0,191,3.7616997499999982,0,71583,42,16492959,542485
0,192,3.7783949999999997,0,71125,41,16705541,556247
0,193,3.795241208,0,66334,125,16784125,556247
0,194,3.8122544159999983,0,84834,42,16923083,530277
0,195,3.8283606249999984,0,75458,42,16179917,514961
0,196,3.8452814579999988,0,77125,42,16896958,556247
0,197,3.8621518749999986,0,79083,0,16870500,542485
0,198,3.8785089999999975,0,70083,0,16404792,542485
0,199,3.8952507909999987,0,69958,42,16698208,556247
0,200,3.9117705829999991,0,70875,41,16493875,545783
0,201,3.9288344159999973,0,81208,42,16905208,528723
0,202,3.9450150829999977,0,73792,0,16384792,528775
0,203,3.9618585829999979,0,72583,42,16795666,543839
0,204,3.9783782909999985,0,72792,0,16596458,542485
0,205,3.995191833,0,71125,41,16682750,556247
0,206,4.0117232079999994,0,78500,41,16599750,542685
0,207,4.0283333329999991,0,76709,0,16601167,528723
0,208,4.0451017910000004,0,75500,0,16688375,528723
0,209,4.0617427080000006,0,80375,42,16703833,528723
0,210,4.0784727909999994,0,76625,42,16687000,501199
0,211,4.095113625,0,76834,42,16599917,514961
0,212,4.11179375,0,78334,42,16793417,530277
0,213,4.128811958,0,64917,125,16792417,556247
0,214,4.145233333,0,71625,41,16600708,542537
0,215,4.1619093750000005,0,73292,41,16584375,528723
0,216,4.1783822499999985,0,75416,42,16506417,531821
0,217,4.1956357079999975,0,75250,42,17057750,528723
0,218,4.2118833329999994,0,79291,42,16418791,528923
0,219,4.2287587079999973,0,76875,42,16797292,542485
0,220,4.2451335829999977,0,72250,42,16498000,542485
0,221,4.2619427499999993,0,72416,42,16792166,543839
0,222,4.2785069999999976,0,65584,0,16500541,542485
0,223,4.2953700829999981,0,80125,42,16694667,542485
0,224,4.311836207999999,0,74917,42,16688500,515161
0,225,4.3285407499999984,0,74333,41,16697084,501199
0,226,4.3451504579999991,0,70792,41,16596458,542537
0,227,4.3617383329999981,0,70042,0,16585958,542485
0,228,4.3784988329999983,0,78208,42,16804125,556247
0,229,4.3952423749999987,0,64000,42,16693792,556247
0,230,4.4120899579999993,0,66917,42,16697750,544039
0,231,4.4284219159999978,0,71333,41,16495209,545583
0,232,4.4455245409999975,0,69375,42,16952666,556247
0,233,4.4618894999999981,0,66833,42,16433709,528723
0,234,4.4786387079999983,0,73833,83,16694708,542485
0,235,4.4951830830000006,0,73375,42,16595917,542485
0,236,4.512053541,0,70083,83,16793542,556447
0,237,4.528498958,0,70375,42,16586959,542485
0,238,4.5452278749999984,0,71916,0,16605458,542537
0,239,4.5621466250000005,0,69333,0,16923167,543839
0,240,4.5783876249999977,0,73333,0,16269834,528723
0,241,4.5951239999999984,0,83875,83,16682625,514961
0,242,4.6126737909999989,0,79417,42,17344208,460113
0,243,4.6285710830000006,0,90459,84,16149875,487437
0,244,4.645367083,0,74917,42,16859375,556247
0,245,4.6618195,0,64333,0,16432500,542485
0,246,4.6785033749999982,0,70375,42,16699250,542485
0,247,4.6955920409999976,0,69417,41,16852792,559345
0,248,4.7119767079999981,0,65292,0,16532125,530277
0,249,4.728384833,0,68583,0,16494125,542485
0,250,4.745215791,0,69208,42,16806958,556299
0,251,4.7618624999999994,0,69416,42,16588583,542485
0,252,4.778535541,0,74000,42,16597167,542485
0,253,4.7951195829999982,0,74542,42,16591625,528723
0,254,4.812186333,0,75667,42,16905417,542685
0,255,4.82832475,0,78125,42,16382333,528723
0,256,4.8450634159999986,0,73375,42,16790917,556247
0,257,4.8620159580000006,0,66000,0,16800583,543839
0,258,4.8783676249999992,0,74667,125,16394459,528723
0,259,4.8952090829999975,0,73458,42,16797542,528723
0,260,4.9125451659999975,0,74084,0,16789583,515161
0,261,4.9284090829999982,0,81167,0,16491750,514961
0,262,4.945225125,0,73791,125,16798542,556299
0,263,4.9617024159999978,0,68458,42,16496958,542485
0,264,4.978753541,0,71417,42,16906250,542485
0,265,4.9953653749999987,0,73500,83,16581416,528723
0,266,5.0122032499999989,0,76292,83,16868209,530277
0,267,5.028522833,0,70500,42,16423125,542485
0,268,5.045498791,0,69500,42,16845958,556247
0,269,5.0619139579999981,0,71958,83,16440042,542485
0,270,5.0789612079999991,0,76917,41,16796250,528723
0,271,5.095211916,0,74458,42,16488416,514961
0,272,5.1118395409999984,0,72625,41,16705250,515161
0,273,5.128404665999998,0,71959,0,16593083,542485
0,274,5.1451032499999982,0,74209,166,16693708,556299
0,275,5.162100875,0,69792,125,16796084,516315
0,276,5.178858791,0,73666,83,16595209,528723
0,277,5.1951878329999985,0,103416,42,16586916,487437
0,278,5.2117856249999974,0,75542,0,16596083,542685
0,279,5.2280180409999986,0,71875,41,16203041,391103
0,280,5.2459098749999988,0,80791,42,17786167,157149
0,281,5.2650050409999984,0,107375,42,18895041,74577
0,282,5.278649625,0,80958,42,13811666,349817
0,283,5.2956383329999994,0,83833,41,17010000,514961
0,284,5.3120882079999987,0,73208,41,16613958,530277
0,285,5.3284925829999992,0,69625,0,16444083,542485
0,286,5.3454390409999988,0,71583,0,16850791,556299
0,287,5.3621616659999987,0,65208,125,16532875,542485
0,288,5.378569958,0,75208,41,16596542,528763
0,289,5.395593708,0,77000,42,16845750,542485
0,290,5.4117666659999983,0,71792,41,16441875,528923
0,291,5.4285435409999963,0,67416,125,16702042,556247
0,292,5.4452500000000015,0,69250,41,16688542,556247
0,293,5.4617022910000017,0,71167,42,16487917,530077
0,294,5.4784000829999968,0,71291,42,16701750,542485
0,295,5.4955211659999961,0,76333,42,16947000,556247
0,296,5.5118098749999973,0,73333,42,16447416,542685
0,297,5.5282432079999992,0,67666,250,16494250,542485
0,298,5.5449980829999959,0,62792,0,16695125,556299
0,299,5.5618017910000006,0,72125,42,16711167,542485
0,300,5.5789660000000012,0,78708,42,16876875,528723
0,301,5.595505082999999,0,77875,42,16748833,514961
0,302,5.6118235829999961,0,76208,42,16437584,530277
0,303,5.6288187910000005,0,68542,0,16890833,556247
0,304,5.6451854159999968,0,73125,42,16505500,542485
0,305,5.6616524579999989,0,67959,41,16495125,542485
0,306,5.6784280409999965,0,64833,42,16695791,556247
0,307,5.6953651250000021,0,71042,42,16698167,542485
0,308,5.7117837079999987,0,83625,42,16593833,515161
0,309,5.7285473330000016,0,76333,41,16799333,542485
0,310,5.7452378329999974,0,70000,42,16688208,542537
0,311,5.7617248749999987,0,74458,42,16493333,530077
0,312,5.7785307910000014,0,74083,0,16807958,556247
0,313,5.795248375,0,70333,41,16581125,542485
0,314,5.8119613329999993,0,71917,42,16695833,542685
0,315,5.828344625,0,95459,42,16498959,514961
0,316,5.8452312909999975,0,77167,42,16891167,556247
0,317,5.8617824999999968,0,70167,41,16591167,542485
0,318,5.8785458329999969,0,66375,0,16705500,556247
0,319,5.8955545409999957,0,72417,42,16833542,542485
0,320,5.9118652080000018,0,72750,42,16362625,516515
0,321,5.9288422079999989,0,76167,42,16966667,542485
0,322,5.9454263749999967,0,68500,42,16647041,542537
0,323,5.9620822500000017,0,64375,83,16563417,542485
0,324,5.9784525829999993,0,63875,41,16492000,542485
0,325,5.9953262080000016,0,74750,0,16794875,542485
0,326,6.0118878749999993,0,71750,83,16596000,542685
0,327,6.0283378749999983,0,70084,125,16493959,542485
0,328,6.0451414579999962,0,71500,42,16794667,556247
0,329,6.061801250000002,0,66375,42,16694583,543839
0,330,6.0786636659999971,0,71167,42,16694334,556247
0,331,6.0955429159999994,0,72750,41,16865125,542485
0,332,6.1121642499999993,0,72750,42,16521083,528923
0,333,6.128832916,0,73000,42,16778125,542485
0,334,6.1451500410000008,0,74375,42,16514333,542537
0,335,6.1620564580000021,0,63375,83,16700167,556247
0,336,6.1789492910000021,0,70542,41,16774333,542485
0,337,6.1952147080000017,0,78542,42,16316709,528723
0,338,6.2118512910000021,0,83750,250,16786584,516515
0,339,6.2283858329999973,0,75167,125,16593458,542485
0,340,6.2450842080000015,0,69250,42,16695959,556247
0,341,6.261829665999997,0,66667,84,16700334,556247
0,342,6.2785254160000008,0,73666,0,16696125,528723
0,343,6.2953939579999982,0,70042,41,16702791,542485
0,344,6.3117558329999994,0,74959,0,16475500,528923
0,345,6.3285167909999984,0,80375,83,16802792,556247
0,346,6.3451101249999979,0,70000,41,16592417,542537
0,347,6.3620299159999973,0,69417,125,16909625,557601
0,348,6.378323082999998,0,69250,41,16279333,528723
0,349,6.3955668329999966,0,71833,41,17030417,556247
0,350,6.4117922080000014,0,70334,0,16462167,528923
0,351,6.4289049579999968,0,68208,166,16873625,542485
0,352,6.445191874999999,0,75041,0,16514167,542485
0,353,6.462156708000002,0,66875,42,16698375,556247
0,354,6.4788937499999975,0,71791,42,16846208,514961
0,355,6.4953665829999991,0,76166,0,16437166,528723
0,356,6.511756915999996,0,77417,42,16497583,516515
0,357,6.5288252909999969,0,73875,42,16980792,542485
0,358,6.5452020829999995,0,77292,0,16406834,515013
0,359,6.5621175409999992,0,73334,42,16794375,542485
0,360,6.5784872079999985,0,74917,0,16601625,542485
0,361,6.5950506249999989,0,67958,84,16480208,542485
0,362,6.6117860829999984,0,69041,41,16702708,542685
0,363,6.6283898749999963,0,71667,84,16595416,528723
0,364,6.6455890829999973,0,75125,0,17053042,542485
0,365,6.6618014159999959,0,76125,0,16340000,516315
0,366,6.6788515829999966,0,80375,42,16990709,542485
0,367,6.6950373749999983,0,74791,0,16201292,514961
0,368,6.71182125,0,77291,0,16804250,515161
0,369,6.7283378750000011,0,78750,42,16575375,528723
0,370,6.7452949159999989,0,74917,42,16598708,446203
0,371,6.7621777079999958,0,95042,41,17118625,528723
0,372,6.7787885409999973,0,78208,209,16636333,542485
0,373,6.7951514579999994,0,71708,42,16424542,528723
0,374,6.8120426249999966,0,65792,42,16968417,544039
0,375,6.8284419579999991,0,65917,125,16426166,542485
0,376,6.8455251250000018,0,61667,208,16695000,556247
0,377,6.8622365829999978,0,77917,0,16689041,501199
0,378,6.8784608329999983,0,76666,42,16416375,487437
0,379,6.8955607910000012,0,84750,42,16893167,514961
0,380,6.9119773749999993,0,72375,42,16578125,515161
0,381,6.9288572079999966,0,75750,42,16870000,514961
0,382,6.9452379999999962,0,73375,41,16516334,515013
0,383,6.9621176659999975,0,68792,42,16848291,543839
0,384,6.9784612910000021,0,76000,41,16345833,542485
0,385,6.99511725,0,75333,84,16597666,542485
0,386,7.0116980829999989,0,74000,41,16603667,515161
0,387,7.0284380410000011,0,72292,41,16783791,542485
0,388,7.0451019579999965,0,72042,0,16695292,542485
0,389,7.0620575000000017,0,71500,0,16795250,556247
0,390,7.0789472909999986,0,68500,41,16782833,542485
0,391,7.0950616659999994,0,74167,42,16302459,528723
0,392,7.1121768329999995,0,76833,41,17042375,544039
0,393,7.1287914159999985,0,75833,42,16618667,542485
0,394,7.1454317079999967,0,73834,0,16671167,542537
0,395,7.16175475,0,73042,0,16349250,528723
0,396,7.178593915999997,0,71833,0,16793625,528723
0,397,7.1953398750000019,0,74542,41,16690791,542485
0,398,7.2118137080000011,0,67125,125,16599166,542685
0,399,7.228461750000001,0,73625,125,16498584,542485
0,400,7.2456077909999976,0,73250,42,16602042,473675
0,401,7.2622253329999964,0,99750,0,16997709,433743
0,402,7.2784912079999984,0,78500,42,16472458,501199
0,403,7.2954934999999992,0,75500,42,16928875,556247
0,404,7.3119383330000005,0,81500,83,16564709,542685
0,405,7.3283309580000022,0,67750,42,16397750,542485
0,406,7.3450884999999957,0,68917,41,16793875,556299
0,407,7.361809416,0,65292,41,16697167,556247
0,408,7.3788071660000014,0,70625,83,16859208,556247
0,409,7.395120833,0,69541,0,16328500,514961
0,410,7.41178,0,74667,125,16695208,502753
0,411,7.4283662909999961,0,73084,41,16592416,528723
0,412,7.444976083,0,74875,42,16610959,514961
0,413,7.4616903749999963,0,72500,42,16697250,514961
0,414,7.478421124999997,0,78208,41,16676042,514961
0,415,7.495124083,0,78833,42,16711042,501199
0,416,7.5118800409999977,0,78625,83,16773958,515161
0,417,7.5283642499999956,0,74416,0,16496916,528723
0,418,7.5453187079999964,0,73208,41,16904042,556299
0,419,7.5619386249999963,0,71000,0,16692667,543839
0,420,7.5789065000000022,0,66208,42,16748375,542485
0,421,7.595555540999996,0,72667,0,16702833,528723
0,422,7.6117826659999963,0,77042,0,16325167,501399
0,423,7.6284362079999966,0,73125,42,16695084,542485
0,424,7.64547675,0,73667,42,16981125,556247
0,425,7.661832083,0,71333,42,16416291,542485
0,426,7.678941791,0,68083,41,16839709,528723
0,427,7.6951257910000024,0,75750,42,16343167,514961
0,428,7.7120783330000009,0,80916,42,16899041,530277
0,429,7.728410083,0,72916,0,16492542,542485
0,430,7.7451760829999969,0,70458,0,16695667,542537
0,431,7.7617587080000021,0,73583,41,16598333,501199
0,432,7.7784759999999977,0,80459,42,16689958,528723
0,433,7.7957265000000007,0,78000,42,17105000,528723
0,434,7.812097666,0,77958,42,16493917,528923
0,435,7.8287456249999963,0,69750,42,16480833,501199
0,436,7.8455015830000008,0,84791,42,16697208,487437
0,437,7.8617396659999983,0,73666,0,16496875,516315
0,438,7.878555958,0,72250,42,16797583,556247
0,439,7.8951339159999989,0,75583,0,16586208,542485
0,440,7.9123013749999984,0,65292,42,17009750,528923
0,441,7.928710875,0,75166,0,16381875,514961
0,442,7.9450681659999987,0,75792,0,16502958,515013
0,443,7.9617049160000022,0,73250,42,16687500,542485
0,444,7.9784286249999994,0,75208,42,16696750,556247
0,445,7.9953651659999991,0,69000,41,16791875,556247
0,446,8.0118789579999969,0,68833,42,16598708,530277
0,447,8.0285438749999969,0,72375,42,16591875,501199
0,448,8.0450551249999975,0,77083,41,16596042,528723
0,449,8.0618337080000018,0,81042,0,16793583,556247
0,450,8.0787643749999987,0,70084,0,16836875,556247
0,451,8.095057583,0,69291,42,16344583,542485
0,452,8.1121888329999976,0,72666,0,16988208,556447
0,453,8.1290731249999979,0,73084,42,16684959,501199
0,454,8.145423416,0,79500,42,16521084,528775
0,455,8.1621047080000011,0,70625,0,16774875,530077
0,456,8.178505666,0,72208,42,16508833,542485
0,457,8.1951344160000019,0,67459,42,16493083,528723
0,458,8.211939375,0,76000,42,16798209,487637
0,459,8.2284288749999988,0,74458,41,16488334,528723
0,460,8.2454274999999981,0,80750,42,17030542,556247
0,461,8.2617173749999964,0,76791,42,16357083,542485
0,462,8.2784447499999985,0,74542,0,16805459,556247
0,463,8.2954442910000026,0,61667,0,16699584,542485
0,464,8.3121532910000013,0,72458,42,16813042,530277
0,465,8.328472458,0,70667,41,16373667,514961
0,466,8.3450990409999974,0,73209,0,16693417,542537
0,467,8.3618219159999967,0,64166,0,16694625,556247
0,468,8.3782918329999987,0,68792,125,16495791,542525
0,469,8.3950642499999972,0,68000,0,16685000,556247
0,470,8.4123490830000023,0,74541,41,17077917,515161
0,471,8.4283600830000012,0,83000,83,16213208,501199
0,472,8.4454742909999965,0,75084,42,16912958,528723
0,473,8.461680666,0,73250,42,16395375,516315
0,474,8.4787846659999957,0,69041,0,17032250,542485
0,475,8.4951461659999978,0,73708,42,16438750,542485
0,476,8.5116473750000026,0,67625,41,16595792,542685
0,477,8.528433,0,65375,42,16707083,556247
0,478,8.5454892499999957,0,70833,41,16936750,556299
0,479,8.5618937909999957,0,80833,42,16448167,514961
0,480,8.5787789580000009,0,68667,84,16833375,542485
0,481,8.5951142500000017,0,71208,42,16361708,514961
0,482,8.6120844579999982,0,74375,42,17015750,544039
0,483,8.6287270830000011,0,71166,41,16477583,542485
0,484,8.645492707999999,0,71541,42,16829792,501199
0,485,8.662284958,0,74792,41,16728125,542485
0,486,8.678889790999996,0,81708,125,16431667,514961
0,487,8.6955077909999972,0,76500,41,16674416,528723
0,488,8.7118304580000014,0,74958,41,16492459,515161
0,489,8.728312791,0,73875,42,16598333,542485
0,490,8.7450838330000025,0,71916,125,16792875,556299
0,491,8.7617739160000028,0,64750,42,16689708,543839
0,492,8.7783338329999978,0,66417,42,16499083,542485
0,493,8.7952389160000024,0,72333,42,16792125,542485
0,494,8.8121944999999968,0,74708,83,16882833,542685
0,495,8.828337083000001,0,75292,41,16314584,528723
0,496,8.8451731250000023,0,75041,0,16808209,542485
0,497,8.8618689159999988,0,76375,42,16679416,542485
0,498,8.8784171659999984,0,72834,42,16593167,542485
0,499,8.895251791,0,71209,42,16796250,556247
0,500,8.911764333,0,63500,125,16498333,544039
0,501,8.9284509579999991,0,77292,0,16687542,542485
0,502,8.9481566660000027,0,70625,0,16590625,515013
0,503,8.9625622909999976,0,68333,0,17254042,129625
0,504,8.987838165999996,0,76875,0,25055416,129625
0,505,8.9949985829999974,0,104875,42,7588167,184673
0,506,9.0121744579999969,0,77125,42,17121458,515161
0,507,9.028732333,0,73625,0,16469083,528723
0,508,9.0450973330000011,0,71875,0,16481084,528723
0,509,9.0618535830000013,0,77541,41,16795500,516315
0,510,9.0784269580000014,0,68791,41,16599458,542485
0,511,9.09543,0,73667,42,16788500,556247
0,512,9.1118917909999979,0,72584,0,16607000,542685
0,513,9.1283702499999961,0,72958,84,16485625,542485
0,514,9.1452396250000021,0,75542,42,16798000,487489
0,515,9.1618638329999982,0,79209,42,16686375,514961
0,516,9.1784115410000027,0,78042,0,16593959,542485
0,517,9.1953605829999958,0,69417,0,16802708,556247
0,518,9.2119182909999964,0,71791,0,16590875,530277
0,519,9.2284650829999961,0,70417,42,16594792,528723
0,520,9.245433958,0,76917,42,16792834,542485
0,521,9.2617587080000021,0,73083,42,16499791,528723
0,522,9.278888625,0,80042,41,16948000,528723
0,523,9.2953194580000016,0,74584,42,16440583,487437
0,524,9.3122199999999964,0,77875,42,16904916,515161
0,525,9.3284969999999987,0,85542,42,16375250,514961
0,526,9.345106416,0,82542,42,16616417,473727
0,527,9.36184625,0,79041,41,16778375,543839
0,528,9.378634333,0,71791,42,16688042,542485
0,529,9.3950373329999977,0,73584,41,16500292,542485
0,530,9.4117047499999984,0,67875,42,16693167,556447
0,531,9.4284004579999987,0,68375,41,16696541,556247
0,532,9.445549958,0,69542,0,16894541,556247
0,533,9.461696541000002,0,66292,42,16296833,473675
0,534,9.478946041,0,79958,41,16886292,519189
0,535,9.495212666,0,76791,0,16494958,501199
0,536,9.5125399579999979,0,72000,42,17192417,530277
0,537,9.5284492500000013,0,85000,0,16112792,459913
0,538,9.5454307910000011,0,77667,0,16884125,528775
0,539,9.561827541,0,80291,42,16587334,542485
0,540,9.5783265000000029,0,72250,42,16495125,542485
0,541,9.5951352080000021,0,71209,42,16798750,556247
0,542,9.612107875,0,67334,42,16853417,556447
0,543,9.6283685,0,68292,41,16435916,542485
0,544,9.6456155830000014,0,62000,125,16801167,556247
0,545,9.6617786659999965,0,80125,41,16487291,502553
0,546,9.6785544159999972,0,74375,41,16697834,542485
0,547,9.6955845000000025,0,76667,84,16797125,542485
0,548,9.711912415999997,0,80792,42,16587000,528923
0,549,9.7287393749999964,0,72875,42,16842917,542485
0,550,9.7454456250000021,0,71709,41,16710833,542537
0,551,9.761820375,0,68875,167,16438333,542485
0,552,9.7783504579999985,0,68041,0,16493917,542485
0,553,9.7955630829999976,0,71792,42,17108542,556247
0,554,9.8122618749999972,0,78416,42,16674792,516515
0,555,9.82835575,0,76583,42,16194833,487437
0,556,9.8452705830000014,0,78667,83,16900083,556247
0,557,9.861782708,0,70167,42,16593375,542485
0,558,9.8786114580000017,0,70000,0,16701583,556247
0,559,9.895403666,0,72625,42,16596958,514961
0,560,9.912208,0,83208,42,16956167,501399
0,561,9.928427833,0,75541,0,16323791,501199
0,562,9.9452434999999966,0,72166,125,16793667,556299
0,563,9.9620430000000013,0,65375,0,16745542,543839
0,564,9.9788022500000011,0,66167,42,16549375,542485
0,565,9.995475833,0,76500,0,16709500,514961
0,566,10.012234665999998,0,75417,42,16753791,528923
0,567,10.028750625,0,73709,41,16516041,528723
0,568,10.045067250000002,0,70375,0,16596542,542485
0,569,10.061790625,0,68333,0,16691042,556247
0,570,10.078835165999998,0,65709,83,16877625,528723
0,571,10.095569916000002,0,78250,41,16516625,514961
0,572,10.112380082999998,0,76875,0,16927708,475229
0,573,10.128795249999996,0,81583,125,16570750,528723
0,574,10.145304916,0,79000,83,16485875,542537
0,575,10.161704,0,73083,42,16497875,542485
0,576,10.178422665999996,0,69250,42,16588250,528723
0,577,10.195217415999998,0,79334,41,16794333,528723
0,578,10.212259707999998,0,75209,42,16878167,515161
0,579,10.228802166000001,0,74375,42,16668417,528723
0,580,10.245283291,0,77209,42,16431042,514961
0,581,10.262250582999997,0,73625,42,17031000,516315
0,582,10.278336832999997,0,71250,0,16161375,528723
0,583,10.295178874999998,0,75667,0,16798084,556247
0,584,10.311863875,0,71916,42,16690542,542685
0,585,10.328786375,0,75583,41,16843375,528723
0,586,10.345515374999998,0,76541,42,16656916,473727
0,587,10.361851915999999,0,78584,42,16381750,501199
0,588,10.378393457999998,0,75291,0,16609250,487437
0,589,10.395572457999997,0,73083,42,16974208,556247
0,590,10.412114500000001,0,74166,41,16648167,502753
0,591,10.428575791,0,72791,42,16647333,542485
0,592,10.445018624999996,0,64125,292,16397625,542485
0,593,10.461839290999997,0,73791,42,16687250,528723
0,594,10.479058957999996,0,77667,42,16818042,514961
0,595,10.495365665999998,0,83000,125,16570583,501199
0,596,10.512116665999997,0,76500,41,16909542,528923
0,597,10.528560124999998,0,71750,42,16487125,542485
0,598,10.544959499999997,0,68625,83,16491583,542537
0,599,10.562358040999996,0,66083,0,17010584,543839
0,600,10.578816916000001,0,75333,125,16626167,501199
0,601,10.595291916,0,75875,42,16437584,514961
0,602,10.612109375000003,0,78209,0,16867542,515161
0,603,10.628401083,0,76042,41,16328667,514961
0,604,10.645166666000001,0,81750,42,16799375,528723
0,605,10.661811874999998,0,72417,41,16692084,542485
0,606,10.678551749999997,0,71042,42,16690625,556247
0,607,10.695087166,0,67417,42,16498125,542485
0,608,10.712014541000002,0,71666,42,16596083,523247
0,609,10.728405166000002,0,76667,42,16695625,521991
0,610,10.745473040999997,0,75417,41,16981125,542537
0,611,10.761981665999997,0,73334,41,16643125,542485
0,612,10.778425333000001,0,62916,42,16464209,542485
0,613,10.795551750000001,0,67916,0,16932583,542485
0,614,10.812125416,0,84125,41,16630500,515161
0,615,10.828529750000001,0,77667,42,16409083,528723
0,616,10.845567916,0,74250,41,17008917,542485
0,617,10.862226624999998,0,74166,42,16385583,495523
0,618,10.878845540999997,0,74750,0,16890667,521991
0,619,10.895418415999998,0,78250,41,16401875,501199
0,620,10.911888624999996,0,97042,0,16696000,473875
0,621,10.928359,0,76250,42,16489750,528723
0,622,10.945543457999996,0,74375,0,17044250,501251
0,623,10.961856832999999,0,77917,42,16336750,473675
0,624,10.979373625000001,0,93708,42,17193541,446151
0,625,10.995569832999998,0,95083,42,16429375,459913
0,626,11.012597,0,77000,41,16721291,518169
0,627,11.028386583,0,76042,0,16233209,494467
0,628,11.045636457999997,0,79250,42,16976083,487437
0,629,11.061904790999996,0,76833,0,16513000,487437
0,630,11.078919040999999,0,76292,42,16940916,514961
0,631,11.095549415999997,0,79541,42,16616208,514961
0,632,11.111783082999999,0,75416,42,16317708,501399
0,633,11.128831083000001,0,77542,42,16922166,501199
0,634,11.145147625,0,77834,42,16371750,501251
0,635,11.162793790999999,0,76334,42,17262833,523047
0,636,11.178380916000002,0,129292,667,16028542,501545
0,637,11.195352166,0,75167,0,16788500,528723
0,638,11.212263458000002,0,82375,42,16714375,487637
0,639,11.228871749999996,0,79458,125,16932375,473675
0,640,11.245517208000003,0,75291,0,16587500,528723
0,641,11.262159290999996,0,75875,42,16453667,487437
0,642,11.2787595,0,72208,42,16686541,514961
0,643,11.295381999999996,0,71208,41,16765750,542485
0,644,11.312549875000002,0,62458,41,16913291,550771
0,645,11.328914458,0,70833,83,16309417,529069
0,646,11.345736375000001,0,73250,0,16778125,501251
0,647,11.362243665999998,0,83958,0,16664500,446151
0,648,11.378374625,0,73916,41,16341375,473715
0,649,11.395105457999996,0,74625,42,16691167,514961
0,650,11.411926958000002,0,76917,41,16694333,515161
0,651,11.428434666000001,0,90458,42,16607250,501199
0,652,11.445524374999998,0,78584,42,17036292,501199
0,653,11.462321875,0,77584,0,16355250,487437
0,654,11.478303875000002,0,75375,42,16575042,530077
0,655,11.495120708000002,0,66292,42,16801375,556247
0,656,11.511850125000002,0,69000,0,16687208,542685
0,657,11.528767416,0,69209,83,16699875,528723
0,658,11.54522025,0,79375,42,16587458,528775
0,659,11.562027708000002,0,74042,41,16706292,528723
0,660,11.578757625000001,0,76667,42,16693625,514961
0,661,11.595182125000001,0,70041,83,16509959,514961
0,662,11.612554791,0,73500,42,16795459,487637
0,663,11.628851458,0,79042,41,16790541,475029
0,664,11.645514249999998,0,76625,42,16799292,501199
0,665,11.662093415999998,0,75291,84,16372750,501199
0,666,11.678860999999998,0,77958,41,16896958,514961
0,667,11.695302540999997,0,78084,42,16401583,487437
0,668,11.711992457999997,0,77292,84,16687292,515161
0,669,11.728278291000002,0,73333,0,16490542,542485
0,670,11.745109624999998,0,68666,0,16807542,556299
0,671,11.762552125,0,68458,42,16707625,528723
0,672,11.778824375,0,71709,0,16666958,516315
0,673,11.795748875000001,0,82584,0,16798042,528723
0,674,11.812322000000002,0,82792,42,16795584,515161
0,675,11.828820874999998,0,80750,84,16532292,514961
0,676,11.845137416,0,80334,42,16363709,487437
0,677,11.862268583000002,0,76084,0,17051792,501199
0,678,11.878560790999998,0,74833,42,16330208,487437
0,679,11.895126124999997,0,83834,42,16584959,446151
0,680,11.911753290999997,0,75958,42,16613167,487637
0,681,11.928503833,0,80541,125,16777542,461267
0,682,11.945080290999996,0,79666,0,16601500,487489
0,683,11.961694791,0,79334,42,16689666,542485
0,684,11.978437041,0,69458,42,16704250,556247
0,685,11.995716041000001,0,66208,42,17077500,542485
0,686,12.012153833,0,77542,42,16299208,487637
0,687,12.028894790999999,0,77959,0,16894958,501199
0,688,12.045116375,0,77583,41,16315958,487437
0,689,12.062185415999998,0,77208,42,16794917,487437
0,690,12.078874708,0,80084,41,16682958,475029
0,691,12.095521124999998,0,77667,42,16833125,487437
0,692,12.111940165999997,0,74750,42,16451042,542685
0,693,12.128330208000001,0,66333,42,16484500,542485
0,694,12.145053374999996,0,73708,0,16695667,542537
0,695,12.161834040999999,0,77708,42,16693417,528723
0,696,12.178754957999999,0,76000,42,16799250,528723
0,697,12.195128750000002,0,73709,42,16496834,514961
0,698,12.212282666,0,70792,83,17093125,528923
0,699,12.228800290999999,0,75125,0,16564833,502553
0,700,12.245380499999996,0,78125,0,16579500,542485
0,701,12.261711374999997,0,70417,42,16445667,542485
0,702,12.278390250000001,0,66250,0,16696417,556247
0,703,12.295292875000001,0,64750,125,16696792,542485
0,704,12.311857957999997,0,73916,41,16591500,528923
0,705,12.328800541,0,71958,41,16790875,542485
0,706,12.345517666,0,77958,42,16895083,501251
0,707,12.36215,0,78917,42,16578917,487437
0,708,12.378785583000003,0,74042,41,16664500,502553
0,709,12.395374541000002,0,75250,41,16590708,542485
0,710,12.411685915999996,0,65666,42,16450333,542685
0,711,12.428844957999999,0,66084,42,16912459,556247
0,712,12.445106332999998,0,81125,0,16389542,514961
0,713,12.462285082999998,0,74500,42,17064625,528723
0,714,12.478870915999998,0,79500,42,16406375,514961
0,715,12.495053583,0,75042,0,16408208,487437
0,716,12.511814291,0,76917,42,16775250,528923
0,717,12.528895833,0,77125,83,16989542,502553
0,718,12.545488708,0,80833,0,16606875,515013
0,719,12.562231750000002,0,78208,41,16623875,487437
0,720,12.578500749999996,0,81375,42,16466000,487437
0,721,12.595663166000001,0,73167,42,17096417,542485
0,722,12.611976124999998,0,70500,42,16483375,542685
0,723,12.628532624999998,0,63958,0,16396791,501199
0,724,12.645438665999997,0,80875,0,16879792,473675
0,725,12.662244874999999,0,74125,0,16752500,473675
0,726,12.678652624999998,0,82541,42,16559500,516315
0,727,12.695156040999997,0,77208,42,16491542,542485
0,728,12.712063,0,66583,83,16927041,556447
0,729,12.728516708,0,68500,42,16383042,514961
0,730,12.745124582999999,0,74875,42,16579208,515013
0,731,12.762226499999997,0,74625,42,17005875,514961
0,732,12.778371499999999,0,79375,42,16285792,473675
0,733,12.795690207999996,0,76875,41,17116375,501199
0,734,12.812184666,0,79042,41,16561291,460113
0,735,12.828708333000002,0,77334,83,16404958,172265
0,736,12.844933374999997,0,102500,42,16198708,129625
0,737,12.864517749999997,0,120000,83,19388834,74577
0,738,12.879106915999998,0,83709,0,14598334,363579
0,739,12.895447625000003,0,85417,42,16681750,514961
0,740,12.911803874999997,0,74583,42,16406459,515161
0,741,12.928868125000001,0,78542,41,16967583,501199
0,742,12.945553500000003,0,78667,41,16589792,473727
0,743,12.962129583,0,74583,42,16519167,487437
0,744,12.978513999999997,0,73209,42,16594833,461267
0,745,12.995616083000002,0,78750,41,16860000,501199
0,746,13.011756124999998,0,76041,42,16427416,501399
0,747,13.029004583000003,0,73083,42,16880167,556247
0,748,13.045160875,0,80541,42,16508083,528723
0,749,13.062489624999998,0,76834,42,17029459,528723
0,750,13.078963707999996,0,103125,42,16640625,487437
0,751,13.095580208000001,0,87875,42,16564792,473675
0,752,13.112115791,0,83417,416,16609375,528923
0,753,13.128395750000003,0,76625,42,16430917,530077
0,754,13.145128083000003,0,67084,166,16695584,556299
0,755,13.161785166000001,0,72875,42,16583375,528723
0,756,13.178407665999998,0,75750,42,16616125,514961
0,757,13.195654040999997,0,74208,41,17087209,528723
0,758,13.211803832999998,0,78750,0,16302167,501399
0,759,13.228609249999998,0,72208,42,16586041,514961
0,760,13.245171290999998,0,94625,42,16688708,487437
0,761,13.261883083,0,78334,42,16684666,473675
0,762,13.278444082999997,0,77250,42,16596417,475029
0,763,13.295512332999998,0,77209,42,17031084,528723
0,764,13.311692665999999,0,74750,41,16361792,528923
0,765,13.328385333,0,69375,42,16699292,556247
0,766,13.345367416000002,0,66375,42,16699375,542537
0,767,13.362134791000003,0,74709,84,16691958,501199
0,768,13.378766083000002,0,77375,41,16854917,514961
0,769,13.395203666,0,74666,41,16321292,501199
0,770,13.412122582999999,0,74791,42,16801667,501399
0,771,13.428742499999998,0,74792,0,16776125,502553
0,772,13.445070332999997,0,77834,0,16413208,501199
0,773,13.462108833000002,0,72583,0,17008042,556247
0,774,13.478364,0,69500,42,16382625,542485
0,775,13.49555075,0,67834,42,16962750,556247
0,776,13.511860540999997,0,73708,0,16325750,501399
0,777,13.528725416,0,76417,42,16871917,528723
0,778,13.545096291,0,78333,83,16411625,501251
0,779,13.561726082999996,0,81792,42,16621042,473675
0,780,13.578402791000002,0,76500,42,16668959,502553
0,781,13.595450041,0,75083,0,16955875,501199
0,782,13.611797332999998,0,76209,83,16433458,487637
0,783,13.628494166000003,0,75959,0,16702334,487437
0,784,13.645329500000003,0,76042,42,16852250,542485
0,785,13.661753916000002,0,70791,0,16428750,542485
0,786,13.678827124999998,0,72291,0,16944042,556247
0,787,13.695537416,0,76083,41,16644708,514961
0,788,13.712239124999996,0,76708,42,16745375,473875
0,789,13.728853833000002,0,75333,41,16523125,488791
0,790,13.745475165999999,0,76708,0,16779125,528775
0,791,13.761870332999997,0,71958,0,16252917,487437
0,792,13.778775707999998,0,101250,0,16956375,473675
0,793,13.795491790999996,0,78083,42,16692125,473675
0,794,13.811834458,0,77000,42,16413708,501399
0,795,13.828320333,0,75541,42,16593667,514961
0,796,13.845086832999996,0,71708,42,16790667,556247
0,797,13.861734333000001,0,67625,0,16602083,542485
0,798,13.878531125000002,0,68792,42,16689333,502553
0,799,13.895454375,0,76333,0,16895833,473675
0,800,13.911895874999999,0,75417,42,16394000,487637
0,801,13.928742708000001,0,82125,42,16886916,514961
0,802,13.945256207999996,0,76375,42,16503459,501251
0,803,13.961882500000002,0,74459,84,16597250,514961
0,804,13.978723000000002,0,84583,0,16865459,501199
0,805,13.995463999999998,0,78958,42,16678625,487437
0,806,14.012127083000003,0,77708,84,16710750,515161
0,807,14.028802540999997,0,74625,41,16625708,475029
0,808,14.045486707999999,0,75542,84,16691250,514961
0,809,14.062128999999999,0,72250,42,16514166,487437
0,810,14.078785375000002,0,75208,125,16789792,501199
0,811,14.095137082999997,0,74042,42,16308125,473675
0,812,14.112029458000002,0,80500,41,16861042,501399
0,813,14.128444832999996,0,74250,0,16599459,528723
0,814,14.145307000000003,0,76792,0,16901459,556299
0,815,14.162069000000002,0,66708,42,16494000,542485
0,816,14.178423125000002,0,76917,42,16489792,488791
0,817,14.195540125,0,76542,41,17001792,501199
0,818,14.211901290999997,0,75417,42,16406917,473875
0,819,14.228409249999999,0,77459,41,16574083,487437
0,820,14.245662541000002,0,77125,42,17091625,501199
0,821,14.262238083,0,81416,0,16400583,473675
0,822,14.278509041,0,78333,41,16596750,473675
0,823,14.295079666,0,79250,42,16504250,501199
0,824,14.312271541000001,0,79875,41,17143334,515161
0,825,14.328573583,0,92375,42,16346750,461267
0,826,14.345145000000002,0,81959,0,16573166,487489
0,827,14.362152041000002,0,73291,0,16908208,459913
0,828,14.378443290999996,0,79375,42,16391084,446191
0,829,14.395187708000002,0,74000,0,16703042,473675
0,830,14.412529833,0,80958,42,17149750,473875
0,831,14.42853625,0,90750,0,16236917,432389
0,832,14.445455666,0,76708,42,16699916,459913
0,833,14.461859333,0,81000,41,16589875,507613
0,834,14.478868083000002,0,76041,42,16974125,516315
0,835,14.495561582999997,0,76625,0,16625791,501199
0,836,14.511720957999998,0,80459,42,16284750,487637
0,837,14.528565708000002,0,73833,83,16775917,473675
0,838,14.545117916000002,0,81208,41,16609291,459965
0,839,14.561997124999998,0,80125,42,16905542,542485
0,840,14.578638499999997,0,73666,41,16626958,542485
0,841,14.595611124999998,0,70292,42,16543459,542485
0,842,14.612086415999997,0,69208,42,16708833,487637
0,843,14.628558665999996,0,74416,42,16569792,502553
0,844,14.645549832999997,0,75791,0,16990375,514961
0,845,14.662114957999997,0,81083,41,16555458,514961
0,846,14.678531290999999,0,74333,42,16441417,514961
0,847,14.695133374999997,0,75083,167,16588542,514961
0,848,14.712103665999997,0,72834,41,16820083,515161
0,849,14.728762750000001,0,74708,41,16737916,501199
0,850,14.745268750000001,0,80834,42,16431542,473727
0,851,14.762078207999998,0,85459,0,16789708,501199
0,852,14.77864925,0,74500,41,16616792,502553
0,853,14.795198915999997,0,77750,0,16592291,473675
0,854,14.812079416000003,0,77666,0,16786458,446351
0,855,14.828464500000003,0,76750,42,16502458,446151
0,856,14.845093083000002,0,82166,42,16676125,487437
0,857,14.862140707999998,0,74958,42,17121500,556247
0,858,14.878540625,0,71125,0,16421250,542485
0,859,14.89547125,0,67334,0,16562250,528723
0,860,14.911853665999999,0,76541,41,16574500,501399
0,861,14.928784540999999,0,77458,41,16868708,502553
0,862,14.945477957999998,0,78250,42,16523459,473727
0,863,14.962083374999999,0,83208,0,16827125,501199
0,864,14.978826916000003,0,75500,41,16751875,487437
0,865,14.995382749999997,0,76458,0,16525166,528723
0,866,15.012025874999999,0,72584,41,16662834,542685
0,867,15.028657457999998,0,69084,166,16690250,542485
0,868,15.0452455,0,72875,42,16427458,446151
0,869,15.062453540999996,0,78667,42,17179750,459913
0,870,15.078428832999997,0,79500,41,16089458,447505
0,871,15.095559416,0,80458,42,16995292,473675
0,872,15.11225375,0,77625,42,16728208,460113
0,873,15.128805499999999,0,79417,42,16606042,487437
0,874,15.145175832999996,0,75250,41,16449750,528775
0,875,15.162068916000003,0,66083,0,16779875,542485
0,876,15.178729165999997,0,68584,0,16721417,528723
0,877,15.195558333000001,0,80875,41,16497875,487437
0,878,15.211847583,0,81333,42,16598833,473875
0,879,15.228800374999999,0,78167,42,16858959,461267
0,880,15.245442916000002,0,77042,42,16658500,473675
0,881,15.262344790999997,0,79292,125,16914875,459913
0,882,15.278790375,0,76959,0,16420125,473675
0,883,15.295758249999999,0,80375,42,16956375,432389
0,884,15.312287290999997,0,83500,83,16512625,473875
0,885,15.328464249999996,0,80334,42,16322833,459913
0,886,15.345118583000001,0,74291,0,16597459,501251
0,887,15.361913791,0,80542,125,16704500,459913
0,888,15.378886166000001,0,79875,42,16996084,461267
0,889,15.395602625000002,0,80375,42,16702041,459913
0,890,15.412355833,0,80625,41,16479042,460113
0,891,15.428435416,0,83708,42,16480000,514961
0,892,15.445024750000002,0,73500,42,16591000,542485
0,893,15.461704499999996,0,69292,0,16614834,528723
0,894,15.478433207999998,0,74917,42,16694375,501199
0,895,15.495485625,0,76416,42,16998875,473675
0,896,15.511725249999998,0,77750,0,16300333,460113
0,897,15.528461,0,77333,42,16686833,461267
0,898,15.545411166000001,0,78625,42,16788917,459965
0,899,15.561665083000001,0,79500,0,16501250,473675
0,900,15.578742333000001,0,71667,42,16989583,556247
0,901,15.595357833000001,0,71500,42,16480625,542485
0,902,15.612125249999998,0,63958,42,16858666,528923
0,903,15.628394665999998,0,72792,42,16326208,501199
0,904,15.645442207999999,0,76334,41,16803292,514961
0,905,15.661810125000002,0,75917,0,16588542,473675
0,906,15.678912582999999,0,78833,0,16869083,475029
0,907,15.695219207999997,0,76958,41,16337375,446151
0,908,15.711883833000002,0,80750,41,16696708,432589
0,909,15.728380375,0,77583,42,16672834,473675
0,910,15.745055874999998,0,79000,42,16609708,473727
0,911,15.762126707999997,0,77667,83,17084125,528723
0,912,15.778616874999997,0,74959,41,16591125,542485
0,913,15.795113749999999,0,67500,83,16394583,528723
0,914,15.812134082999997,0,73292,42,17042667,501399
0,915,15.828727082999997,0,73125,42,16364750,475029
0,916,15.845583249999997,0,74458,42,16947875,501199
0,917,15.861740957999999,0,75375,42,16244041,487437
0,918,15.878563708000001,0,76666,42,16767667,501199
0,919,15.895406541,0,74000,42,16725750,473675
0,920,15.911772208000002,0,78666,125,16488375,460113
0,921,15.928511749999998,0,76583,42,16694334,459913
0,922,15.94557425,0,79959,41,17071542,487489
0,923,15.961936457999997,0,79792,0,16297167,459913
0,924,15.978457665999997,0,77459,42,16622583,447505
0,925,15.995481875000003,0,80292,42,16990417,514961
0,926,16.012067291,0,70292,42,16675042,542685
0,927,16.028262165999998,0,68583,0,16292458,528723
0,928,16.045099041,0,66000,42,16695375,514961
0,929,16.062137291,0,80416,42,16915791,501199
0,930,16.078729416,0,80958,42,16491708,487437
0,931,16.095322625,0,75458,0,16485917,473675
0,932,16.111816040999997,0,93000,0,16692416,460113
0,933,16.128738,0,79125,42,16803583,475029
0,934,16.145051832999997,0,78209,0,16486500,446203
0,935,16.162037624999996,0,77083,41,16955291,487437
0,936,16.178808083,0,73917,334,16675208,487437
0,937,16.195744208,0,77625,83,16842625,473675
0,938,16.212203083,0,90583,42,16620084,446351
0,939,16.228748250000002,0,86584,41,16514750,473675
0,940,16.245034375000003,0,72084,41,16357584,459913
0,941,16.261688833,0,82208,84,16700708,473675
0,942,16.278410375,0,74583,0,16672167,488791
0,943,16.295635541000003,0,80209,42,17100541,487437
0,944,16.311726833,0,78833,0,16209334,432589
0,945,16.328564625,0,77958,83,16775916,473675
0,946,16.34519075,0,73000,42,16697041,515013
0,947,16.362025291000002,0,71167,83,16912667,556247
0,948,16.378798166000003,0,66834,0,16709000,528723
0,949,16.395200333,0,73250,125,16279750,487437
0,950,16.412003333,0,78083,41,16892208,473875
0,951,16.428815,0,75334,41,16693375,488791
0,952,16.445419833000003,0,76375,42,16483375,459913
0,953,16.462080416,0,76333,41,16781708,459913
0,954,16.478723207999998,0,73708,42,16683333,501199
0,955,16.495524458,0,75084,0,16531666,473675
0,956,16.512316624999997,0,74250,0,16972250,473875
0,957,16.528494666,0,90375,83,16214958,459913
0,958,16.545541708000002,0,76917,0,17023625,473727
0,959,16.56202975,0,77459,42,16523583,459913
0,960,16.578757707999998,0,77042,0,16543166,447505
0,961,16.595461958,0,78417,0,16693917,446151
0,962,16.612253666,0,71709,83,16761000,460113
0,963,16.628499165999997,0,77000,0,16425042,459913
0,964,16.64500175,0,74000,0,16587750,446151
0,965,16.662041041000002,0,72417,42,16978791,473675
0,966,16.678849291,0,76459,0,16640458,473675
0,967,16.695143457999997,0,77500,0,16471208,432389
0,968,16.712390874999997,0,75000,42,17070166,473875
0,969,16.728956875,0,87167,83,16629042,461267
0,970,16.7456185,0,84875,42,16736250,459965
0,971,16.761873207999997,0,86875,0,16219041,487437
0,972,16.778700791,0,79167,0,16724584,501199
0,973,16.795068625,0,80458,0,16468209,473675
0,974,16.812142332999997,0,78542,42,17077833,473875
0,975,16.828765083,0,83792,41,16429000,459913
0,976,16.845021457999998,0,78708,84,16481458,432389
0,977,16.862092666000002,0,80084,42,16975083,459913
0,978,16.878911125000002,0,77500,42,16525834,433743
0,979,16.895685,0,91833,42,16981292,446151
0,980,16.911671790999996,0,79416,42,16197459,446351
0,981,16.928544957999996,0,73541,83,16780916,556247
0,982,16.946095333000002,0,72917,83,17502375,267245
0,983,16.962823666,0,144583,0,16552667,143439
0,984,16.98520825,0,76208,41,22324459,88339
0,985,16.995827749999997,0,84875,42,10705042,253483
0,986,17.011738457999996,0,83084,0,16102708,405145
0,987,17.028838458000003,0,83166,42,17050084,447505
0,988,17.045436457999998,0,78583,41,16440916,459913
0,989,17.062132083,0,78125,0,16782458,446151
0,990,17.078529957999997,0,79166,42,16405000,446151
0,991,17.09558475,0,82291,42,17059459,473675
0,992,17.1119085,0,75250,167,16330708,446351
0,993,17.128858583000003,0,78208,83,16818792,473675
0,994,17.145429666,0,78625,0,16752250,487437
0,995,17.162120166,0,77916,41,16714709,542537
0,996,17.178641,0,70875,84,16535875,516315
0,997,17.195474666000003,0,75958,41,16686875,542485
0,998,17.212112208,0,73625,41,16663250,487637
0,999,17.228846791000002,0,75000,41,16785542,501199
0,1000,17.245061041,0,76375,0,16198709,473675
0,1001,17.262072957999997,0,76834,41,16983250,459913
0,1002,17.278730416000002,0,78959,41,16487375,446151
0,1003,17.295183291,0,76209,0,16588416,446151
0,1004,17.312240375000002,0,83000,0,16876000,460113
0,1005,17.329089707999998,0,84000,42,16903000,433743
0,1006,17.345356416,0,83583,42,16441458,446151
0,1007,17.362044458,0,83209,0,16706792,542537
0,1008,17.378676041,0,74917,42,16674292,542525
0,1009,17.395508375,0,75209,84,16641083,487437
0,1010,17.41219125,0,82834,42,16593750,432589
0,1011,17.428377415999996,0,77541,42,16419375,459913
0,1012,17.445405666,0,79334,41,16890625,487437
0,1013,17.46207225,0,81833,42,16519292,473675
0,1014,17.478454415999998,0,80833,84,16575667,433743
0,1015,17.495511416,0,75333,42,17015042,487437
0,1016,17.511749958000003,0,76750,42,16296083,460113
0,1017,17.528968208000002,0,77958,42,16904166,446151
0,1018,17.545492375000002,0,81333,42,16721250,418627
0,1019,17.562125625,0,81042,83,16676000,446203
0,1020,17.578793415999996,0,79375,0,16668750,446151
0,1021,17.595461291,0,79916,0,16564584,501199
0,1022,17.612009999999998,0,74750,41,16717167,542685
0,1023,17.628774125,0,72459,125,16703084,516315
0,1024,17.645102457999997,0,83167,42,16373750,446151
0,1025,17.661825915999998,0,76167,42,16614208,459913
0,1026,17.678722915999998,0,79125,42,16791584,473675
0,1027,17.695563583000002,0,78334,0,16785958,473675
0,1028,17.711700999999998,0,79500,41,16405000,446351
0,1029,17.728806958,0,75417,0,16981000,459913
0,1030,17.745451250000002,0,78375,42,16651208,459913
0,1031,17.762190291000003,0,77417,42,16601000,446203
0,1032,17.778433790999998,0,77833,41,16431417,461267
0,1033,17.795385832999997,0,73250,42,16870541,542485
0,1034,17.8119765,0,69833,0,16716708,473875
0,1035,17.828828916,0,75667,0,16719417,487437
0,1036,17.845694666,0,88000,42,16576917,432389
0,1037,17.862123500000003,0,94291,0,16791375,473675
0,1038,17.879003666000003,0,78125,42,16775583,473675
0,1039,17.895177708,0,81916,41,16199875,446151
0,1040,17.911998541000003,0,81417,42,16714583,446351
0,1041,17.928740290999997,0,81333,0,16692250,447505
0,1042,17.945560416,0,77791,125,16905250,446151
0,1043,17.96211125,0,81334,0,16565958,446203
0,1044,17.978795624999997,0,78500,42,16719250,446151
0,1045,17.995184332999997,0,75916,42,16290791,459913
0,1046,18.012006833,0,80500,41,16936292,446351
0,1047,18.028783625000003,0,81375,41,16544916,446151
0,1048,18.045214291,0,82875,42,16594958,432389
0,1049,18.062175875,0,78292,41,16984958,473675
0,1050,18.078836916,0,78792,42,16650041,502553
0,1051,18.095305291000003,0,75583,41,16512709,528723
0,1052,18.111768374999997,0,68209,41,16517625,528923
0,1053,18.128517791,0,74042,42,16614209,473675
0,1054,18.145099332999997,0,79542,0,16669958,459913
0,1055,18.161712625,0,71000,41,16618542,459965
0,1056,18.178657708000003,0,76834,42,16675917,473675
0,1057,18.195657333,0,82416,0,17124042,473675
0,1058,18.212101208,0,80250,0,16281958,432589
0,1059,18.228853458000003,0,80209,42,16984208,447505
0,1060,18.245417625,0,75167,42,16484167,446151
0,1061,18.262058416000002,0,73000,42,16696459,459913
0,1062,18.278501208,0,78250,42,16411875,432389
0,1063,18.295435040999998,0,85416,0,16883750,446151
0,1064,18.3121795,0,78042,41,16828667,515161
0,1065,18.328614875,0,75334,0,16524542,528723
0,1066,18.345022999999998,0,66208,0,16420542,542485
0,1067,18.362085666,0,69584,41,16900375,487489
0,1068,18.378712625,0,77083,0,16495459,447505
0,1069,18.395497166,0,78000,42,16830166,473675
0,1070,18.411767333,0,81417,41,16364958,432589
0,1071,18.4287675,0,76125,42,16899000,473675
0,1072,18.445415957999998,0,76708,83,16682334,446151
0,1073,18.462031875,0,80750,42,16507333,446151
0,1074,18.478772041,0,77500,166,16819500,459913
0,1075,18.495188999999996,0,79834,84,16469125,446151
0,1076,18.512302040999998,0,78083,83,17100000,473875
0,1077,18.528498583,0,121000,41,16184833,433743
0,1078,18.545088790999998,0,75292,0,16699292,459913
0,1079,18.561818332999998,0,74541,83,16595125,459965
0,1080,18.578463708,0,81125,42,16686416,446151
0,1081,18.595295666,0,71791,42,16686375,446151
0,1082,18.612142624999997,0,77583,41,16987667,460113
0,1083,18.628792958,0,73500,42,16549125,446151
0,1084,18.64539275,0,81542,42,16649458,446151
0,1085,18.662031333,0,81916,125,16499709,446151
0,1086,18.678889124999998,0,77208,0,16965500,461267
0,1087,18.695536208,0,77959,42,16504417,459913
0,1088,18.712270791,0,77291,41,16870167,446351
0,1089,18.728875832999996,0,100417,0,16610958,446151
0,1090,18.745380208,0,78666,42,16612334,473675
0,1091,18.762120458,0,72167,41,16693917,528775
0,1092,18.778514916,0,71917,42,16413708,514961
0,1093,18.795507333000003,0,71000,0,16888166,514961
0,1094,18.812058874999998,0,73958,41,16560375,460113
0,1095,18.828787040999998,0,75750,41,16709958,461267
0,1096,18.845205,0,75750,0,16399958,446151
0,1097,18.862079166,0,76292,0,16881875,473675
0,1098,18.878730958,0,78125,42,16704333,473675
0,1099,18.895543041000003,0,81542,42,16694583,459913
0,1100,18.911973875,0,74792,41,16409250,460113
0,1101,18.928877375,0,76375,42,16987292,473675
0,1102,18.945462540999998,0,82000,42,16473333,446151
0,1103,18.962024833,0,79125,41,16531166,459965
0,1104,18.978841291000002,0,75500,42,16984833,447505
0,1105,18.995067415999998,0,77084,41,16210500,446151
0,1106,19.011954250000002,0,72417,166,16785625,473875
0,1107,19.028727333,0,73875,42,16865666,459913
0,1108,19.045509457999998,0,75667,42,16696542,446151
0,1109,19.062187125,0,81875,42,16547083,446151
0,1110,19.078912457999998,0,75667,42,16906250,446151
0,1111,19.095384957999997,0,81333,42,16427542,432389
0,1112,19.112060583,0,83334,0,16651542,446351
0,1113,19.128857458,0,81833,41,16798667,447505
0,1114,19.145398833,0,76542,0,16550292,459913
0,1115,19.162109875,0,84583,41,16698792,446203
0,1116,19.178549208,0,83375,42,16396709,459913
0,1117,19.195240415999997,0,81959,83,16685042,446151
0,1118,19.212249625,0,75917,83,17037959,460113
0,1119,19.228749333000003,0,86125,41,16576333,446151
0,1120,19.245520083000002,0,77791,42,16544125,446151
0,1121,19.262187165999997,0,85542,42,16808292,446151
0,1122,19.278844583,0,75250,41,16693291,461267
0,1123,19.295364540999998,0,79875,41,16313458,459913
0,1124,19.312222958,0,79750,41,17066125,460113
0,1125,19.329012125,0,79792,41,16633500,432389
0,1126,19.345258666,0,85917,0,16293916,418627
0,1127,19.362268208000003,0,77583,83,16966625,446203
0,1128,19.378986625000003,0,78125,0,16414792,432389
0,1129,19.395458249999997,0,87625,42,16807167,432389
0,1130,19.411742957999998,0,76459,42,16383416,446351
0,1131,19.428605750000003,0,76375,0,16771958,530077
0,1132,19.445308625000003,0,75791,41,16788833,528723
0,1133,19.462239666000002,0,78208,0,16794834,459913
0,1134,19.47897725,0,90250,42,16784958,486025
0,1135,19.495229166,0,78709,41,16130375,432389
0,1136,19.512267457999997,0,98000,0,16784667,432589
0,1137,19.528585166,0,82292,42,16599458,418627
0,1138,19.545167208000002,0,84583,42,16583959,432389
0,1139,19.562123,0,80458,41,16921291,432441
0,1140,19.578483833,0,74916,42,16481458,433653
0,1141,19.595610583000003,0,74125,42,16848750,446241
0,1142,19.611992333000003,0,80083,42,16522958,432589
0,1143,19.628843375000002,0,76041,0,16807458,459913
0,1144,19.645711708,0,78750,0,16966875,446151
0,1145,19.662029291000003,0,76875,42,16223750,432389
0,1146,19.678556833000002,0,73792,0,16574666,446151
0,1147,19.695539832999998,0,78625,42,16871333,446151
0,1148,19.711785874999997,0,76041,42,16432459,432589
0,1149,19.728797375,0,74917,41,17006458,447415
0,1150,19.745263708000003,0,75459,0,16365167,446241
0,1151,19.761787708,0,76459,42,16612250,432441
0,1152,19.778955208,0,85791,41,17031750,432389
0,1153,19.795536749999997,0,79500,0,16644292,432389
0,1154,19.811904791000003,0,83750,42,16530583,473875
0,1155,19.828796708,0,72959,166,16764708,501199
0,1156,19.845516791,0,72167,42,16759416,528723
0,1157,19.862163832999997,0,86166,42,16516125,432389
0,1158,19.878963499999998,0,87583,42,16813208,433653
0,1159,19.895080625,0,90417,83,16204000,446241
0,1160,19.911831166,0,76417,84,16889458,501399
0,1161,19.928338458,0,70042,42,16479584,542485
0,1162,19.945629166000003,0,71500,42,17085500,514961
0,1163,19.962299332999997,0,81958,41,16709375,473727
0,1164,19.978773458,0,81542,84,16488917,459913
0,1165,19.995548083000003,0,78333,0,16721083,459913
0,1166,20.012020708,0,77541,42,16378250,460113
0,1167,20.02887475,0,75917,42,16990334,447415
0,1168,20.045173791000003,0,83958,42,16200333,418717
0,1169,20.061761333,0,78042,41,16690708,432389
0,1170,20.078913915999998,0,83125,41,16894583,446151
0,1171,20.095523708,0,79334,42,16730500,432389
0,1172,20.112228541,0,87125,42,16777500,446351
0,1173,20.128803124999997,0,83500,0,16471042,432389
0,1174,20.145397957999997,0,75208,41,16700333,446151
0,1175,20.162178916000002,0,77333,42,16793125,446203
0,1176,20.178494999999998,0,80250,42,16198708,419891
0,1177,20.195397790999998,0,81875,42,16935500,446241
0,1178,20.212128,0,77209,0,16716333,432589
0,1179,20.228719833,0,82542,42,16619166,446151
0,1180,20.245227833,0,70041,42,16691666,528723
0,1181,20.261958958,0,65667,42,16642041,528723
0,1182,20.278976083000003,0,71167,42,16868083,487437
0,1183,20.295416541,0,78625,41,16479833,432389
0,1184,20.312156082999998,0,76000,41,16509375,432589
0,1185,20.328733790999998,0,78292,42,16834583,461177
0,1186,20.345485375000003,0,74292,41,16679500,460003
0,1187,20.362043749999998,0,81333,0,16464083,432441
0,1188,20.379065750000002,0,75000,0,17145000,446191
0,1189,20.395543166000003,0,79167,42,16468375,432389
0,1190,20.4120675,0,72333,42,16363125,446351
0,1191,20.428901041000003,0,79833,42,16982083,459913
0,1192,20.445099458,0,82917,42,16216459,432389
0,1193,20.461870165999997,0,77959,125,16695584,446151
0,1194,20.478557332999998,0,79250,125,16476000,426623
0,1195,20.495515916000002,0,78042,41,17126875,453271
0,1196,20.512024708,0,81667,0,16474291,432589
0,1197,20.528494375,0,81625,41,16591334,432389
0,1198,20.545698082999998,0,82541,42,16841750,446151
0,1199,20.562037083,0,96875,41,16537750,432441
0,1200,20.578838290999997,0,81250,41,16791167,446151
0,1201,20.595110833,0,84458,41,16407791,446151
0,1202,20.611994791,0,70000,0,16773208,446351
0,1203,20.628561875000003,0,73041,41,16512875,509195
0,1204,20.6453055,0,73709,459,16986042,535843
0,1205,20.662068333,0,72875,42,16496166,473675
0,1206,20.678881916,0,74416,41,16876584,432389
0,1207,20.695527415999997,0,81250,42,16686042,446151
0,1208,20.712120624999997,0,79583,42,16529583,446351
0,1209,20.728828833,0,77875,41,16889417,459913
0,1210,20.74565225,0,78417,41,16707833,446151
0,1211,20.762111375000003,0,85541,42,16381500,432441
0,1212,20.778840457999998,0,83167,0,16491666,440385
0,1213,20.795427333,0,78709,41,16903875,446587
0,1214,20.812086291,0,78333,42,16668833,460113
0,1215,20.828822707999997,0,80208,42,16793959,459913
0,1216,20.845685083,0,76542,42,16639500,446151
0,1217,20.861734041,0,78417,41,16270833,432389
0,1218,20.878848875000003,0,73459,41,17061125,459913
0,1219,20.895481458,0,77416,41,16598125,446151
0,1220,20.911767374999997,0,77333,42,16324333,460113
0,1221,20.929269875000003,0,76750,42,17097166,454147
0,1222,20.945488791000002,0,123292,84,16425959,439509
0,1223,20.962212082999997,0,76125,42,16866125,501251
0,1224,20.978745707999998,0,77083,0,16591625,501199
0,1225,20.995476416000002,0,72500,42,16702916,542485
0,1226,21.012058416000002,0,68583,41,16564167,460113
0,1227,21.028528875,0,76875,0,16416791,446151
0,1228,21.045291499999998,0,80750,42,16693500,459913
0,1229,21.061744165999997,0,74625,42,16589875,446151
0,1230,21.079555208000002,0,84875,41,17437000,467909
0,1231,21.095514041,0,108708,41,16086750,439509
0,1232,21.112014041000002,0,78167,208,16660417,446351
0,1233,21.128910958,0,76125,42,16883375,459913
0,1234,21.145437332999997,0,85958,83,16440875,446151
0,1235,21.162047708000003,0,73875,42,16670416,446203
0,1236,21.178800957999997,0,80583,125,16847833,446151
0,1237,21.19537125,0,75541,41,16459375,446151
0,1238,21.212012875,0,76000,41,16567333,446351
0,1239,21.228948457999998,0,77125,41,16582708,459913
0,1240,21.245554249999998,0,79500,125,17021750,461267
0,1241,21.262082708,0,76333,41,16553459,446151
0,1242,21.278517166,0,79041,0,16414583,459913
0,1243,21.295135375,0,77625,42,16600416,446151
0,1244,21.311978166000003,0,76083,42,16775792,460113
0,1245,21.328857540999998,0,79459,0,16944583,459913
0,1246,21.34502825,0,97959,41,16260042,432389
0,1247,21.362174000000003,0,78500,41,17090125,473727
0,1248,21.379363791000003,0,76583,42,16689417,446151
0,1249,21.397413958,0,86834,41,18328625,378695
0,1250,21.411503707999998,0,94209,0,14273084,129825
0,1251,21.42950125,0,86834,42,17749917,143387
0,1252,21.446202458000002,0,158625,42,16620167,47053
0,1253,21.462365499999997,0,86417,0,16395958,391103
0,1254,21.47874925,0,90125,42,16415417,432389
0,1255,21.495547791,0,83417,41,16781166,446151
0,1256,21.512051166,0,75916,42,16517125,446351
0,1257,21.529374791000002,0,79459,83,16881125,459913
0,1258,21.545054708000002,0,117042,41,16190917,419981
0,1259,21.562256541000004,0,77584,42,17090417,459965
0,1260,21.578499666,0,105583,42,16300708,446151
0,1261,21.595413416,0,79541,42,16698083,459913
0,1262,21.612244040999997,0,79625,83,17010083,460113
0,1263,21.628836624999998,0,78459,83,16587625,446151
0,1264,21.645705874999997,0,79417,41,16808416,446151
0,1265,21.662062916000004,0,80375,0,16262667,432389
0,1266,21.6787535,0,80250,42,16600750,432389
0,1267,21.695099415999998,0,77250,0,16599917,433743
0,1268,21.71215025,0,79209,83,17122083,473875
0,1269,21.728756875000002,0,71708,42,16431167,473675
0,1270,21.745458665999998,0,82333,41,16801708,446151
0,1271,21.762118916,0,76708,42,16601125,459965
0,1272,21.778948708,0,89459,41,16788917,446151
0,1273,21.795496458000002,0,78583,41,16308666,432389
0,1274,21.812112583,0,85375,42,16874833,432589
0,1275,21.829003083000003,0,80333,41,16894458,459913
0,1276,21.845680166,0,82334,42,16613125,433743
0,1277,21.862185500000002,0,82458,0,16405416,418627
0,1278,21.878696625000003,0,76875,0,16740708,487437
0,1279,21.895209916,0,77041,42,16556958,501199
0,1280,21.912031833,0,66875,42,16764916,528923
0,1281,21.928431000000003,0,77042,0,16394125,459913
0,1282,21.945350083,0,77708,125,16709625,459913
0,1283,21.96210525,0,80750,41,16919791,446203
0,1284,21.978807957999997,0,80333,41,16627459,459913
0,1285,21.995673957999998,0,78875,0,16783583,419981
0,1286,22.012114458,0,84541,41,16447625,432589
0,1287,22.028858915999997,0,78542,83,16850542,446151
0,1288,22.045532375,0,84916,125,16676000,446151
0,1289,22.061798916,0,82334,41,16247709,459913
0,1290,22.078583708000004,0,76834,42,16704458,446151
0,1291,22.095355625000003,0,81625,84,16832167,459913
0,1292,22.112271041,0,79375,41,16856291,460113
0,1293,22.128554,0,88917,42,16272375,446151
0,1294,22.145448457999997,0,90959,42,16834334,461267
0,1295,22.162120457999997,0,77792,41,16766875,459965
0,1296,22.178495875000003,0,81209,42,16390500,432389
0,1297,22.195454124999998,0,76333,42,16815041,459913
0,1298,22.212102291,0,74125,83,16657333,460113
0,1299,22.228954708000003,0,78625,42,16676792,432389
0,1300,22.245626583000004,0,88000,0,16915958,432389
0,1301,22.2620535,0,84750,0,16406666,432389
0,1302,22.278644458000002,0,74125,0,16657084,528723
0,1303,22.295417,0,66542,41,16723459,530077
0,1304,22.312136125000002,0,75666,250,16584292,473875
0,1305,22.328810875000002,0,79709,0,16675000,446151
0,1306,22.345525207999998,0,79125,41,16931333,473675
0,1307,22.362048332999997,0,76417,125,16483334,446203
0,1308,22.378572499999997,0,80541,42,16408292,432389
0,1309,22.395793666000003,0,80667,42,17143292,459913
0,1310,22.411962541,0,86291,84,16328291,446351
0,1311,22.428685833000003,0,78333,42,16712666,459913
0,1312,22.445387416000003,0,81541,0,16618333,433743
0,1313,22.461876875,0,80709,83,16478959,432389
0,1314,22.478731291000003,0,78500,0,16695000,432389
0,1315,22.495544832999997,0,78792,41,16899959,432389
0,1316,22.511829208,0,87833,42,16388375,432589
0,1317,22.528999916000004,0,93583,84,17118542,446151
0,1318,22.545453332999998,0,143250,0,16266125,432389
0,1319,22.561725416,0,84166,41,16594833,432441
0,1320,22.578759208,0,80667,42,16964708,459913
0,1321,22.595549,0,76416,42,16697917,447505
0,1322,22.612180625,0,85542,41,16661667,432589
0,1323,22.6285125,0,79000,0,16346250,432389
0,1324,22.645187790999998,0,82084,41,16600000,432389
0,1325,22.662437500000003,0,83750,42,17139083,446151
0,1326,22.678825291000003,0,93750,42,16550625,432389
0,1327,22.695809541000003,0,79500,41,16891292,432389
0,1328,22.712189916,0,83167,42,16453292,391303
0,1329,22.728840165999998,0,81292,83,16488417,432389
0,1330,22.745330582999998,0,82708,42,16652792,406219
0,1331,22.762383999999997,0,84167,42,16994083,459965
0,1332,22.778868916,0,80375,41,16343334,418627
0,1333,22.79530175,0,81792,41,16442209,432389
0,1334,22.81181375,0,82583,41,16687750,432589
0,1335,22.828900083,0,78500,84,17113625,446151
0,1336,22.845301458,0,78459,42,16466458,459913
0,1337,22.862093,0,73041,42,16808833,501199
0,1338,22.878839749999997,0,67541,0,16603000,501199
0,1339,22.895167207999997,0,81750,42,16283125,433743
0,1340,22.912227708000003,0,75750,0,17146833,446351
0,1341,22.928870916,0,82708,42,16557625,432389
0,1342,22.94548125,0,81875,0,16362459,432389
0,1343,22.96212725,0,82458,42,16796584,432441
0,1344,22.978984458,0,81375,42,16957125,446151
0,1345,22.995549040999997,0,80917,42,16362375,432389
0,1346,23.01212375,0,82417,42,16662041,432589
0,1347,23.028697875,0,80916,42,16507791,432389
0,1348,23.045340166000003,0,79125,42,16673708,447505
0,1349,23.062092790999998,0,77459,125,16920042,459913
0,1350,23.079084416,0,77500,42,16874875,446151
0,1351,23.095552040999998,0,82541,42,16491041,418627
0,1352,23.112027791000003,0,84083,42,16508917,418827
0,1353,23.129016915999998,0,82625,41,16940666,446151
0,1354,23.145020416,0,124583,84,16150875,432389
0,1355,23.162188291,0,74959,0,16873625,446203
0,1356,23.178874416,0,85875,0,16809333,432389
0,1357,23.195786540999997,0,78958,0,16837125,433743
0,1358,23.212059250000003,0,92500,42,16379167,432589
0,1359,23.228885165999998,0,78000,42,16846125,446151
0,1360,23.245505708000003,0,79083,83,16645458,446151
0,1361,23.261827916,0,82500,41,16269500,432389
0,1362,23.278815791,0,76209,42,17005000,446151
0,1363,23.295414708000003,0,77458,42,16384459,432389
0,1364,23.312230999999997,0,81125,42,16925333,446351
0,1365,23.328902,0,83667,41,16763292,446151
0,1366,23.345641082999997,0,83542,42,16676042,433743
0,1367,23.36175825,0,78458,83,16209709,432441
0,1368,23.378841916,0,78542,42,16998375,446191
0,1369,23.395456000000003,0,79500,41,16584708,459913
0,1370,23.412167791,0,81750,84,16786083,460113
0,1371,23.428695958,0,76541,42,16435083,446151
0,1372,23.445433207999997,0,76417,0,16796042,446151
0,1373,23.462008208,0,78708,42,16538083,446151
0,1374,23.478852957999997,0,80333,42,16812000,446151
0,1375,23.495488875,0,81209,83,16704833,433743
0,1376,23.512170625000003,0,72375,42,16685291,446351
0,1377,23.528885707999997,0,81250,125,16676875,446151
0,1378,23.545344583000002,0,76625,0,16497750,446151
0,1379,23.562082541000002,0,76875,42,16805666,487489
0,1380,23.5786,0,68666,83,16509125,514961
0,1381,23.595375583,0,67458,41,16681959,542485
0,1382,23.612061541000003,0,74917,41,16686250,446351
0,1383,23.628550291000003,0,84791,41,16393917,446151
0,1384,23.645413290999997,0,72500,166,16904583,461267
0,1385,23.66205875,0,76416,42,16571500,459913
0,1386,23.678867458,0,75458,42,16919458,459913
0,1387,23.695630416,0,89625,0,16697125,446151
0,1388,23.712053083,0,72750,0,16365083,446351
0,1389,23.728630457999998,0,75584,42,16650666,446151
0,1390,23.74505575,0,80084,0,16472666,432389
0,1391,23.762213416,0,72208,0,17086084,459965
0,1392,23.778719875,0,92208,42,16428791,446151
0,1393,23.795179583,0,74167,41,16470833,433743
0,1394,23.812199999999997,0,76875,42,17080250,460113
0,1395,23.828870082999998,0,79958,42,16719083,446151
0,1396,23.845289041,0,76541,41,16281833,432389
0,1397,23.862144125,0,73375,41,16759125,446151
0,1398,23.878683041000002,0,77708,42,16521959,446151
0,1399,23.895334624999997,0,82333,42,16782000,446151
0,1400,23.912231290999998,0,74417,42,16870791,446351
0,1401,23.928833583,0,82542,42,16700084,446151
0,1402,23.945383416,0,76083,41,16427500,419981
0,1403,23.962242583,0,83292,42,16925375,446203
0,1404,23.978661875,0,81958,0,16261167,418627
0,1405,23.995419875000003,0,81000,42,16905584,446151
0,1406,24.011791000000002,0,77584,42,16389916,446351
0,1407,24.028925666,0,76125,42,17134542,459913
0,1408,24.045472208,0,82792,41,16359750,432389
0,1409,24.061825166,0,76625,42,16486583,446151
0,1410,24.079080916000002,0,78833,42,17179916,446151
0,1411,24.095194874999997,0,82875,41,16106917,419981
0,1412,24.111795708000002,0,82625,42,16700292,432589
0,1413,24.128595875000002,0,78666,42,16689500,446151
0,1414,24.145334750000004,0,82917,41,16805417,459913
0,1415,24.161949999999997,0,77917,42,16488000,432441
0,1416,24.178604790999998,0,83875,41,16703875,459913
0,1417,24.195417958,0,82875,84,16889333,459913
0,1418,24.212344082999998,0,80375,42,16868083,460113
0,1419,24.229076166,0,83417,41,16696250,432389
0,1420,24.245407125,0,88125,42,16347250,433743
0,1421,24.262396332999998,0,81875,42,16856458,432389
0,1422,24.278964791,0,95708,0,16412334,418627
0,1423,24.29555575,0,103625,42,16878209,432389
0,1424,24.312553125,0,86042,41,16737167,432589
0,1425,24.328848208000004,0,113667,0,16523000,418627
0,1426,24.345469332999997,0,81000,0,16663625,432389
0,1427,24.362146582999998,0,80375,42,16654708,446203
0,1428,24.378828833,0,80708,42,16642208,459913
0,1429,24.395608208,0,82125,41,16739625,447505
0,1430,24.412380249999998,0,82375,42,16823416,432589
0,1431,24.428740208,0,82334,42,16165708,418627
0,1432,24.445129958000003,0,81833,41,16590584,432389
0,1433,24.462165875000004,0,76833,42,17083167,446151
0,1434,24.478642958000002,0,79625,42,16313625,432389
0,1435,24.495438958,0,82000,84,16817750,446151
0,1436,24.511823541,0,80583,42,16461250,432589
0,1437,24.528732208,0,77750,84,16810917,446151
0,1438,24.545334583,0,78417,0,16685791,461267
0,1439,24.56211975,0,81541,42,16794542,446203
0,1440,24.578796208,0,79750,83,16511084,432389
0,1441,24.59544175,0,82041,42,16669542,459913
0,1442,24.612026375,0,79042,41,16705500,460113
0,1443,24.628906833000002,0,80375,41,16865167,446151
0,1444,24.645390125,0,83041,83,16514208,446151
0,1445,24.662347040999997,0,81625,41,16852791,432389
0,1446,24.678791500000003,0,82875,42,16241041,418627
0,1447,24.695597333000002,0,78917,84,16922000,447505
0,1448,24.712187708000002,0,83916,42,16749667,432589
0,1449,24.728457499999998,0,79542,42,16291792,487437
0,1450,24.745180583,0,73167,0,16816125,542485
0,1451,24.762225708000003,0,70750,42,16948792,501251
0,1452,24.778768041,0,78708,42,16541875,459913
0,1453,24.795175,0,80042,42,16292875,432389
0,1454,24.812051250000003,0,81583,42,16937167,446351
0,1455,24.828835249999997,0,76167,83,16822500,459913
0,1456,24.845149166,0,95042,42,16225375,447505
0,1457,24.861976333,0,79834,84,16690250,446151
0,1458,24.878868250000004,0,78708,42,17005083,459913
0,1459,24.895872666000002,0,77583,41,16778666,432389
0,1460,24.912129666,0,104541,42,16429875,432589
0,1461,24.928692583,0,83042,167,16440958,418627
0,1462,24.945769124999998,0,81958,0,17221625,446151
0,1463,24.962201833,0,81833,42,16529959,446203
0,1464,24.978993250000002,0,78334,42,16708542,446151
0,1465,24.995469915999998,0,75625,42,16327875,447505
0,1466,25.011957541,0,74875,42,16502125,432589
0,1467,25.028976041,0,78000,0,17112291,473675
0,1468,25.045708625000003,0,122916,42,16700375,459913
0,1469,25.062355458,0,93041,83,16656209,446151
0,1470,25.078766125,0,114292,0,16487875,432389
0,1471,25.095481166,0,78375,83,16305791,446151
0,1472,25.11202375,0,108250,41,16884167,432589
0,1473,25.128910583,0,79708,42,16828000,418627
0,1474,25.145503958,0,83042,0,16668459,433743
0,1475,25.161735999999998,0,75417,42,16299750,487489
0,1476,25.178509083,0,72250,83,16818000,528723
0,1477,25.195284291,0,72417,0,16769083,473675
0,1478,25.212079333,0,68875,0,16617125,460113
0,1479,25.228639583000003,0,80875,42,16680125,446151
0,1480,25.245467124999998,0,78833,0,16701000,446151
0,1481,25.262085624999997,0,79709,42,16527917,446151
0,1482,25.278713125000003,0,78708,42,16564667,446151
0,1483,25.295544749999998,0,83875,0,17001209,433743
0,1484,25.312127000000004,0,77750,42,16584250,446351
0,1485,25.328738958000002,0,78792,42,16382958,446151
0,1486,25.345201333,0,78417,41,16596292,432389
0,1487,25.362215499999998,0,79125,125,17109792,446203
0,1488,25.378997290999997,0,75625,42,16671291,446151
0,1489,25.395556540999998,0,85209,42,16631667,446151
0,1490,25.412173791,0,76084,42,16671959,446351
0,1491,25.428677416,0,75333,42,16432750,432389
0,1492,25.445372790999997,0,81375,42,16687167,433743
0,1493,25.462079875,0,82292,42,16588375,446151
0,1494,25.478665790999997,0,77500,41,16699208,446151
0,1495,25.495140415999998,0,75084,42,16452666,446151
0,1496,25.512190916,0,76125,0,17060375,446351
0,1497,25.52883775,0,77959,42,16451459,418627
0,1498,25.545423915999997,0,81250,0,16645750,432389
0,1499,25.561969124999997,0,76334,42,16508667,446203
0,1500,25.578706291000003,0,79458,42,16915625,459913
0,1501,25.595211291,0,74417,42,16541709,502553
0,1502,25.611828291000002,0,75000,0,16753041,515161
0,1503,25.628661041,0,68416,42,16477375,473675
0,1504,25.645639416,0,73875,0,17072250,446151
0,1505,25.661875625,0,76833,42,16228334,446151
0,1506,25.678725,0,83834,42,16929875,459913
0,1507,25.695428291,0,79750,41,16622916,459913
0,1508,25.712059666000002,0,78334,125,16418833,432589
0,1509,25.728900291000002,0,84000,0,17108833,446151
0,1510,25.745537583,0,76750,83,16535125,433743
0,1511,25.762165832999997,0,79833,41,16694583,446203
0,1512,25.778714125,0,76417,41,16346208,432389
0,1513,25.795303666000002,0,76833,0,16749083,446151
0,1514,25.812226625,0,78375,42,16991208,446351
0,1515,25.828741082999997,0,79042,42,16236625,432389
0,1516,25.845561333,0,82959,84,17039250,446151
0,1517,25.862104958000003,0,79083,41,16378416,432389
1,1519,25.916278958,0,0,0,0,0
1,1520,25.917711333,4157667,17971292,42,22210167,154047
1,1521,25.934145583000003,0,53708,41,16559542,431943
1,1522,25.951085708,0,71208,83,16890625,445705
1,1523,25.96764675,0,77875,83,16587875,445757
1,1524,25.9842565,0,72000,41,16590916,445705
1,1525,26.000807291,0,74291,42,16503875,445705
1,1526,26.01743525,0,77209,0,16680500,445905
1,1527,26.034262374999997,0,76000,42,16797375,459467
1,1528,26.050359833,0,81542,0,15995875,199343
1,1529,26.067558958,0,85458,42,17012416,142941
1,1530,26.092474625,0,76792,42,24761834,101655
1,1531,26.101028999999997,0,78750,0,8903750,198189
1,1532,26.117632874999998,0,80041,42,16702708,431943
1,1533,26.134011041,0,72167,41,16395333,431943
1,1534,26.168622583,0,72875,0,16697084,445705
1,1535,26.170115083,3706625,17573291,42,19209000,148913
1,1536,26.186594041,0,60875,41,16576375,431995
1,1537,26.203647125000003,0,75958,167,16900583,447059
1,1538,26.219988583000003,0,75458,83,16562042,445905
1,1539,26.237052708,0,68583,0,16836834,459467
1,1540,26.253249000000004,0,75125,42,16371208,431943
1,1541,26.269835583000003,0,73667,208,16602084,445705
1,1542,26.287082666000003,0,77458,0,17014916,459467
1,1543,26.303326791000003,0,78833,0,16442666,445705
1,1544,26.320289000000002,0,69500,42,16961708,459667
1,1545,26.336951790999997,0,76292,0,16639625,445705
1,1546,26.353630208,0,76666,42,16680333,447059
1,1547,26.370288000000002,0,77292,42,16669291,459467
1,1548,26.386902333000002,0,76125,42,16452417,459559
1,1549,26.421182541,0,74333,41,16479125,431943
1,1550,26.422656375000003,3766458,17614875,41,19289375,149113
1,1551,26.439151457999998,0,58458,42,16609542,445705
1,1552,26.456028583,0,75000,125,16888833,459467
1,1553,26.472770416000003,0,73750,42,16701709,459467
1,1554,26.4897245,0,76458,42,16577625,439939
1,1555,26.506119625000004,0,71042,0,16809625,432579
1,1556,26.522828833,0,71209,84,16694666,459467
1,1557,26.539316041,0,73583,83,16491792,459467
1,1558,26.556190041,0,75042,0,16790417,445705
1,1559,26.572840665999998,0,74250,42,16696875,459519
1,1560,26.58955425,0,79792,0,16622500,459467
1,1561,26.605823958000002,0,74708,41,16370458,432143
1,1562,26.622649916,0,71750,83,16799833,445705
1,1563,26.639671166,0,80083,42,16675041,453701
1,1564,26.674362833000004,0,73125,42,16795750,452825
1,1565,26.675851125,3920792,17924000,42,19557125,148913
1,1566,26.692361083,0,54375,42,16441083,418181
1,1567,26.709193499999998,0,80208,41,16900584,432143
1,1568,26.725502041,0,83875,42,16387875,431943
1,1569,26.742266666,0,88000,41,16878000,486991
1,1570,26.758774291,0,68875,84,16514500,528277
1,1571,26.775720541,0,67250,83,16702500,500805
1,1572,26.792415708,0,85583,0,16797917,447059
1,1573,26.808852583000004,0,78916,42,16481625,445905
1,1574,26.825468791,0,81250,0,16584667,431943
1,1575,26.842310208,0,78625,41,16788500,445705
1,1576,26.859189541,0,89083,42,16910500,431943
1,1577,26.875400916000004,0,84083,42,16178708,418181
1,1578,26.892553708,0,79417,41,17090500,459467
1,1579,26.926651458000002,0,81833,41,16506459,432143
1,1580,26.928165874999998,3872375,17538584,41,19027250,148913
1,1581,26.944953333,0,53542,42,16866333,433297
1,1582,26.961043625000002,0,77042,41,16186500,445705
1,1583,26.977856457999998,0,74500,42,16798875,445757
1,1584,26.994487416,0,72750,42,16597583,459467
1,1585,27.011251833000003,0,74166,42,16803208,445905
1,1586,27.027767458,0,75500,41,16482125,445705
1,1587,27.044744041,0,71917,0,16992667,459467
1,1588,27.061075541,0,73250,41,16297958,431943
1,1589,27.078163083,0,71416,41,17095917,459467
1,1590,27.094566958,0,80583,0,16288458,405773
1,1591,27.111377958,0,81500,41,16893792,432143
1,1592,27.127748708,0,77084,41,16476375,486991
1,1593,27.144548583000002,0,71542,0,16798500,514515
1,1594,27.179122083000003,0,69416,42,16917625,514515
1,1595,27.180595166000003,3537000,17262292,0,18827500,148913
1,1596,27.196579915999997,0,58958,41,16162209,431995
1,1597,27.213657040999998,0,75917,42,17087958,459667
1,1598,27.230267791000003,0,74500,41,16595083,459467
1,1599,27.246972083000003,0,72125,41,16697791,433297
1,1600,27.263402291,0,78292,83,16490042,445705
1,1601,27.280037874999998,0,70625,42,16681250,445705
1,1602,27.296952833,0,69084,42,16816708,473229
1,1603,27.313415041,0,65750,42,16393167,432143
1,1604,27.330240500000002,0,74625,42,16895459,431943
1,1605,27.346777041000003,0,75958,42,16498625,418181
1,1606,27.363690750000004,0,77042,41,16882917,431943
1,1607,27.380507125,0,74833,41,16687791,431943
1,1608,27.414691916000002,0,101000,42,16310584,405825
1,1609,27.416436708,3746375,17539000,42,19435000,149113
1,1610,27.432708958,0,84125,41,16543833,418181
1,1611,27.449779790999997,0,75209,41,17097042,445705
1,1612,27.466581541000004,0,80500,42,16691250,431943
1,1613,27.482817666000003,0,86417,41,16317666,418181
1,1614,27.499450041000003,0,76292,41,16574666,431943
1,1615,27.516126041,0,77250,125,16675833,432143
1,1616,27.533252583,0,78500,84,17008958,459467
1,1617,27.549573291,0,90000,41,16492334,433297
1,1618,27.566126791000002,0,74000,42,16490791,431943
1,1619,27.582676874999997,0,83958,42,16596958,418233
1,1620,27.599601291,0,71542,0,16895250,445705
1,1621,27.616351457999997,0,76042,0,16807792,432143
1,1622,27.633089499999997,0,80500,42,16674625,459467
1,1623,27.667528333,0,72083,0,16502833,431943
1,1624,27.668973875,3872042,17718834,83,19323959,148913
1,1625,27.685703875,0,53250,83,16767625,431943
1,1626,27.702181541,0,74209,0,16488708,419535
1,1627,27.718886165999997,0,73791,41,16707541,445905
1,1628,27.73573775,0,75834,83,16887333,445705
1,1629,27.752025166000003,0,73250,0,16367500,473229
1,1630,27.768935083000002,0,67167,42,16901708,542039
1,1631,27.785275583,0,67792,42,16309083,487043
1,1632,27.802057500000004,0,67958,42,16687334,459467
1,1633,27.818649458000003,0,69041,125,16612375,432143
1,1634,27.835645874999997,0,73667,0,16986583,459467
1,1635,27.852348749999997,0,80625,41,16698167,454284
1,1636,27.869053333000004,0,82625,84,16694916,445705
1,1637,27.885646708000003,0,73209,41,16589542,445705
1,1638,27.920209958,0,73083,0,16797750,445705
1,1639,27.921653540999998,3745084,17475167,42,19102750,149113
1,1640,27.938003916,0,55083,42,16385542,431943
1,1641,27.954846333,0,72792,125,16884208,445705
1,1642,27.971329083,0,70916,42,16493458,431943
1,1643,27.987759416000003,0,75500,42,16487333,445757
1,1644,28.004523583,0,72459,42,16726500,472627
1,1645,28.021443374999997,0,69917,41,16965167,542239
1,1646,28.037971540999997,0,64959,0,16488916,473229
1,1647,28.054679874999998,0,68167,42,16613875,445705
1,1648,28.071624416,0,73000,41,16884459,445705
1,1649,28.088125666000003,0,83167,42,16590084,445705
1,1650,28.104764625,0,73959,0,16611334,445705
1,1651,28.121492041000003,0,77292,41,16691208,445905
1,1652,28.138164791,0,78084,42,16796209,445705
1,1653,28.17313825,0,67459,42,16594416,447059
1,1654,28.17466925,3745917,17997208,41,19645666,148913
1,1655,28.191060666,0,59125,41,16439833,431995
1,1656,28.207882500000004,0,75125,125,16894250,447049
1,1657,28.224467458,0,74500,41,16595625,445705
1,1658,28.240862208000003,0,68792,42,16384125,431943
1,1659,28.257709290999998,0,76375,125,16813042,431943
1,1660,28.274160708000004,0,76375,42,16476875,431943
1,1661,28.29111925,0,82041,42,16901916,459467
1,1662,28.307712166,0,78000,42,16689334,447259
1,1663,28.324099208,0,73500,83,16402500,431943
1,1664,28.340872124999997,0,71333,42,16678708,445705
1,1665,28.3578475,0,80625,41,17021417,445705
1,1666,28.374580207999998,0,75750,42,16680375,445705
1,1667,28.391122707999997,0,70750,42,16480667,445757
1,1668,28.42582025,0,80417,42,16807042,445905
1,1669,28.427363416,3733583,17648041,41,19329333,148913
1,1670,28.443688416,0,60375,42,16249292,412415
1,1671,28.460227500000002,0,70875,41,16808375,439063
1,1672,28.477009125000002,0,71166,41,16695375,445705
1,1673,28.493915708000003,0,78292,42,16884875,445705
1,1674,28.510339332999997,0,80041,42,16502917,432143
1,1675,28.527101291,0,77750,42,16795625,445705
1,1676,28.543709,0,72125,41,16594833,459467
1,1677,28.560176708,0,68500,41,16379750,445705
1,1678,28.577001125000002,0,76792,0,16891500,445705
1,1679,28.594076,0,68042,41,16591750,453753
1,1680,28.610342416,0,74083,0,16710583,432579
1,1681,28.626718708,0,74458,42,16393958,431943
1,1682,28.643850291,0,74625,42,17096458,473229
1,1683,28.677761832999998,0,74084,42,16373000,431943
1,1684,28.679216708,3717625,17246375,41,18855917,148913
1,1685,28.696070249999998,0,58000,0,16950750,445705
1,1686,28.712615583,0,69583,0,16482291,445905
1,1687,28.729155333,0,75500,0,16496792,445705
1,1688,28.745952833000004,0,117042,0,16885833,447059
1,1689,28.762541415999998,0,72709,41,16632417,445705
1,1690,28.779191333,0,78667,0,16571833,459467
1,1691,28.795977875,0,76000,41,16697667,445757
1,1692,28.812644374999998,0,80042,41,16793000,445905
1,1693,28.829026833,0,74625,42,16277125,431943
1,1694,28.84591725,0,96708,42,16893208,459467
1,1695,28.862516166,0,86375,41,16596875,445705
1,1696,28.879090083,0,77375,41,16596667,445705
1,1697,28.913472333,0,77709,41,16717333,433207
1,1698,28.914892207999998,3709792,17241708,166,19048875,149203
1,1699,28.931759540999998,0,58375,41,16910917,445705
1,1700,28.948286208,0,77833,42,16509917,431943
1,1701,28.964761041000003,0,76209,0,16500459,431943
1,1702,28.981665,0,80458,41,16889750,445705
1,1703,28.998150332999998,0,78166,42,16477042,445757
1,1704,29.014700875000003,0,73208,41,16616250,473429
1,1705,29.031553541,0,70917,0,16772792,459467
1,1706,29.048324833000002,0,79708,41,16793459,460821
1,1707,29.064786541000004,0,73000,42,16414333,459467
1,1708,29.081909375000002,0,74167,42,17087042,459467
1,1709,29.098520625,0,78416,41,16602291,418181
1,1710,29.115001749999998,0,74833,42,16377542,445905
1,1711,29.131515790999998,0,96416,42,16689292,445705
1,1712,29.165135874999997,0,74958,41,16795666,486991
1,1713,29.166274207999997,3672500,16746167,42,18058334,148913
1,1714,29.182973291000003,0,45917,42,16648584,528277
1,1715,29.199646041,0,72209,334,16494000,433349
1,1716,29.216502458,0,79375,0,16997459,459667
1,1717,29.232953625,0,70334,0,16293375,445705
1,1718,29.249618708,0,85250,42,16679167,431943
1,1719,29.266227125,0,85500,41,16616708,418181
1,1720,29.282935457999997,0,78375,42,16585125,418181
1,1721,29.299607875,0,91417,41,16694667,418181
1,1722,29.316807250000004,0,80125,42,17100625,432143
1,1723,29.333276583,0,108833,42,16577708,418181
1,1724,29.349728833,0,90250,0,16401250,405773
1,1725,29.366303375,0,112250,42,16689459,418181
1,1726,29.382876707999998,0,84500,41,16500958,418221
1,1727,29.418489875,0,79000,42,16894750,418233
1,1728,29.419956499999998,4244209,18429917,0,20171417,149113
1,1729,29.436794374999998,0,52667,42,16810208,418181
1,1730,29.453047916000003,0,81084,42,16297042,418181
1,1731,29.469766208000003,0,92209,41,16793083,456916
1,1732,29.486254791,0,76875,41,16500125,431943
1,1733,29.503026333,0,77458,0,16682209,433297
1,1734,29.519841999999997,0,77000,42,16906792,445905
1,1735,29.536567750000003,0,75417,41,16698000,431943
1,1736,29.553115,0,75750,41,16382166,418181
1,1737,29.570355874999997,0,93666,41,17092375,431943
1,1738,29.586522916,0,85500,83,16407167,404471
1,1739,29.603058291000004,0,80750,42,16486208,418181
1,1740,29.619735708,0,80333,42,16803125,418381
1,1741,29.636384125,0,73459,41,16580458,431943
1,1742,29.672180166000004,0,76542,42,16997667,433297
1,1743,29.673545833,3946459,18361208,41,20138083,148913
1,1744,29.690116875,0,54167,42,16457250,418181
1,1745,29.707004458,0,79542,0,16999250,445905
1,1746,29.723367041000003,0,87625,42,16386833,418181
1,1747,29.739867041000004,0,75500,42,16500875,431943
1,1748,29.756545166000002,0,75458,42,16691583,431943
1,1749,29.773550541,0,73000,41,16792625,445705
1,1750,29.789994208000003,0,72125,42,16599166,431995
1,1751,29.806984833,0,72708,83,16780875,419735
1,1752,29.823301708000002,0,98459,42,16495167,418181
1,1753,29.840008500000003,0,77292,41,16698250,431943
1,1754,29.856967375,0,77333,42,16793041,431943
1,1755,29.873285333000002,0,100625,0,16400458,418181
1,1756,29.890268457999998,0,77167,41,16981417,431943
1,1757,29.924421958,0,76667,41,16617500,445905
1,1758,29.925803332999994,3739875,17272542,42,18959958,148913
1,1759,29.942444874999996,0,52125,42,16713708,431943
1,1760,29.959142165999996,0,73667,83,16595750,433297
1,1761,29.975768082999995,0,84625,42,16694541,431943
1,1762,29.992189416000006,0,76375,42,16396750,445757
1,1763,30.008870332999994,0,76208,41,16588042,432143
1,1764,30.025616583000005,0,85875,42,16797166,445705
1,1765,30.042413625,0,90917,0,16899958,431943
1,1766,30.059145833000006,0,76875,42,16584291,445705
1,1767,30.075817458000007,0,77083,41,16708291,431943
1,1768,30.092505625000005,0,86584,42,16686125,459467
1,1769,30.108755750000004,0,76375,41,16278250,447259
1,1770,30.125779374999997,0,83875,0,17006916,445705
1,1771,30.142246250000003,0,72416,41,16378125,431943
1,1772,30.177630874999995,0,78209,83,17004708,459467
1,1773,30.179111541,3998791,18139750,84,19829375,148913
1,1774,30.195428874999994,0,59625,42,16394375,431995
1,1775,30.211976791,0,78750,42,16513916,445905
1,1776,30.228859165999996,0,72250,41,16957833,445705
1,1777,30.246240958000005,0,74000,500,16865709,445705
1,1778,30.262053874999996,0,106375,42,16289750,433297
1,1779,30.278905874999996,0,76333,42,16852333,459467
1,1780,30.295362708000003,0,73833,42,16353084,445705
1,1781,30.312069749999996,0,74208,42,16689667,459667
1,1782,30.328685416000003,0,71375,0,16668000,459467
1,1783,30.345497583,0,73041,41,16772333,445705
1,1784,30.362016291000007,0,79125,41,16549250,445705
1,1785,30.379103333000007,0,74792,0,17064709,459467
1,1786,30.395384541000002,0,72458,41,16210375,431995
1,1787,30.429511541,0,74625,42,16700667,419735
1,1788,30.430950166000006,3712875,17252833,0,18889958,148913
1,1789,30.447825833,0,56209,41,16999875,459467
1,1790,30.464286458000007,0,68208,42,16582458,473229
1,1791,30.480979416,0,61542,84,16693000,542039
1,1792,30.497879541000007,0,58959,42,16604875,486991
1,1793,30.514043750000003,0,73458,42,16343292,432143
1,1794,30.531011957999997,0,72708,0,16965166,459467
1,1795,30.547900040999995,0,72875,42,16575291,439939
1,1796,30.564107666,0,69541,0,16507375,452825
1,1797,30.580931374999995,0,69209,42,16787000,459467
1,1798,30.597572083000006,0,71875,41,16602291,445757
1,1799,30.614420958,0,73709,84,16895458,445905
1,1800,30.631107583000006,0,69875,41,16481500,431943
1,1801,30.666604707999998,0,84583,42,16908583,431943
1,1802,30.668041375000005,4247042,18460542,41,20040958,149463
1,1803,30.684595458000008,0,60709,42,16647375,404865
1,1804,30.70121775,0,75666,42,16591125,406219
1,1805,30.717711166000004,0,78167,42,16380542,432589
1,1806,30.734384083,0,104792,0,16804125,432389
1,1807,30.750923290999996,0,83791,0,16587416,446151
1,1808,30.767791582999994,0,75667,41,16897417,446151
1,1809,30.784581832999994,0,73917,0,16697834,446151
1,1810,30.800906916000006,0,79375,83,16297834,432441
1,1811,30.817603875000007,0,81375,42,16769833,446351
1,1812,30.834208582999995,0,77667,0,16518458,432389
1,1813,30.851292333000007,0,90792,41,17087917,433743
1,1814,30.867832583,0,85459,42,16598083,446151
1,1815,30.884621041000006,0,79833,41,16791792,446151
1,1816,30.918479291,0,81833,0,16192042,432389
1,1817,30.920037541000003,3786916,17278792,42,18992000,149113
1,1818,30.936767500000006,0,60958,42,16806709,445705
1,1819,30.953562207999997,0,79417,41,16677542,445705
1,1820,30.969890874999994,0,73833,83,16504042,431943
1,1821,30.986715291,0,73334,0,16792000,445705
1,1822,31.003235790999998,0,80791,41,16517042,448767
1,1823,31.020200707999994,0,75458,0,16979917,445905
1,1824,31.036089125000007,0,72166,83,15887084,170465
1,1825,31.053064624999994,0,85125,0,16891875,142941
1,1826,31.078294665999994,0,68583,0,24922041,87893
1,1827,31.087108583000006,0,82875,0,9070416,197989
1,1828,31.103631208,0,85125,42,16584959,418181
1,1829,31.120168749999994,0,76417,42,16620917,445905
1,1830,31.136987207999997,0,73541,0,16727000,459467
1,1831,31.171369916000007,0,75083,42,16346708,433297
1,1832,31.172812083,3902000,17877125,42,19435208,148913
1,1833,31.189382624999997,0,58375,42,16642292,431995
1,1834,31.206145749999994,0,72250,42,16811417,445905
1,1835,31.222995125,0,71875,41,16791209,445705
1,1836,31.239401458000007,0,74958,42,16496291,431943
1,1837,31.256105082999998,0,76083,41,16690166,445705
1,1838,31.272826291000005,0,71083,41,16699417,445705
1,1839,31.289385291000006,0,71917,42,16487833,445705
1,1840,31.306323624999994,0,73500,42,16993959,447259
1,1841,31.322617916000002,0,77500,41,16304708,445705
1,1842,31.339436582999998,0,75041,0,16792792,445705
1,1843,31.356055333000004,0,74167,42,16586792,445705
1,1844,31.372953208000002,0,75583,42,16895708,459467
1,1845,31.389550290999995,0,76292,42,16502375,445757
1,1846,31.423860041,0,78291,0,16594375,445905
1,1847,31.425462583,3803291,17537875,42,19162291,148913
1,1848,31.442121165999996,0,60959,42,16913375,445705
1,1849,31.458632041000005,0,75458,42,16506125,447059
1,1850,31.475146874999997,0,78500,0,16488125,459467
1,1851,31.491994041,0,70542,83,16787875,486991
1,1852,31.508534458000003,0,77500,166,16605000,445905
1,1853,31.525502250000006,0,88042,42,16895250,459467
1,1854,31.542203040999997,0,82125,41,16680875,431943
1,1855,31.558675374999996,0,87958,41,16408916,418181
1,1856,31.575369124999998,0,88000,42,16788208,445705
1,1857,31.592251041,0,85125,41,16783458,445757
1,1858,31.608799875000006,0,85667,42,16684959,502307
1,1859,31.625542291000006,0,75875,0,16697708,542039
1,1860,31.642088458000007,0,79208,0,16591916,500753
1,1861,31.67688525,0,73208,0,16714625,445705
1,1862,31.678237208000002,4006084,17754083,0,19302584,148913
1,1863,31.694805625000004,0,55625,41,16583959,431943
1,1864,31.711162375000004,0,83042,42,16386000,432143
1,1865,31.728036875000004,0,75292,42,16904084,445705
1,1866,31.745052208000008,0,77083,41,16793625,445705
1,1867,31.761469041,0,80417,0,16588167,405773
1,1868,31.777899249999994,0,77917,42,16395959,418181
1,1869,31.794478458000004,0,76041,41,16597958,431995
1,1870,31.811382749999996,0,74542,42,16976000,528477
1,1871,31.828040125000005,0,71125,42,16698333,542039
1,1872,31.844548250000006,0,72208,42,16413792,473229
1,1873,31.861313,0,94250,42,16779750,459467
1,1874,31.878112375000004,0,74334,0,16794000,473229
1,1875,31.894885082999995,0,74166,42,16610583,459467
1,1876,31.929159833000003,0,77917,84,16795167,447259
1,1877,31.930587457999994,3663959,17361916,83,18936667,148913
1,1878,31.946892457999997,0,54875,42,16434958,459467
1,1879,31.963401041,0,74792,41,16507792,459467
1,1880,31.980435625000002,0,68750,84,16995750,459467
1,1881,31.996977415999996,0,71709,42,16495042,445757
1,1882,32.013686457999995,0,75750,42,16688333,432143
1,1883,32.030350625,0,72792,42,16700958,445705
1,1884,32.046729290999991,0,78000,83,16385083,431943
1,1885,32.06382725,0,72292,42,17103792,460821
1,1886,32.080372416,0,70167,0,16593959,459467
1,1887,32.096903708,0,68542,41,16477291,473229
1,1888,32.113345833,0,67333,42,16492709,500953
1,1889,32.130236083,0,66542,42,16815125,500753
1,1890,32.164430208,0,68458,83,16489709,445705
1,1891,32.165877541,3783334,17502083,41,19016625,148913
1,1892,32.182848124999992,0,52542,83,17080125,473229
1,1893,32.199733249999994,0,76958,42,16398708,445757
1,1894,32.216276666,0,68250,42,16988709,447259
1,1895,32.232879666,0,101209,41,16198000,418181
1,1896,32.249308333,0,116458,0,16791667,431943
1,1897,32.26616349999999,0,98291,84,16789167,431943
1,1898,32.282780833000004,0,81292,41,16696417,418181
1,1899,32.299558707999992,0,81125,83,16682875,431943
1,1900,32.31591575,0,74125,125,16394750,418381
1,1901,32.332711040999996,0,84417,83,16816958,445705
1,1902,32.349841040999991,0,84625,166,16678375,431943
1,1903,32.365990666,0,80083,84,16595500,433297
1,1904,32.382474,0,74417,42,16471750,431983
1,1905,32.417625040999994,0,78041,42,16712291,445757
1,1906,32.419113333,4191834,18121250,42,19754625,149113
1,1907,32.435921457999996,0,61083,42,17034125,431943
1,1908,32.4523535,0,73708,41,16398292,431943
1,1909,32.468829208,0,72625,83,16479625,445705
1,1910,32.485712582999994,0,74417,42,16789167,418181
1,1911,32.502647416,0,76375,41,16915833,433207
1,1912,32.519082083,0,78667,0,16494084,418471
1,1913,32.535603249999994,0,73875,0,16600667,473229
1,1914,32.552304957999993,0,71500,42,16584292,431943
1,1915,32.569113082999991,0,75959,41,16873875,459467
1,1916,32.585771957999995,0,74875,83,16604584,431943
1,1917,32.602202041,0,76000,0,16394708,431995
1,1918,32.619326915999991,0,79083,42,17101917,459667
1,1919,32.635541165999996,0,77042,42,16305250,431943
1,1920,32.669380915999994,0,73500,0,16688375,433207
1,1921,32.670575040999992,3625875,17042041,0,18407041,148913
1,1922,32.687396291,0,47833,42,16785208,514605
1,1923,32.703937333,0,70792,84,16486291,528277
1,1924,32.720846374999994,0,66542,41,16780792,473429
1,1925,32.737736,0,80250,0,16934167,445705
1,1926,32.754143125,0,77666,42,16357167,431943
1,1927,32.770687708,0,111583,0,16593667,445705
1,1928,32.787645416000004,0,75000,42,16995750,445705
1,1929,32.804065291,0,77833,41,16237541,433259
1,1930,32.820981125,0,102000,83,17061416,459667
1,1931,32.83760174999999,0,76792,83,16583083,445795
1,1932,32.854121582999994,0,80709,42,16504791,431943
1,1933,32.871066958,0,134458,42,16886792,445705
1,1934,32.887602625,0,84333,42,16499042,418181
1,1935,32.921454666,0,77791,42,16479833,431943
1,1936,32.922916790999992,3716375,17193250,42,18855167,149113
1,1937,32.939866916,0,56125,42,17044250,445705
1,1938,32.956310833,0,71125,83,16395459,419445
1,1939,32.972970332999992,0,73250,0,16693459,432033
1,1940,32.989561916,0,73250,42,16596083,445705
1,1941,33.006022082999991,0,73459,42,16575667,473481
1,1942,33.022961083,0,65792,42,16894875,528277
1,1943,33.039659290999992,0,72917,42,16701750,542039
1,1944,33.056316499999994,0,67583,41,16601417,473229
1,1945,33.072727915999991,0,72625,42,16409125,445705
1,1946,33.089572207999993,0,72750,166,16783708,445705
1,1947,33.10643225,0,70250,41,16898625,447169
1,1948,33.122785624999992,0,73458,0,16292209,418271
1,1949,33.139514541,0,77000,41,16779583,459467
1,1950,33.174150999999995,0,70625,0,16899791,459467
1,1951,33.175634875,4042833,17437292,84,19047125,148913
1,1952,33.192115290999993,0,54584,42,16557250,431995
1,1953,33.208622041,0,73584,42,16593625,445905
1,1954,33.225133540999991,0,78041,83,16490875,445705
1,1955,33.241834499999996,0,78750,0,16694042,445705
1,1956,33.258682291,0,88750,83,16797458,446969
1,1957,33.275152124999991,0,86916,0,16494375,445795
1,1958,33.292166416,0,75750,0,16990375,445705
1,1959,33.308587875,0,77083,0,16376875,432143
1,1960,33.325292875,0,84250,42,16805459,445705
1,1961,33.342273041,0,70125,83,16889625,459467
1,1962,33.358670457999992,0,79500,0,16394166,431943
1,1963,33.375320665999993,0,78500,42,16688958,445705
1,1964,33.391997207999992,0,74083,0,16613500,445757
1,1965,33.425962958,0,78458,42,16575834,447169
1,1966,33.427393708,3811542,17185041,83,18715667,148913
1,1967,33.443914832999994,0,56333,41,16665625,445795
1,1968,33.460876708,0,75583,0,16914667,445705
1,1969,33.477538999999993,0,71125,41,16693958,445705
1,1970,33.494090625,0,71500,0,16492750,445705
1,1971,33.510667666,0,72666,0,16597458,445905
1,1972,33.527646665999995,0,75209,0,16986583,445705
1,1973,33.544243083,0,74083,41,16600458,445705
1,1974,33.560563958,0,72166,42,16298500,433207
1,1975,33.577302790999994,0,72000,0,16769125,445705
1,1976,33.594376624999995,0,72875,83,17011959,473371
1,1977,33.610630208,0,72500,42,16196458,432143
1,1978,33.627341540999993,0,79000,0,16807542,445705
1,1979,33.644146124999992,0,75166,42,16780041,445705
1,1980,33.678560415999996,0,70166,0,16597625,459467
1,1981,33.679965958,3706208,17576666,41,19121542,148913
1,1982,33.696336540999994,0,55250,42,16466458,431943
1,1983,33.713307583,0,69959,42,17003791,447169
1,1984,33.729955665999995,0,77875,42,16589500,459557
1,1985,33.746349374999994,0,79542,41,16383334,431943
1,1986,33.7631475,0,70500,42,16804542,445705
1,1987,33.780034958,0,70542,83,16893208,459467
1,1988,33.796798458,0,70791,42,16714875,445757
1,1989,33.813260875,0,71667,0,16455792,445905
1,1990,33.829933499999996,0,74166,83,16714167,445705
1,1991,33.84673225,0,75167,41,16786416,445705
1,1992,33.863376665999994,0,74750,84,16604625,433207
1,1993,33.87976875,0,76833,42,16377250,445795
1,1994,33.913517083,0,79375,83,16708917,445705
1,1995,33.914972249999991,3529792,16738167,125,18388375,149113
1,1996,33.931537082999995,0,57792,84,16697625,459467
1,1997,33.948036583000004,0,78209,42,16499125,445705
1,1998,33.964757582999994,0,71500,41,16700042,445705
1,1999,33.981499083,0,77833,42,16678791,445705
1,2000,33.998624749999991,0,75750,42,17081417,445757
1,2001,34.015057708,0,77042,41,16416125,419645
1,2002,34.031965165999992,0,74166,41,16778542,445795
1,2003,34.048367583,0,87042,42,16613083,431943
1,2004,34.064920458,0,79458,42,16673041,486991
1,2005,34.081603958,0,65958,42,16694083,542039
1,2006,34.098528540999993,0,62375,84,16609333,542039
1,2007,34.114856958000004,0,92250,42,16484084,432143
1,2008,34.131788958,0,78625,41,16908667,459467
1,2009,34.165609082999993,0,98500,41,16675250,486991
1,2010,34.167483000000004,3627750,16959917,42,18524958,148913
1,2011,34.183819833,0,52625,125,16776333,405773
1,2012,34.200172499999994,0,77166,0,16295083,418233
1,2013,34.216759124999996,0,81458,42,16595417,432143
1,2014,34.233378125,0,84917,42,16699166,445705
1,2015,34.250241833000004,0,77083,41,16874709,445705
1,2016,34.266813583,0,79750,41,16494417,445705
1,2017,34.283768791,0,74375,42,17009667,459467
1,2018,34.300313958000004,0,81584,42,16491833,459467
1,2019,34.317033583,0,78250,0,16602291,445905
1,2020,34.333220208,0,81333,0,16388084,447059
1,2021,34.349994833,0,90292,42,16763833,459467
1,2022,34.366949541,0,74750,41,16923417,459467
1,2023,34.383677582999994,0,79375,42,16695250,459467
1,2024,34.417887499999992,0,81083,41,16382542,459519
1,2025,34.419286665999991,3758416,17552625,41,19208708,167557
1,2026,34.436295125,0,54625,42,16986500,431943
1,2027,34.453203290999994,0,77917,42,16787667,431943
1,2028,34.470192083,0,89750,0,16692250,426177
1,2029,34.485945708,0,76291,166,16206458,425301
1,2030,34.50266875,0,74958,42,16795208,500753
1,2031,34.519423375,0,65875,42,16776458,556001
1,2032,34.535881040999996,0,66791,41,16395375,528277
1,2033,34.552811957999992,0,68166,0,16913542,459467
1,2034,34.569200541,0,74333,41,16296834,459467
1,2035,34.585953625,0,71125,42,16781625,445705
1,2036,34.602651499999993,0,75291,83,16703875,445757
1,2037,34.619989582999992,0,70459,84,17079750,453901
1,2038,34.635864458,0,77542,42,16103667,439063
1,2039,34.671910791,0,73917,83,17005583,445705
1,2040,34.673504624999993,4472792,18681584,0,20371083,148913
1,2041,34.68964525,0,67167,41,16289500,390657
1,2042,34.706437916,0,79917,42,16919208,445905
1,2043,34.723181291,0,72500,41,16692750,431943
1,2044,34.739549124999996,0,78959,41,16390708,473229
1,2045,34.756207707999991,0,70500,42,16770958,514515
1,2046,34.773068041,0,63541,167,16810167,543303
1,2047,34.789969040999992,0,68917,41,16798292,473319
1,2048,34.806317582999995,0,71209,42,16392875,445957
1,2049,34.822922457999994,0,75250,41,16612667,459467
1,2050,34.839928875,0,78834,0,16976458,459467
1,2051,34.856711832999991,0,79083,42,16715084,459467
1,2052,34.873061124999992,0,76625,0,16380292,445705
1,2053,34.890024749999995,0,74041,41,16886417,445705
1,2054,34.924056332999996,0,72083,42,16302541,432143
1,2055,34.926341624999992,3980542,17613500,84,19412208,148913
1,2056,34.942641333,0,60958,42,16879500,419535
1,2057,34.959341208,0,86541,42,16802375,431943
1,2058,34.975976207999992,0,72500,41,16577708,445705
1,2059,34.992795458,0,74292,83,16801208,445757
1,2060,35.009100125,0,73208,42,16283000,418381
1,2061,35.025874333000004,0,75000,42,16798625,445705
1,2062,35.042753041,0,85083,83,16884458,445705
1,2063,35.059038415999993,0,74917,292,16198917,418181
1,2064,35.07561975,0,81208,42,16700250,445705
1,2065,35.092796916,0,72375,41,17085375,447059
1,2066,35.109120957999991,0,73125,42,16297833,432143
1,2067,35.125668665999996,0,83416,42,16611833,431943
1,2068,35.142485041,0,73792,84,16778000,445705
1,2069,35.177539874999994,0,76125,41,16590292,431943
1,2070,35.178956208,3936792,18153000,41,19794791,148913
1,2071,35.195739165999996,0,57167,42,16798666,445757
1,2072,35.212203290999994,0,74375,42,16489250,432143
1,2073,35.229140333000004,0,77125,83,16969500,446969
1,2074,35.245727790999993,0,73958,42,16529166,432033
1,2075,35.262557165999993,0,92250,83,16899042,459467
1,2076,35.278821999999991,0,72708,0,16271167,445705
1,2077,35.295880999999994,0,68709,41,17000792,528277
1,2078,35.312431415999995,0,78834,42,16507708,459667
1,2079,35.329110165999992,0,74167,42,16693375,445705
1,2080,35.345779374999992,0,78459,42,16694792,445705
1,2081,35.362519374999991,0,85500,0,16702583,431943
1,2082,35.379010541,0,120000,0,16050375,412415
1,2083,35.413429166,0,75500,41,17118500,439155
1,2084,35.414894957999991,3788500,17377625,41,19133541,149113
1,2085,35.431654458,0,57459,83,16852958,445705
1,2086,35.448146458,0,70917,83,16510000,431943
1,2087,35.464710874999994,0,76458,42,16573917,445705
1,2088,35.481602791,0,70458,42,16816084,459467
1,2089,35.498370541,0,74417,42,16793875,445705
1,2090,35.514635375,0,72125,42,16292042,445905
1,2091,35.531402958,0,73667,42,16797125,446969
1,2092,35.548039,0,68958,42,16603584,445795
1,2093,35.564824040999994,0,78500,41,16785083,459467
1,2094,35.581267583,0,75208,42,16400333,445705
1,2095,35.598323832999995,0,79375,41,16984500,445757
1,2096,35.614668749999993,0,73292,42,16400125,445905
1,2097,35.63155275,0,75000,41,16880875,445705
1,2098,35.665681832999994,0,71209,42,16507125,445705
1,2099,35.667062625,3673709,17413375,42,18973375,149463
1,2100,35.683764374999996,0,53500,41,16616667,433743
1,2101,35.700450457999992,0,106167,42,16867667,459913
1,2102,35.716930625,0,70000,42,16519584,528923
1,2103,35.733608625,0,65708,84,16675584,528723
1,2104,35.750424583,0,70667,41,16725875,487437
1,2105,35.766910958,0,86125,41,16483583,459913
1,2106,35.783765125,0,79333,42,16791542,459913
1,2107,35.800702375,0,93833,42,16893334,459965
1,2108,35.817072999999993,0,78292,42,16396875,432589
1,2109,35.833595,0,81584,41,16481416,461267
1,2110,35.850455249999996,0,87542,42,16915917,459913
1,2111,35.867362290999992,0,84792,0,16789041,446151
1,2112,35.883583708,0,87125,42,16284708,432389
1,2113,35.918598665999994,0,80750,41,16625500,446151
1,2114,35.91997770799999,3894875,18081292,41,19753292,149113
1,2115,35.936820416,0,54083,42,16804666,445705
1,2116,35.9539065,0,78125,84,17093792,473229
1,2117,35.970543499999991,0,76958,41,16583916,445705
1,2118,35.987624124999996,0,122459,42,17046542,419535
1,2119,36.004002083,0,80000,41,16314792,142993
1,2120,36.019988040999991,0,90125,41,16044417,129379
1,2121,36.041085374999994,0,133541,42,20797750,74131
1,2122,36.054060499999991,0,95625,42,13204500,308085
1,2123,36.070579499999994,0,127833,0,16586250,431943
1,2124,36.086846333,0,82917,42,16315333,431943
1,2125,36.103878583,0,71792,0,16956041,459467
1,2126,36.120143916,0,75500,42,16196583,432143
1,2127,36.136969874999991,0,71583,0,16782208,433297
1,2128,36.171511999999993,0,73583,0,16713041,431943
1,2129,36.172975083,3895833,17742000,42,19372542,148913
1,2130,36.189456249999992,0,64666,83,16508584,431943
1,2131,36.206450665999995,0,77000,42,17093750,459719
1,2132,36.223119624999995,0,76667,42,16594125,445705
1,2133,36.239647457999993,0,80625,83,16593958,445705
1,2134,36.25636691599999,0,79250,42,16681375,445705
1,2135,36.273106,0,78833,42,16710750,445705
1,2136,36.289402916,0,82583,42,16295041,419535
1,2137,36.306386915999994,0,74625,42,16898917,445905
1,2138,36.322801666000004,0,82500,42,16497917,418181
1,2139,36.339617582999992,0,80208,41,16864458,459467
1,2140,36.356137790999995,0,71250,41,16494000,473229
1,2141,36.372753875,0,76208,42,16622291,445705
1,2142,36.389584958,0,78917,41,16766000,459467
1,2143,36.424421374999994,0,73666,42,16611042,459719
1,2144,36.425895916,4024750,18041083,41,19617292,148913
1,2145,36.442480540999995,0,57208,83,16654292,405773
1,2146,36.459114415999991,0,78125,0,16598291,445705
1,2147,36.475885082999994,0,89834,0,16813875,445705
1,2148,36.492529875,0,82875,42,16603875,431943
1,2149,36.509053707999996,0,83750,83,16575375,432143
1,2150,36.526151625,0,79833,0,16997667,431943
1,2151,36.542650499999993,0,78583,42,16599583,431943
1,2152,36.559431875,0,75458,41,16789541,445705
1,2153,36.575703332999993,0,80541,83,16296125,431943
1,2154,36.592757374999991,0,70208,42,16900750,447059
1,2155,36.609158582999996,0,89833,42,16488666,418433
1,2156,36.625934583,0,80917,83,16695542,431943
1,2157,36.642459875,0,81833,41,16492500,431943
1,2158,36.676542458,0,74417,42,16974250,459467
1,2159,36.677716957999991,3680166,17090000,42,18443333,148913
1,2160,36.694300541000004,0,48458,42,16553583,528277
1,2161,36.71118,0,63583,42,16807875,487191
1,2162,36.727783875,0,81791,42,16595333,445705
1,2163,36.744117457999991,0,76750,42,16402166,447059
1,2164,36.761000874999993,0,73541,41,16873333,486991
1,2165,36.777825916,0,77250,0,16816375,500753
1,2166,36.794417874999994,0,74209,42,16487916,459467
1,2167,36.811081833,0,78709,42,16675917,473481
1,2168,36.827660791,0,78208,83,16608958,445705
1,2169,36.844448708,0,74917,42,16683667,459467
1,2170,36.861174625000004,0,76792,42,16803875,473229
1,2171,36.877739166,0,78917,41,16494458,431943
1,2172,36.894191666,0,78291,84,16504375,433297
1,2173,36.927957624999991,0,73959,0,16985708,459667
1,2174,36.929029165999992,3653583,16739083,42,18016834,148913
1,2175,36.945779165999994,0,46292,41,16569375,486991
1,2176,36.962309457999993,0,69292,41,16492500,459467
1,2177,36.979176624999994,0,111708,42,16892916,473229
1,2178,36.995730041,0,73417,42,16503041,445757
1,2179,37.012406916,0,76750,42,16799750,473429
1,2180,37.029208708,0,72209,42,16791916,445705
1,2181,37.045661874999993,0,71208,42,16287916,447059
1,2182,37.062140208,0,86709,42,16540583,445705
1,2183,37.079076458,0,78750,41,16936959,459467
1,2184,37.095975249999995,0,76458,42,16700083,459467
1,2185,37.112166833,0,132833,41,16368458,418381
1,2186,37.128802832999995,0,79333,42,16660458,431943
1,2187,37.164500957999991,0,79333,0,17060041,445705
1,2188,37.166153333,3877292,18284542,42,20009875,148913
1,2189,37.18209045799999,0,59333,42,16177209,405683
1,2190,37.199226374999995,0,79583,41,17097875,445847
1,2191,37.215751999999995,0,76958,41,16596250,432143
1,2192,37.232557458,0,73500,42,16797792,459467
1,2193,37.248790540999991,0,84167,0,16294750,445705
1,2194,37.265953208,0,70542,42,17089958,445705
1,2195,37.2824255,0,77750,0,16496917,459467
1,2196,37.298886291,0,71250,83,16396959,431943
1,2197,37.315947374999993,0,77042,41,17086166,473429
1,2198,37.332238875,0,74541,42,16288250,433207
1,2199,37.348934290999992,0,80875,42,16708458,487081
1,2200,37.365533833,0,78000,125,16671625,528277
1,2201,37.382547125,0,65709,0,16913417,486991
1,2202,37.4161395,0,74750,41,16608583,431995
1,2203,37.417593833,3640958,16669041,42,18317458,149113
1,2204,37.434159041,0,57000,42,16660417,431943
1,2205,37.450888207999995,0,74459,0,16690208,445705
1,2206,37.467351041,0,79000,42,16501333,418181
1,2207,37.483986790999992,0,74791,84,16580583,433207
1,2208,37.500793707999989,0,79792,83,16815833,432033
1,2209,37.517272541,0,76042,42,16479959,445905
1,2210,37.533985625,0,84334,42,16699208,445705
1,2211,37.550627874999989,0,80125,41,16691875,445705
1,2212,37.567377374999992,0,74209,41,16676042,445705
1,2213,37.584016249999991,0,73833,41,16615000,445705
1,2214,37.60081375,0,85167,0,16683917,445757
1,2215,37.617483082999996,0,83875,42,16798500,459667
1,2216,37.63398325,0,77958,42,16497708,433207
1,2217,37.66835816599999,0,81959,42,16682667,459557
1,2218,37.669724124999988,3719459,17486500,41,19037333,148913
1,2219,37.686156708,0,49125,83,16543791,500753
1,2220,37.702952749999994,0,67291,42,16802792,542039
1,2221,37.719592291,0,64375,42,16610791,487191
1,2222,37.736775333,0,70417,42,16894458,473229
1,2223,37.75309,0,72875,41,16491667,445705
1,2224,37.769808458,0,74042,0,16682709,445705
1,2225,37.78638712499999,0,74917,84,16505666,433207
1,2226,37.803072707999988,0,84958,42,16680250,445847
1,2227,37.819589957999995,0,73750,0,16593166,432143
1,2228,37.836612290999994,0,80750,41,17002083,445705
1,2229,37.853054540999992,0,73375,42,16479417,445705
1,2230,37.870273458,0,73917,42,17012750,445705
1,2231,37.886609207999996,0,75875,83,16478209,459467
1,2232,37.920953458,0,77958,41,16516333,431943
1,2233,37.922294374999993,3794375,17644291,42,19166792,149113
1,2234,37.939016124999995,0,52000,84,16723833,419535
1,2235,37.955892291,0,78291,41,16881375,445705
1,2236,37.972135832999996,0,70250,42,16297542,431943
1,2237,37.988798040999995,0,71417,0,16681041,473229
1,2238,38.005517333,0,71750,41,16684291,473281
1,2239,38.022026540999988,0,73375,41,16514459,445905
1,2240,38.039211124999994,0,78084,42,17104375,459467
1,2241,38.055837624999995,0,74667,42,16589708,431943
1,2242,38.071988832999992,0,73333,83,16299125,431943
1,2243,38.088829082999993,0,70667,42,16792167,447059
1,2244,38.105480957999987,0,73416,42,16588500,445705
1,2245,38.122488457999992,0,69250,41,16999916,459667
1,2246,38.138899541,0,75375,42,16394125,445705
1,2247,38.173470957999996,0,76125,42,16896875,459467
1,2248,38.174885124999989,3668125,17449541,42,19033625,148913
1,2249,38.191386416,0,55708,42,16554666,431943
1,2250,38.207751207999991,0,73875,42,16475208,473481
1,2251,38.224631249999987,0,65792,42,16890709,528277
1,2252,38.241029333,0,67625,41,16328834,502107
1,2253,38.257966833,0,69500,0,16886625,459467
1,2254,38.274805457999989,0,71583,42,16897500,459467
1,2255,38.29135925,0,74167,125,16493500,445705
1,2256,38.307895415999994,0,73458,42,16592958,445905
1,2257,38.324607,0,68000,41,16690750,445705
1,2258,38.341178082999988,0,78292,42,16486708,445705
1,2259,38.357806665999988,0,70416,0,16703083,459467
1,2260,38.374585415999988,0,75583,0,16695125,459467
1,2261,38.391202207999996,0,70250,83,16588875,447099
1,2262,38.425741832999989,0,66959,0,16600625,445957
1,2263,38.427113416,3807458,17793334,42,19316958,148913
1,2264,38.443951708,0,49917,42,16875083,459467
1,2265,38.460473291,0,73083,84,16487958,445705
1,2266,38.477326582999993,0,79667,42,16900209,459467
1,2267,38.493778207999995,0,71250,42,16400708,459467
1,2268,38.510526833,0,70083,41,16692583,432143
1,2269,38.527544999999989,0,90333,41,17085125,473229
1,2270,38.54399875,0,72833,42,16497917,460821
1,2271,38.56062399999999,0,70792,0,16589000,459467
1,2272,38.577393165999993,0,70083,41,16779875,473229
1,2273,38.593806457999989,0,69459,0,16315917,431943
1,2274,38.610775499999988,0,73708,41,16987042,445957
1,2275,38.627363249999988,0,76667,42,16602917,431943
1,2276,38.644251540999988,0,76209,41,16888958,459467
1,2277,38.678335874999988,0,76417,42,16395417,431943
1,2278,38.679798332999994,3606916,17365958,0,19025458,148913
1,2279,38.69648149999999,0,56375,41,16750542,433297
1,2280,38.71303804099999,0,70875,41,16609125,445905
1,2281,38.729548999999992,0,71167,0,16482167,445705
1,2282,38.746418457999994,0,74042,0,16793708,445705
1,2283,38.762748832999989,0,78417,42,16413791,431943
1,2284,38.779826332999988,0,76208,41,17084125,473229
1,2285,38.79626683299999,0,73583,125,16296500,459467
1,2286,38.813145291,0,77542,41,16976292,473481
1,2287,38.829816707999996,0,78625,42,16697833,459467
1,2288,38.846355415999994,0,80292,42,16500292,447059
1,2289,38.86293074999999,0,82208,42,16482583,445705
1,2290,38.879610457999988,0,76708,41,16698500,431943
1,2291,38.914821874999987,0,81584,83,16698500,431943
1,2292,38.916519041,4006958,18230459,41,19940666,149113
1,2293,38.932802874999993,0,61417,42,16556167,418181
1,2294,38.949878999999996,0,73792,42,17080875,459467
1,2295,38.966571415999994,0,77500,41,16601500,445705
1,2296,38.983767375,0,84541,42,16792459,431943
1,2297,38.999695332999991,0,70542,41,16372959,447111
1,2298,39.016388291,0,77000,42,16710459,445905
1,2299,39.033133207999995,0,78625,0,16506000,431943
1,2300,39.049894749999993,0,118500,41,16982167,431943
1,2301,39.066306290999989,0,85167,125,16383916,418181
1,2302,39.08283154099999,0,76667,0,16502916,418181
1,2303,39.099661999999995,0,82041,42,16789708,418181
1,2304,39.116223915999996,0,77750,42,16701166,432143
1,2305,39.132833874999989,0,71750,41,16677500,459467
1,2306,39.166847874999988,0,66750,42,16499208,502107
1,2307,39.168231999999989,3998209,17185042,41,18776083,148913
1,2308,39.18502308299999,0,50333,42,16830417,459467
1,2309,39.201621915999993,0,75125,42,16570833,459519
1,2310,39.218521374999995,0,67625,41,16806792,459667
1,2311,39.234827958,0,81875,41,16399417,445705
1,2312,39.251849166,0,73166,42,16990042,486991
1,2313,39.268382207999991,0,78458,41,16588167,473229
1,2314,39.285729082999993,0,71792,41,17003084,453701
1,2315,39.301681915999993,0,78625,42,16190916,439063
1,2316,39.318547124999995,0,75750,41,16803000,459667
1,2317,39.334894832999993,0,83000,41,16292750,418181
1,2318,39.351596207999989,0,77500,42,16795417,431943
1,2319,39.368379207999993,0,76000,167,16789958,459467
1,2320,39.385225124999991,0,75041,41,16872958,445705
1,2321,39.419575040999987,0,72042,42,16624417,459519
1,2322,39.420915208,3948500,17479625,42,18992917,149113
1,2323,39.437654957999996,0,53666,83,16705916,433207
1,2324,39.454035082999994,0,81959,42,16358375,432033
1,2325,39.470930249999995,0,95834,42,16908875,477403
1,2326,39.487546374999994,0,106833,83,16580167,445705
1,2327,39.50410425,0,77083,42,16595125,459467
1,2328,39.520762999999988,0,75833,41,16493458,432143
1,2329,39.537858290999992,0,125000,42,16808792,431943
1,2330,39.554151749999988,0,109417,42,16672708,404419
1,2331,39.570787124999995,0,83625,42,16603458,418181
1,2332,39.58747933299999,0,105167,0,16688208,433207
1,2333,39.604084290999992,0,78959,42,16686583,514657
1,2334,39.620522666,0,71542,42,16492334,514715
1,2335,39.637306999999993,0,67584,41,16707625,514515
1,2336,39.671848665999988,0,82584,84,16790125,473229
1,2337,39.673318374999994,3904166,17566916,42,19157667,148913
1,2338,39.69011829099999,0,55041,83,16652208,418181
1,2339,39.70662729099999,0,83833,83,16774959,459667
1,2340,39.723153665999988,0,69167,42,16506250,445705
1,2341,39.740020707999989,0,75291,83,16902167,460731
1,2342,39.756542916,0,75250,83,16287625,445795
1,2343,39.773086457999995,0,94625,42,16772500,445705
1,2344,39.789703207999992,0,73709,42,16515375,418181
1,2345,39.806478290999991,0,76916,42,16803875,432195
1,2346,39.823118124999993,0,71250,0,16681375,431943
1,2347,39.839587374999994,0,72750,42,16508125,445705
1,2348,39.856498665999993,0,68666,0,16785458,459467
1,2349,39.873409583,0,77000,42,16894416,445705
1,2350,39.889931249999989,0,82042,41,16499542,419445
1,2351,39.924866999999992,0,75833,42,16779708,445995
1,2352,39.926399707999991,3972708,17920875,41,19579584,148913
1,2353,39.942868166,0,65125,42,16610833,431943
1,2354,39.959685874999991,0,75417,42,16802000,445705
1,2355,39.976333874999995,0,76667,42,16694125,445705
1,2356,39.992978541,0,70791,0,16541875,431943
1,2357,40.0096415,0,79958,41,16648708,445957
1,2358,40.025910333,0,83500,41,16391084,459467
1,2359,40.0428845,0,72625,42,16998500,515869
1,2360,40.059453707999992,0,66459,41,16567916,542039
1,2361,40.075909374999995,0,70000,42,16421167,500753
1,2362,40.092758790999994,0,73750,42,16800667,459467
1,2363,40.109236333,0,74417,0,16488291,445905
1,2364,40.126104,0,75375,42,16895542,473229
1,2365,40.142575083,0,69542,42,16388250,431943
1,2366,40.177732707999994,0,74417,42,16996584,459467
1,2367,40.17921425,3770291,17890416,41,19528166,148913
1,2368,40.195998290999995,0,56333,41,16653125,405773
1,2369,40.212231290999995,0,92333,42,16352084,432195
1,2370,40.228938375,0,75875,41,16719416,445705
1,2371,40.24575583299999,0,117375,0,16806166,445705
1,2372,40.262346249999993,0,79584,42,16600083,431943
1,2373,40.279113083,0,106250,42,16787625,445705
1,2374,40.295479665999991,0,81041,42,16421833,431943
1,2375,40.312440874999993,0,71000,42,16865041,445905
1,2376,40.329112499999994,0,76833,42,16713375,445705
1,2377,40.345594207999994,0,80584,41,16484000,433297
1,2378,40.362441999999987,0,74625,83,16803209,445705
1,2379,40.379179666,0,105333,42,16719959,431943
1,2380,40.41434945799999,0,79959,42,16553417,431943
1,2381,40.415735,4086375,18335625,0,20008916,149113
1,2382,40.432174207999992,0,51708,42,16481292,431995
1,2383,40.449250499999991,0,82417,41,17107500,473229
1,2384,40.465708082999996,0,77166,167,16191208,431943
1,2385,40.48256775,0,95375,42,17092709,445705
1,2386,40.499212125,0,74916,42,16587959,433297
1,2387,40.515456832999988,0,72958,41,16374834,445905
1,2388,40.532442499999988,0,70000,0,16921250,459467
1,2389,40.549072165999988,0,79666,42,16592833,445705
1,2390,40.565599041,0,77833,42,16493250,431943
1,2391,40.5823465,0,75125,42,16779750,445705
1,2392,40.598979832999987,0,74708,42,16606333,431943
1,2393,40.6154885,0,71333,42,16498500,432143
1,2394,40.632213666,0,81375,41,16695292,445757
1,2395,40.666991708,0,73000,41,16893792,447059
1,2396,40.668496082999994,3703875,17658416,42,19280000,149463
1,2397,40.684928040999992,0,63083,42,16611917,432389
1,2398,40.70172870799999,0,74833,42,16770458,473675
1,2399,40.71835424999999,0,78083,0,16701959,515161
1,2400,40.734924582999994,0,68250,42,16591750,542485
1,2401,40.751764208,0,70375,500,16705000,514961
1,2402,40.768305583,0,78125,42,16592375,473675
1,2403,40.785083082999989,0,75291,41,16709917,446151
1,2404,40.801791083,0,83125,42,16690500,447505
1,2405,40.818553666,0,78625,42,16798250,460165
1,2406,40.834962291,0,78750,41,16394709,446151
1,2407,40.851475041,0,80500,0,16483750,446151
1,2408,40.868541457999996,0,78166,42,17104167,459913
1,2409,40.885165165999993,0,77541,42,16591208,446151
1,2410,40.919432582999988,0,75666,83,16594417,446151
1,2411,40.92073770799999,3844125,17450792,84,18993834,149113
1,2412,40.93780491599999,0,54875,84,16596167,459467
1,2413,40.95395087499999,0,105750,0,16478834,460821
1,2414,40.970447041,0,75584,41,16542666,445705
1,2415,40.987190958,0,72917,0,16732958,459467
1,2416,41.004755374999988,0,103375,42,17250459,280561
1,2417,41.021569540999991,0,100083,83,16946125,143193
1,2418,41.037811457999993,0,143750,42,16286958,129179
1,2419,41.054283040999991,0,88000,42,16371208,32845
1,2420,41.070918832999993,0,88958,0,16738458,404419
1,2421,41.088081790999993,0,116542,42,16698458,431943
1,2422,41.103991624999992,0,111166,41,16383292,433297
1,2423,41.120709082999994,0,86833,0,16803500,445905
1,2424,41.137470416,0,80459,42,16792125,445705
1,2425,41.17219008299999,0,74417,42,16714250,459467
1,2426,41.173677833,3809083,17742667,42,19363291,148913
1,2427,41.190227374999992,0,55542,0,16499042,431943
1,2428,41.206675832999991,0,83166,0,16606458,432143
1,2429,41.223216083,0,72375,42,16588083,473281
1,2430,41.239838416,0,72750,42,16594708,474493
1,2431,41.256550499999989,0,73125,41,16698167,473319
1,2432,41.273481499999988,0,76875,42,16997667,473229
1,2433,41.290246333,0,76667,84,16594750,431943
1,2434,41.306643916,0,84542,41,16483041,432143
1,2435,41.323355041,0,78542,42,16707125,431943
1,2436,41.339953416,0,74916,41,16490125,445705
1,2437,41.35655337499999,0,85500,42,16683625,431943
1,2438,41.373513040999995,0,75375,42,16892458,445705
1,2439,41.390227874999994,0,78458,41,16391917,419485
1,2440,41.424644875,0,99167,0,16899458,445995
1,2441,41.426067082999992,3803667,17621166,41,19182709,148913
1,2442,41.442400291,0,64167,41,16418333,431995
1,2443,41.459145249999992,0,81167,42,16682417,445705
1,2444,41.476080916,0,80667,84,17004708,445705
1,2445,41.49262779099999,0,76708,41,16484209,431943
1,2446,41.509285166,0,80584,42,16689708,432143
1,2447,41.525719499999994,0,74542,41,16590958,486991
1,2448,41.542595707999993,0,68708,0,16793208,543303
1,2449,41.559249624999993,0,73167,84,16689250,542129
1,2450,41.575763249999994,0,67041,41,16493916,459467
1,2451,41.592685707999991,0,71459,0,16820792,473229
1,2452,41.609247999999994,0,74167,42,16591959,459667
1,2453,41.625870582999994,0,75875,41,16675792,459467
1,2454,41.64237666599999,0,68583,42,16413416,459519
1,2455,41.676754790999993,0,87000,167,16986166,445705
1,2456,41.678120124999992,3931209,17134792,292,18723000,148913
1,2457,41.694447290999989,0,53750,42,16373083,446969
1,2458,41.711127166,0,72750,42,16674416,459757
1,2459,41.727707458,0,76667,41,16612959,445705
1,2460,41.744577666,0,72875,42,16800500,445705
1,2461,41.761375625,0,79000,42,16789583,445705
1,2462,41.778218541,0,79000,42,16792708,431943
1,2463,41.794834249999994,0,79625,83,16598500,431943
1,2464,41.811232749999988,0,77917,41,16477459,459667
1,2465,41.827763457999993,0,74125,41,16593000,542091
1,2466,41.844456374999993,0,69083,41,16695667,502017
1,2467,41.861127333,0,66459,42,16608625,487081
1,2468,41.878529540999992,0,71458,42,17166916,473229
1,2469,41.894410832999995,0,77250,41,16033458,445705
1,2470,41.929302291,0,77333,42,16863833,445905
1,2471,41.930699249999989,3910209,17803750,83,19391584,148913
1,2472,41.947464708,0,56916,83,16817875,459467
1,2473,41.96410741599999,0,76292,42,16679916,459467
1,2474,41.980523790999996,0,71708,42,16390833,459467
1,2475,41.997316915999988,0,72916,42,16715541,419535
1,2476,42.013973832999994,0,79500,42,16693833,432143
1,2477,42.030636375,0,73625,42,16496125,431995
1,2478,42.047626416,0,90833,0,17093375,445705
1,2479,42.064178208,0,87083,42,16593041,431943
1,2480,42.080436541,0,68792,41,16285167,431943
1,2481,42.097423166,0,74000,83,16887834,459467
1,2482,42.113698040999992,0,72833,125,16490875,500953
1,2483,42.130655749999988,0,63375,42,16898625,542039
1,2484,42.164949249999992,0,67250,42,16607625,460821
1,2485,42.166395624999993,3894083,17424583,83,18924542,148913
1,2486,42.182981583,0,54042,42,16667959,445705
1,2487,42.199902749999993,0,78458,42,16888083,445705
1,2488,42.216151124999996,0,77500,0,16301292,432143
1,2489,42.233044541,0,80083,0,16787917,445757
1,2490,42.24941420799999,0,78041,0,16400500,404419
1,2491,42.266370666,0,77042,84,17003208,459467
1,2492,42.282892499999988,0,75625,42,16590500,431943
1,2493,42.299822166,0,71584,41,16784792,460821
1,2494,42.316381416,0,73125,41,16607792,432143
1,2495,42.332816166,0,70041,0,16391500,431943
1,2496,42.3497445,0,78459,41,16990125,445705
1,2497,42.366501665999991,0,83916,41,16685167,431943
1,2498,42.383258915999988,0,76042,42,16693792,445705
1,2499,42.41767583299999,0,76917,41,16403333,431943
1,2500,42.419182291,3965625,17765583,84,19479750,149113
1,2501,42.435988291,0,59625,42,16898333,445757
1,2502,42.452648958,0,78875,41,16703500,433297
1,2503,42.468989707999995,0,75916,0,16301292,431943
1,2504,42.485924999999995,0,73042,42,16985333,445705
1,2505,42.502406999999991,0,73750,0,16394834,445705
1,2506,42.519280957999996,0,73875,166,16894083,445905
1,2507,42.535533832999988,0,76500,125,16297125,445705
1,2508,42.552660374999988,0,77084,42,17085458,459467
1,2509,42.569112290999996,0,74917,42,16505042,445705
1,2510,42.585791540999992,0,69750,41,16678500,500753
1,2511,42.602202790999996,0,70583,125,16386708,502107
1,2512,42.618924707999994,0,68667,42,16701083,542239
1,2513,42.63588625,0,76042,42,16897375,445757
1,2514,42.67031154099999,0,76708,42,16610500,445705
1,2515,42.671590083,3738833,17578333,0,19129458,148913
1,2516,42.688017249999987,0,50666,0,16451875,445705
1,2517,42.704872333,0,71250,41,16802083,459467
1,2518,42.721770707999994,0,72125,41,16892333,445905
1,2519,42.738412749999995,0,75292,83,16692250,459467
1,2520,42.755134833,0,69833,42,16594000,433297
1,2521,42.771776540999994,0,79292,83,16697000,445705
1,2522,42.788471375,0,73750,42,16680833,445705
1,2523,42.804868,0,73583,84,16393583,431943
1,2524,42.821601040999994,0,76208,42,16787917,459667
1,2525,42.838112708,0,73416,41,16508917,445757
1,2526,42.854870707999993,0,67750,41,16700791,445705
1,2527,42.871438874999996,0,72916,83,16598625,445705
1,2528,42.888450041,0,74333,41,16999458,459467
1,2529,42.923438624999989,0,77209,42,16575750,433297
1,2530,42.924802125,3942541,18050583,41,19671500,149113
1,2531,42.94129375,0,53167,41,16527083,431943
1,2532,42.958069374999994,0,79750,42,16795875,445705
1,2533,42.974643040999993,0,82667,209,16599167,445705
1,2534,42.991441458,0,87250,0,16693500,445705
1,2535,43.007794624999988,0,72708,42,16401000,432143
1,2536,43.024641124999988,0,80208,41,16887083,445705
1,2537,43.041088790999993,0,71167,42,16385000,431995
1,2538,43.057908999999995,0,75666,42,16902959,447059
1,2539,43.074444290999992,0,67584,0,16572042,514515
1,2540,43.091195708,0,62042,83,16696125,528277
1,2541,43.1077485,0,62250,41,16516167,500953
1,2542,43.124401457999994,0,73542,42,16592167,445705
1,2543,43.141560874999996,0,73084,41,17199875,473229
1,2544,43.1756685,0,72833,42,16392542,431943
1,2545,43.17693079099999,3923916,17537125,42,18964292,148913
1,2546,43.193699791,0,51458,41,16413667,439939
1,2547,43.209988999999993,0,70834,42,16705583,446341
1,2548,43.226732333,0,68375,41,16697000,445705
1,2549,43.243419499999987,0,71042,0,16692875,459519
1,2550,43.260336999999993,0,68000,41,16878958,459467
1,2551,43.277097583,0,68416,42,16716917,431943
1,2552,43.293430165999993,0,76916,42,16288291,431943
1,2553,43.310456290999994,0,72583,42,17093666,459667
1,2554,43.327004124999988,0,74125,0,16595125,445705
1,2555,43.343764749999991,0,71625,125,16378667,439939
1,2556,43.360111165999996,0,78792,41,16710833,439063
1,2557,43.376840290999993,0,72417,41,16700667,459467
1,2558,43.39382024999999,0,72292,42,16779542,459467
1,2559,43.428542874999991,0,90625,42,16799916,445905
1,2560,43.429937333,3907541,17870958,42,19390500,148913
1,2561,43.446141458,0,55584,42,16297458,431995
1,2562,43.462721875,0,72708,42,16587000,459467
1,2563,43.479656332999994,0,71208,41,16886334,445705
1,2564,43.496254916,0,77250,125,16507000,433207
1,2565,43.512929082999989,0,76041,42,16786334,445995
1,2566,43.529655416,0,73333,41,16696750,445705
1,2567,43.546100624999994,0,74500,41,16496917,445705
1,2568,43.562909582999993,0,71417,41,16788333,459467
1,2569,43.579585416,0,70667,42,16609458,431943
1,2570,43.596063875,0,76291,41,16490792,445705
1,2571,43.6129105,0,72083,42,16891875,445905
1,2572,43.629636957999992,0,72583,42,16692917,445705
1,2573,43.665052040999996,0,73125,42,16888208,433259
1,2574,43.666491582999996,4236625,18197750,41,19833625,149003
1,2575,43.682511749999989,0,59583,42,16165917,459467
1,2576,43.699394833,0,71500,41,16795166,459467
1,2577,43.716262457999989,0,76166,83,16885750,459667
1,2578,43.732782207999989,0,77375,83,16496875,459467
1,2579,43.74922737499999,0,70250,41,16480708,431943
1,2580,43.766083541,0,73208,41,16798916,431943
1,2581,43.782904332999991,0,76000,83,16807291,445705
1,2582,43.799746165999991,0,75458,42,16786459,433297
1,2583,43.816304415999994,0,72583,0,16603000,432143
1,2584,43.833174833,0,78833,0,16798375,445757
1,2585,43.849408165999989,0,84833,42,16279583,418181
1,2586,43.866143832999995,0,86834,42,16794875,431943
1,2587,43.882851915999993,0,75792,41,16689375,445705
1,2588,43.918124416,0,77334,41,16693708,431943
1,2589,43.919547957999995,3925917,18193000,125,19897625,149113
1,2590,43.936311915999994,0,52125,84,16803458,431943
1,2591,43.952621832999995,0,81250,42,16290958,419535
1,2592,43.969115207999991,0,78584,42,16599458,445705
1,2593,43.986141457999992,0,72084,42,17074750,486991
1,2594,44.00282654099999,0,70083,41,16593417,542039
1,2595,44.019300125,0,65709,83,16500458,514715
1,2596,44.035967082999989,0,72041,41,16613542,445757
1,2597,44.052686791,0,75583,84,16772458,459467
1,2598,44.069522499999991,0,69750,42,16809334,459467
1,2599,44.08605129099999,0,71542,42,16498625,445705
1,2600,44.102660040999993,0,75083,0,16593417,447059
1,2601,44.119328833,0,73083,42,16694750,459667
1,2602,44.135996791,0,73125,42,16681709,459467
1,2603,44.1712785,0,69625,42,16604917,459467
1,2604,44.172815207999989,4010958,18369417,42,20000875,148913
1,2605,44.189474457999992,0,61625,83,16585458,431943
1,2606,44.205977999999988,0,75791,41,16682875,432143
1,2607,44.222662833,0,76084,42,16793041,486991
1,2608,44.239436624999996,0,69625,83,16795417,542091
1,2609,44.255960665999993,0,66000,42,16493166,515869
1,2610,44.272697582999996,0,66083,0,16689666,486991
1,2611,44.2894635,0,70083,42,16713791,459467
1,2612,44.305834707999992,0,74292,83,16394250,459667
1,2613,44.322516499999992,0,77666,42,16684584,459467
1,2614,44.339287708,0,74625,42,16690708,445705
1,2615,44.355997375,0,75625,0,16716333,445705
1,2616,44.37251775,0,69084,42,16571541,459467
1,2617,44.389394083,0,71292,42,16814125,431983
1,2618,44.424234125,0,71375,42,16879167,461021
1,2619,44.4257815,3878250,17690083,0,19334000,148913
1,2620,44.441963375,0,67292,41,16372542,418233
1,2621,44.458746082999994,0,86125,42,16795916,459467
1,2622,44.475127040999993,0,79042,41,16467000,507552
1,2623,44.492173666,0,66875,42,16998792,555801
1,2624,44.508824624999988,0,67333,41,16618208,487191
1,2625,44.525589749999995,0,69584,41,16685833,445705
1,2626,44.54229875,0,80625,84,16702334,445705
1,2627,44.558967458,0,80958,41,16688875,447059
1,2628,44.575340165999989,0,74083,42,16295375,431943
1,2629,44.591980124999992,0,92959,0,16692333,445705
1,2630,44.609002249999989,0,80875,42,16984375,445905
1,2631,44.625457083,0,81916,0,16492542,431943
1,2632,44.642135874999994,0,79917,83,16687084,459519
1,2633,44.677145624999994,0,72000,83,16510833,431943
1,2634,44.6792545,4117000,18223708,42,20256417,148913
1,2635,44.696367499999994,0,68708,83,17033000,426177
1,2636,44.712231040999995,0,78875,42,16174125,405055
1,2637,44.728794332999996,0,70625,42,16600625,473229
1,2638,44.745700665999991,0,75417,42,16785875,445705
1,2639,44.762476791,0,115208,41,16922292,445705
1,2640,44.779032832999988,0,75583,0,16472209,431943
1,2641,44.795675415999995,0,101250,42,16603292,431943
1,2642,44.812239665999996,0,87833,42,16583334,432143
1,2643,44.828797291,0,79167,42,16598166,445705
1,2644,44.846375249999994,0,105125,42,17397500,467515
1,2645,44.8621445,0,70250,41,16073416,480349
1,2646,44.879045874999989,0,62708,125,16799083,528277
1,2647,44.913182541,0,89292,41,16728750,486991
1,2648,44.914605208,3695666,17109458,42,18719709,149113
1,2649,44.931232832999996,0,61833,42,16752000,431943
1,2650,44.947744958,0,77833,42,16507625,431943
1,2651,44.964155790999996,0,75292,42,16384375,445705
1,2652,44.980789957999988,0,75250,83,16696917,459467
1,2653,44.997553874999994,0,67750,41,16589041,433207
1,2654,45.014218,0,73916,42,16796916,445995
1,2655,45.030974290999993,0,69875,41,16695625,459467
1,2656,45.047809,0,69333,41,16878333,459519
1,2657,45.064385,0,66042,41,16504291,431943
1,2658,45.080913666,0,81208,42,16604042,431943
1,2659,45.097800332999995,0,70333,84,16875291,500753
1,2660,45.114330916,0,65167,42,16597208,528477
1,2661,45.130795582999994,0,63333,42,16402208,514515
1,2662,45.165006957999992,0,67459,42,16893083,460731
1,2663,45.16647725,3732875,17010209,42,18569875,148913
1,2664,45.183143165999994,0,58458,42,16813792,445795
1,2665,45.199513208,0,76250,83,16310375,431943
1,2666,45.216210290999996,0,78292,83,16691583,445905
1,2667,45.233066624999992,0,79000,41,16889208,445705
1,2668,45.249655832999991,0,73500,42,16602333,459519
1,2669,45.266132915999989,0,72041,42,16491416,445705
1,2670,45.283158790999991,0,75625,42,17000542,459467
1,2671,45.299700082999991,0,73083,0,16483166,446969
1,2672,45.316263957999993,0,74375,0,16607708,432143
1,2673,45.333108916,0,76584,42,16785500,445795
1,2674,45.34976095799999,0,83000,83,16697125,445705
1,2675,45.366367125,0,77459,41,16587750,445705
1,2676,45.383053165999996,0,73042,42,16701833,445705
1,2677,45.417221958,0,77459,42,16493708,445705
1,2678,45.418509707999988,3705500,17433334,42,18939083,149113
1,2679,45.435236165999996,0,50166,83,16651250,445757
1,2680,45.451917499999993,0,82875,42,16791792,447345
1,2681,45.468582333,0,70208,84,16674666,459557
1,2682,45.485277374999995,0,73917,42,16611500,445705
1,2683,45.5020555,0,79750,42,16804250,445705
1,2684,45.518354957999989,0,69541,0,16278666,432143
1,2685,45.535248040999988,0,75291,42,16906750,459467
1,2686,45.552118416,0,74208,42,16789000,459467
1,2687,45.568445915999988,0,72709,42,16393959,431943
1,2688,45.585273040999994,0,76125,0,16794209,459467
1,2689,45.602126583,0,74167,42,16797000,446969
1,2690,45.618721791,0,85000,42,16691375,459757
1,2691,45.635208249999991,0,74167,41,16299666,431995
1,2692,45.669641290999991,0,76042,42,16887209,445705
1,2693,45.671090957999994,3773667,17455208,84,18955417,149463
1,2694,45.687452332999996,0,69208,42,16435209,432389
1,2695,45.704293666,0,84667,84,16797875,459913
1,2696,45.720964249999994,0,85083,42,16801042,473875
1,2697,45.737536582999994,0,79500,42,16581125,446151
1,2698,45.75440708299999,0,78542,0,16796167,461177
1,2699,45.770873208,0,78916,42,16490959,460003
1,2700,45.787750875,0,84666,42,16878583,446151
1,2701,45.804332375,0,80750,41,16509333,446151
1,2702,45.820905208,0,80250,41,16667500,460113
1,2703,45.83756525,0,75125,42,16615750,459965
1,2704,45.854476832999993,0,78458,42,16890334,446151
1,2705,45.870734415999991,0,87958,83,16200542,432389
1,2706,45.887707124999991,0,78417,42,16986875,459913
1,2707,45.92069699999999,0,77209,42,16380792,474939
1,2708,45.921796875,3584500,16604833,0,17913625,149113
1,2709,45.938678624999994,0,42583,41,16775917,542129
1,2710,45.95564216599999,0,64958,41,16907500,486991
1,2711,45.972096707999995,0,73417,84,16482792,459467
1,2712,45.988741874999988,0,71209,42,16593375,459467
1,2713,46.005260957999994,0,72792,42,16511750,459467
1,2714,46.021897290999988,0,73916,41,16692291,459667
1,2715,46.038139582999989,0,69584,42,16097709,170517
1,2716,46.054923124999988,0,76666,125,16750667,144205
1,2717,46.082970332999992,0,98875,0,27606875,115417
1,2718,46.08866854099999,0,84959,42,6118875,115507
1,2719,46.105694875,0,94541,42,17098917,431943
1,2720,46.1220785,0,75416,0,16495833,459667
1,2721,46.13872099999999,0,71166,42,16579625,486991
1,2722,46.172734416,0,71750,84,16785875,473229
1,2723,46.174212540999989,3876500,16975667,42,18548459,148913
1,2724,46.190743749999996,0,49500,42,16643625,459467
1,2725,46.207578999999996,0,74375,125,16715541,447169
1,2726,46.224180415999996,0,77250,42,16678333,431943
1,2727,46.240888125,0,71541,42,16692667,459609
1,2728,46.257383415999996,0,79334,42,16515583,431943
1,2729,46.27411845799999,0,75541,125,16683959,445705
1,2730,46.290698832999993,0,77167,41,16596875,445705
1,2731,46.307915624999993,0,78917,167,16901042,445905
1,2732,46.324137541,0,95917,41,16479500,418181
1,2733,46.340549833,0,77667,0,16509042,445705
1,2734,46.357375166,0,74292,42,16778292,433207
1,2735,46.374261249999989,0,68584,83,16800584,445705
1,2736,46.390902958,0,76500,41,16601583,432033
1,2737,46.425693083,0,79291,41,16684417,445905
1,2738,46.427090249999992,3846458,18024750,209,19584291,148913
1,2739,46.44337033299999,0,50125,41,16416250,473281
1,2740,46.460068791,0,69500,42,16669875,528277
1,2741,46.476899165999995,0,69166,42,16818291,528277
1,2742,46.49347633299999,0,69209,0,16480250,473229
1,2743,46.510027916,0,72042,41,16609500,460931
1,2744,46.526979499999996,0,74042,125,16969959,486991
1,2745,46.543384082999992,0,72833,41,16316292,473319
1,2746,46.560432207999995,0,77125,83,17080667,486991
1,2747,46.577027457999989,0,83209,84,16596958,473229
1,2748,46.593723958,0,73708,0,16610334,459467
1,2749,46.610202957999988,0,71292,42,16593291,445905
1,2750,46.626713791,0,71042,83,16492250,459467
1,2751,46.643601665999995,0,73542,42,16777166,459519
1,2752,46.678260541,0,81375,42,16707375,419445
1,2753,46.67968275,3651666,17732458,0,19315708,148913
1,2754,46.6964,0,56083,84,16881667,487081
1,2755,46.713057082999995,0,62917,41,16692208,500953
1,2756,46.729327375,0,69000,0,16195833,445705
1,2757,46.746219874999994,0,80167,125,16901542,459467
1,2758,46.762811375,0,74500,42,16491625,459467
1,2759,46.779519041,0,77500,41,16783791,473229
1,2760,46.796257333,0,70917,41,16599250,459467
1,2761,46.813159290999991,0,81541,0,16998625,447169
1,2762,46.82961633299999,0,82667,41,16481000,459467
1,2763,46.846157582999993,0,74459,0,16504708,445847
1,2764,46.86274620799999,0,78250,42,16580458,445705
1,2765,46.879432041,0,72583,42,16600625,431943
1,2766,46.914020124999993,0,82458,42,16692083,418181
1,2767,46.915594333,3888875,17567750,42,19325666,149113
1,2768,46.932566791,0,61250,0,17070167,418181
1,2769,46.94904541599999,0,104584,125,16484958,418181
1,2770,46.965719582999995,0,72167,41,16695084,433207
1,2771,46.982477540999994,0,81667,0,16779375,445705
1,2772,46.999114874999989,0,80458,42,16616750,445795
1,2773,47.015543374999993,0,73667,42,16498167,432143
1,2774,47.032114749999991,0,73875,41,16586375,445705
1,2775,47.049298999999991,0,72667,42,16983292,473281
1,2776,47.065569791,0,81708,83,16400250,445705
1,2777,47.082533040999991,0,82917,0,16900875,445705
1,2778,47.098930624999994,0,74959,42,16391958,431943
1,2779,47.115702040999992,0,80042,0,16898667,488455
1,2780,47.132315249999991,0,68084,42,16673250,500753
1,2781,47.166062,0,62875,0,16314792,473319
1,2782,47.167520874999994,3798792,17070042,41,18649250,148913
1,2783,47.184253708,0,54333,42,16814042,431943
1,2784,47.200957290999995,0,75833,0,16734042,459467
1,2785,47.217567375,0,72333,41,16574833,445905
1,2786,47.234393499999996,0,75375,41,16791458,445705
1,2787,47.25151975,0,77000,42,16699167,445757
1,2788,47.267440916,0,78625,42,16405292,446969
1,2789,47.284123707999996,0,71584,84,16586250,445705
1,2790,47.30115808299999,0,85334,42,17094667,445795
1,2791,47.317588582999988,0,73250,42,16396500,445905
1,2792,47.334144624999993,0,76458,41,16584250,445705
1,2793,47.351149374999991,0,76791,0,17002416,459467
1,2794,47.36774975,0,74459,84,16583250,445705
1,2795,47.384166957999994,0,75541,0,16406750,445705
1,2796,47.417618874999988,0,75166,42,16593333,459507
1,2797,47.419244499999991,3550417,16694209,41,18100375,149113
1,2798,47.435492458,0,52708,42,16669000,502017
1,2799,47.452520749999991,0,68875,42,17014958,473371
1,2800,47.469131915999995,0,77292,41,16593417,445705
1,2801,47.485611957999993,0,72834,41,16470709,459467
1,2802,47.502550375,0,78916,0,16923000,473229
1,2803,47.51919883299999,0,78584,41,16687375,445905
1,2804,47.535587041,0,73584,42,16271916,431943
1,2805,47.55248225,0,75334,0,16912459,445705
1,2806,47.568941208,0,78833,42,16497208,445705
1,2807,47.585703916,0,75292,83,16682708,446969
1,2808,47.602290208,0,77000,0,16608292,445795
1,2809,47.619110582999994,0,77375,42,16896167,445905
1,2810,47.635511541,0,73208,0,16392375,445705
1,2811,47.66975820799999,0,71250,0,16979458,500805
1,2812,47.670974375,3479833,17116959,41,18529041,148913
1,2813,47.687376915999991,0,49500,83,16277959,445705
1,2814,47.704408165999993,0,101500,625,16877333,459467
1,2815,47.7219985,0,80209,42,17406125,453901
1,2816,47.737552166,0,79250,125,15903958,411539
1,2817,47.754291040999988,0,80167,42,16674416,445705
1,2818,47.771082374999992,0,119750,42,16791625,445705
1,2819,47.787599040999993,0,78500,42,16507125,431943
1,2820,47.804325832999993,0,80000,42,16687667,431943
1,2821,47.821352166,0,76958,0,16908750,445905
1,2822,47.837644290999989,0,83583,0,16469625,431995
1,2823,47.854347457999992,0,74500,83,16509458,431943
1,2824,47.871557458,0,84000,0,16795750,431943
1,2825,47.887671958,0,71708,41,16686666,419535
1,2826,47.923031208,0,77875,41,16487917,431943
1,2827,47.9245605,4298375,18538833,84,20221375,149113
1,2828,47.941267083,0,59458,83,16770500,431943
1,2829,47.95789375,0,73541,42,16692792,431943
1,2830,47.974529499999989,0,78667,41,16693542,431943
1,2831,47.99103883299999,0,73542,83,16391292,431943
1,2832,48.007712874999996,0,77875,0,16727500,445905
1,2833,48.024677208,0,80292,42,16966416,433207
1,2834,48.041315999999995,0,76375,42,16609709,432085
1,2835,48.05778429099999,0,74500,84,16473250,431943
1,2836,48.074339374999994,0,75500,0,16501167,431943
1,2837,48.091262707999988,0,83208,41,16803875,445705
1,2838,48.107800499999996,0,94333,41,16686958,432143
1,2839,48.124409625,0,80792,41,16592541,431943
1,2840,48.14097787499999,0,81541,0,16578917,431943
1,2841,48.175691,0,80458,42,16801292,445705
1,2842,48.17759187499999,3912083,17787084,42,19253916,148913
1,2843,48.193980124999996,0,53125,42,16941417,433297
1,2844,48.210486249999988,0,73584,167,16494416,432143
1,2845,48.22690987499999,0,80750,41,16490708,445705
1,2846,48.24383216599999,0,72666,42,16892375,431995
1,2847,48.260369915999988,0,73500,0,16497042,431943
1,2848,48.276971915999994,0,75834,42,16594833,431943
1,2849,48.293735,0,76167,84,16692167,431943
1,2850,48.310320082999993,0,71333,41,16704209,432143
1,2851,48.327085165999989,0,74291,41,16789000,431943
1,2852,48.343947582999988,0,72375,0,16701167,433297
1,2853,48.360294791,0,77916,0,16391042,431943
1,2854,48.377280333,0,78834,42,16994292,445705
1,2855,48.393738125,0,76625,41,16408833,431943
1,2856,48.428793207999988,0,77000,42,16882250,445905
1,2857,48.430169541,3980458,17976209,42,19541084,148913
1,2858,48.446632291,0,56875,41,16543209,431995
1,2859,48.463130041,0,76334,41,16393208,418181
1,2860,48.480223541,0,80459,83,17134208,446969
1,2861,48.496580791,0,81541,42,16349167,418271
1,2862,48.513586040999996,0,76583,42,16996292,445905
1,2863,48.529842790999993,0,72417,42,16297834,431943
1,2864,48.54661075,0,76500,0,16698042,445705
1,2865,48.5633615,0,78834,42,16688125,431943
1,2866,48.579880207999992,0,78500,42,16602792,431943
1,2867,48.5965865,0,76083,42,16597666,431943
1,2868,48.613175165999991,0,75250,42,16687958,432143
1,2869,48.630219999999994,0,79417,83,16991958,433207
1,2870,48.664943707999996,0,78250,42,16399709,432085
1,2871,48.666454540999993,4018625,18153959,0,19731250,148913
1,2872,48.683054040999991,0,58125,41,16660958,418181
1,2873,48.699732,0,92209,42,16688583,431943
1,2874,48.716375375,0,86542,42,16588792,432143
1,2875,48.73290020799999,0,86792,41,16592417,431943
1,2876,48.749763625,0,75250,41,16798291,431943
1,2877,48.766326624999991,0,91000,41,16499417,418181
1,2878,48.782819332999992,0,89375,41,16673500,419445
1,2879,48.799968249999992,0,74375,42,16938417,445795
1,2880,48.8165875,0,75042,41,16794375,432143
1,2881,48.833259874999996,0,83791,42,16663583,431943
1,2882,48.849777540999995,0,74666,41,16491125,431995
1,2883,48.866368832999996,0,75666,41,16591083,431943
1,2884,48.883166374999988,0,75875,42,16485125,431943
1,2885,48.91758716599999,0,97458,42,16706708,431943
1,2886,48.919059999999988,3763584,17619084,333,19415375,149113
1,2887,48.935757624999994,0,54709,125,16771584,419445
1,2888,48.9523985,0,74917,41,16501875,432033
1,2889,48.96907675,0,85417,42,16691333,431943
1,2890,48.98586225,0,81583,41,16879833,431943
1,2891,49.00248329099999,0,81500,42,16488916,431943
1,2892,49.019023374999989,0,79584,41,16614500,432143
1,2893,49.035855915999988,0,76916,42,16884208,445705
1,2894,49.052597874999989,0,77167,125,16799875,445757
1,2895,49.069287457999991,0,72250,0,16593250,431943
1,2896,49.08574154099999,0,77209,42,16489375,433207
1,2897,49.10267804099999,0,85708,0,16893917,445795
1,2898,49.119007540999988,0,71916,42,16396750,432143
1,2899,49.136002041,0,74250,41,16896500,445705
1,2900,49.1707615,0,82834,42,16489625,431943
1,2901,49.1721965,3952666,18070917,42,19598125,148913
1,2902,49.188846375,0,55542,42,16792875,431943
1,2903,49.20538725,0,70125,42,16493500,431943
1,2904,49.221999290999989,0,74084,42,16703541,445905
1,2905,49.2386185,0,73083,42,16589583,433207
1,2906,49.25554395799999,0,70041,42,16888291,445847
1,2907,49.272177415999991,0,77042,41,16590250,431943
1,2908,49.288917833,0,76625,42,16602708,418181
1,2909,49.305419290999993,0,91292,41,16593791,431943
1,2910,49.322072416,0,72375,0,16691708,432143
1,2911,49.338794207999996,0,74125,42,16690625,445705
1,2912,49.355309915999996,0,77834,42,16491417,431943
1,2913,49.37212491599999,0,90000,42,16896333,445705
1,2914,49.388893374999995,0,72459,42,16700167,446969
1,2915,49.423626415999991,0,73416,42,16710250,445795
1,2916,49.425134082999989,3966917,17768042,42,19371542,149113
1,2917,49.441431083,0,59458,42,16409875,404471
1,2918,49.458446040999988,0,79792,0,16895416,445705
1,2919,49.475003457999989,0,107041,42,16673084,457727
1,2920,49.491312666,0,83292,42,16306500,445705
1,2921,49.508243707999995,0,76083,41,16985167,445905
1,2922,49.52467141599999,0,76458,41,16398250,418181
1,2923,49.541281375,0,80208,42,16595375,433297
1,2924,49.558327915999996,0,75750,42,17010583,445705
1,2925,49.574630458,0,83625,42,16282417,418181
1,2926,49.591765957999996,0,88125,41,17107916,459467
1,2927,49.607843249999988,0,84083,42,16185708,418381
1,2928,49.624978875,0,81125,41,16995791,459467
1,2929,49.64138324999999,0,81959,42,16472292,445757
1,2930,49.675203290999988,0,78458,84,16513791,445705
1,2931,49.676505541,3736833,17119000,41,18616459,148913
1,2932,49.69351108299999,0,52667,0,16971083,447059
1,2933,49.710248416,0,79000,42,16787584,445905
1,2934,49.726723291,0,73875,208,16504042,431943
1,2935,49.743402207999992,0,71667,42,16678375,473229
1,2936,49.76023225,0,81792,0,16795709,431943
1,2937,49.777083749999989,0,75000,42,16708125,445705
1,2938,49.79332295799999,0,95834,42,16302167,431943
1,2939,49.81041562499999,0,70500,83,17087209,487191
1,2940,49.826524582999994,0,76083,41,16194666,445705
1,2941,49.843190957999994,0,73584,42,16593625,447111
1,2942,49.860050415999993,0,76792,83,16892000,459467
1,2943,49.876991915999994,0,76291,42,16896083,473229
1,2944,49.893603708,0,75333,42,16593750,431943
1,2945,49.927474374999989,0,73958,42,16390000,445905
1,2946,49.928811290999988,3706791,17323958,42,18841167,148913
1,2947,49.945706,0,50500,125,16837875,459467
1,2948,49.962502790999991,0,131458,0,16705000,445705
1,2949,49.978874582999993,0,81500,0,16489125,431943
1,2950,49.995615625,0,77959,0,16601333,433297
1,2951,50.012153040999991,0,76958,166,16678333,445905
1,2952,50.02878525,0,70209,333,16610583,473229
1,2953,50.045673707999995,0,75833,41,16887792,473281
1,2954,50.062365290999992,0,76708,42,16701250,459467
1,2955,50.078794040999995,0,73833,42,16373375,445705
1,2956,50.095784208,0,85583,42,16911750,445705
1,2957,50.112269624999996,0,76000,0,16511125,432143
1,2958,50.128975125,0,76291,42,16761875,445705
1,2959,50.163319832999989,0,76333,0,16706375,460821
1,2960,50.164764915999996,3683375,17380417,0,19023833,148913
1,2961,50.18144345799999,0,51958,41,16673125,431943
1,2962,50.197817582999988,0,93708,42,16477042,445705
1,2963,50.214656582999993,0,70167,83,16797125,473429
1,2964,50.231299041,0,74333,42,16709125,459467
1,2965,50.247842166,0,66709,0,16494875,445757
1,2966,50.264277041,0,80291,42,16491458,445705
1,2967,50.28170154099999,0,74167,42,16883417,459467
1,2968,50.298094332999995,0,74667,84,16814500,447059
1,2969,50.314533540999989,0,71500,42,16488375,459667
1,2970,50.331343790999995,0,70584,83,16793292,445705
1,2971,50.347652874999994,0,79917,41,16388542,445705
1,2972,50.364416124999991,0,70125,42,16698958,459467
1,2973,50.381123915999993,0,72042,41,16692625,445705
1,2974,50.414768291,0,72500,84,16522291,459507
1,2975,50.41610691599999,3666750,16862042,0,18360667,149113
1,2976,50.433022874999992,0,53583,83,16985833,460731
1,2977,50.449804207999989,0,71500,42,16792667,459609
1,2978,50.466213749999994,0,68917,83,16414541,445705
1,2979,50.483139957999995,0,72709,42,16891834,459467
1,2980,50.499844333,0,74000,42,16591625,459467
1,2981,50.516462166,0,72292,42,16694250,445905
1,2982,50.5330855,0,81625,83,16600166,459467
1,2983,50.549567124999996,0,73708,42,16591500,459467
1,2984,50.566047749999996,0,71291,42,16402125,445705
1,2985,50.582819207999989,0,76500,42,16472833,439939
1,2986,50.599927749999992,0,74625,0,17314709,480349
1,2987,50.616411875,0,74583,42,16480125,418381
1,2988,50.633331625,0,80916,42,16914000,431943
1,2989,50.667398707999993,0,78042,41,16687208,431995
1,2990,50.668770624999993,3658209,17201750,42,18715333,149463
1,2991,50.685085415999993,0,57709,41,16352542,404865
1,2992,50.701923124999993,0,90417,42,16811250,446151
1,2993,50.718173707999995,0,86375,84,16274917,418827
1,2994,50.735193541,0,87500,41,17008416,433653
1,2995,50.751444124999992,0,81917,42,16293291,418717
1,2996,50.768278916,0,74167,42,16903500,459913
1,2997,50.78512175,0,72375,42,16789875,459913
1,2998,50.801687915999992,0,74250,42,16500125,446151
1,2999,50.818191082999988,0,79958,42,16487375,446351
1,3000,50.834894707999993,0,84000,42,16703375,473675
1,3001,50.851929958,0,80958,41,17087583,459965
1,3002,50.868314583,0,82125,42,16373792,446151
1,3003,50.885251791,0,75542,41,16912750,447415
2,3005,50.92801399999999,0,0,0,0,0
2,3006,50.935215540999991,58625,2182916,41,17004750,875994
2,3007,50.951729625,0,75834,41,16491041,459785
2,3008,50.968168874999989,0,77833,41,16397541,432261
2,3009,50.98523025,0,79292,41,17090584,459785
2,3010,51.001488208,0,78667,125,16200167,432261
2,3011,51.018421082999993,0,81083,41,16900125,446223
2,3012,51.034983624999995,0,83916,42,16579959,433525
2,3013,51.051425374999994,0,82500,42,16492291,446165
2,3014,51.068305458,0,80250,0,16781792,459785
2,3015,51.085083583,0,79750,41,16813750,446023
2,3016,51.101500625,0,83375,0,16393958,432261
2,3017,51.118129874999994,0,81416,42,16690417,459985
2,3018,51.13505808299999,0,80375,42,16897209,446023
2,3019,51.151839124999995,0,82083,41,16779666,446023
2,3020,51.168021083,0,79875,41,15995875,280879
2,3021,51.19023387499999,0,98625,42,17402000,151255
2,3022,51.20226920799999,57875,2134667,125,16704042,225427
2,3023,51.221257749999992,0,126959,42,18917666,61015
2,3024,51.235078290999994,0,91584,42,14162292,336055
2,3025,51.25182491599999,0,79209,42,16698292,459965
2,3026,51.268405665999992,0,85750,42,16582875,446151
2,3027,51.285032957999988,0,86250,41,16697667,432389
2,3028,51.301902125,0,77583,84,16699958,459913
2,3029,51.31852929099999,0,91250,0,16687791,432589
2,3030,51.33522649999999,0,90750,42,16692833,433653
2,3031,51.351560707999994,0,80708,41,16412584,418717
2,3032,51.368236165999988,0,78084,42,16692750,446151
2,3033,51.385160833,0,78333,42,16886333,459913
2,3034,51.401447332999993,0,76916,0,16293875,459913
2,3035,51.420723083,0,82583,42,17098208,460113
2,3036,51.43506245799999,53459,2083625,42,16504125,383429
2,3037,51.451411999999991,0,82458,41,16379875,418551
2,3038,51.468574249999989,0,80125,83,17108417,446023
2,3039,51.485265083,0,82417,41,16672875,433525
2,3040,51.50176695799999,0,83000,42,16586625,528685
2,3041,51.518235332999993,0,70833,41,16495958,542557
2,3042,51.534770666,0,71292,0,16497208,528595
2,3043,51.551803249999992,0,72791,0,16995208,487309
2,3044,51.56829725,0,78666,42,16411417,459785
2,3045,51.585197499999992,0,85500,0,16988959,487309
2,3046,51.601585415999992,0,79000,42,16304375,473547
2,3047,51.618360083,0,82292,166,16793125,487509
2,3048,51.635307999999995,0,80792,0,16586708,454019
2,3049,51.651597791,0,79417,41,16673833,460273
2,3050,51.668206833,0,82208,83,16595833,473547
2,3051,51.687142249999994,0,82750,42,16715500,459785
2,3052,51.7017065,60084,2140250,41,16694541,384093
2,3053,51.718580040999996,0,84208,0,16789084,446351
2,3054,51.734794374999993,0,94375,0,16380000,459913
2,3055,51.751727415999994,0,77542,0,16993875,514961
2,3056,51.768154291,0,66458,42,16400250,528723
2,3057,51.785399999999996,0,71959,42,16908958,481671
2,3058,51.801792291,0,78500,0,16600667,480795
2,3059,51.818514707999995,0,75125,41,16790958,487637
2,3060,51.83509416599999,0,79625,42,16500917,446151
2,3061,51.851598749999994,0,83916,42,16482250,459965
2,3062,51.868228207999991,0,82416,41,16696458,446151
2,3063,51.885229541,0,77541,0,16982208,473675
2,3064,51.901769832999989,0,78708,41,16486625,446151
2,3065,51.92090075,0,78375,42,16824958,460113
2,3066,51.936074749999989,57166,2153292,42,16873834,379417
2,3067,51.951593040999995,0,100084,0,16086916,398095
2,3068,51.968354082999994,0,82208,42,16802000,446023
2,3069,51.985334458,0,81417,41,16791833,432261
2,3070,52.001989083,0,100208,0,16801125,432261
2,3071,52.018267333,0,83125,42,16300167,418699
2,3072,52.034985499999991,0,87833,167,16595416,432261
2,3073,52.051482624999991,0,89083,41,16591125,446075
2,3074,52.068269665999992,0,85000,42,16776708,446023
2,3075,52.085924332999994,0,84291,42,17405459,467781
2,3076,52.1015355,0,79458,41,15796959,411857
2,3077,52.118375540999992,0,82500,42,16893125,459985
2,3078,52.135065458,0,78250,0,16493125,459785
2,3079,52.151641,0,91209,41,16796375,418499
2,3080,52.170487166,0,81583,0,16780500,514833
2,3081,52.185088083,56917,2091709,41,16707417,453601
2,3082,52.201528124999996,0,76167,42,16387291,501199
2,3083,52.218365207999994,0,73792,0,16717625,460113
2,3084,52.235381041,0,82542,42,16694417,418627
2,3085,52.251811290999996,0,76541,42,16892542,488843
2,3086,52.268652249999988,0,80958,41,16781708,459913
2,3087,52.28502125,0,85084,41,16378083,446151
2,3088,52.301862457999988,0,78708,42,16813334,446151
2,3089,52.318408624999989,0,85292,42,16380500,446351
2,3090,52.33500137499999,0,91083,41,16703416,432389
2,3091,52.351604874999992,0,80125,41,16684666,459913
2,3092,52.368518166,0,78583,42,16908875,473675
2,3093,52.385530915999993,0,77500,125,16482791,432389
2,3094,52.401924707999996,0,80209,42,16792084,447505
2,3095,52.418214249999991,0,76833,42,16315875,432589
2,3096,52.437598458,0,82042,41,17086250,459913
2,3097,52.451573916,53666,2201667,42,16280000,398671
2,3098,52.468467165999996,0,77750,41,16993334,542357
2,3099,52.485085665999989,0,72375,42,16595417,542357
2,3100,52.501789875,0,74917,0,16613709,514833
2,3101,52.518301083,0,82500,166,16494084,459985
2,3102,52.535636249999996,0,84417,41,16879792,473547
2,3103,52.551576708,0,86000,41,16408750,447377
2,3104,52.568338415999989,0,83333,42,16796125,446023
2,3105,52.585111208,0,75959,41,16691291,446023
2,3106,52.60171420799999,0,86000,42,16395291,432261
2,3107,52.618205165999996,0,83125,42,16695125,432461
2,3108,52.635120665999992,0,78458,0,16994041,446023
2,3109,52.651884624999994,0,74875,42,16688375,446075
2,3110,52.670743790999992,0,82791,41,16584250,446023
2,3111,52.685250999999994,58500,2226833,0,16612458,385649
2,3112,52.701804791,0,104375,41,16772042,475029
2,3113,52.7184185,0,74709,41,16595000,487637
2,3114,52.735070999999991,0,81625,42,16619708,514961
2,3115,52.751532540999989,0,76500,42,16487958,432389
2,3116,52.768481749999992,0,80750,83,16895833,459913
2,3117,52.785240832999989,0,77583,42,16786084,459913
2,3118,52.801879540999991,0,78458,41,16601125,432389
2,3119,52.818148749999992,0,77917,42,16280041,432589
2,3120,52.835000916,0,80625,41,16889042,459913
2,3121,52.85173241599999,0,76625,42,16693583,461319
2,3122,52.86854358299999,0,79209,42,16814208,446151
2,3123,52.885150791,0,92709,0,16589125,432389
2,3124,52.901502499999992,0,78625,41,16296500,459913
2,3125,52.920984415999996,0,80250,42,16996708,446351
2,3126,52.935120583,53958,2389291,42,16697334,385363
2,3127,52.951523374999994,0,78583,42,16388000,446023
2,3128,52.968527291,0,77333,42,16895000,459785
2,3129,52.984864540999993,0,79542,41,16394792,418499
2,3130,53.00193716599999,0,80292,42,16994833,447377
2,3131,53.01814645799999,0,87834,42,16296125,418699
2,3132,53.035260416,0,81083,42,17088375,473547
2,3133,53.051721582999988,0,86375,42,16475250,446075
2,3134,53.068221499999993,0,78625,0,16521958,446023
2,3135,53.085334374999988,0,82458,42,16985625,459785
2,3136,53.10153408299999,0,85916,42,16198500,418499
2,3137,53.118322124999992,0,81542,42,16868709,459985
2,3138,53.135119082999992,0,75250,0,16814959,459785
2,3139,53.15161775,0,75375,42,16496834,433615
2,3140,53.1713235,0,81291,0,16694208,446023
2,3141,53.185290583,70166,2449208,0,16881833,388203
2,3142,53.201684665999991,0,75167,42,16407625,459913
2,3143,53.218555166,0,80541,41,16889083,446351
2,3144,53.23527104099999,0,83750,42,16686292,446151
2,3145,53.251499583,0,77167,42,16300875,432441
2,3146,53.268099082999996,0,78833,42,16600042,446151
2,3147,53.285015832999989,0,74417,41,16882500,473675
2,3148,53.301736332999994,0,72000,41,16688042,447505
2,3149,53.318448124999989,0,71250,0,16714667,460113
2,3150,53.334953125,0,80333,41,16486208,446151
2,3151,53.351460124999988,0,77125,41,16506166,446151
2,3152,53.3685665,0,79375,41,17089000,459913
2,3153,53.384957375,0,85000,41,16397916,432389
2,3154,53.401685582999988,0,81625,83,16694250,446191
2,3155,53.421145083,0,78083,42,16893333,460113
2,3156,53.435136207999989,53000,2399917,41,16597584,386669
2,3157,53.451813040999994,0,80500,41,16586083,447429
2,3158,53.468439582999991,0,83583,42,16597208,432261
2,3159,53.485252582999991,0,87250,83,16896125,459785
2,3160,53.501568332999994,0,81916,84,16295167,446023
2,3161,53.51834875,0,83833,83,16789417,459985
2,3162,53.535229790999992,0,81167,42,16909084,446023
2,3163,53.551875040999988,0,85250,0,16589292,446023
2,3164,53.568399875,0,84042,41,16485708,446023
2,3165,53.585163333,0,83125,42,16794709,459785
2,3166,53.601832290999994,0,88416,41,16593125,433615
2,3167,53.618402207999992,0,82250,42,16675625,446223
2,3168,53.634824666,0,82916,42,16416542,459785
2,3169,53.651721458,0,80250,0,16807792,473599
2,3170,53.670834875,0,79708,84,16764166,459785
2,3171,53.684832875,57834,2313083,42,16408666,373347
2,3172,53.701765874999992,0,78542,42,16784250,459913
2,3173,53.718587833,0,84583,42,16906250,432589
2,3174,53.735402624999992,0,79542,41,16694584,432389
2,3175,53.751432874999992,0,91875,42,16194209,406219
2,3176,53.768390916,0,80167,84,16974458,542485
2,3177,53.784945124999993,0,77458,41,16593375,542485
2,3178,53.802101791,0,75125,41,16814500,514961
2,3179,53.818292833,0,88000,42,16398333,432589
2,3180,53.835043708,0,79792,0,16777875,459913
2,3181,53.851675125,0,78750,42,16611625,459965
2,3182,53.868135624999994,0,83208,42,16482709,473675
2,3183,53.884892749999992,0,81041,41,16704084,432389
2,3184,53.901685125,0,82333,42,16692958,433743
2,3185,53.920783415999992,0,81125,42,16772000,446351
2,3186,53.934937707999993,52375,2389958,42,16618458,373413
2,3187,53.951606583,0,79041,42,16774042,501071
2,3188,53.96844,0,73375,167,16801041,542357
2,3189,53.985009624999989,0,71625,84,16492750,528595
2,3190,54.001659124999989,0,79250,0,16589084,459785
2,3191,54.01823083299999,0,84041,41,16619625,473747
2,3192,54.035039665999989,0,80959,0,16793084,473547
2,3193,54.051632208,0,77250,42,16578833,474953
2,3194,54.06824095799999,0,81000,42,16594083,459785
2,3195,54.084838665999996,0,82291,41,16609292,459785
2,3196,54.101647375,0,82333,41,16771250,473547
2,3197,54.118604999999988,0,82750,0,16908958,459985
2,3198,54.13504108299999,0,81667,84,16500458,446023
2,3199,54.151857832999994,0,81833,42,16796042,446023
2,3200,54.171737457999996,0,83834,41,16695917,432261
2,3201,54.185081874999995,69917,2759292,42,16573125,401377
2,3202,54.20180904099999,0,76459,42,16696541,530077
2,3203,54.218221165999992,0,70458,0,16494959,460113
2,3204,54.235161207999994,0,71458,0,16817750,514961
2,3205,54.251535957999991,0,78083,0,16387958,459965
2,3206,54.268435624999995,0,78333,125,16883583,459913
2,3207,54.284969082999993,0,85333,41,16509416,459913
2,3208,54.301681165999995,0,85708,42,16696708,459913
2,3209,54.318425624999989,0,77250,41,16769291,446351
2,3210,54.334920458,0,78792,41,16512708,446151
2,3211,54.351645332999993,0,73917,41,16685583,447505
2,3212,54.36851999999999,0,82167,42,16903417,459913
2,3213,54.384930958,0,79125,42,16399000,418627
2,3214,54.401858290999996,0,78375,42,16775292,432389
2,3215,54.421064540999993,0,78416,42,16714042,418827
2,3216,54.435081165999989,54250,2446000,0,16573458,387681
2,3217,54.451923624999992,0,83625,42,16815125,432313
2,3218,54.46831645799999,0,83875,42,16471666,432261
2,3219,54.48494199999999,0,79000,42,16697000,514833
2,3220,54.501558165999995,0,72167,42,16491833,502425
2,3221,54.518420082999995,0,82375,42,16914833,528795
2,3222,54.534852290999993,0,77167,41,16403417,459785
2,3223,54.551768833,0,83959,83,16872708,459785
2,3224,54.5682465,0,83125,41,16504708,446023
2,3225,54.585118499999993,0,89750,0,16786375,459785
2,3226,54.601785249999992,0,86167,42,16507292,446023
2,3227,54.618154915999995,0,76459,84,16603542,418699
2,3228,54.63489041599999,0,84833,42,16685125,459785
2,3229,54.651557791,0,84959,42,16697625,406143
2,3230,54.671438916,0,82834,0,16798416,459785
2,3231,54.684958291,59167,2584750,83,16595125,374967
2,3232,54.701681916,0,96417,0,16670041,473675
2,3233,54.718244915999989,0,78334,41,16617333,446351
2,3234,54.734969582999994,0,80542,0,16688833,446151
2,3235,54.751664624999989,0,82041,41,16691250,432389
2,3236,54.768257707999993,0,83459,41,16593083,459913
2,3237,54.785272291,0,82125,41,17000833,446151
2,3238,54.801684874999992,0,85209,41,16388750,433743
2,3239,54.818428540999989,0,79458,41,16790250,460113
2,3240,54.835040832999994,0,81875,42,16600042,446151
2,3241,54.851967915999992,0,79083,42,16876958,446203
2,3242,54.868338291,0,82583,42,16398958,432389
2,3243,54.884856040999992,0,77166,41,16513500,446151
2,3244,54.901718957999989,0,79334,42,16786042,446151
2,3245,54.920861415999994,0,79500,42,16877833,501399
2,3246,54.934802499999989,50292,2386709,0,16389458,456997
2,3247,54.951573290999988,0,71917,41,16622000,474901
2,3248,54.968423625,0,84416,0,16890083,473547
2,3249,54.984960165999993,0,79458,42,16481500,459785
2,3250,55.001573749999991,0,80542,84,16592875,473547
2,3251,55.018337957999989,0,82167,42,16810333,446223
2,3252,55.035133707999989,0,78000,42,16687959,432261
2,3253,55.051765707999991,0,88458,41,16693083,432313
2,3254,55.068417666,0,82167,83,16678167,446023
2,3255,55.085022624999993,0,77417,42,16513333,446023
2,3256,55.101719165999995,0,82625,125,16691792,447377
2,3257,55.118458499999988,0,77542,41,16809959,432461
2,3258,55.134867790999991,0,81750,42,16383083,432261
2,3259,55.151735790999993,0,83166,84,16981167,487309
2,3260,55.170655333,0,71791,167,16493750,528595
2,3261,55.18476016599999,56209,2390959,42,16508792,471279
2,3262,55.201502291,0,73083,166,16602041,446151
2,3263,55.218426166,0,77000,42,16986375,473875
2,3264,55.23511087499999,0,78458,42,16585500,446151
2,3265,55.25187925,0,86417,0,16805459,461319
2,3266,55.268270375,0,79583,41,16392917,432389
2,3267,55.285027833,0,79792,41,16797500,446151
2,3268,55.30175041599999,0,77333,0,16594417,446151
2,3269,55.318231708,0,80750,42,16574209,473875
2,3270,55.334854957999994,0,82583,41,16620167,432389
2,3271,55.351582124999993,0,83250,125,16694125,446151
2,3272,55.36832579099999,0,83792,42,16785709,446151
2,3273,55.384813374999993,0,81375,250,16495167,446151
2,3274,55.401451749999993,0,79583,42,16597542,447505
2,3275,55.421377582999995,0,78958,83,17091833,460113
2,3276,55.43488391599999,60416,2664875,42,16375000,374931
2,3277,55.451801582999991,0,79959,42,16911000,459837
2,3278,55.468276665999994,0,79583,0,16378958,432261
2,3279,55.484930999999989,0,84750,0,16716250,459785
2,3280,55.501605624999996,0,81541,83,16593167,459785
2,3281,55.518492208,0,81917,42,16891083,446223
2,3282,55.535062958,0,78416,41,16590750,432261
2,3283,55.551775791,0,81166,42,16695292,447377
2,3284,55.568224875,0,82041,83,16490791,446023
2,3285,55.585123208,0,79875,125,16901208,446023
2,3286,55.60190679099999,0,75084,83,16687000,459785
2,3287,55.618576291,0,77542,0,16700792,459985
2,3288,55.634836874999991,0,82083,125,16299791,446023
2,3289,55.651422666,0,79834,42,16598750,446075
2,3290,55.671063290999996,0,77042,42,17084209,473547
2,3291,55.68485445799999,62417,2470250,291,16297916,389133
2,3292,55.701880457999991,0,79125,41,16990375,461267
2,3293,55.718190082999996,0,77084,42,16297542,432589
2,3294,55.734846041,0,89500,42,16695417,446151
2,3295,55.7514515,0,79000,41,16590709,459913
2,3296,55.768513833,0,78500,42,17086791,473675
2,3297,55.785236915999988,0,75792,0,16700875,432389
2,3298,55.80191375,0,75541,42,16585500,446151
2,3299,55.818195415999995,0,82500,42,16308167,418827
2,3300,55.835192457999995,0,83208,42,16991667,459913
2,3301,55.85184475,0,85583,41,16692875,420033
2,3302,55.868479499999992,0,80416,0,16473958,432389
2,3303,55.88493566599999,0,105000,42,16620375,459913
2,3304,55.901868124999993,0,80041,42,16782333,446151
2,3305,55.920763541,0,86834,42,16682083,487637
2,3306,55.934867249999996,50458,2370875,125,16496416,461145
2,3307,55.951412790999996,0,77208,41,16590042,542357
2,3308,55.968256458,0,70541,42,16796208,501071
2,3309,55.984918249999993,0,75958,42,16594666,473547
2,3310,56.001664041,0,82708,83,16717541,461139
2,3311,56.018396999999993,0,82291,84,16779250,473747
2,3312,56.035083,0,76208,83,16415209,143259
2,3313,56.052680041,0,98375,42,17589042,143311
2,3314,56.078913540999991,0,135500,42,26028791,101973
2,3315,56.085202583,0,86917,42,6644417,143259
2,3316,56.101569833,0,85917,42,16399458,418499
2,3317,56.118268415999992,0,77084,83,16799666,473747
2,3318,56.135104708,0,73708,83,16777791,501071
2,3319,56.151664124999996,0,80542,42,16522542,474901
2,3320,56.168288790999995,0,80833,83,16562750,459785
2,3321,56.187803957999989,0,81625,42,16813709,446023
2,3322,56.201844541,60208,2599083,41,16700708,391207
2,3323,56.218439665999995,0,89292,0,16578791,432589
2,3324,56.235157290999993,0,87709,41,16694709,459913
2,3325,56.251487333,0,88334,42,16404708,418679
2,3326,56.268406833,0,85917,83,16886292,473675
2,3327,56.285138124999989,0,84708,41,16789292,432389
2,3328,56.301504291,0,81584,0,16313375,419981
2,3329,56.318513874999994,0,82917,41,16991875,460113
2,3330,56.335252833,0,85500,41,16776416,446151
2,3331,56.351476332999994,0,83583,42,16208500,432389
2,3332,56.368479666,0,93041,41,16996209,446151
2,3333,56.384985582999988,0,84917,0,16496292,432389
2,3334,56.401656375,0,96541,42,16692000,459953
2,3335,56.420703875,0,77375,83,16669917,528923
2,3336,56.434845708,51042,2446666,0,16603583,473845
2,3337,56.451496416,0,80250,41,16586167,488715
2,3338,56.468392416,0,84958,42,16897208,473547
2,3339,56.48500675,0,76375,42,16600250,501071
2,3340,56.501837374999994,0,80834,41,16713708,487309
2,3341,56.518452874999994,0,92833,42,16668833,473747
2,3342,56.534850957999993,0,79625,0,16401500,446023
2,3343,56.551750125,0,82042,42,16911417,459785
2,3344,56.568561165999995,0,83500,41,16781333,459785
2,3345,56.584928749999989,0,80625,42,16408708,446023
2,3346,56.602036333,0,79375,0,16871084,461139
2,3347,56.618181832999994,0,79166,0,16314917,432461
2,3348,56.635114915999992,0,88459,41,16980583,459785
2,3349,56.651630958,0,76125,42,16588917,487361
2,3350,56.668092082999991,0,71666,41,16497209,542357
2,3351,56.687282999999994,0,71250,42,16644291,542357
2,3352,56.701580749999991,59834,2430583,0,16664541,419237
2,3353,56.71830525,0,77625,41,16774667,460113
2,3354,56.735084,0,78625,41,16716583,473675
2,3355,56.751455666,0,82416,83,16393583,447505
2,3356,56.768266208,0,76458,0,16801792,446151
2,3357,56.785240207999991,0,82167,41,16986250,473675
2,3358,56.801776082999993,0,80417,84,16476625,487437
2,3359,56.818182416,0,81458,42,16490041,446351
2,3360,56.835042915999992,0,78792,42,16713708,446151
2,3361,56.851607582999989,0,88667,41,16596000,418679
2,3362,56.868256375,0,89791,42,16686791,432389
2,3363,56.885086582999989,0,90833,0,16802500,432389
2,3364,56.901828666,0,88333,42,16691375,433743
2,3365,56.920984624999988,0,82375,42,16603125,432589
2,3366,56.935063125,52792,2556167,42,16771625,419303
2,3367,56.951744124999991,0,73666,84,16692250,528595
2,3368,56.968171749999996,0,74750,209,16414250,501071
2,3369,56.985160916,0,79083,0,16902958,473547
2,3370,57.001570040999994,0,84542,42,16384500,446023
2,3371,57.018287625,0,80584,41,16692292,473747
2,3372,57.035280457999988,0,86708,41,16998625,473547
2,3373,57.051998,0,85791,41,16594209,433667
2,3374,57.06853375,0,87292,42,16677709,432261
2,3375,57.084993958,0,81708,83,16410333,446023
2,3376,57.101514166,0,79250,42,16511000,432261
2,3377,57.118374040999996,0,84875,84,16878000,459985
2,3378,57.135243875,0,88667,41,16902625,432261
2,3379,57.151447415999996,0,85458,41,16176083,473547
2,3380,57.168226499999989,0,82000,42,16699166,446023
2,3381,57.187666916,0,87500,83,16700334,459785
2,3382,57.201753165999989,60708,2570917,41,16790209,379811
2,3383,57.218388665999996,0,79000,41,16697208,446351
2,3384,57.235091083,0,84708,42,16694250,432389
2,3385,57.251486375,0,86583,41,16391000,446203
2,3386,57.268466832999991,0,86500,42,16994625,459913
2,3387,57.284864999999996,0,84208,42,16378500,446151
2,3388,57.301741041,0,84958,42,16810958,446151
2,3389,57.318576249999992,0,81500,42,16889459,446351
2,3390,57.33511141599999,0,77709,0,16491000,432389
2,3391,57.351450540999991,0,85917,0,16394375,419981
2,3392,57.368191333,0,80042,42,16805292,459913
2,3393,57.385220582999992,0,76833,41,17003041,542485
2,3394,57.401527375,0,77500,42,16263584,528723
2,3395,57.420932916,0,79750,42,16713750,473875
2,3396,57.43506820799999,52291,2517084,83,16803250,392285
2,3397,57.451642541,0,83667,42,16587417,459837
2,3398,57.468439707999991,0,83333,42,16792834,459785
2,3399,57.485075208,0,83375,42,16597083,446023
2,3400,57.501654,0,83333,41,16491208,433615
2,3401,57.518553374999996,0,94000,42,16993584,446223
2,3402,57.535242249999996,0,80875,42,16698791,446023
2,3403,57.551681790999993,0,84042,42,16386000,446023
2,3404,57.568199166,0,84208,41,16500458,446023
2,3405,57.58497025,0,87875,42,16786458,446023
2,3406,57.601846416,0,85375,42,16893209,446023
2,3407,57.618566040999994,0,75292,42,16713125,446223
2,3408,57.635055291,0,90209,41,16470209,446023
2,3409,57.651952832999996,0,80125,84,16905667,447429
2,3410,57.668172040999991,0,86208,41,16197209,446023
2,3411,57.687492082999995,0,83459,42,16678416,446023
2,3412,57.701751540999993,57834,2545166,0,16900875,392725
2,3413,57.718144541,0,81875,41,16485708,528923
2,3414,57.735054957999992,0,72084,0,16897584,542485
2,3415,57.751730124999995,0,70167,83,16613250,487437
2,3416,57.768568207999991,0,78000,41,16800958,473675
2,3417,57.785058541,0,86333,0,16484250,446151
2,3418,57.801588041,0,84250,41,16499875,447415
2,3419,57.818355708,0,78875,42,16793792,460203
2,3420,57.834829082999988,0,80083,41,16493375,446151
2,3421,57.851753625,0,84625,42,16891084,484212
2,3422,57.868175291,0,81958,83,16394542,446151
2,3423,57.884856125,0,88792,42,16689709,447295
2,3424,57.901569416,0,77083,0,16699625,446151
2,3425,57.921236541,0,78417,0,16988583,460113
2,3426,57.935120458,52541,2531166,0,16580166,379029
2,3427,57.95186970799999,0,79083,0,16696917,472855
2,3428,57.968123207999994,0,88708,0,16314959,432351
2,3429,57.984914915999994,0,90167,42,16795000,459785
2,3430,58.001644458,0,86208,41,16667916,473547
2,3431,58.018144499999991,0,78833,41,16520166,446223
2,3432,58.035250749999989,0,81583,83,17096500,459785
2,3433,58.05148445799999,0,79125,125,16189333,432261
2,3434,58.068377375,0,79625,83,16971834,459837
2,3435,58.085045166,0,81541,41,16617500,446023
2,3436,58.101678666,0,75583,41,16596166,447287
2,3437,58.118243624999991,0,76250,0,16584125,446313
2,3438,58.1349525,0,82583,0,16706917,459785
2,3439,58.151467833,0,82166,41,16482417,432261
2,3440,58.17084483299999,0,84083,42,16880625,459785
2,3441,58.185174124999989,57292,2431292,41,16814375,392903
2,3442,58.2015615,0,81750,41,16398417,459913
2,3443,58.218629124999993,0,81750,83,17087916,487637
2,3444,58.235186458,0,83542,83,16508667,446151
2,3445,58.251435833,0,82708,42,16289084,433653
2,3446,58.268405915999992,0,79000,41,16971875,473817
2,3447,58.285076374999989,0,80250,42,16691375,459913
2,3448,58.301710833,0,79792,42,16510791,446151
2,3449,58.318187541,0,82416,0,16498708,432589
2,3450,58.335065207999989,0,91208,42,16905958,446151
2,3451,58.35156783299999,0,78959,41,16465125,446151
2,3452,58.368363790999993,0,86000,83,16791625,446151
2,3453,58.384988666,0,85000,42,16601625,459913
2,3454,58.401493332999991,0,80208,42,16510875,433653
2,3455,58.418137125,0,80042,42,16694375,460203
2,3456,58.437729790999995,0,79333,42,16890917,459913
2,3457,58.451541707999993,51500,2560125,42,16498375,378887
2,3458,58.468607332999994,0,81750,41,16888666,459837
2,3459,58.48505154099999,0,98333,42,16599500,432261
2,3460,58.501500166,0,78917,42,16396875,432261
2,3461,58.518404165999996,0,90167,42,16969917,473747
2,3462,58.535016583,0,80792,0,16514084,446023
2,3463,58.551677833,0,89458,41,16704250,461049
2,3464,58.568338749999995,0,83292,42,16665375,473637
2,3465,58.585060958,0,82458,42,16701834,459785
2,3466,58.60175799999999,0,81042,83,16601667,446023
2,3467,58.618513582999995,0,89458,0,16690959,418699
2,3468,58.635171040999992,0,98042,41,16811625,432261
2,3469,58.651602083,0,86417,0,16384708,432261
2,3470,58.670730457999994,0,85375,42,16778875,473599
2,3471,58.684859875,55958,2421209,125,16595541,449071
2,3472,58.701480957999991,0,76125,42,16592959,529987
2,3473,58.718488499999992,0,76333,42,16891834,487727
2,3474,58.734962165999988,0,83625,42,16515250,432389
2,3475,58.751527499999995,0,80667,0,16571833,459913
2,3476,58.768185875,0,79875,83,16620667,459913
2,3477,58.785523790999989,0,89208,41,17080875,459913
2,3478,58.801927291,0,121625,42,16600292,432389
2,3479,58.81842083299999,0,90084,42,16590666,432589
2,3480,58.834995707999994,0,82458,84,16505000,432389
2,3481,58.851754708,0,81750,41,16771750,461177
2,3482,58.868462749999992,0,80708,41,16713250,473817
2,3483,58.88492137499999,0,92875,41,16477792,487437
2,3484,58.901972375,0,78500,42,17009166,528723
2,3485,58.92080125,0,80958,41,16292917,460113
2,3486,58.9350015,51750,2498209,41,16690833,406411
2,3487,58.951639082999989,0,77125,167,16697791,473547
2,3488,58.968426291,0,88000,0,16792833,446023
2,3489,58.985187290999988,0,81709,41,16794333,459785
2,3490,59.001729458,0,79292,0,16470375,447287
2,3491,59.0185525,0,81042,41,16815292,446313
2,3492,59.035239082999993,0,86417,41,16698958,446023
2,3493,59.051654125,0,83459,83,16366916,473547
2,3494,59.068311666,0,86000,42,16610500,432313
2,3495,59.085083916,0,90917,0,16796292,432261
2,3496,59.101496333,0,86500,166,16392917,432261
2,3497,59.118471125,0,82792,83,17081875,515033
2,3498,59.134835749999993,0,74750,42,16394792,528595
2,3499,59.151723207999993,0,74333,41,16704125,474811
2,3500,59.171078832999996,0,90500,41,16806125,459875
2,3501,59.1849105,57792,2550625,0,16491125,379141
2,3502,59.201863040999996,0,77583,42,16885667,473675
2,3503,59.218256499999995,0,79542,42,16406292,460113
2,3504,59.23524866599999,0,80625,41,16994583,446151
2,3505,59.251864499999996,0,79916,41,16493916,446151
2,3506,59.268156082999994,0,84041,83,16399458,432441
2,3507,59.28507012499999,0,85208,0,16910583,446151
2,3508,59.301840290999991,0,86792,42,16673959,433653
2,3509,59.318401791,0,87167,0,16596042,418917
2,3510,59.335253624999993,0,83583,41,16876167,446151
2,3511,59.351641457999989,0,85458,41,16307375,432389
2,3512,59.368174999999994,0,87500,42,16596500,432389
2,3513,59.38485675,0,81709,41,16688584,446151
2,3514,59.401792582999988,0,81292,83,16903583,459953
2,3515,59.418177332999988,0,83250,42,16386208,432589
2,3516,59.437755583,0,82083,42,16893833,459913
2,3517,59.451681499999992,52000,2556209,42,16596083,380151
2,3518,59.468451207999991,0,84416,42,16794583,467366
2,3519,59.485017165999992,0,82958,42,16489791,450293
2,3520,59.501610540999991,0,87334,84,16593208,418499
2,3521,59.518290374999992,0,81500,0,16685000,446223
2,3522,59.534754457999995,0,81875,42,16364125,418499
2,3523,59.551448416,0,95000,0,16835209,432261
2,3524,59.568203791,0,80917,41,16683417,432261
2,3525,59.584910332999996,0,93250,42,16810542,459785
2,3526,59.601520457999996,0,77666,84,16574917,502335
2,3527,59.618181582999995,0,79959,41,16693834,542647
2,3528,59.634944957999991,0,76667,42,16711125,459785
2,3529,59.651925957999993,0,81250,41,16880417,446023
2,3530,59.671137,0,82500,83,16596875,432313
2,3531,59.685299665999992,67042,2551875,84,16792042,379141
2,3532,59.701919415999996,0,87542,42,16607292,432389
2,3533,59.718467625,0,84417,41,16597834,446351
2,3534,59.735260458,0,79542,41,16791208,446151
2,3535,59.751764249999994,0,83292,41,16501542,433653
2,3536,59.768484125,0,81542,42,16586750,446241
2,3537,59.785295207999994,0,89959,41,16694292,432389
2,3538,59.801789040999992,0,89166,0,16698167,446151
2,3539,59.818382540999991,0,78417,42,16494334,460113
2,3540,59.835179833,0,90584,0,16890375,459913
2,3541,59.851471875,0,87791,41,16288291,432389
2,3542,59.868387040999991,0,86916,41,16982250,487489
2,3543,59.884726540999992,0,78708,42,16395209,528723
2,3544,59.901749874999993,0,75333,42,16994792,529987
2,3545,59.918116499999996,0,81333,42,16313459,487727
2,3546,59.937643166,0,78041,83,16782542,459913
2,3547,59.951967708,50334,2497875,42,16992459,378887
2,3548,59.968152540999995,0,86417,42,16206083,432261
2,3549,59.985127915999996,0,82250,42,16990834,459785
2,3550,60.001900416,0,82125,0,16696541,446023
2,3551,60.018584249999989,0,87959,84,16695833,432461
2,3552,60.035016125,0,90125,42,16499792,446023
2,3553,60.051751083,0,81166,0,16693000,461049
2,3554,60.068258165999993,0,81375,41,16502000,446165
2,3555,60.085097082999994,0,88291,84,16779958,459785
2,3556,60.10158337499999,0,85292,41,16496709,432261
2,3557,60.118171165999996,0,85334,42,16587666,446223
2,3558,60.135027041,0,83000,41,16902583,459785
2,3559,60.151735207999991,0,81833,42,16699208,459785
2,3560,60.168117874999993,0,81542,41,16465666,514833
2,3561,60.1873765,0,72416,41,16694958,542357
2,3562,60.201657665999988,57125,2485625,0,16701458,449215
2,3563,60.21838925,0,77959,42,16713250,473965
2,3564,60.235041416,0,92500,42,16695291,459913
2,3565,60.251579582999994,0,82458,42,16491542,459913
2,3566,60.268614665999991,0,84875,41,17096125,459965
2,3567,60.285253458,0,83958,42,16592125,473675
2,3568,60.30187870799999,0,82583,42,16587041,459913
2,3569,60.31843375,0,80625,125,16603542,432589
2,3570,60.3352165,0,83167,41,16801208,446151
2,3571,60.35146512499999,0,77416,0,16182833,461177
2,3572,60.368545375,0,82708,42,17094750,460003
2,3573,60.385268416,0,77375,42,16695625,459913
2,3574,60.401929624999994,0,84958,0,16598916,446151
2,3575,60.421412707999991,0,80916,83,16592667,460113
2,3576,60.435168624999989,56041,2681584,41,16685166,378887
2,3577,60.451532457999988,0,79208,42,16402791,446023
2,3578,60.468422457999992,0,84667,0,16894625,459837
2,3579,60.484877749999995,0,80375,41,16384000,446023
2,3580,60.501410374999992,0,85792,0,16499250,461049
2,3581,60.518370457999993,0,81292,41,16998333,460075
2,3582,60.5350265,0,88541,42,16671500,459785
2,3583,60.551559540999989,0,81542,42,16500625,459785
2,3584,60.568573665999992,0,83000,42,16993417,473547
2,3585,60.585224791,0,77666,42,16594375,446023
2,3586,60.601663832999989,0,88375,42,16408250,432261
2,3587,60.618257790999991,0,92625,41,16697167,446223
2,3588,60.634992499999996,0,79583,84,16678833,446023
2,3589,60.651608416,0,77875,84,16606875,447287
2,3590,60.668151041,0,88917,0,16594209,446165
2,3591,60.687672916,0,83792,83,16891000,459785
2,3592,60.701498707999988,57666,2527208,42,16398333,379141
2,3593,60.718314207999995,0,78958,125,16874083,473875
2,3594,60.734948165999995,0,79750,41,16616958,446151
2,3595,60.751729208,0,79625,0,16790167,446151
2,3596,60.768137999999993,0,83334,41,16398375,432389
2,3597,60.784938541,0,82167,41,16795833,459913
2,3598,60.801622916,0,79000,41,16593291,447415
2,3599,60.818237165999989,0,83292,42,16693167,446441
2,3600,60.834854416,0,86334,41,16672458,487437
2,3601,60.851724832999992,0,74833,41,16897042,556247
2,3602,60.868183540999993,0,72291,41,16492208,528775
2,3603,60.884947165999989,0,66583,84,16626958,501199
2,3604,60.901519499999992,0,78708,0,16479125,459913
2,3605,60.917776124999989,0,84750,0,16194042,322493
2,3606,60.937550082999991,0,102542,42,17201250,143387
2,3607,60.952031749999989,54583,2540083,41,16379750,131171
2,3608,60.975493457999988,0,143666,42,23956125,89565
2,3609,60.984878124999994,0,85000,0,9637084,225831
2,3610,61.001445290999996,0,91750,42,16604084,446023
2,3611,61.01831641599999,0,78916,41,16872291,487509
2,3612,61.034887999999995,0,87334,42,16518625,459785
2,3613,61.051715,0,82750,83,16876750,473547
2,3614,61.068551833,0,83041,41,16815458,432313
2,3615,61.084901915999993,0,93291,0,16282709,432261
2,3616,61.102251916,0,83500,83,16894250,446023
2,3617,61.118573540999989,0,86958,84,16786917,433815
2,3618,61.13484420799999,0,86291,83,16289875,446023
2,3619,61.151578457999989,0,84417,42,16701584,432261
2,3620,61.168249790999994,0,95250,41,16685458,432261
2,3621,61.188215207999988,0,86084,41,16888084,432261
2,3622,61.201864415999992,63250,2752084,0,16511834,351617
2,3623,61.218373082999989,0,87750,41,16594041,432589
2,3624,61.235051708,0,97541,0,16693041,418627
2,3625,61.25157141599999,0,87959,42,16594500,432389
2,3626,61.268542499999995,0,83625,42,16895083,420033
2,3627,61.285046624999993,0,89500,83,16484708,418627
2,3628,61.30184625,0,83042,42,16705584,432389
2,3629,61.318587957999995,0,95417,42,16897250,432589
2,3630,61.335200082999989,0,85167,41,16582958,432389
2,3631,61.351943791,0,84083,42,16709875,432389
2,3632,61.368615416,0,86000,41,16682125,446151
2,3633,61.384936666,0,91708,42,16401667,446151
2,3634,61.401787958,0,83917,41,16791416,459913
2,3635,61.421157916,0,80667,42,16592625,433943
2,3636,61.435191415999995,53333,2675875,42,16796333,392649
2,3637,61.451602041,0,86500,42,16395792,432261
2,3638,61.468372,0,85750,83,16796916,446075
2,3639,61.485239541,0,81875,41,16893667,446023
2,3640,61.501644458,0,85709,42,16291250,432261
2,3641,61.518425999999991,0,92500,42,16793166,432461
2,3642,61.534842125,0,87917,42,16500375,418499
2,3643,61.551763874999992,0,88250,41,16895709,446023
2,3644,61.568343083,0,82292,84,16593000,474901
2,3645,61.584950707999994,0,79083,41,16672667,528595
2,3646,61.601592958,0,71125,42,16521500,487309
2,3647,61.618486624999989,0,85375,125,16888292,459985
2,3648,61.635218791,0,90000,42,16795584,459785
2,3649,61.651682707999996,0,83167,42,16388500,432261
2,3650,61.668337457999996,0,82834,42,16599333,446075
2,3651,61.687849415999992,0,87125,42,17002750,459785
2,3652,61.701918832999993,63042,2504625,41,16584083,379141
2,3653,61.718139957999995,0,78042,0,16284458,420181
2,3654,61.734962333,0,85250,41,16811042,459913
2,3655,61.751702041,0,83458,42,16679625,459913
2,3656,61.768450625,0,82125,42,16811875,459913
2,3657,61.785075791,0,90166,84,16593000,432389
2,3658,61.801883290999996,0,85000,0,16676958,432389
2,3659,61.818519416,0,86458,42,16702084,432589
2,3660,61.83510408299999,0,83666,83,16683875,459913
2,3661,61.851735541,0,80542,0,16686292,528723
2,3662,61.868113916,0,75625,42,16396000,502605
2,3663,61.884944915999995,0,72125,0,16702958,542485
2,3664,61.901924957999995,0,81000,42,16900875,459913
2,3665,61.9211385,0,80125,41,16578834,446351
2,3666,61.935039582999991,51625,2537459,42,16613458,378887
2,3667,61.951670082999996,0,84000,0,16595708,459785
2,3668,61.968280874999991,0,79917,167,16590916,459785
2,3669,61.985176749999994,0,85834,83,16880333,446023
2,3670,62.001932165999989,0,91208,42,16713459,446023
2,3671,62.018442041,0,87833,209,16497084,420053
2,3672,62.035270208,0,91667,42,16867583,446023
2,3673,62.05187845799999,0,84542,42,16596667,432261
2,3674,62.068142999999992,0,88125,42,16396792,459837
2,3675,62.084855624999989,0,78792,41,16594125,473547
2,3676,62.101917332999989,0,88125,83,17010625,446023
2,3677,62.118295040999996,0,94333,83,16385750,446223
2,3678,62.134819041,0,90167,41,16600875,446023
2,3679,62.151569083,0,78250,41,16699667,446023
2,3680,62.171040957999992,0,85417,42,16893042,447377
2,3681,62.185147040999993,63333,2537584,42,16693583,392903
2,3682,62.201819708,0,81417,0,16589292,446151
2,3683,62.21838383299999,0,83459,41,16675791,446351
2,3684,62.235065582999994,0,76458,83,16702750,501199
2,3685,62.251401707999989,0,75125,41,16383917,514961
2,3686,62.268243958,0,70750,41,16702208,528775
2,3687,62.284989541,0,82750,42,16806042,473675
2,3688,62.301826999999989,0,76250,0,16703209,473675
2,3689,62.318140290999992,0,88208,0,16394041,433943
2,3690,62.335322041,0,81000,41,17096209,487437
2,3691,62.351871875,0,92042,41,16598458,432389
2,3692,62.368104957999989,0,84917,42,16283000,446151
2,3693,62.384955832999992,0,79208,42,16801583,446151
2,3694,62.401975041,0,81208,41,16882583,446191
2,3695,62.421377332999995,0,88000,42,16700000,432589
2,3696,62.434959832999994,55166,2665208,41,16402583,365125
2,3697,62.451609832999992,0,83583,42,16688875,446023
2,3698,62.468430540999989,0,81292,42,16595792,447429
2,3699,62.485176624999994,0,110042,41,16887125,446023
2,3700,62.501516833,0,82416,84,16291459,432261
2,3701,62.518188166,0,85625,42,16780083,473747
2,3702,62.53508416599999,0,80083,41,16914417,514833
2,3703,62.551561957999994,0,71875,42,16476458,528595
2,3704,62.568504041,0,76042,42,16917042,487309
2,3705,62.585106333,0,81000,42,16573125,473547
2,3706,62.601485249999996,0,82292,42,16313083,432261
2,3707,62.618438999999995,0,80708,41,16997833,461339
2,3708,62.635006415999996,0,82917,41,16574875,459785
2,3709,62.651625791,0,85000,41,16594458,446023
2,3710,62.668093583,0,85667,41,16513667,446075
2,3711,62.688136207999989,0,80083,41,16982541,473547
2,3712,62.701734540999993,60959,2801458,125,16506125,365379
2,3713,62.718138708,0,80417,83,16495417,432589
2,3714,62.735050958,0,82250,41,16873459,459913
2,3715,62.751794249999989,0,79500,41,16703125,446151
2,3716,62.768171874999993,0,81125,83,16406000,433743
2,3717,62.785294707999995,0,83750,42,17095459,446151
2,3718,62.801701374999993,0,83292,42,16395584,446151
2,3719,62.818301166,0,80750,42,16690292,446351
2,3720,62.835073791,0,76125,42,16696416,459913
2,3721,62.851679457999992,0,80917,41,16595375,432389
2,3722,62.868166165999995,0,87167,42,16495084,446203
2,3723,62.884930874999995,0,82250,41,16796500,459913
2,3724,62.901758915999991,0,78375,83,16682917,446151
2,3725,62.921143582999989,0,86750,42,16702708,433943
2,3726,62.935145541,58125,2618042,41,16795167,406411
2,3727,62.951679208,0,81625,0,16579667,487309
2,3728,62.968132208,0,80333,42,16495334,514833
2,3729,62.984918207999996,0,74000,208,16789125,556119
2,3730,63.001680874999991,0,74417,42,16618666,459785
2,3731,63.018438165999996,0,79958,41,16778166,459985
2,3732,63.035027082999989,0,80250,84,16609292,446023
2,3733,63.051558207999989,0,77208,0,16503333,446023
2,3734,63.068348125,0,79917,42,16790167,447429
2,3735,63.085020915999991,0,80542,42,16670000,473547
2,3736,63.101690082999994,0,80708,41,16617417,446023
2,3737,63.118483708,0,83042,84,16793667,446223
2,3738,63.134927166,0,78500,41,16492125,446023
2,3739,63.15147108299999,0,86167,125,16500875,446023
2,3740,63.171036833,0,82292,0,16992792,459785
2,3741,63.185358707999995,60833,2515458,42,16789375,406665
2,3742,63.201739625,0,98000,42,16309125,418627
2,3743,63.218572707999996,0,87167,42,16979500,420181
2,3744,63.235283499999994,0,87500,41,16693416,432389
2,3745,63.251825541,0,80541,125,16497042,432389
2,3746,63.268445333,0,88125,41,16682750,432441
2,3747,63.285009915999993,0,83958,41,16494375,432389
2,3748,63.301554458,0,86750,42,16502958,404865
2,3749,63.31827475,0,92292,41,16797042,446351
2,3750,63.334976624999996,0,81041,42,16704000,446151
2,3751,63.351683791,0,85167,41,16675875,446151
2,3752,63.368531540999996,0,80042,83,16904834,447505
2,3753,63.385018165999995,0,80333,42,16393625,446151
2,3754,63.401703874999995,0,85708,42,16687792,432389
2,3755,63.418215124999989,0,84708,41,16490542,432589
2,3756,63.438016624999989,0,96542,0,16995500,459913
2,3757,63.452018041,62292,2616417,42,16807875,365125
2,3758,63.468444957999992,0,94458,42,16492833,432313
2,3759,63.484982165999995,0,82500,0,16564667,459785
2,3760,63.501742541,0,85417,41,16621834,459785
2,3761,63.518412458,0,86625,83,16778459,433815
2,3762,63.535165707999994,0,79667,0,16709208,446023
2,3763,63.551651207999996,0,87875,42,16393167,446023
2,3764,63.568285124999989,0,94916,84,16687417,432261
2,3765,63.585283290999996,0,84042,42,17009542,446023
2,3766,63.601796749999991,0,87167,41,16386916,432261
2,3767,63.618278290999996,0,93833,41,16597542,432461
2,3768,63.635176165999994,0,83333,0,16893167,446023
2,3769,63.651906958,0,81625,83,16699542,446023
2,3770,63.671077083,0,98834,41,16484166,419905
2,3771,63.685122582999995,60958,2583000,41,16793625,379141
2,3772,63.701674540999988,0,81000,0,16493667,459913
2,3773,63.718506582999993,0,79500,41,16808000,432589
2,3774,63.735174207999989,0,85542,0,16674625,446151
2,3775,63.751960249999996,0,80916,41,16699834,432389
2,3776,63.768487207999996,0,92459,42,16588417,432389
2,3777,63.784923041,0,87542,41,16387709,432389
2,3778,63.801492416,0,84542,84,16609958,432389
2,3779,63.818133540999995,0,84000,42,16691375,447705
2,3780,63.835271041,0,79417,83,17095458,459913
2,3781,63.851519499999995,0,90209,0,16297000,432389
2,3782,63.86808775,0,82250,0,16592250,459965
2,3783,63.884916832999991,0,76708,41,16793916,459913
2,3784,63.901784124999992,0,75084,42,16796125,459913
2,3785,63.920924958,0,82875,42,16574833,473875
2,3786,63.935195249999992,50916,2481417,41,16807916,406411
2,3787,63.95150875,0,86292,42,16297375,446023
2,3788,63.968393291,0,89042,0,16896708,419853
2,3789,63.98503275,0,98667,0,16672667,446023
2,3790,64.001447333,0,83208,42,16416417,432261
2,3791,64.01824049999999,0,80334,0,16875916,515033
2,3792,64.034808583,0,75958,42,16590792,501071
2,3793,64.051591915999992,0,72750,83,16701375,528595
2,3794,64.068498916,0,82042,41,16912042,473599
2,3795,64.084848541,0,78708,0,16281959,459785
2,3796,64.101827833,0,80000,83,16894959,473547
2,3797,64.118276333,0,82333,42,16490958,447577
2,3798,64.135136041,0,81125,41,16899417,459785
2,3799,64.15183625,0,84708,42,16706875,473547
2,3800,64.170825041,0,83750,42,16475958,459785
2,3801,64.184873375,62250,2495208,42,16510583,379141
2,3802,64.20190375,0,82416,84,16995500,459913
2,3803,64.218606666,0,83042,41,16674042,446351
2,3804,64.235111832999991,0,80667,41,16514125,418627
2,3805,64.25141662499999,0,79792,84,16393125,459913
2,3806,64.268288,0,77833,42,16879084,530129
2,3807,64.284835707999989,0,77375,41,16592000,542485
2,3808,64.301501915999992,0,70542,0,16520166,459913
2,3809,64.318472875,0,81958,42,16995958,473875
2,3810,64.335087915999992,0,84833,42,16571708,459913
2,3811,64.351755583,0,82583,41,16710875,446151
2,3812,64.36836504099999,0,87417,42,16593208,432389
2,3813,64.385287791,0,81333,42,16893208,446151
2,3814,64.401892832999991,0,81042,41,16587208,459913
2,3815,64.421221666,0,83500,84,16683417,447705
2,3816,64.435308416,55125,2519500,42,16721875,365125
2,3817,64.451658166,0,85208,42,16385500,446023
2,3818,64.468432291,0,86917,41,16795292,446075
2,3819,64.485058291,0,84708,41,16597959,418499
2,3820,64.50187,0,84542,0,16590750,432261
2,3821,64.518252249999989,0,100167,0,16595708,432461
2,3822,64.535081874999989,0,85667,42,16783583,473547
2,3823,64.551768083,0,80916,84,16694500,446023
2,3824,64.568478625,0,82334,41,16689500,433615
2,3825,64.584983458,0,83084,42,16583792,487309
2,3826,64.601674082999992,0,74584,42,16589666,487309
2,3827,64.618236541,0,82417,83,16699417,528795
2,3828,64.635286499999992,0,71875,0,16916333,487309
2,3829,64.651932041,0,84500,42,16685958,459785
2,3830,64.671162166,0,88625,42,16504584,459837
2,3831,64.68482070799999,58375,2613000,42,16390750,379141
2,3832,64.701824790999993,0,76500,42,16896250,459913
2,3833,64.718479875,0,81417,42,16697750,433943
2,3834,64.73526249999999,0,82250,83,16786000,446151
2,3835,64.751573291,0,87750,41,16295833,446151
2,3836,64.768263416,0,78208,41,16694000,446151
2,3837,64.784947416,0,83666,42,16688667,446151
2,3838,64.801484125,0,78791,41,16496458,432389
2,3839,64.818557708,0,79958,42,17100792,460113
2,3840,64.834858625,0,86209,42,16279417,446151
2,3841,64.851741332999993,0,83375,84,16905125,446151
2,3842,64.868356083,0,80542,42,16599792,420033
2,3843,64.885051791,0,79625,42,16773250,501199
2,3844,64.901658083,0,74375,83,16595334,514961
2,3845,64.92123454099999,0,69792,41,16798041,515161
2,3846,64.935124207999991,50917,2588250,42,16497250,378887
2,3847,64.951789333,0,85500,41,16500417,459785
2,3848,64.96850916599999,0,118791,83,17009292,432261
2,3849,64.984992541,0,84875,83,16385542,459785
2,3850,65.001625666,0,85000,83,16596834,446023
2,3851,65.01812249999999,0,87375,41,16594416,433815
2,3852,65.034942415999993,0,80709,42,16795625,459785
2,3853,65.051622375,0,82208,84,16693875,459785
2,3854,65.068384375,0,83625,125,16690416,446075
2,3855,65.085051749999991,0,83375,42,16683000,446023
2,3856,65.101921083,0,83166,42,16805416,459785
2,3857,65.118274540999991,0,82375,41,16481500,446223
2,3858,65.135085957999991,0,77833,250,16809875,473547
2,3859,65.151910790999992,0,76542,0,16674958,432261
2,3860,65.17113175,0,83792,83,16619625,447377
2,3861,65.185028916,62375,2519000,42,16585791,392903
2,3862,65.201687124999992,0,79584,0,16594375,446151
2,3863,65.218246083,0,80500,41,16580417,515161
2,3864,65.234988707999989,0,89750,42,16798250,487437
2,3865,65.251422291,0,78541,41,16416458,501199
2,3866,65.268183833,0,78583,41,16722583,473727
2,3867,65.284951791,0,88125,42,16767542,446151
2,3868,65.301655416,0,80208,84,16663833,473675
2,3869,65.31814625,0,76250,41,16517958,433943
2,3870,65.335008666,0,82584,83,16869083,473675
2,3871,65.351690832999992,0,79458,0,16613584,446151
2,3872,65.368318332999991,0,83292,84,16694209,446151
2,3873,65.385086,0,79125,42,16691333,446151
2,3874,65.401498291,0,84125,41,16390292,446191
2,3875,65.421055041,0,81208,42,17005375,460113
2,3876,65.435152082999991,59292,2536583,0,16675542,406411
2,3877,65.451788999999991,0,83833,0,16617125,459785
2,3878,65.468364291,0,82542,0,16592500,433667
2,3879,65.485221791,0,84625,42,16887667,459785
2,3880,65.501897583,0,79292,42,16589500,459785
2,3881,65.518552458,0,84000,42,16691750,446223
2,3882,65.53513774999999,0,84458,42,16603041,446023
2,3883,65.551849291,0,81625,84,16694125,459785
2,3884,65.568544457999991,0,87125,84,16695708,459785
2,3885,65.584919708,0,84708,42,16379083,446023
2,3886,65.601659,0,82000,42,16691417,459785
2,3887,65.61844775,0,81417,42,16799041,447577
2,3888,65.634859541,0,82208,208,16408625,473547
2,3889,65.651678041,0,78750,41,16893792,459785
2,3890,65.671335333,0,79625,125,16793250,473599
2,3891,65.685269416,60417,2636709,83,16692084,379141
2,3892,65.70169641599999,0,81959,42,16389250,446151
2,3893,65.718389166,0,77625,0,16704292,446351
2,3894,65.735179332999991,0,84583,41,16796917,446151
2,3895,65.7517575,0,80583,42,16592667,446151
2,3896,65.768453374999993,0,79833,42,16683042,433743
2,3897,65.785038375,0,79334,0,16606041,446151
2,3898,65.801898125,0,77792,41,16798666,446151
2,3899,65.818491375,0,77666,42,16599541,432589
2,3900,65.835186291,0,79709,42,16690750,446151
2,3901,65.85146241599999,0,81250,42,16292750,432389
2,3902,65.868375375,0,80125,41,16799250,459965
2,3903,65.885146833,0,88833,42,16881083,432389
2,3904,65.901750583,0,82709,41,16575167,459913
2,3905,65.918255291,0,86042,42,16294041,309995
2,3906,65.93782204099999,0,105459,41,17124000,143477
2,3907,65.951973333,52750,2542416,83,16589500,131171
2,3908,65.974545458,0,119209,42,22306709,74449
2,3909,65.985075874999993,0,94292,0,10857916,239593
2,3910,66.001939749999991,0,98875,42,16913583,418499
2,3911,66.018301999999991,0,90417,42,16389250,432461
2,3912,66.034901291,0,86958,42,16608458,432261
2,3913,66.051652707999992,0,83708,83,16781416,446023
2,3914,66.068223082999992,0,85750,42,16580750,447339
2,3915,66.08502175,0,82333,83,16892417,542447
2,3916,66.101632333,0,72959,42,16498667,528595
2,3917,66.118383791,0,78916,41,16788625,542557
2,3918,66.135034291,0,77333,0,16594792,473547
2,3919,66.151799916,0,85500,42,16722542,473547
2,3920,66.171092291,0,91750,42,16683833,473547
2,3921,66.185083666,61167,2590583,42,16590750,406665
2,3922,66.201616915999992,0,82042,0,16504625,446151
2,3923,66.21832624999999,0,84583,42,16692834,433853
2,3924,66.2349055,0,79041,0,16580917,446241
2,3925,66.251629791,0,84708,41,16714959,459913
2,3926,66.268142875,0,81250,42,16673375,487489
2,3927,66.285024083,0,71708,42,16892000,556247
2,3928,66.301556707999993,0,72208,0,16399750,528723
2,3929,66.318310416,0,79000,41,16784000,542685
2,3930,66.33489166599999,0,76250,42,16600917,487437
2,3931,66.351664125,0,79291,0,16699292,487437
2,3932,66.368447666,0,79083,42,16802750,474939
2,3933,66.385044666,0,79292,42,16597042,473765
2,3934,66.401620041,0,81292,42,16492416,473675
2,3935,66.418256375,0,85125,0,16674083,501399
2,3936,66.438072791,0,88875,42,17021375,446151
2,3937,66.451820458,54166,2632708,0,16572916,392649
2,3938,66.468445041,0,80125,42,16602750,432313
2,3939,66.484869082999992,0,79208,41,16401542,432261
2,3940,66.501522624999993,0,81125,83,16596250,432261
2,3941,66.518195374999991,0,89542,0,16772000,488773
2,3942,66.534991957999992,0,79875,41,16899667,542447
2,3943,66.551696541,0,72042,42,16496458,528595
2,3944,66.568158625,0,85000,41,16508958,473547
2,3945,66.585078208,0,80833,41,16895000,473547
2,3946,66.601893707999992,0,86459,42,16790208,459785
2,3947,66.618474166,0,84792,42,16578625,459985
2,3948,66.635017083,0,81667,42,16593291,446023
2,3949,66.651845125,0,83833,42,16822583,459785
2,3950,66.671100416,0,86583,0,16586875,433577
2,3951,66.684849875,61500,2561625,42,16394292,381375
2,3952,66.701810583,0,82791,42,16889458,446151
2,3953,66.718578458,0,82542,42,16792542,432589
2,3954,66.735301291,0,85084,41,16702417,432389
2,3955,66.75180575,0,87416,0,16572666,473675
2,3956,66.768412708,0,82291,0,16694458,514961
2,3957,66.785074874999992,0,76792,0,16594625,542485
2,3958,66.801819749999993,0,77958,41,16623750,473675
2,3959,66.818605874999989,0,79875,42,16786791,447615
2,3960,66.83494108299999,0,85916,0,16389500,446241
2,3961,66.851750916,0,79791,42,16604208,459913
2,3962,66.868431582999989,0,98125,42,16891083,459965
2,3963,66.88520375,0,77625,0,16676875,446151
2,3964,66.901662375,0,82417,42,16489167,446151
2,3965,66.918290915999989,0,85416,41,16612583,432589
2,3966,66.937581125,0,93500,42,16700041,446151
2,3967,66.9517145,53250,2507958,42,16606833,378887
2,3968,66.968532166,0,87333,0,16959333,419763
2,3969,66.984995958,0,86125,84,16403459,446113
2,3970,67.001870040999989,0,84375,42,16890250,459785
2,3971,67.018601249999989,0,87917,42,16600500,473747
2,3972,67.0350665,0,88375,41,16594000,432261
2,3973,67.051553165999991,0,85625,41,16395125,446023
2,3974,67.068544,0,89084,42,17098625,446075
2,3975,67.085200415999992,0,86541,42,16592250,446023
2,3976,67.102027624999991,0,85000,42,16799917,446023
2,3977,67.118571541,0,87709,84,16601792,433725
2,3978,67.134880416,0,84250,0,16367709,473637
2,3979,67.1514485,0,76166,42,16590667,542357
2,3980,67.170864208,0,73625,0,16891750,556119
2,3981,67.185128541,56000,2452917,0,16694375,434189
2,3982,67.201592333,0,80083,41,16420875,459913
2,3983,67.218491375,0,85250,42,16885292,460113
2,3984,67.23522324999999,0,87292,0,16801541,446151
2,3985,67.251847583,0,80625,41,16593666,446151
2,3986,67.268327083,0,87209,41,16491750,447467
2,3987,67.284951374999991,0,76750,0,16590000,432479
2,3988,67.30162775,0,86125,42,16596500,446151
2,3989,67.318187208,0,86375,84,16597458,446351
2,3990,67.335281874999993,0,89958,42,17085792,487437
2,3991,67.35171554099999,0,83083,42,16404291,418627
2,3992,67.368282749999992,0,88084,42,16573791,446151
2,3993,67.384927333,0,84791,42,16790542,487437
2,3994,67.401600707999989,0,72667,41,16599542,542485
2,3995,67.418096957999992,0,74959,42,16511791,502663
2,3996,67.437789541,0,76458,0,17000000,460003
2,3997,67.451470165999993,57458,2512750,41,16289917,378887
2,3998,67.468258083,0,81625,42,16771042,473599
2,3999,67.485143499999992,0,84625,83,16916334,473547
2,4000,67.501482375,0,83584,42,16294208,446023
2,4001,67.518528332999992,0,82125,41,17091375,473747
2,4002,67.535282541,0,83084,42,16694083,446023
2,4003,67.551795333,0,90084,41,16496291,446023
2,4004,67.568537124999992,0,84750,0,16793042,461049
2,4005,67.585024249999989,0,91875,0,16471500,446113
2,4006,67.60147795799999,0,85834,0,16416833,432261
2,4007,67.618598041,0,82000,42,17093667,487509
2,4008,67.63506383299999,0,89125,84,16498708,446023
2,4009,67.65174133299999,0,84917,41,16693250,446023
2,4010,67.668253791,0,79708,84,16489334,446075
2,4011,67.6874515,0,88875,42,16592291,459785
2,4012,67.701552333,57916,2527542,42,16698917,392903
2,4013,67.718447333,0,76084,125,16894083,447615
2,4014,67.735064749999992,0,79792,42,16597917,460003
2,4015,67.751811457999992,0,83500,42,16768958,459913
2,4016,67.768088916,0,78750,41,16396416,528723
2,4017,67.784998,0,64250,42,16896083,556247
2,4018,67.801499708,0,67250,42,16318833,501199
2,4019,67.818245291,0,81750,42,16778542,487637
2,4020,67.834829375,0,78750,42,16609750,446151
2,4021,67.85170162499999,0,81750,41,16886750,487437
2,4022,67.868513916,0,72750,41,16783291,461229
2,4023,67.884886166,0,87292,41,16311833,446241
2,4024,67.901661083,0,82708,41,16770583,459913
2,4025,67.921092375,0,80375,125,16716708,487637
2,4026,67.934955082999991,52083,2601208,41,16591583,378887
2,4027,67.95151483299999,0,78833,42,16576125,446023
2,4028,67.968408541,0,80958,42,16897417,473547
2,4029,67.985121624999991,0,82708,0,16706417,446023
2,4030,68.001580332999993,0,86292,42,16402458,446023
2,4031,68.018554916,0,83459,41,16988417,447487
2,4032,68.035113458,0,82709,42,16601667,459875
2,4033,68.051728375,0,81541,0,16587750,459785
2,4034,68.06853491599999,0,86625,41,16784416,473599
2,4035,68.084853958,0,86083,0,16292417,459785
2,4036,68.101991458,0,85708,42,17009375,459785
2,4037,68.118581291,0,93000,0,16687167,446223
2,4038,68.134942416,0,83875,0,16402667,432261
2,4039,68.151919124999992,0,79166,0,16879000,459785
2,4040,68.168171375,0,84334,42,16307500,419763
2,4041,68.187772916,0,90541,84,16981250,473637
2,4042,68.201463957999991,58042,2508708,42,16301417,392903
2,4043,68.218460541,0,83334,83,17005875,460113
2,4044,68.235267,0,83334,42,16787583,446151
2,4045,68.25174975,0,85375,83,16492334,432389
2,4046,68.268581916,0,78833,42,16794667,446203
2,4047,68.284964791,0,82083,42,16395250,432389
2,4048,68.301876499999992,0,83875,41,16880750,459913
2,4049,68.31837166599999,0,79250,41,16486500,447615
2,4050,68.33523425,0,82916,42,16910417,460003
2,4051,68.35194225,0,83917,0,16599166,446151
2,4052,68.36864654099999,0,97292,41,16793417,459913
2,4053,68.384936333,0,86667,0,16299959,459913
2,4054,68.401791332999991,0,81458,41,16795542,473715
2,4055,68.418223458,0,86083,42,16466375,460113
2,4056,68.438065791,0,79750,0,17118875,473675
2,4057,68.451459625,52250,2540791,0,16092542,365125
2,4058,68.468546457999992,0,82417,84,16995500,433577
2,4059,68.48496025,0,96667,42,16493167,432351
2,4060,68.501832999999991,0,83875,41,16784958,446023
2,4061,68.51826075,0,83959,42,16505792,446223
2,4062,68.534879625,0,86375,41,16667583,514833
2,4063,68.551680624999989,0,79625,83,16793500,514833
2,4064,68.568470416,0,78000,41,16622667,528595
2,4065,68.58493412499999,0,98583,125,16489042,432261
2,4066,68.6017165,0,85083,41,16799583,432261
2,4067,68.618264583,0,83667,0,16578166,447487
2,4068,68.635327332999992,0,84000,0,16990209,446113
2,4069,68.651759,0,88792,42,16496333,432261
2,4070,68.668227915999992,0,85083,41,16408584,432313
2,4071,68.687741125,0,88125,42,16690000,432261
2,4072,68.701684082999989,61000,2666458,42,16799833,379141
2,4073,68.718363916,0,83584,42,16691334,446351
2,4074,68.73508541599999,0,79208,42,16696458,446151
2,4075,68.751446375,0,84084,41,16392000,459913
2,4076,68.768543,0,83208,84,17081333,461177
2,4077,68.785043832999989,0,86833,42,16515042,460003
2,4078,68.801678833,0,80375,42,16571334,473675
2,4079,68.818339458,0,81333,41,16702875,460113
2,4080,68.8349415,0,84875,0,16588625,459913
2,4081,68.851669457999989,0,81750,42,16700375,473675
2,4082,68.868130374999993,0,89917,0,16500834,446203
2,4083,68.884856165999992,0,80875,42,16695375,459913
2,4084,68.9016405,0,81125,42,16690542,432389
2,4085,68.918291125,0,86625,42,16476542,413061
2,4086,68.9376265,0,82084,42,17213333,480795
2,4087,68.951771208,53250,2437167,167,16580500,461459
2,4088,68.968563416,0,78750,42,16721834,487309
2,4089,68.984846957999991,0,85958,42,16287125,459785
2,4090,69.001497790999991,0,80875,42,16592250,473547
2,4091,69.018524040999992,0,82625,42,17078417,487509
2,4092,69.034955125,0,79166,42,16407917,446023
2,4093,69.051511541,0,84083,42,16495209,432261
2,4094,69.068395708,0,80791,42,16693625,454019
2,4095,69.085052791,0,82125,42,16896167,453195
2,4096,69.101725125,0,81166,42,16585500,473547
2,4097,69.118469541,0,84125,42,16810833,446223
2,4098,69.134981708,0,87833,41,16478917,432261
2,4099,69.151725833,0,88500,41,16804333,446023
2,4100,69.170994083,0,81834,41,16700167,487309
2,4101,69.184840166,61459,2581000,0,16467417,447951
2,4102,69.201651833,0,73625,41,16698250,501199
2,4103,69.218863040999992,0,79708,41,16810166,454347
2,4104,69.23495,0,85708,42,16478750,453271
2,4105,69.251718541,0,82375,0,16811750,459913
2,4106,69.2684325,0,79666,42,16692917,459913
2,4107,69.28492079099999,0,78916,83,16470125,446203
2,4108,69.30203325,0,83666,42,17014042,459913
2,4109,69.318167666,0,85667,83,16199292,432589
2,4110,69.334947665999991,0,78875,84,16787458,446151
2,4111,69.351479583,0,79834,42,16489667,432389
2,4112,69.369218666,0,83250,42,17483666,481671
2,4113,69.385307540999989,0,82375,42,16314708,411985
2,4114,69.401513666,0,86542,42,16190750,418627
2,4115,69.421143708,0,87208,84,17093541,446351
2,4116,69.43484429099999,50500,2457333,0,16279708,392649
2,4117,69.451598083,0,81583,42,16687917,459785
2,4118,69.468677540999991,0,86042,41,17113916,473547
2,4119,69.485066625,0,86000,42,16398334,451289
2,4120,69.501590041,0,84291,41,16571000,514833
2,4121,69.518693958,0,72542,42,16694917,542557
2,4122,69.535052708,0,74333,41,16715958,502425
2,4123,69.55173725,0,85417,0,16693708,446023
2,4124,69.568139915999993,0,77750,0,16397500,473547
2,4125,69.584938041,0,86709,41,16774791,487309
2,4126,69.601625583,0,86000,41,16613583,446023
2,4127,69.618435458,0,82208,83,16781083,446223
2,4128,69.634887499999991,0,89375,0,16497792,432261
2,4129,69.651640665999992,0,84250,41,16796791,459785
2,4130,69.668335583,0,85375,41,16601916,446023
2,4131,69.687908083,0,84584,42,16881000,447429
2,4132,69.701797625,65000,2660375,42,16605042,392903
2,4133,69.718371208,0,83292,166,16593542,446351
2,4134,69.735231,0,80125,42,16893834,459913
2,4135,69.75180499999999,0,76958,42,16493542,459913
2,4136,69.76815725,0,82792,83,16372708,446151
2,4137,69.784769208,0,83833,41,16690417,487437
2,4138,69.801416375,0,73125,84,16619958,514961
2,4139,69.818344333,0,75541,42,16980709,542685
2,4140,69.83487187499999,0,71917,0,16421292,475029
2,4141,69.85178612499999,0,81666,41,16883958,459913
2,4142,69.868182625,0,80125,41,16380542,446151
2,4143,69.88490325,0,84750,42,16709750,459965
2,4144,69.901485499999993,0,84541,0,16591666,446151
2,4145,69.9211425,0,80625,41,16990500,473875
2,4146,69.935247291,55125,2566000,125,16800083,406411
2,4147,69.951654083,0,96791,84,16388833,459785
2,4148,69.968634208,0,85541,42,16793833,446023
2,4149,69.984856249999993,0,98042,41,16396166,419853
2,4150,70.001584666,0,82375,42,16687125,459785
2,4151,70.018145625,0,83583,42,16598791,446223
2,4152,70.035096625,0,88542,41,16997042,487309
2,4153,70.051829208,0,81208,42,16682083,459785
2,4154,70.06852954099999,0,90041,84,16710292,459785
2,4155,70.085065583,0,84375,42,16569000,528647
2,4156,70.101424583,0,79166,125,16395375,528595
2,4157,70.118354833,0,70667,42,16816083,515033
2,4158,70.134819458,0,83958,42,16474917,461139
2,4159,70.151684041,0,78167,0,16891625,487309
2,4160,70.168092416,0,77667,42,16414000,459785
2,4161,70.187831582999991,0,74041,84,16979042,459785
2,4162,70.201509875,60833,2556000,41,16307084,379141
2,4163,70.218326916,0,82875,41,16892250,446351
2,4164,70.234818707999992,0,78167,84,16480542,446151
2,4165,70.251928083,0,82584,84,17109667,473675
2,4166,70.26871525,0,78792,84,16598292,459913
2,4167,70.285046749999992,0,94625,42,16493667,447557
2,4168,70.301698541,0,79375,41,16577458,446151
2,4169,70.31835895799999,0,81708,83,16708417,460113
2,4170,70.335008875,0,79958,41,16698875,473675
2,4171,70.351628083,0,75416,41,16592666,459913
2,4172,70.368354083,0,77333,42,16697250,459913
2,4173,70.385036875,0,82458,41,16694792,459913
2,4174,70.401735915999993,0,85875,41,16670041,487437
2,4175,70.42102975,0,78417,41,16618375,446351
2,4176,70.435196541,51833,2555000,42,16792541,380241
2,4177,70.451614583,0,89000,42,16478584,459785
2,4178,70.468472916,0,78625,42,16810375,473547
2,4179,70.484854915999989,0,84625,125,16399084,473599
2,4180,70.501542207999989,0,81209,84,16591917,473547
2,4181,70.518638666,0,81542,83,17189875,473747
2,4182,70.5350385,0,82416,42,16387458,459785
2,4183,70.551702957999993,0,83416,42,16683167,473547
2,4184,70.56862925,0,81125,41,16907916,487309
2,4185,70.585006249999992,0,78750,42,16396167,447377
2,4186,70.601723916,0,78958,42,16589917,459785
2,4187,70.618690166,0,87167,41,16925333,459985
2,4188,70.6352225,0,104542,41,16669750,459785
2,4189,70.651587124999992,0,78708,41,16368666,501071
2,4190,70.670893499999991,0,78458,83,16899709,542357
2,4191,70.6850925,57750,2449209,42,16624833,461765
2,4192,70.701636374999993,0,78042,42,16377958,446151
2,4193,70.718318541,0,78458,42,16803458,460113
2,4194,70.734855208,0,76500,41,16488500,447505
2,4195,70.751747,0,90917,41,16881625,473675
2,4196,70.76843883299999,0,80541,42,16709291,473675
2,4197,70.784920875,0,87417,41,16395333,446151
2,4198,70.801888791,0,86083,42,16993458,446151
2,4199,70.818663915999991,0,84542,42,16792333,460113
2,4200,70.83506041599999,0,88917,41,16391000,473675
2,4201,70.854222,0,78417,41,17303875,391103
2,4202,70.869375333,0,93541,41,16790250,129625
2,4203,70.885479875,0,136917,83,16202750,144793
2,4204,70.902331582999992,0,126083,42,16672583,143387
2,4205,70.921655790999992,0,143708,41,16415458,129825
2,4206,70.935149541,51000,2743917,0,16586666,131171
2,4207,70.952662791,0,89208,42,17375667,143259
2,4208,70.96848075,0,130167,42,15605833,129497
2,4209,70.984326458,0,137000,42,16187167,129497
2,4210,71.002410875,0,109041,41,17517792,143259
2,4211,71.019205458,0,162500,42,16991291,129697
2,4212,71.0346715,0,131875,0,15684208,130851
2,4213,71.051733083,0,144792,41,17182083,143259
2,4214,71.068355083,0,112375,41,16594833,143259
2,4215,71.084878416,0,84958,42,16520666,115787
2,4216,71.105863333,0,86417,42,20722541,46925
2,4217,71.11888975,0,91000,42,13347792,317850
2,4218,71.135192207999992,0,88541,41,16384208,470421
2,4219,71.152046125,0,85000,0,16894125,556551
2,4220,71.171366041,0,77958,41,16692333,542357
2,4221,71.185213916,57000,2446084,42,16394583,421781
2,4222,71.201874916,0,81333,83,16624584,501199
2,4223,71.218798333,0,81250,41,16963833,542685
2,4224,71.235517166,0,78541,0,16707250,528723
2,4225,71.252144540999993,0,78917,42,16604250,501199
2,4226,71.268927957999992,0,79791,83,16784750,528723
2,4227,71.28555154099999,0,79167,0,16598667,515013
2,4228,71.30220475,0,78667,41,16595792,487437
2,4229,71.318818624999992,0,76709,0,16697417,501399
2,4230,71.335273708,0,76708,42,16476209,502553
2,4231,71.351940415999991,0,81458,84,16593542,501199
2,4232,71.368657583,0,90166,42,16697334,487437
2,4233,71.38534025,0,87458,0,16720042,432389
2,4234,71.402117083,0,79333,0,16684333,459953
2,4235,71.42131341599999,0,85708,42,16780834,528923
2,4236,71.435324833,52209,2505083,0,16599750,461459
2,4237,71.452151790999991,0,76750,42,16794541,556119
2,4238,71.468725041,0,72833,0,16517042,487309
2,4239,71.485316,0,80833,41,16583750,474953
2,4240,71.502173290999991,0,81334,41,16800625,487309
2,4241,71.518977499999991,0,89125,41,16791792,487509
2,4242,71.535392665999993,0,86084,41,16482000,473547
2,4243,71.55189525,0,84541,42,16404500,473547
2,4244,71.568632916,0,88541,0,16789500,459785
2,4245,71.585341540999991,0,85667,83,16675708,446023
2,4246,71.602068082999992,0,88834,0,16694792,446023
2,4247,71.618574166,0,89083,0,16597625,501271
2,4248,71.635227958,0,80208,42,16697292,529949
2,4249,71.65231104099999,0,72708,0,17014667,556119
2,4250,71.671453540999991,0,83250,0,16404250,459785
2,4251,71.685258707999992,58875,2551750,41,16462791,379193
2,4252,71.70220291599999,0,83667,42,16900875,487437
2,4253,71.718722833,0,86083,83,16581875,473875
2,4254,71.735638208,0,88125,42,16922125,473675
2,4255,71.752230375,0,85625,41,16598209,459913
2,4256,71.768858416,0,87666,42,16571083,446151
2,4257,71.785373208,0,81125,42,16510875,447505
2,4258,71.801902665999989,0,83125,41,16485708,446151
2,4259,71.818869583,0,84125,0,16988417,473875
2,4260,71.835555708,0,83083,0,16714291,446151
2,4261,71.85195779099999,0,82584,42,16472042,446151
2,4262,71.868726,0,76167,0,16792709,542485
2,4263,71.885344457999992,0,68916,42,16598208,542537
2,4264,71.901879749999992,0,77125,41,16421959,473675
2,4265,71.921569916,0,84292,42,17180708,528923
2,4266,71.9352115,53958,2460583,0,16181917,380241
2,4267,71.952055708,0,83209,0,16815291,459785
2,4268,71.968822332999991,0,80125,42,16771375,459785
2,4269,71.985249625,0,85000,41,16398250,446023
2,4270,72.00223,0,83375,41,16913167,446023
2,4271,72.01897516599999,0,84667,42,16789083,459985
2,4272,72.035366875,0,87709,42,16395000,432261
2,4273,72.052134333,0,83625,42,16778083,459785
2,4274,72.068587999999991,0,78625,42,16488250,459785
2,4275,72.085277832999992,0,85458,42,16592875,461191
2,4276,72.10214612499999,0,89666,0,16827459,446023
2,4277,72.118618458,0,93000,41,16582167,446223
2,4278,72.13550712499999,0,80917,0,16879209,487309
2,4279,72.151824041,0,81208,42,16392875,514833
2,4280,72.171125166,0,72958,167,16896625,556119
2,4281,72.185634083,56041,2392750,0,16813667,447951
2,4282,72.20225925,0,84375,42,16590958,473675
2,4283,72.218985082999993,0,81167,42,16699500,473875
2,4284,72.235524875,0,83917,41,16579500,461267
2,4285,72.252190915999989,0,79167,83,16603000,446151
2,4286,72.268670375,0,83916,0,16494583,432389
2,4287,72.285555666,0,82042,42,16899375,459965
2,4288,72.302153832999991,0,80500,42,16488625,459913
2,4289,72.318925749999991,0,84708,84,16887792,460113
2,4290,72.335292041,0,78833,42,16300542,432389
2,4291,72.351870041,0,82500,83,16592833,446151
2,4292,72.36900525,0,83459,167,17196708,473675
2,4293,72.385456333,0,82542,42,16478708,530077
2,4294,72.401871165999992,0,71250,42,16396958,528723
2,4295,72.421369790999989,0,70959,41,16896833,542685
2,4296,72.43539175,50833,2475833,0,16603250,420173
2,4297,72.451856708,0,77958,42,16412209,459785
2,4298,72.468688790999991,0,84083,0,16783542,473547
2,4299,72.485412291,0,85125,0,16774625,459837
2,4300,72.501877708,0,81750,42,16412541,459785
2,4301,72.518889166,0,83292,84,16885958,459985
2,4302,72.535243416,0,92208,41,16483791,447377
2,4303,72.55213329099999,0,79334,42,16919333,446023
2,4304,72.568803916,0,81833,42,16690833,459785
2,4305,72.585619416,0,77584,83,16792083,487309
2,4306,72.60214275,0,82375,42,16398083,446023
2,4307,72.618794541,0,87333,0,16675375,446223
2,4308,72.635650458,0,89167,41,16914542,473547
2,4309,72.651823916,0,84833,0,16184584,446023
2,4310,72.671608374999991,0,80375,42,17088792,501071
2,4311,72.68526374999999,58625,2592750,41,16288791,380547
2,4312,72.702078041,0,84291,42,16812708,473675
2,4313,72.71875666599999,0,80500,0,16777167,528923
2,4314,72.735476249999991,0,77917,42,16699459,542485
2,4315,72.751990374999991,0,74583,42,16492625,528723
2,4316,72.768564458,0,85417,42,16511583,473675
2,4317,72.78543195799999,0,95250,0,16884958,459913
2,4318,72.801962041,0,79750,42,16485083,473675
2,4319,72.81891175,0,86458,41,17013250,487637
2,4320,72.835338166,0,84458,0,16375125,475029
2,4321,72.852122041,0,89292,0,16813250,473675
2,4322,72.868979,0,78125,83,16785333,459913
2,4323,72.885523208,0,86625,0,16593041,459965
2,4324,72.902283708,0,75000,42,16703292,501199
2,4325,72.92149825,0,79417,42,16588375,473875
2,4326,72.935224041,52791,2517167,125,16390417,392649
2,4327,72.95193175,0,82917,42,16674958,487309
2,4328,72.968913790999991,0,88625,41,16998167,473547
2,4329,72.985511957999989,0,79042,83,16587125,474901
2,4330,73.00215175,0,85833,42,16522667,473547
2,4331,73.018565958,0,88375,42,16492333,473747
2,4332,73.035342958,0,83833,83,16705416,473547
2,4333,73.05192625,0,101333,0,16676583,473547
2,4334,73.068810165999992,0,84541,42,16900792,473547
2,4335,73.0852225,0,77750,41,16372375,487361
2,4336,73.102175625,0,89041,125,16802833,473547
2,4337,73.118584165999991,0,85833,42,16506458,459985
2,4338,73.135251666,0,87125,42,16680583,433615
2,4339,73.151973,0,88625,42,16699500,459785
2,4340,73.171595875,0,81417,42,17004167,473547
2,4341,73.185391083,59208,2567666,41,16380583,379141
2,4342,73.202198791,0,84042,42,16810417,459913
2,4343,73.218734375,0,89000,42,16590625,446351
2,4344,73.235568415999992,0,86250,41,16797167,459913
2,4345,73.252082708,0,86625,83,16465417,473675
2,4346,73.268643458,0,91208,0,16622250,446151
2,4347,73.285512833,0,82958,42,16793209,447557
2,4348,73.30185474999999,0,85125,0,16391000,473675
2,4349,73.31884825,0,86500,41,16983042,487637
2,4350,73.335254666,0,82166,83,16395208,459913
2,4351,73.351953041,0,81584,42,16708541,473675
2,4352,73.368698166,0,82500,83,16675083,459913
2,4353,73.385431958,0,85958,83,16704375,432389
2,4354,73.401908374999991,0,90875,42,16490667,459913
2,4355,73.421519875,0,84334,41,16800292,446351
2,4356,73.4355125,57542,2725375,42,16902958,394003
2,4357,73.451830041,0,80208,42,16375542,514833
2,4358,73.468872666,0,73500,84,16995250,556119
2,4359,73.485537333,0,79125,42,16612750,487361
2,4360,73.502498916,0,83042,41,16691125,446023
2,4361,73.518690083,0,112042,41,16374541,446223
2,4362,73.53568775,0,82375,42,17017500,473547
2,4363,73.551819958,0,96833,83,16191500,446023
2,4364,73.568843833,0,85916,42,16896125,473547
2,4365,73.585344374999991,0,90458,42,16583000,433525
2,4366,73.601911625,0,83750,42,16499125,446113
2,4367,73.618648083,0,84292,0,16800125,446223
2,4368,73.635122666,0,83708,41,16576000,487309
2,4369,73.652037124999993,0,75708,42,16891000,556119
2,4370,73.671226875,0,73708,83,16517666,528595
2,4371,73.685171333,59625,2480708,42,16571000,420479
2,4372,73.702047541,0,79417,42,16792208,501199
2,4373,73.718718375,0,79958,42,16704750,501399
2,4374,73.735252416,0,76042,42,16511958,461177
2,4375,73.752199875,0,86791,83,16968709,501289
2,4376,73.768904333,0,80125,41,16701833,501199
2,4377,73.785299874999993,0,82667,42,16386459,459913
2,4378,73.802136374999989,0,87542,42,16796417,487437
2,4379,73.818706583,0,79417,41,16524375,487637
2,4380,73.835354708,0,88375,41,16672209,459913
2,4381,73.852338375,0,87334,42,16909958,432389
2,4382,73.868577958,0,98167,83,16375209,473675
2,4383,73.885345375,0,79333,84,16799042,516277
2,4384,73.901912625,0,73625,0,16491792,542575
2,4385,73.921535124999991,0,75334,83,16992291,542685
2,4386,73.935356583,53583,2505458,41,16414125,392649
2,4387,73.95226575,0,86625,42,16894917,487309
2,4388,73.96896224999999,0,85250,42,16672916,473547
2,4389,73.985280291,0,79833,41,16315958,459785
2,4390,74.002077958,0,95834,41,16791750,459785
2,4391,74.0188415,0,82292,42,16797792,487509
2,4392,74.035574833,0,81708,0,16694209,474811
2,4393,74.051860041,0,83417,41,16294375,459875
2,4394,74.069044208,0,96666,0,16894250,473547
2,4395,74.085268708,0,112417,0,16469208,432313
2,4396,74.102109208,0,86166,42,16822708,446023
2,4397,74.119051125,0,83583,42,16882500,446223
2,4398,74.135660790999992,0,96833,42,16698042,446023
2,4399,74.152325916,0,85083,42,16601750,459785
2,4400,74.17128787499999,0,88125,42,16385875,446023
2,4401,74.185632458,60083,2523209,42,16874333,394167
2,4402,74.202189541,0,85833,42,16615625,473765
2,4403,74.218914875,0,81708,41,16792000,473875
2,4404,74.235450375,0,78667,125,16497708,459913
2,4405,74.2519585,0,82792,41,16571542,501199
2,4406,74.26876,0,75750,41,16794667,542485
2,4407,74.285253208,0,74041,0,16498959,542537
2,4408,74.302025,0,70917,41,16598833,542485
2,4409,74.3185685,0,80833,42,16620875,473875
2,4410,74.335258041,0,82791,0,16668167,433653
2,4411,74.352235499999992,0,88125,41,16902083,460003
2,4412,74.368714333,0,94833,41,16585792,446151
2,4413,74.385217583,0,81042,41,16505042,459913
2,4414,74.40200075,0,85292,41,16703791,446191
2,4415,74.4215875,0,83750,0,16983875,473875
2,4416,74.435497208,50834,2533500,42,16494125,392649
2,4417,74.452202583,0,83958,42,16694292,446023
2,4418,74.468549708,0,89125,0,16401000,439268
2,4419,74.485245124999992,0,84459,0,16684084,447339
2,4420,74.502281040999989,0,89583,42,17000750,473637
2,4421,74.518887041,0,83917,42,16594000,459985
2,4422,74.535649499999991,0,87167,0,16793167,459785
2,4423,74.551965625,0,85333,41,16369583,528595
2,4424,74.568803916,0,81083,0,16899708,556119
2,4425,74.585387625,0,75541,125,16510459,542357
2,4426,74.602284791,0,78667,41,16798417,487309
2,4427,74.618582041,0,83750,41,16379292,459985
2,4428,74.635636166,0,84875,42,17012875,488573
2,4429,74.65222125,0,85500,0,16583541,459875
2,4430,74.671364875,0,77875,42,16485958,473547
2,4431,74.685549,60000,2530125,42,16811125,420479
2,4432,74.702319332999991,0,80125,41,16684333,459913
2,4433,74.71872825,0,83333,292,16405792,418827
2,4434,74.73562579099999,0,84542,0,16991833,459913
2,4435,74.752079125,0,79583,41,16385250,446151
2,4436,74.768922541,0,82375,42,16898041,473675
2,4437,74.785178790999993,0,80500,0,16282208,461177
2,4438,74.802046291,0,78459,0,16893000,556337
2,4439,74.818840041,0,71042,41,16794292,556447
2,4440,74.835311416,0,75459,42,16400917,501199
2,4441,74.852209375,0,82125,42,16915959,487437
2,4442,74.868707041,0,76584,42,16477917,459913
2,4443,74.885450041,0,79417,0,16706917,473727
2,4444,74.902330583,0,82042,42,16801542,473675
2,4445,74.921127,0,83958,42,16282500,432589
2,4446,74.935283665999989,53458,2495541,41,16694417,407675
2,4447,74.952378791,0,90750,84,17094541,473637
2,4448,74.968540041,0,82292,83,16195958,459785
2,4449,74.985559125,0,81292,0,16992459,487309
2,4450,75.002371791,0,87458,42,16578083,459785
2,4451,75.018847916,0,117208,0,16693041,446223
2,4452,75.035437166,0,83000,41,16618458,459785
2,4453,75.051870333,0,84709,167,16386583,446023
2,4454,75.069026374999993,0,93167,42,17197708,487309
2,4455,75.085155833,0,79541,0,16167917,447339
2,4456,75.102308541,0,77792,0,17030750,473637
2,4457,75.118778124999992,0,84834,42,16564834,459985
2,4458,75.135359333,0,83458,42,16513791,459785
2,4459,75.151992291,0,89333,84,16677000,473547
2,4460,75.1713255,0,85833,42,16793583,501071
2,4461,75.1854245,57583,2520083,42,16691292,447951
2,4462,75.202051791,0,69625,0,16599583,542485
2,4463,75.218833707999991,0,70125,41,16721458,515161
2,4464,75.233941416,0,77459,41,14472792,294769
2,4465,75.251523916,0,96000,0,18004417,158503
2,4466,75.274783958,0,112250,41,23011542,88339
2,4467,75.285590625,0,100375,41,11175667,267297
2,4468,75.30205475,0,93667,84,16477625,459913
2,4469,75.318546125,0,83583,0,16516792,460113
2,4470,75.335296540999991,0,78959,42,16772750,459913
2,4471,75.352035041,0,78417,42,16715250,501199
2,4472,75.368735375,0,85250,0,16682375,459913
2,4473,75.385354624999991,0,81375,83,16593334,461177
2,4474,75.40210158299999,0,89416,42,16703334,473765
2,4475,75.421452958,0,86209,41,16802583,460113
2,4476,75.435250583,53291,2539958,41,16388833,378887
2,4477,75.452306416,0,80917,83,17095958,501071
2,4478,75.468722958,0,80750,42,16377166,459785
2,4479,75.485443707999991,0,85000,0,16712042,473599
2,4480,75.502250916,0,82500,42,16786584,514833
2,4481,75.518672375,0,80292,125,16403084,459985
2,4482,75.535584875,0,95875,42,16884250,447287
2,4483,75.552250915999991,0,83458,84,16700542,487399
2,4484,75.568927416,0,82375,41,16678708,473547
2,4485,75.58528016599999,0,83500,41,16311667,432261
2,4486,75.602250666,0,88458,41,16977708,501071
2,4487,75.618594582999989,0,79959,41,16488833,542557
2,4488,75.635393916,0,72958,83,16800125,556119
2,4489,75.652250916,0,68875,42,16719167,514833
2,4490,75.671533208,0,83041,42,16687708,473547
2,4491,75.685689958,58000,2516250,42,16689541,394219
2,4492,75.702068875,0,87708,0,16384792,473765
2,4493,75.718794207999991,0,81166,42,16688625,473875
2,4494,75.735297082999992,0,87041,42,16511000,446151
2,4495,75.752101666,0,85958,42,16880666,473675
2,4496,75.768727083,0,79709,42,16589750,487437
2,4497,75.785470416,0,82291,41,16700708,487437
2,4498,75.802271333,0,81792,42,16791709,501199
2,4499,75.818676333,0,80000,42,16412708,446351
2,4500,75.835752625,0,88250,42,16791000,481671
2,4501,75.851986208,0,81042,42,16474417,453271
2,4502,75.868647,0,87500,42,16707333,446151
2,4503,75.885461291,0,84917,0,16804208,446203
2,4504,75.902030083,0,92167,42,16501542,446151
