phase,unityFrame,seconds,EnvSprites_ns,ZoneRenderer_ns,InputIdle_ns,MainThread_ns,GC_bytes
0,17,0.80792874999999853,0,0,0,0,0
0,18,0.82357154099999974,0,79292,42,16674208,379799
0,19,0.84004704100000183,0,78125,41,16391917,435487
0,20,0.85703470800000048,0,79792,0,16984416,501199
0,21,0.873455332999999,0,82542,42,16413416,473727
0,22,0.8904312499999989,0,78459,125,16582959,481761
0,23,0.90699366600000175,0,79667,42,16986583,515507
0,24,0.9236952080000016,0,77917,84,16694666,514961
0,25,0.94033308299999874,0,78000,0,16588875,501199
0,26,0.95708850000000112,0,88250,0,16709667,473675
0,27,0.97361454099999989,0,92666,42,16596000,459913
0,28,0.99046162500000179,0,77333,42,16784167,502343
0,29,1.0067252079999989,0,79250,41,16298834,446351
0,30,1.0233729159999996,0,86958,42,16688625,501199
0,31,1.040414375000001,0,82667,0,16803917,509285
0,32,1.0568381249999987,0,82417,42,16676250,535753
0,33,1.0733245000000018,0,78417,41,16488917,487489
0,34,1.0902992500000011,0,74417,42,16907791,531821
0,35,1.1067537079999994,0,76541,42,16513917,501399
0,36,1.123446125000001,0,71417,42,16669708,514961
0,37,1.1399522500000003,0,78250,41,16521375,514961
0,38,1.1567435410000009,0,72709,42,16770292,542485
0,39,1.1733636250000004,0,75875,42,16587833,542485
0,40,1.1907617080000001,0,77833,42,17003166,536809
0,41,1.206796208,0,78917,42,16488500,515667
0,42,1.2235532910000018,0,72291,41,16794042,556247
0,43,1.2402578750000011,0,74459,0,16698000,556247
0,44,1.2567291249999997,0,66917,42,16398625,542485
0,45,1.2734976660000008,0,76125,0,16595125,528775
0,46,1.2900975000000017,0,108208,0,16695208,542485
0,47,1.3070465410000018,0,75750,83,17003417,542685
0,48,1.3232361250000011,0,71417,83,16280667,542485
0,49,1.340516333,0,63791,42,16991167,567431
0,50,1.3568423329999995,0,66292,42,16503459,549515
0,51,1.3733969160000008,0,73334,42,16586625,542485
0,52,1.3901054160000008,0,74959,0,16698209,556247
0,53,1.4066779999999994,0,69792,42,16597000,542685
0,54,1.4232398750000002,0,71375,42,16588833,556247
0,55,1.4399378330000019,0,63334,42,16696500,556247
0,56,1.456961500000002,0,69958,42,16897917,556247
0,57,1.4732972080000017,0,76750,42,16392583,515013
0,58,1.4907805409999995,0,71250,42,17093500,536809
0,59,1.5067255410000016,0,71583,83,16297458,515507
0,60,1.5233802909999987,0,69417,41,16689375,556247
0,61,1.5399385000000017,0,71250,0,16592250,556247
0,62,1.5566296659999992,0,64833,42,16701000,556247
0,63,1.5735615000000003,0,63833,0,16600583,253483
0,64,1.5902429160000011,0,128250,0,16712709,143387
0,65,1.606706250000002,0,96917,0,16674750,284305
0,66,1.6235950000000017,0,75875,42,16884417,556247
0,67,1.640750624999999,0,73917,167,16889917,550571
0,68,1.6567272499999994,0,71167,125,16297583,535753
0,69,1.6732176659999993,0,70667,0,16497375,556299
0,70,1.6899296660000012,0,62208,41,16605167,556247
0,71,1.7069087080000003,0,71584,83,16782542,542685
0,72,1.7235145000000003,0,100917,42,16791291,542485
0,73,1.7403307500000018,0,75083,41,16801875,556247
0,74,1.7566239159999988,0,70458,42,16393250,542485
0,75,1.7733139579999992,0,67167,0,16693500,556247
0,76,1.790434458,0,59916,42,16594792,556247
0,77,1.8069304160000002,0,75208,41,16887625,544039
0,78,1.8234100409999989,0,74583,0,16521875,542485
0,79,1.8401502910000005,0,71917,0,16779125,556247
0,80,1.8565613750000018,0,69792,0,16392500,542485
0,81,1.8732634580000003,0,65917,0,16698041,559397
0,82,1.8902153750000004,0,68208,42,16895084,556247
0,83,1.9066920829999994,0,73042,0,16503916,542685
0,84,1.9234077909999989,0,75125,42,16685000,542485
0,85,1.940475124999999,0,74959,41,16690791,556247
0,86,1.9566489999999988,0,68458,84,16601500,543839
0,87,1.9732907080000004,0,64500,0,16591375,556247
0,88,1.9900216660000005,0,73084,42,16703375,542485
0,89,2.0069274999999998,0,76084,0,16904500,556447
0,90,2.0235752080000005,0,80708,0,16683917,556247
0,91,2.0402474999999995,0,69583,42,16689708,556247
0,92,2.0565599580000011,0,64708,41,16297625,542485
0,93,2.0733610830000018,0,66042,208,16804959,556299
0,94,2.090574041,0,67333,83,16691375,556247
0,95,2.1069525830000018,0,74333,41,16795041,544039
0,96,2.1234740830000014,0,76250,42,16590125,545583
0,97,2.140025915999999,0,70458,0,16589334,556247
0,98,2.1565359579999992,0,63750,84,16499875,556247
0,99,2.1732657079999989,0,66625,42,16691708,556247
0,100,2.1901156250000007,0,71541,83,16809833,556247
0,101,2.2068840830000021,0,71666,42,16786667,556447
0,102,2.2233110409999988,0,72916,42,16392958,542485
0,103,2.239924708,0,69916,41,16695083,556247
0,104,2.2567460409999995,0,65625,42,16793875,557601
0,105,2.2735607500000015,0,63208,250,16799166,556299
0,106,2.290003875,0,68583,42,16394500,542485
0,107,2.306802041000001,0,72584,0,16797291,556447
0,108,2.3233911250000006,0,71750,42,16514083,542485
0,109,2.339969041,0,77792,42,16676541,542485
0,110,2.3567769580000011,0,77667,83,16780000,542645
0,111,2.3735470830000018,0,72459,125,16807416,559345
0,112,2.390297125,0,65125,83,16690167,556247
0,113,2.4069233330000017,0,65000,42,16612625,544039
0,114,2.4233948749999996,0,70334,83,16488917,542485
0,115,2.4402479160000006,0,69667,167,16781709,556247
0,116,2.456597458000001,0,77375,42,16403500,528723
0,117,2.4732438330000015,0,70666,41,16692375,556299
0,118,2.4900888330000015,0,66917,42,16798834,556247
0,119,2.5067074160000011,0,66458,42,16601834,556447
0,120,2.5235340000000015,0,73959,250,16785583,542485
0,121,2.5402334159999995,0,72750,42,16711542,542485
0,122,2.5567998329999995,0,74542,83,16583584,543839
0,123,2.5736457080000008,0,75166,42,16813042,542485
0,124,2.590115333,0,84125,42,16373125,528723
0,125,2.606888166000001,0,80125,42,16892583,556447
0,126,2.6235443750000016,0,79625,41,16687792,556247
0,127,2.639957958,0,69250,0,16401709,545583
0,128,2.6570333330000011,0,68500,83,16798666,528723
0,129,2.673349708,0,88542,0,16493000,501251
0,130,2.6901625409999994,0,77666,42,16799667,514961
0,131,2.7065801250000021,0,74458,83,16485875,530277
0,132,2.7233632910000019,0,73833,42,16799000,556247
0,133,2.7399609580000011,0,67708,42,16588334,556247
0,134,2.756665625,0,65708,84,16702542,556247
0,135,2.7736131250000007,0,67209,167,16898083,556247
0,136,2.7903081659999991,0,71083,41,16594417,528723
0,137,2.8068077910000007,0,79250,41,16591750,542685
0,138,2.823451833,0,73125,41,16593459,528723
0,139,2.8402527910000011,0,79084,41,16788167,528723
0,140,2.8569154999999995,0,81333,84,16406209,475029
0,141,2.8733787500000005,0,97583,84,16687459,473727
0,142,2.8902590000000004,0,78792,84,16894333,518059
0,143,2.906760000000002,0,73834,83,16597500,542685
0,144,2.9235911250000015,0,66583,42,16795375,556247
0,145,2.9402327909999997,0,71208,83,16689584,556247
0,146,2.9567644159999986,0,66459,0,16502959,556247
0,147,2.9735228750000005,0,67625,42,16792750,556247
0,148,2.9901121249999996,0,64458,41,16504584,556247
0,149,3.006848208000001,0,66458,0,16685500,544039
0,150,3.023516375,0,77333,41,16689292,528723
0,151,3.0400902499999987,0,76583,84,16598041,542485
0,152,3.0567330000000013,0,76167,41,16696167,556247
0,153,3.073301333,0,64667,83,16597458,556299
0,154,3.0902804159999988,0,58958,42,16799167,556247
0,155,3.1065959579999998,0,75667,41,16392708,515161
0,156,3.1233907910000021,0,74875,84,16801583,542485
0,157,3.1401484579999988,0,70083,42,16692292,528723
0,158,3.156865916000001,0,81000,42,16798458,533175
0,159,3.1735482909999995,0,72625,41,16588417,542485
0,160,3.1901199160000004,0,72291,42,16593625,542485
0,161,3.2066410830000009,0,66083,42,16585875,556447
0,162,3.223227625,0,62666,83,16599000,556247
0,163,3.2402340410000008,0,67833,0,17001250,570009
0,164,3.2567935830000003,0,66166,84,16594416,556247
0,165,3.2733730829999992,0,59333,42,16502000,556299
0,166,3.290265625,0,68875,42,16805917,542485
0,167,3.3065865410000015,0,74709,41,16392959,516515
0,168,3.3233027909999997,0,75125,0,16684583,542485
0,169,3.3399745000000003,0,71542,42,16694208,556247
0,170,3.3566526249999988,0,68167,41,16689875,556247
0,171,3.3736282909999993,0,65792,42,16896209,556247
0,172,3.3904950000000014,0,77917,42,16513000,514961
0,173,3.406820500000002,0,115125,42,16587458,518259
0,174,3.4235102079999997,0,82458,83,16784250,528723
0,175,3.4400744160000016,0,76583,0,16599583,556247
0,176,3.4566453330000009,0,67750,42,16594542,543839
0,177,3.4732516659999995,0,63750,0,16594792,556299
0,178,3.4899651660000011,0,65250,83,16695834,556247
0,179,3.506612791000002,0,64791,42,16690542,556447
0,180,3.5235152909999989,0,67083,41,16813666,556247
0,181,3.540086958,0,73458,0,16578708,542485
0,182,3.5567323329999994,0,75417,41,16609791,542485
0,183,3.5736174160000012,0,71166,42,16890375,542485
0,184,3.5902398330000018,0,73833,42,16580250,542485
0,185,3.606630250000002,0,72000,42,16404375,516515
0,186,3.623546333,0,70459,42,16994125,556247
0,187,3.6402767080000018,0,63917,84,16694125,556247
0,188,3.6565442079999997,0,72625,41,16293833,542485
0,189,3.6733009579999987,0,64125,41,16696750,518111
0,190,3.6899599579999993,0,70250,42,16695583,556247
0,191,3.7065913329999987,0,60417,84,16592500,556447
0,192,3.7236170000000008,0,72583,83,17006917,528723
0,193,3.7399854579999996,0,72250,41,16375834,542485
0,194,3.7568562080000021,0,77375,0,16803084,543839
0,195,3.773433208,0,78125,83,16599583,528723
0,196,3.7901044160000019,0,73041,41,16583667,528723
0,197,3.8069045000000017,0,99542,83,16902584,556447
0,198,3.8235050000000008,0,76375,83,16687416,556247
0,199,3.8401999999999994,0,61416,0,16595333,556247
0,200,3.8568387910000013,0,70875,42,16604042,556247
0,201,3.873287458,0,75917,41,16491917,542485
0,202,3.8902598330000018,0,73500,125,16930166,556299
0,203,3.9066658750000016,0,71791,41,16458125,530277
0,204,3.9233740829999988,0,72916,125,16696041,559345
0,205,3.9400387079999994,0,65666,42,16695375,556247
0,206,3.9567861660000005,0,68000,84,16692125,556247
0,207,3.9732935410000003,0,74500,42,16502375,542485
0,208,3.9900360829999997,0,70666,83,16698417,542485
0,209,4.0069014580000015,0,71417,42,16887708,556447
0,210,4.0235681660000004,0,72834,0,16690042,556247
0,211,4.0399469580000016,0,64709,125,16405792,542485
0,212,4.0566172079999987,0,70750,41,16590584,543839
0,213,4.0733978330000014,0,74084,41,16786083,556247
0,214,4.0901663329999991,0,73083,42,16707917,556299
0,215,4.1068922500000014,0,72458,42,16792542,528923
0,216,4.123200291,0,72209,41,16383042,542485
0,217,4.1402509159999994,0,62042,125,17009125,570009
0,218,4.1568265410000009,0,63959,83,16587333,542485
0,219,4.1733123750000019,0,66500,0,16497125,559345
0,220,4.190303,0,61542,125,16895083,570009
0,221,4.206918791,0,70833,125,16619792,530277
0,222,4.2234706250000009,0,68375,208,16575750,542485
0,223,4.240096625,0,73708,42,16594209,542485
0,224,4.2566610830000009,0,71750,42,16591250,556247
0,225,4.2733152909999994,0,63834,41,16695667,556247
0,226,4.2901457500000006,0,61250,42,16706750,556299
0,227,4.3068000409999989,0,71875,42,16690833,542685
0,228,4.323584208,0,70333,42,16784791,556247
0,229,4.340286583000001,0,67084,42,16701792,542485
0,230,4.3565611659999988,0,70084,83,16294916,530077
0,231,4.3731971660000006,0,66708,0,16686042,556247
0,232,4.3902345830000016,0,62000,42,16913125,556247
0,233,4.4067267910000005,0,68917,42,16491458,542685
0,234,4.4234450830000007,0,78000,41,16686500,542485
0,235,4.4401772910000012,0,74250,83,16796375,545583
0,236,4.4568828750000016,0,70417,83,16695250,556247
0,237,4.4734923329999994,0,69375,83,16692875,556247
0,238,4.4903376250000022,0,61375,0,16698292,556299
0,239,4.506674,0,76250,42,16399375,530277
0,240,4.5234903330000016,0,70000,42,16787125,556247
0,241,4.5402046250000012,0,75625,42,16797500,556247
0,242,4.556604083,0,64708,42,16294291,542485
0,243,4.5733767080000014,0,68375,42,16802416,556247
0,244,4.5901732909999993,0,71042,42,16789875,556247
0,245,4.6067920410000021,0,67541,41,16596542,528923
0,246,4.6234913330000005,0,73750,0,16695209,514961
0,247,4.6402429160000018,0,71542,42,16789459,556247
0,248,4.6566504580000014,0,67042,83,16395333,530077
0,249,4.6734423330000006,0,64917,42,16621209,556247
0,250,4.6902535000000007,0,89208,83,16870459,531873
0,251,4.706910624999999,0,78875,83,16703958,542685
0,252,4.7232630829999991,0,71125,42,16386333,542485
0,253,4.7399189160000006,0,66000,167,16695208,556247
0,254,4.7565183749999989,0,62250,42,16599667,556247
0,255,4.7735960000000013,0,61458,167,16988708,570009
0,256,4.7901144580000015,0,77125,83,16504209,542485
0,257,4.8066667080000016,0,70084,41,16585875,544039
0,258,4.8235018330000017,0,66500,125,16801084,542485
0,259,4.8402697910000008,0,71250,42,16789875,556247
0,260,4.8566426659999991,0,66958,41,16403333,542485
0,261,4.8734129579999994,0,65625,42,16697500,556247
0,262,4.8902780000000021,0,72375,83,16792417,556299
0,263,4.9067728330000016,0,70333,42,16594042,542685
0,264,4.923431375,0,69375,41,16688959,556247
0,265,4.9399236660000021,0,62459,42,16493542,556247
0,266,4.9568569999999994,0,58916,41,16912542,557601
0,267,4.9735369160000005,0,68958,41,16592708,542485
0,268,4.9902964579999995,0,73083,41,16684792,542485
0,269,5.0068278329999991,0,74667,125,16595250,528923
0,270,5.023417000000002,0,72000,42,16594000,542485
0,271,5.039991041,0,72583,41,16591708,542485
0,272,5.0566062910000014,0,69834,42,16600334,528723
0,273,5.0732235830000008,0,71458,83,16685833,556247
0,274,5.090249041,0,63417,208,17001167,570061
0,275,5.106664958,0,61708,41,16407417,530277
0,276,5.123542791000002,0,67792,41,16797125,556247
0,277,5.1402442910000019,0,74584,41,16684500,542485
0,278,5.1566909580000022,0,72833,41,16488542,528723
0,279,5.1732790830000006,0,70750,0,16600250,556247
0,280,5.1900641659999991,0,63541,41,16685625,556247
0,281,5.2066802080000016,0,76791,42,16605167,542685
0,282,5.223387958,0,76792,42,16795625,556247
0,283,5.2403532910000017,0,72000,42,16894625,542485
0,284,5.2567141660000019,0,74667,41,16392125,530077
0,285,5.273248916,0,73500,42,16502958,514961
0,286,5.2904070000000019,0,77250,42,17100791,432441
0,287,5.3066731659999995,0,75000,42,16371750,528923
0,288,5.3232417500000011,0,68917,84,16597500,556247
0,289,5.339897375,0,65083,42,16699375,556247
0,290,5.3566234160000015,0,58875,42,16693917,556287
0,291,5.3732387500000023,0,59625,0,16599375,556247
0,292,5.3903002079999993,0,67125,208,16918167,239721
0,293,5.407235041,0,78417,41,16788958,144941
0,294,5.426074083,0,92416,84,18533209,60815
0,295,5.440208583,0,87500,0,14552208,363579
0,296,5.4566590000000019,0,87541,0,16488833,487437
0,297,5.4732396250000015,0,75666,0,16612167,514961
0,298,5.490214833,0,75625,42,16879250,501251
0,299,5.5069057910000012,0,80959,0,16713333,501399
0,300,5.5236338750000016,0,82167,41,16764750,528723
0,301,5.5400975410000015,0,79042,42,16502917,528723
0,302,5.556699583,0,69959,41,16591292,543839
0,303,5.5733289160000012,0,70375,42,16699000,556247
0,304,5.5902492079999995,0,64041,41,16896542,570009
0,305,5.6066515410000015,0,65542,83,16388250,542685
0,306,5.623187458,0,70000,41,16602000,556247
0,307,5.639904541,0,63875,125,16614958,556247
0,308,5.6567686660000014,0,71125,0,16872875,556247
0,309,5.6733681659999995,0,73833,167,16501542,528723
0,310,5.690333958,0,79125,41,16987250,556299
0,311,5.7065638330000006,0,74584,42,16296333,530277
0,312,5.7232526250000006,0,67917,42,16694375,556247
0,313,5.7400961660000007,0,69292,42,16793125,542485
0,314,5.756599458,0,71125,0,16503084,542485
0,315,5.773558666,0,76000,42,16896833,542485
0,316,5.7903322910000021,0,79292,42,16418125,459913
0,317,5.8102679580000007,0,90292,83,20050291,239921
0,318,5.8264895410000008,0,81125,41,16411167,184673
0,319,5.8430340409999992,0,76125,0,16666417,184673
0,320,5.859932125,0,61958,42,16835000,158503
0,321,5.876394541,0,69792,84,16501458,225959
0,322,5.8930686250000015,0,62000,0,16659334,239773
0,323,5.909792165999999,0,54875,83,16798208,171111
0,324,5.9268645410000005,0,59042,83,16741542,170911
0,325,5.9432871250000012,0,73666,0,16508292,170911
0,326,5.9598927080000017,0,71708,41,16597208,170911
0,327,5.9766486659999991,0,79208,42,16680500,198435
0,328,5.9934660000000015,0,75458,41,16725833,184673
0,329,6.0101052910000021,0,82333,42,16652708,144941
0,330,6.0268922499999995,0,83917,41,16722833,170911
0,331,6.043438791,0,132042,0,16480916,157149
0,332,6.0603520410000016,0,89000,83,16857333,129625
0,333,6.076747790999999,0,121791,41,16465917,170911
0,334,6.0934034580000009,0,99541,0,16679375,170963
0,335,6.110131958,0,122334,41,16725208,171111
0,336,6.1267699160000006,0,89458,83,16625875,170911
0,337,6.1436228750000019,0,86500,42,16920542,143387
0,338,6.1601038750000008,0,84625,42,16429167,160159
0,339,6.1767477500000005,0,101709,0,16677500,184673
0,340,6.193521291,0,83583,42,16754083,157149
0,341,6.210152707999999,0,78750,41,16648875,157349
0,342,6.2268218329999989,0,81959,83,16546625,157149
0,343,6.2435230829999995,0,152958,42,16706458,157149
0,344,6.2601724999999995,0,83875,84,16695250,157149
0,345,6.2767884580000022,0,88375,42,16531125,157149
0,346,6.2934427500000005,0,88625,42,16703042,170963
0,347,6.310102582999999,0,84709,42,16610500,144941
0,348,6.3268260830000038,0,85666,0,16694625,170911
0,349,6.3436121660000033,0,106084,84,16776083,129625
0,350,6.3600577499999993,0,88667,0,16672959,157149
0,351,6.3768972910000024,0,81834,41,16629583,157149
0,352,6.3934369160000024,0,85375,42,16624958,157149
0,353,6.4102958330000028,0,80666,42,16719167,157349
0,354,6.4268531249999974,0,83500,42,16632291,143387
0,355,6.4438455409999982,0,83000,42,16832333,129625
0,356,6.4602880410000019,0,87666,42,16568625,117217
0,357,6.4768473329999985,0,115541,167,16574750,157149
0,358,6.4935579160000039,0,82875,42,16679125,143439
0,359,6.5102307910000015,0,120125,83,16751167,129825
0,360,6.5269471660000029,0,86292,42,16605041,157149
0,361,6.5435726659999993,0,85541,42,16652417,157149
0,362,6.560103541,0,85042,41,16601958,143387
0,363,6.576841500000004,0,83750,84,16701333,157149
0,364,6.5935450000000024,0,101041,41,16677500,157149
0,365,6.610274125,0,93042,0,16777958,144941
0,366,6.6268352910000026,0,91375,0,16561708,157149
0,367,6.6434557080000012,0,86500,41,16614416,157149
0,368,6.660117041000003,0,83541,83,16675333,157149
0,369,6.6767891660000025,0,115458,0,16692292,157149
0,370,6.6937993329999976,0,80958,42,16643125,170963
0,371,6.7102415409999985,0,96667,42,16580375,129825
0,372,6.7270225,0,126125,42,16745750,157149
0,373,6.743415541000001,0,78041,42,16666333,157149
0,374,6.7599452080000013,0,78291,42,16447459,172265
0,375,6.7770415409999991,0,83375,42,17095583,157149
0,376,6.793470457999998,0,76958,42,16304833,143387
0,377,6.8101507910000016,0,110708,42,16794917,157349
0,378,6.8267971660000022,0,75291,42,16663666,157149
0,379,6.8433948330000014,0,108667,42,16660834,170911
0,380,6.8601415829999972,0,78375,41,16667583,157149
0,381,6.8770542080000006,0,79875,42,16803917,157149
0,382,6.8934482500000023,0,77333,41,16437541,143439
0,383,6.9100772910000039,0,118375,42,16649166,172465
0,384,6.9267440829999991,0,84250,41,16673833,170911
0,385,6.943444582999998,0,94333,42,16720667,157149
0,386,6.9602315000000026,0,78792,83,16592792,143387
0,387,6.9767068750000014,0,82041,41,16716208,157149
0,388,6.9934211250000011,0,79667,41,16607750,143387
0,389,7.010122415999998,0,79667,42,16640833,157349
0,390,7.0268126250000016,0,121583,84,16652167,170911
0,391,7.0434409999999978,0,85375,42,16702042,157149
0,392,7.060054166000004,0,82625,83,16578833,172265
0,393,7.0767903330000017,0,117291,41,16743125,157149
0,394,7.0934879580000008,0,79709,0,16607958,143439
0,395,7.1101382910000019,0,87916,83,16584708,157349
0,396,7.126831916000004,0,107500,0,16788916,157149
0,397,7.14351375,0,106875,42,16715875,157149
0,398,7.1600374999999978,0,81166,84,16535584,157149
0,399,7.176839333,0,85500,0,16728041,157149
0,400,7.1934433330000012,0,91916,42,16624416,157149
0,401,7.2101797080000019,0,80708,0,16767792,186227
0,402,7.2268478329999972,0,82125,42,16463125,184673
0,403,7.243379375,0,82584,42,16676084,170911
0,404,7.2601307080000019,0,99250,41,16675333,184673
0,405,7.2767491659999983,0,77417,42,16729792,157149
0,406,7.2936044999999972,0,83375,41,16752875,170963
0,407,7.3099442909999972,0,93500,41,16471292,171111
0,408,7.3266604999999991,0,77916,42,16692292,184673
0,409,7.3433730000000033,0,83958,42,16587083,170911
0,410,7.360881916,0,98125,84,17249583,192759
0,411,7.3768339159999989,0,80292,209,16297625,150417
0,412,7.3933708330000023,0,83000,42,16403333,157149
0,413,7.4099949580000022,0,83042,42,16653583,171111
0,414,7.426816833,0,87709,42,16851417,157149
0,415,7.4433577500000006,0,123458,0,16578166,184673
0,416,7.4599760000000011,0,87334,125,16622542,184673
0,417,7.4767164999999984,0,83041,41,16681084,143387
0,418,7.4934414999999994,0,84708,42,16684500,184725
0,419,7.5106082500000007,0,115166,84,16969667,179197
0,420,7.5266601660000028,0,80042,167,16253583,177941
0,421,7.5435609160000006,0,86125,42,16793583,184673
0,422,7.560152083000002,0,85250,125,16633750,143387
0,423,7.5769480409999979,0,80625,125,16582583,170911
0,424,7.5935508750000018,0,89417,0,16634000,170911
0,425,7.6100050830000008,0,91750,83,16711334,157349
0,426,7.626884540999999,0,80625,42,16863209,170911
0,427,7.6432918330000028,0,78167,0,16387208,170911
0,428,7.6605991660000008,0,122250,42,16854958,170911
0,429,7.6768264579999972,0,74500,42,16690375,158503
0,430,7.6935550830000032,0,78208,250,16647792,157201
0,431,7.71035925,0,78542,42,16632417,157349
0,432,7.7268099160000041,0,86916,42,16600000,157149
0,433,7.7434850829999995,0,80834,42,16652875,157149
0,434,7.7600971659999978,0,94166,0,16650291,143387
0,435,7.7769115000000006,0,89750,0,16728459,170911
0,436,7.7935637500000006,0,87792,41,16601291,157149
0,437,7.8108017499999995,0,96917,83,16718125,157349
0,438,7.8268002500000016,0,82167,83,16502792,158503
0,439,7.8435182909999988,0,81500,42,16776667,170911
0,440,7.8605277080000029,0,81333,0,16767292,143387
0,441,7.876798208,0,94916,42,16504583,129625
0,442,7.89363475,0,86375,83,16702958,170963
0,443,7.9102429580000013,0,107750,42,16646417,143587
0,444,7.9269793749999984,0,79000,42,16644333,157149
0,445,7.9434188750000025,0,109542,41,16655875,129625
0,446,7.9601074579999995,0,78042,41,16690334,170911
0,447,7.9770034999999986,0,91250,83,16705167,158503
0,448,7.9935496250000035,0,83500,42,16599500,157149
0,449,8.0104656249999984,0,82125,42,16783708,143587
0,450,8.026727583,0,84834,0,16444208,170911
0,451,8.043787958,0,94333,0,17007958,170911
0,452,8.059993041000002,0,96334,42,16318375,170911
0,453,8.0768531660000029,0,77875,0,16780750,170911
0,454,8.0933199579999986,0,84125,41,16549875,170963
0,455,8.1099876249999987,0,89166,0,16696208,184873
0,456,8.1267948330000017,0,87792,42,16655084,186027
0,457,8.1433430409999978,0,94500,0,16680750,170911
0,458,8.160051124999999,0,124291,42,16656292,184673
0,459,8.1769275410000013,0,101625,42,16825791,170911
0,460,8.1934543749999982,0,78875,0,16450083,170911
0,461,8.2102699999999977,0,82166,42,16802958,171111
0,462,8.227001583,0,87000,41,16659583,157149
0,463,8.243628333,0,90125,0,16451166,170911
0,464,8.2600739580000031,0,100292,42,16823209,143387
0,465,8.276825290999998,0,109542,0,16569958,186027
0,466,8.2935375829999991,0,109958,42,16783375,157201
0,467,8.3101849580000042,0,93750,0,16599916,143587
0,468,8.3268550830000017,0,81083,0,16701792,157149
0,469,8.3434496250000016,0,77625,42,16581292,170911
0,470,8.3600650410000021,0,117125,42,16613500,170951
0,471,8.3767429579999977,0,97791,42,16805417,157149
0,472,8.3935945000000025,0,100542,42,16639875,157149
0,473,8.4099526659999988,0,106792,41,16539125,171111
0,474,8.4267442079999988,0,94667,42,16757958,172265
0,475,8.4436275410000015,0,79333,83,16731917,170911
0,476,8.4600797910000018,0,86042,83,16520208,157149
0,477,8.4770136250000014,0,83292,41,16734875,157149
0,478,8.4938347079999978,0,84375,41,16701167,157201
0,479,8.5103083749999975,0,95291,42,16733125,116063
0,480,8.5268960000000042,0,80917,42,16529959,157149
0,481,8.5435883329999989,0,96584,42,16845333,143387
0,482,8.560190541,0,80542,42,16512250,157149
0,483,8.5768299999999975,0,91291,0,16650375,172265
0,484,8.5935201660000011,0,88833,42,16657000,157149
0,485,8.6101008750000041,0,87584,0,16695791,157349
0,486,8.6268236250000037,0,77792,41,16606250,157149
0,487,8.64350525,0,87667,41,16698291,157149
0,488,8.660239416,0,89375,0,16655458,157149
0,489,8.6769298750000026,0,81834,41,16678500,157149
0,490,8.6939338750000026,0,86458,42,16874000,143439
0,491,8.710246541,0,87333,0,16501208,129825
0,492,8.727093041,0,118583,0,16483625,172265
0,493,8.743342916,0,95292,42,16679292,157149
0,494,8.7600615829999988,0,82666,42,16667167,143387
0,495,8.7768518329999985,0,84250,0,16856792,157149
0,496,8.7935334580000024,0,80166,41,16574875,157149
0,497,8.8101692909999976,0,84750,84,16553750,143587
0,498,8.8269336249999988,0,111625,0,16753709,157149
0,499,8.843431791000004,0,79958,41,16596333,143387
0,500,8.8600492080000031,0,84916,0,16679084,157149
0,501,8.8766440000000024,0,84583,83,16579333,172265
0,502,8.8934174579999983,0,85084,0,16713458,143439
0,503,8.9101877079999987,0,79708,83,16690375,157349
0,504,8.9270006250000016,0,144041,41,16704917,157149
0,505,8.943470125000001,0,85333,42,16596833,143387
0,506,8.960066125,0,91250,292,16676625,157149
0,507,8.9768865829999989,0,82166,42,16746750,157149
0,508,8.9934881250000025,0,82083,41,16632291,157149
0,509,9.0101616659999983,0,88666,42,16653417,157349
0,510,9.0268990000000038,0,86417,83,16702250,144741
0,511,9.0434452910000012,0,83542,42,16607834,157149
0,512,9.0600342909999974,0,83375,41,16650792,157149
0,513,9.076805666000002,0,76500,0,16587833,170911
0,514,9.093648458,0,84167,42,16731000,157201
0,515,9.1101548750000028,0,89959,83,16645708,157349
0,516,9.1267541250000015,0,120709,42,16627958,157149
0,517,9.143562958,0,91208,41,16762875,157149
0,518,9.160028375,0,81667,41,16540209,157149
0,519,9.1768712079999979,0,84667,42,16652375,158503
0,520,9.1934581660000028,0,112166,0,16752917,157149
0,521,9.210080875,0,78875,0,16660917,157349
0,522,9.226868249999999,0,77708,84,16638000,157149
0,523,9.2435585829999987,0,92916,42,16816042,143387
0,524,9.2603040000000014,0,79750,41,16538916,157149
0,525,9.2770277499999985,0,85458,41,16626792,157149
0,526,9.2934675410000018,0,86250,41,16660583,143439
0,527,9.3100664160000015,0,84083,42,16635667,171111
0,528,9.3266373330000043,0,81083,42,16580042,158503
0,529,9.3432958330000027,0,115333,0,16729042,143387
0,530,9.3601187910000014,0,78541,42,16702459,170911
0,531,9.376840833,0,80125,42,16647583,170911
0,532,9.3934243749999986,0,80167,42,16673959,157149
0,533,9.4099889580000031,0,82666,41,16652542,157349
0,534,9.4267914160000039,0,78000,42,16698584,170911
0,535,9.4434645829999972,0,77458,41,16607458,170911
0,536,9.4601085,0,118791,42,16673250,175283
0,537,9.4767431660000021,0,84708,42,16581667,172265
0,538,9.493488916,0,87416,41,16753708,170963
0,539,9.5101585,0,120791,42,16634625,157349
0,540,9.5268244580000037,0,85916,41,16665958,157149
0,541,9.5434195410000022,0,79875,42,16642292,170911
0,542,9.5601004160000009,0,111500,42,16657458,157149
0,543,9.576726458,0,97125,83,16604458,157149
0,544,9.593481541,0,101125,0,16746208,157149
0,545,9.610037791,0,79166,83,16647208,157349
0,546,9.6265909160000014,0,82458,41,16434542,172265
0,547,9.643357958,0,82375,41,16873959,170911
0,548,9.6600572080000013,0,80833,83,16656375,170911
0,549,9.6770952910000041,0,76750,42,16678792,170911
0,550,9.6934794580000023,0,117291,0,16650792,157201
0,551,9.7101320409999978,0,107833,41,16699834,157349
0,552,9.7267589580000013,0,91209,41,16643834,157149
0,553,9.7435131250000033,0,85791,0,16609750,157149
0,554,9.7601463750000015,0,84292,83,16698250,157149
0,555,9.7768572500000026,0,84875,42,16713625,158503
0,556,9.793447083,0,92792,42,16544750,157149
0,557,9.8101141660000017,0,90792,42,16725166,157349
0,558,9.826765708,0,87458,42,16651291,157149
0,559,9.8434185829999983,0,92041,41,16627292,157149
0,560,9.86009125,0,95875,0,16672458,157149
0,561,9.8767117910000017,0,94917,0,16630709,157149
0,562,9.893668875,0,115833,0,16728917,157149
0,563,9.909626833,0,90542,41,16077375,157401
0,564,9.927185791000003,0,121000,0,17231666,172265
0,565,9.9436785830000041,0,110041,0,16647792,157149
0,566,9.9599760000000011,0,83042,41,16625875,143387
0,567,9.9768338330000041,0,77083,0,16761500,157149
0,568,9.9935650830000036,0,74958,42,16601792,143387
0,569,10.010119249999999,0,77125,41,16717041,157349
0,570,10.026697041000002,0,77417,83,16586875,157149
0,571,10.043430041000004,0,78334,0,16719625,157149
0,572,10.060089875,0,74625,41,16630583,170911
0,573,10.076777957999997,0,89875,42,16699959,186027
0,574,10.093595957999998,0,77166,84,16702375,129625
0,575,10.110131040999999,0,77750,42,16555875,157401
0,576,10.126900166000002,0,84542,42,16600417,157149
0,577,10.143468833000004,0,82708,125,16680792,157149
0,578,10.159998375000004,0,83875,41,16672791,157149
0,579,10.176761041000002,0,86167,42,16660791,157149
0,580,10.193539916000002,0,91667,83,16697834,157149
0,581,10.210095499999998,0,79583,42,16599333,157349
0,582,10.227057124999998,0,80875,42,16881166,186027
0,583,10.243757499999997,0,86041,42,16617167,143387
0,584,10.260260165999998,0,81959,0,16481625,143387
0,585,10.276932958,0,86625,41,16699125,157149
0,586,10.293476375000001,0,85167,42,16550666,143387
0,587,10.310269875,0,91791,125,16705583,157401
0,588,10.32684025,0,84292,0,16690084,157149
0,589,10.343560041,0,83666,166,16602791,157149
0,590,10.359987874999998,0,85083,42,16643375,143387
0,591,10.377484875000004,0,73917,41,17109583,165235
0,592,10.393574125000004,0,85500,84,16298875,150417
0,593,10.410340000000001,0,92083,42,16735667,157349
0,594,10.426856125000004,0,80875,41,16575625,157149
0,595,10.443547916000004,0,82875,83,16668333,157149
0,596,10.460136207999998,0,86750,41,16651500,157149
0,597,10.476936916000003,0,80500,42,16707000,157149
0,598,10.493536958000004,0,85208,41,16694375,157149
0,599,10.510064582999998,0,82000,42,16576709,157401
0,600,10.527134749999998,0,92708,84,16673666,157149
0,601,10.543366375000002,0,77416,41,16676167,158503
0,602,10.560152249999998,0,87708,42,16633791,157149
0,603,10.576710791,0,95625,41,16603625,157149
0,604,10.593475375,0,83250,41,16697875,157149
0,605,10.610125999999998,0,104875,42,16672875,157349
0,606,10.626827375000001,0,118333,41,16703375,157149
0,607,10.643433958,0,79041,83,16667250,157149
0,608,10.660408,0,78333,41,16549875,157149
0,609,10.677557875000002,0,96917,41,16656667,157149
0,610,10.693367541000004,0,89000,41,16647709,144741
0,611,10.710129040999998,0,117917,0,16730583,157401
0,612,10.726763458000004,0,82334,42,16709292,157149
0,613,10.743377374999998,0,78500,83,16589625,157149
0,614,10.760041541000003,0,81375,41,16649792,157149
0,615,10.776812041000003,0,116417,0,16704916,157149
0,616,10.793486666000003,0,76333,42,16679625,157149
0,617,10.809970666000002,0,83541,0,16596250,157349
0,618,10.826776540999997,0,90083,41,16709792,157149
0,619,10.843461375,0,77750,42,16661667,158503
0,620,10.860257,0,99292,42,16644834,157149
0,621,10.876913666000004,0,128000,0,16639750,157149
0,622,10.893555457999998,0,83833,42,16578625,157149
0,623,10.910416958000003,0,99500,0,16848458,157401
0,624,10.926815874999999,0,127916,42,16489167,143387
0,625,10.943549833000002,0,123625,41,16719083,143387
0,626,10.960186083,0,132417,41,16675041,157149
0,627,10.976830666000001,0,84417,41,16651375,143387
0,628,10.993451500000003,0,119791,0,16651916,158503
0,629,11.010225833000003,0,101583,42,16678875,166033
0,630,11.026831124999998,0,94042,42,16677000,157149
0,631,11.043494415999998,0,84583,41,16661000,157149
0,632,11.060152541000004,0,83292,84,16715334,143387
0,633,11.076780833000004,0,79417,41,16549792,157149
0,634,11.093694916,0,83625,42,16702291,143387
0,635,11.109950125000001,0,85584,84,16544083,143639
0,636,11.127116416000003,0,84833,41,16919958,170911
0,637,11.143487582999999,0,84417,0,16537083,158503
0,638,11.160264708000003,0,116458,41,16677709,157149
0,639,11.176764875,0,86333,0,16664125,157149
0,640,11.193566208000004,0,83417,42,16617041,157149
0,641,11.210059875000002,0,84250,42,16690250,157349
0,642,11.226784374999998,0,77792,0,16560750,157149
0,643,11.243472166,0,86167,125,16755250,157149
0,644,11.260183041000001,0,99458,41,16575709,157149
0,645,11.276938916000002,0,86167,0,16862541,143387
0,646,11.293447041000004,0,83792,42,16461250,158503
0,647,11.310162166000001,0,103833,42,16726375,157401
0,648,11.326870625000002,0,97792,41,16650083,157149
0,649,11.343411499999998,0,82708,42,16650542,157149
0,650,11.359991083,0,86375,41,16579791,157189
0,651,11.376876499999998,0,87875,83,16777333,157149
0,652,11.393502458000004,0,86875,42,16651584,157149
0,653,11.410204707999998,0,83250,125,16595125,143587
0,654,11.427063083000004,0,91792,125,16710459,157149
0,655,11.443278457999998,0,101583,42,16496917,158503
0,656,11.460080082999998,0,90750,41,16805916,170911
0,657,11.476815040999998,0,126584,84,16713417,170911
0,658,11.493575332999999,0,87834,83,16639917,157149
0,659,11.510166583000004,0,82375,42,16623000,157401
0,660,11.526758416000003,0,84167,42,16627666,157149
0,661,11.543449708,0,92292,0,16724292,157149
0,662,11.560105832999998,0,98875,41,16652834,157149
0,663,11.576864957999998,0,87708,83,16654500,157149
0,664,11.593608,0,86000,83,16675542,158503
0,665,11.610076457999998,0,80708,41,16624083,157349
0,666,11.626829791000002,0,114125,42,16655375,157149
0,667,11.643505874999999,0,137083,0,16681417,157149
0,668,11.660105833,0,98083,41,16673209,157149
0,669,11.676747916,0,127167,0,16582875,170911
0,670,11.693481875,0,125167,0,16725500,157149
0,671,11.710074666,0,98750,41,16646291,157401
0,672,11.726731957999998,0,128583,41,16656625,143387
0,673,11.743375707999999,0,83958,0,16624083,158503
0,674,11.760041375000004,0,92084,41,16752750,170911
0,675,11.776750457999999,0,81500,0,16623333,157149
0,676,11.793486708,0,85708,42,16655292,157149
0,677,11.810168458000003,0,88541,42,16772083,143587
0,678,11.826853041000003,0,85000,83,16593000,157149
0,679,11.843358583,0,81208,42,16605750,157149
0,680,11.860052125,0,83167,42,16715417,170911
0,681,11.876738041,0,79959,42,16652667,157149
0,682,11.893587333000003,0,77208,0,16624209,158503
0,683,11.909983,0,89250,42,16632584,157401
0,684,11.926834916,0,85083,42,16872500,157149
0,685,11.943437290999999,0,76959,42,16476709,157149
0,686,11.959924041000004,0,82667,125,16399125,170911
0,687,11.976717832999999,0,116041,41,16913500,170911
0,688,11.993572375000003,0,83542,125,16743500,157149
0,689,12.010215875000004,0,83292,42,16637625,157349
0,690,12.026777333000002,0,83291,42,16635709,157149
0,691,12.043261291000004,0,82458,83,16513083,186027
0,692,12.060029791000002,0,100625,42,16774416,157149
0,693,12.07669425,0,125250,42,16676791,157149
0,694,12.093737999999998,0,87750,541,16666209,157149
0,695,12.110063999999998,0,96042,84,16655417,143639
0,696,12.126721665999998,0,82750,42,16659042,170911
0,697,12.143394416000003,0,78334,83,16653875,170911
0,698,12.160155958,0,81084,42,16653125,170911
0,699,12.176881333,0,86375,42,16677667,157149
0,700,12.193365333,0,85250,0,16527917,158503
0,701,12.210026457999998,0,91917,41,16774542,171111
0,702,12.226701041000002,0,90709,41,16673833,157149
0,703,12.243482125000003,0,79708,42,16660833,170911
0,704,12.260014833000003,0,85083,41,16678916,157149
0,705,12.276779333000004,0,77458,42,16647875,170911
0,706,12.29342325,0,79625,42,16656833,157149
0,707,12.310067790999998,0,80583,42,16660750,157401
0,708,12.326767125,0,82917,459,16575541,170911
0,709,12.343281583000003,0,115167,41,16601917,172265
0,710,12.360033750000003,0,84542,41,16801375,157149
0,711,12.376739291000003,0,75084,42,16619583,157149
0,712,12.393434708000004,0,86667,42,16687625,170911
0,713,12.410017499999999,0,78333,42,16685042,157349
0,714,12.426707083,0,76042,42,16667292,157149
0,715,12.443438208,0,73834,42,16554083,157149
0,716,12.460496541000001,0,105916,0,17044875,157149
0,717,12.477028375,0,77584,42,16463083,143387
0,718,12.492898125,0,83250,41,15944958,158503
0,719,12.510254208000003,0,84208,42,17327875,157401
0,720,12.529183458000002,0,91292,0,18968500,143387
0,721,12.540422625000001,0,82375,0,11454541,198435
0,722,12.556774541,0,66958,0,16378042,349817
0,723,12.573670375000003,0,79625,42,16899333,528723
0,724,12.590090958000001,0,74666,41,16393792,528723
0,725,12.606743833,0,72042,42,16698125,528923
0,726,12.623518624999999,0,83625,42,16795958,528723
0,727,12.640085958000004,0,77458,42,16594292,516315
0,728,12.656903832999998,0,74333,42,16693292,528723
0,729,12.673476832999999,0,81708,41,16505917,528723
0,730,12.689965791000002,0,95833,0,16590416,542485
0,731,12.706775916000002,0,74083,42,16779042,528975
0,732,12.723452124999998,0,82916,41,16690875,528723
0,733,12.740140624999999,0,87250,83,16705916,542485
0,734,12.756937416000003,0,73125,0,16795375,542485
0,735,12.773749916000003,0,73291,41,16798750,528723
0,736,12.790399208,0,75167,0,16597584,475029
0,737,12.806849125000003,0,70500,41,16475541,473875
0,738,12.823420583000004,0,79334,41,16597875,528723
0,739,12.840090874999998,0,75500,42,16593625,528723
0,740,12.856871291000001,0,73459,42,16806416,542485
0,741,12.873439666,0,78875,42,16584000,542485
0,742,12.890255540999998,0,74334,42,16798583,542485
0,743,12.906635750000003,0,73041,0,16393167,528975
0,744,12.923536916,0,74875,41,16892000,542485
0,745,12.939923500000003,0,73333,83,16410167,530077
0,746,12.957048333,0,74166,0,17088208,556247
0,747,12.973611958000003,0,74792,0,16576417,528723
0,748,12.990052041000002,0,74292,42,16403625,542485
0,749,13.006721166000002,0,77709,42,16699416,542685
0,750,13.023399666,0,76000,0,16685916,542485
0,751,13.039984749999999,0,69542,41,16613334,542485
0,752,13.056668208000001,0,70792,0,16580708,542485
0,753,13.073404708000002,0,80708,0,16806250,542485
0,754,13.090159332999999,0,74250,41,16683709,530077
0,755,13.106911208000003,0,74583,84,16794875,542737
0,756,13.123312082999998,0,72958,41,16396250,528723
0,757,13.140308208000004,0,71750,41,16993000,556247
0,758,13.156792290999999,0,74292,0,16503417,542485
0,759,13.173302582999998,0,73333,0,16482375,542485
0,760,13.190266458,0,74250,334,16891417,556247
0,761,13.206587291000002,0,73583,0,16399125,542685
0,762,13.223559625000004,0,65584,0,16997792,570009
0,763,13.240324083,0,71125,42,16703625,543839
0,764,13.257019250000003,0,71959,41,16496791,528723
0,765,13.273527291000004,0,100250,41,16677625,514961
0,766,13.29007175,0,78667,42,16496333,542485
0,767,13.306511041000004,0,76666,0,16596583,542737
0,768,13.323431125000003,0,62750,41,16896167,570009
0,769,13.340095666,0,63041,42,16595875,556247
0,770,13.356964583000003,0,71042,42,16843625,556247
0,771,13.373728208,0,77875,83,16755292,542485
0,772,13.390244583000001,0,73291,83,16490584,530077
0,773,13.406623708000001,0,70417,42,16489125,542685
0,774,13.423551333000002,0,60667,42,16894750,570009
0,775,13.440266250000004,0,65625,41,16397709,542485
0,776,13.456783875000003,0,102375,41,16789791,528723
0,777,13.473542165999998,0,75334,0,16704958,501199
0,778,13.490398625000001,0,74000,125,16795041,528723
0,779,13.506821791000004,0,82208,42,16492250,515213
0,780,13.52360225,0,73625,42,16784709,542485
0,781,13.540158291000001,0,76000,84,16599625,543839
0,782,13.556882124999998,0,64916,42,16696833,542485
0,783,13.573480540999999,0,67625,42,16595625,556247
0,784,13.590040791000003,0,69958,42,16491500,528723
0,785,13.606642957999998,0,77791,166,16614375,542685
0,786,13.623338915999998,0,73750,42,16674708,528723
0,787,13.640229125000001,0,74333,42,16993958,556247
0,788,13.656846040999998,0,64250,42,16597458,556247
0,789,13.673555791000002,0,65167,0,16611625,556247
0,790,13.690157041000003,0,74250,83,16584666,530077
0,791,13.706708916,0,75084,42,16588667,528975
0,792,13.723405457999998,0,80375,41,16700167,556247
0,793,13.740024333000004,0,72375,0,16682708,556247
0,794,13.756525208000003,0,62292,166,16500000,556247
0,795,13.773597541000004,0,64750,42,17002625,570009
0,796,13.790398540999998,0,73875,0,16689542,556247
0,797,13.806907249999998,0,72542,0,16607459,542685
0,798,13.823375791,0,69167,41,16483958,542485
0,799,13.839952125,0,66208,166,16598166,543839
0,800,13.856748,0,68708,0,16792500,556247
0,801,13.873519583,0,66334,42,16699125,556247
0,802,13.890146458,0,70209,42,16600125,542485
0,803,13.906926791,0,71167,0,16783708,473927
0,804,13.923586375000003,0,72875,42,16704125,556247
0,805,13.940117750000002,0,69750,125,16586666,556247
0,806,13.956776708000003,0,62625,42,16612041,556247
0,807,13.973287875,0,66625,84,16481583,542485
0,808,13.990702583000004,0,70292,42,17311792,213551
0,809,14.007534625000002,0,82375,0,16774458,143587
0,810,14.023480500000002,0,102959,42,15696500,47053
0,811,14.040216416000003,0,81291,0,17100709,487437
0,812,14.056690249999999,0,76166,42,16480416,542485
0,813,14.073644708,0,73209,42,16909875,556247
0,814,14.090064833000003,0,76125,42,16396917,528723
0,815,14.106913958000003,0,73667,41,16882708,556499
0,816,14.123551457999998,0,76500,83,16693750,556247
0,817,14.140097166,0,64375,42,16497584,543839
0,818,14.156905333000001,0,67791,41,16817459,556247
0,819,14.173388583000001,0,74000,42,16475458,542485
0,820,14.190042666,0,74417,42,16587959,542485
0,821,14.206624708000003,0,73708,42,16599875,542685
0,822,14.223535541,0,77042,42,16989208,570009
0,823,14.240046916,0,66458,42,16496541,542485
0,824,14.256856207999999,0,65709,166,16724042,556247
0,825,14.273665291000004,0,73666,42,16767333,556247
0,826,14.290132916000001,0,76459,42,16496292,516315
0,827,14.306616875,0,70459,42,16492667,542737
0,828,14.323261124999998,0,73958,42,16696625,556247
0,829,14.339917832999998,0,75625,0,16688458,542485
0,830,14.356591625000004,0,66084,42,16609292,542485
0,831,14.373396958000004,0,72916,42,16788625,556287
0,832,14.390031750000002,0,74125,41,16596750,542485
0,833,14.406560166000002,0,72709,0,16594125,542685
0,834,14.423566083,0,68041,42,16989750,570009
0,835,14.440172874999998,0,66708,83,16593334,543839
0,836,14.456616833000002,0,67875,41,16404375,534993
0,837,14.473295541000002,0,74500,41,16686000,542485
0,838,14.490073875000004,0,74208,42,16705208,528723
0,839,14.506559665999998,0,72750,42,16590334,542737
0,840,14.523242708000001,0,68083,42,16692042,556247
0,841,14.539956999999998,0,70625,41,16703333,556247
0,842,14.556765375000001,0,69708,334,16799833,556247
0,843,14.573574750000002,0,70083,42,16689458,542485
0,844,14.590339416000003,0,76458,42,16790458,530077
0,845,14.606618583000003,0,68500,41,16392458,542685
0,846,14.623534083,0,62833,0,16893958,570009
0,847,14.640295291000005,0,68416,83,16708708,556247
0,848,14.656542416000004,0,70125,42,16280750,542485
0,849,14.673406791000001,0,68166,42,16798500,556247
0,850,14.690318208000004,0,71667,42,16894916,556247
0,851,14.706787708000004,0,73416,83,16589917,556499
0,852,14.723510333000004,0,64292,41,16596333,556247
0,853,14.739885208,0,70167,41,16403042,530077
0,854,14.756425416000003,0,74625,42,16264875,418627
0,855,14.773316500000004,0,77209,42,17127917,556247
0,856,14.790063333000003,0,75750,125,16693250,542485
0,857,14.806934375,0,75416,0,16888041,487637
0,858,14.823625958000004,0,75375,0,16695292,542485
0,859,14.840122791000002,0,70792,41,16496584,528723
0,860,14.856787874999998,0,79666,83,16593875,528723
0,861,14.873688040999998,0,84625,42,16490958,501199
0,862,14.890582375000005,0,99625,42,17113584,378695
0,863,14.906966958000002,0,83583,42,16379375,432641
0,864,14.923738500000002,0,89375,42,16899667,432389
0,865,14.940102624999998,0,91542,42,16401959,418627
0,866,14.957178416000001,0,79042,42,16989959,459913
0,867,14.973393375000004,0,92583,42,16303416,432389
0,868,14.990169541000004,0,86208,41,16763375,473675
0,869,15.006990165999998,0,80791,42,16807333,515161
0,870,15.023684415999998,0,85834,42,16687292,514961
0,871,15.039992791,0,79875,41,16101709,467999
0,872,15.056964125000004,0,78250,167,17211333,521991
0,873,15.073548165999998,0,79917,167,16488167,473675
0,874,15.090203625000004,0,89333,42,16691500,473675
0,875,15.106849333000003,0,77083,42,16673375,501451
0,876,15.123560416,0,83125,41,16612209,473675
0,877,15.140510625000001,0,98917,42,17001250,501199
0,878,15.156954000000002,0,81500,42,16487375,501199
0,879,15.173402499999998,0,77417,42,16378958,528723
0,880,15.190310790999998,0,85791,42,16610750,523047
0,881,15.206852416,0,73167,42,16880292,515507
0,882,15.223659875,0,74958,0,16794458,528723
0,883,15.240085791000002,0,76375,84,16397958,501199
0,884,15.256932291000002,0,79208,125,16884416,514961
0,885,15.273521290999998,0,76250,41,16604541,542485
0,886,15.290286040999998,0,79292,42,16690667,556247
0,887,15.306621582999998,0,76833,42,16393375,542737
0,888,15.323325624999999,0,73375,41,16690791,528723
0,889,15.340525000000003,0,74209,125,16914500,523047
0,890,15.356641583000002,0,73750,41,16384041,535753
0,891,15.373293208000003,0,75666,41,16692416,542485
0,892,15.39007775,0,73000,42,16695791,542485
0,893,15.406687625,0,74959,0,16689792,542685
0,894,15.423337041,0,69416,0,16699750,556247
0,895,15.439995374999999,0,67375,42,16693000,556247
0,896,15.456596790999999,0,63958,41,16505625,556247
0,897,15.473329041000003,0,69667,42,16684875,556247
0,898,15.491201958000001,0,77458,0,17290625,481761
0,899,15.5066125,0,89083,83,15988417,474273
0,900,15.523372249999998,0,71541,41,16800959,556247
0,901,15.540290082999999,0,70125,42,16899166,556247
0,902,15.557058583000003,0,73500,83,16706000,514961
0,903,15.573437416,0,77709,41,16388041,487437
0,904,15.590452583000005,0,74042,84,16894375,514961
0,905,15.606926250000004,0,76000,42,16584208,528923
0,906,15.623559457999999,0,75458,42,16699750,556247
0,907,15.640896999999999,0,66167,42,17092042,564333
0,908,15.656712416000001,0,68750,0,15998417,521991
0,909,15.673615916,0,73750,41,16898333,542485
0,910,15.690263040999998,0,73416,125,16597500,528723
0,911,15.706613291,0,73875,42,16394167,528975
0,912,15.723548166000004,0,73917,83,16684792,528723
0,913,15.740275583000003,0,93875,0,16897541,528723
0,914,15.756759374999998,0,77292,0,16494666,501199
0,915,15.773408540999998,0,72833,42,16592000,501199
0,916,15.790898625,0,79833,42,16895375,514961
0,917,15.806857250000004,0,159250,0,16695250,530277
0,918,15.823521791000001,0,64708,42,16693834,556247
0,919,15.840152540999998,0,66250,0,16514875,542485
0,920,15.8566295,0,78875,42,16480375,528723
0,921,15.87377175,0,78708,41,17104833,556247
0,922,15.890063958000002,0,74416,42,16291292,528723
0,923,15.906772,0,72500,41,16683416,542737
0,924,15.923511541,0,87292,125,16787667,542485
0,925,15.940819041000001,0,77750,42,16799125,528723
0,926,15.957367999999999,0,76709,0,16712375,475029
0,927,15.973690041000001,0,93334,41,16592791,432389
0,928,15.99040775,0,82834,0,16594875,459913
0,929,16.006786541,0,89292,42,16381250,418827
0,930,16.023791540999998,0,90750,84,16997083,473675
0,931,16.040416833,0,86375,42,16698916,446151
0,932,16.056693583,0,80250,83,16276625,473675
0,933,16.073493333,0,82875,41,16792250,459913
0,934,16.090358625000004,0,78542,0,16701500,487437
0,935,16.106941583000005,0,88959,83,16787792,461519
0,936,16.123505625000004,0,75708,83,16519333,501199
0,937,16.139997833,0,83000,0,16492292,446151
0,938,16.157091291000004,0,75750,41,17095291,487437
0,939,16.173313125000004,0,79625,166,16193958,446151
0,940,16.190392916000004,0,77292,41,16875583,473675
0,941,16.206883083000005,0,92667,0,16709416,460113
0,942,16.223370916000004,0,78666,209,16492083,487437
0,943,16.239938750000004,0,81375,42,16593292,501199
0,944,16.256783166,0,74541,42,16778958,502553
0,945,16.273559207999998,0,81875,41,16794333,501199
0,946,16.290009583000003,0,77083,42,16500459,542485
0,947,16.306516791000004,0,68375,84,16590417,556447
0,948,16.323625583,0,61667,42,16995083,570061
0,949,16.339991208000004,0,67750,41,16401750,542485
0,950,16.356579958,0,68667,0,16588584,542485
0,951,16.373627958000004,0,70416,83,17035917,556247
0,952,16.390506041,0,71167,42,16778750,542485
0,953,16.407016041000002,0,81625,0,16590292,530277
0,954,16.423603916,0,71250,42,16578875,542485
0,955,16.440239666,0,72334,83,16691083,556247
0,956,16.45683225,0,66250,42,16594166,556247
0,957,16.473205875,0,67000,0,16309708,528723
0,958,16.490296125000004,0,78000,42,16983250,514961
0,959,16.506829083000003,0,74083,0,16593792,542685
0,960,16.523292791,0,73875,0,16499000,542537
0,961,16.5400745,0,74625,208,16797083,556247
0,962,16.556846500000002,0,69542,42,16790583,543839
0,963,16.573415083000004,0,65500,41,16498000,528723
0,964,16.590422625,0,70917,42,16895208,487437
0,965,16.606942790999998,0,77334,84,16580083,501399
0,966,16.623588333000004,0,77042,0,16698083,542485
0,967,16.640197291000003,0,70667,41,16694750,556247
0,968,16.656750583,0,65333,42,16496500,556247
0,969,16.673331958000002,0,67334,83,16498334,542485
0,970,16.690087916,0,75917,42,16697125,528723
0,971,16.706742791,0,76875,84,16718542,530277
0,972,16.723559750000003,0,71250,125,16776375,542537
0,973,16.740105208,0,73792,42,16587458,528723
0,974,16.756705041,0,71667,0,16596125,542485
0,975,16.773445249999998,0,73209,42,16693625,556247
0,976,16.790429125,0,75000,83,16898625,542485
0,977,16.8069015,0,77459,42,16598084,542685
0,978,16.823285083,0,71792,42,16397500,542485
0,979,16.839976875,0,72083,42,16687792,542485
0,980,16.856760083,0,73792,42,16696208,543839
0,981,16.873609875000003,0,74583,41,16887833,542485
0,982,16.890039166000005,0,73000,42,16404208,528723
0,983,16.906880541000003,0,75167,42,16886250,556447
0,984,16.923418458000004,0,71417,41,16593584,556299
0,985,16.939982500000003,0,62083,83,16590500,556247
0,986,16.956954041,0,60666,83,16812333,556247
0,987,16.973416750000002,0,75791,42,16487667,542485
0,988,16.990355916000002,0,73667,0,16894958,542485
0,989,17.006751416000004,0,74583,0,16423875,516515
0,990,17.02349825,0,70750,0,16755542,528723
0,991,17.040296916,0,74834,0,16797125,542485
0,992,17.056526875,0,70500,83,16298583,542485
0,993,17.073585083,0,61416,42,17086375,556327
0,994,17.090223165999998,0,61958,83,16505334,459913
0,995,17.106958041000002,0,70291,0,16725541,542685
0,996,17.123255625000002,0,75500,41,16280375,515013
0,997,17.140112165999998,0,74709,42,16884500,542485
0,998,17.156705583,0,73333,42,16609208,530077
0,999,17.173325791,0,70250,0,16571208,542485
0,1000,17.190036791,0,69959,41,16701416,542485
0,1001,17.206668083,0,72250,42,16694292,528923
0,1002,17.223317083,0,67208,0,16693500,556247
0,1003,17.240039291,0,64000,83,16592542,556247
0,1004,17.256848583000004,0,78875,42,16792209,542485
0,1005,17.273488166000003,0,76458,0,16598584,542485
0,1006,17.290050041000004,0,88583,42,16600250,528723
0,1007,17.306743416,0,74792,84,16690417,530277
0,1008,17.323445291000002,0,77375,42,16683083,528775
0,1009,17.339999833000004,0,75292,42,16603583,528723
0,1010,17.356911208000003,0,73583,0,16898542,556247
0,1011,17.373381249999998,0,74833,42,16479000,542525
0,1012,17.390223833000004,0,75042,83,16808916,556247
0,1013,17.406811375,0,69041,83,16693792,556447
0,1014,17.423388166,0,62500,125,16596292,556247
0,1015,17.440350583,0,62291,42,16802667,542485
0,1016,17.456765333000003,0,73917,0,16383417,502553
0,1017,17.473529666,0,76375,42,16801250,542485
0,1018,17.490333707999998,0,75958,41,16790833,556247
0,1019,17.506748666000004,0,73750,0,16492334,542685
0,1020,17.523677916,0,67541,42,16798708,556299
0,1021,17.540005625000003,0,79042,42,16402291,528723
0,1022,17.556950957999998,0,75375,83,16898167,556247
0,1023,17.57379,0,74541,41,16793917,528723
0,1024,17.590213166,0,74834,42,16383084,501199
0,1025,17.606881166000004,0,75417,42,16709542,502753
0,1026,17.623386583000002,0,78334,41,16579917,501199
0,1027,17.640059458,0,73041,84,16696625,556247
0,1028,17.656800541,0,67292,84,16792291,556247
0,1029,17.673478958,0,62792,0,16495667,542485
0,1030,17.690200666,0,79167,42,16696958,528723
0,1031,17.706746625000005,0,75458,42,16597500,528923
0,1032,17.723667625,0,78208,42,16792125,528775
0,1033,17.740126625,0,92625,41,16594250,528723
0,1034,17.756858041000005,0,73375,42,16797250,543839
0,1035,17.77352375,0,66750,0,16414125,514961
0,1036,17.790378791,0,85792,83,16969250,501199
0,1037,17.807064041,0,73750,42,16494416,501399
0,1038,17.823507457999998,0,85125,41,16693000,528723
0,1039,17.840227332999998,0,82125,41,16791458,556247
0,1040,17.856830791000004,0,67042,41,16596250,556247
0,1041,17.873436333000004,0,64166,42,16598417,556247
0,1042,17.890328208000003,0,65208,42,16795458,556247
0,1043,17.906875333,0,70917,42,16589917,544039
0,1044,17.923345416,0,69167,41,16398750,515013
0,1045,17.940019208,0,75583,42,16700916,542485
0,1046,17.957106916000004,0,75917,41,17010167,239721
0,1047,17.974004583,0,87583,83,16792792,143387
0,1048,17.992766166,0,108000,0,18459708,60815
0,1049,18.006794041000003,0,81750,42,14424417,363779
0,1050,18.023279333,0,84209,42,16503917,514961
0,1051,18.040150416,0,76291,42,16894291,528723
0,1052,18.056718958,0,77792,41,16574958,516315
0,1053,18.073463375,0,78166,42,16608625,528723
0,1054,18.090146291,0,89500,0,16702375,501199
0,1055,18.106957083,0,81292,84,16872792,515161
0,1056,18.123461291,0,76875,83,16597792,542537
0,1057,18.140029166,0,69166,42,16593125,556247
0,1058,18.156568125000003,0,65917,166,16496833,556247
0,1059,18.173579708000002,0,67916,41,16995042,570009
0,1060,18.190309250000002,0,72042,0,16697209,556247
0,1061,18.206935541000004,0,70833,125,16614916,516515
0,1062,18.223325291,0,72916,83,16375458,528723
0,1063,18.240128625,0,74292,41,16790542,542485
0,1064,18.256624290999998,0,77125,0,16502666,528723
0,1065,18.273668125000004,0,73750,42,17003459,556247
0,1066,18.290310208000005,0,78125,84,16584459,514961
0,1067,18.306661375,0,78625,41,16494416,542685
0,1068,18.323558041000002,0,71084,42,16800417,556299
0,1069,18.340091166000004,0,79542,0,16588584,542485
0,1070,18.35695675,0,69042,41,16802583,488791
0,1071,18.373579708000005,0,79500,83,16592208,459913
0,1072,18.390116625,0,79542,83,16496584,501199
0,1073,18.4067665,0,74416,42,16788500,542685
0,1074,18.423438458000003,0,69625,83,16690542,556247
0,1075,18.440361958,0,67625,41,16805250,556247
0,1076,18.456842791000003,0,74167,41,16478709,528723
0,1077,18.47343675,0,79166,42,16602750,528723
0,1078,18.490314041,0,78584,41,16804708,528723
0,1079,18.507180833000003,0,76291,42,16794292,530277
0,1080,18.523672416,0,81792,42,16608375,515013
0,1081,18.540011625,0,74958,41,16374417,514961
0,1082,18.556633833000003,0,74042,166,16693959,556247
0,1083,18.573560333,0,64375,83,16893292,556247
0,1084,18.589959916,0,69166,83,16306959,542485
0,1085,18.606692083000002,0,76125,41,16699375,487637
0,1086,18.623679458,0,76583,41,17006375,501199
0,1087,18.640343833,0,77291,41,16672125,514961
0,1088,18.65654925,0,79375,0,16283291,530077
0,1089,18.673545041,0,73167,0,17004084,556247
0,1090,18.690041208,0,69416,42,16398334,528723
0,1091,18.706991500000004,0,76875,0,16912167,528923
0,1092,18.723555416,0,77459,41,16477834,528775
0,1093,18.740173458000005,0,100500,42,16791000,542485
0,1094,18.756792166,0,77167,83,16698416,556247
0,1095,18.773467041,0,62709,41,16602375,556247
0,1096,18.790387791000004,0,68500,83,16779709,542485
0,1097,18.80672325,0,75417,83,16401375,516515
0,1098,18.823428333,0,75000,42,16690334,528723
0,1099,18.840023750000004,0,73416,42,16699166,556247
0,1100,18.856679541000002,0,66125,41,16595666,556247
0,1101,18.873389833,0,72333,83,16697250,556247
0,1102,18.890128875,0,72958,42,16610500,528723
0,1103,18.906687416,0,80792,42,16675833,528923
0,1104,18.923475791000005,0,71958,42,16793875,515013
0,1105,18.940140333,0,72000,42,16596292,542485
0,1106,18.956858625,0,78416,83,16711292,516315
0,1107,18.973504791,0,73833,41,16672833,542485
0,1108,18.990194791000004,0,73625,83,16699250,556247
0,1109,19.006822166000003,0,70042,42,16699042,556447
0,1110,19.023398958000005,0,69084,42,16405084,528723
0,1111,19.040364666,0,76458,42,16985958,459913
0,1112,19.05674875,0,78958,42,16398083,501199
0,1113,19.073304291000003,0,75500,42,16587167,528723
0,1114,19.090147833,0,76000,41,16794292,556247
0,1115,19.106874,0,70583,84,16791250,544039
0,1116,19.123343166,0,69625,41,16404208,501251
0,1117,19.140244,0,74000,42,16884167,528723
0,1118,19.156725541000004,0,76709,83,16498291,528723
0,1119,19.173582041,0,76334,42,16796917,514961
0,1120,19.19029325,0,78875,42,16696292,514961
0,1121,19.20683525,0,74917,42,16610084,515161
0,1122,19.2235195,0,77583,42,16678542,542485
0,1123,19.240245833,0,69334,83,16789666,556247
0,1124,19.256674,0,60708,42,16404334,530077
0,1125,19.273626708,0,68375,42,16884958,556247
0,1126,19.290106291000004,0,74958,42,16432209,528723
0,1127,19.306916791000003,0,76834,42,16861417,556447
0,1128,19.323457416,0,75250,41,16490708,515013
0,1129,19.34032025,0,83375,42,16893000,542485
0,1130,19.356677958000002,0,77208,41,16407000,542485
0,1131,19.373443375000004,0,67958,42,16785000,556247
0,1132,19.390297915999998,0,68708,42,16801875,556247
0,1133,19.406606083000003,0,65042,83,16295000,530277
0,1134,19.423353791,0,70542,0,16698500,542485
0,1135,19.440303791,0,74375,41,16990625,542485
0,1136,19.456895625000005,0,72667,42,16594834,528723
0,1137,19.473340041000004,0,73709,42,16414833,555003
0,1138,19.490378707999998,0,75958,41,16974750,542485
0,1139,19.506747541,0,76375,42,16499375,528923
0,1140,19.523395958,0,67875,42,16689416,556299
0,1141,19.540015708000002,0,63917,166,16601958,556247
0,1142,19.556952833,0,68250,0,16792959,543839
0,1143,19.573545333000002,0,78041,42,16610375,528723
0,1144,19.590095875,0,74875,41,16483167,528723
0,1145,19.606868375,0,74708,41,16890125,556447
0,1146,19.623535666,0,69834,42,16695792,556247
0,1147,19.640200000000004,0,67792,42,16696667,556247
0,1148,19.656994208000004,0,65375,0,16594250,542485
0,1149,19.673535041000004,0,79167,42,16616625,528723
0,1150,19.690376750000002,0,76542,41,16768167,542485
0,1151,19.706806750000002,0,74792,42,16497417,530277
0,1152,19.723556708,0,76959,42,16723833,542537
0,1153,19.740104,0,76708,42,16572583,542485
0,1154,19.756733999999998,0,74375,42,16587709,528723
0,1155,19.773430625,0,74542,125,16693000,528723
0,1156,19.790256375000002,0,71250,84,16800625,542485
0,1157,19.806855000000002,0,75209,0,16691500,556447
0,1158,19.823392916,0,66667,0,16596833,556247
0,1159,19.840072708000005,0,58791,41,16607167,556247
0,1160,19.856916458000004,0,72875,0,16781208,530077
0,1161,19.873599583000004,0,73208,42,16614667,528723
0,1162,19.890452291,0,75000,0,16826625,501199
0,1163,19.906645541,0,81791,83,16240792,487637
0,1164,19.923575458,0,80541,42,16900375,515013
0,1165,19.940150499999998,0,77916,84,16593250,501199
0,1166,19.956942875,0,76958,0,16794958,514961
0,1167,19.973444375000003,0,80125,42,16489958,514961
0,1168,19.990331416,0,78167,0,16901833,542485
0,1169,20.006671541,0,72209,42,16387417,530277
0,1170,20.023489791,0,68625,209,16802208,556247
0,1171,20.040355666,0,70084,41,16793042,542485
0,1172,20.056888958,0,70250,41,16590958,542485
0,1173,20.073337833,0,68709,0,16399625,528723
0,1174,20.090206458,0,74333,0,16788833,542485
0,1175,20.106966208,0,78625,41,16802333,528923
0,1176,20.123590708,0,76208,42,16594708,501251
0,1177,20.1401505,0,79125,41,16592125,487437
0,1178,20.156737958000004,0,81208,42,16602500,475029
0,1179,20.173568958,0,76583,41,16702083,501199
0,1180,20.190238583,0,84916,41,16699750,487437
0,1181,20.206758666000002,0,75167,42,16571375,487637
0,1182,20.2234965,0,84250,42,16788458,528723
0,1183,20.240294458000005,0,75708,0,16800208,556247
0,1184,20.256618458000002,0,73792,0,16290583,542485
0,1185,20.273696916000002,0,72000,41,17015833,528723
0,1186,20.290247916000002,0,79708,84,16501042,487437
0,1187,20.306897208,0,77667,0,16673250,475229
0,1188,20.323362666000005,0,78125,42,16507125,473727
0,1189,20.340138583,0,75125,41,16698291,473675
0,1190,20.356982500000004,0,85250,0,16877708,501199
0,1191,20.373315666,0,76334,41,16391333,515001
0,1192,20.390021833000002,0,75125,42,16691375,556247
0,1193,20.406650332999998,0,68792,83,16694458,556447
0,1194,20.423313750000002,0,67041,83,16696834,556247
0,1195,20.439901583000005,0,61208,0,16596250,556247
0,1196,20.45654,0,64417,83,16608542,543839
0,1197,20.473637790999998,0,64209,0,16990584,556247
0,1198,20.490165541,0,72666,42,16494208,528723
0,1199,20.506862375,0,76875,41,16694875,542685
0,1200,20.523467208000003,0,73417,42,16625333,528775
0,1201,20.5402575,0,72208,41,16762208,542485
0,1202,20.556934541,0,77208,84,16709083,514961
0,1203,20.573463333000003,0,72208,0,16485292,514961
0,1204,20.590212375000004,0,78334,41,16688667,514961
0,1205,20.607011541000002,0,73667,0,16797125,502753
0,1206,20.623343291,0,82750,41,16407500,446151
0,1207,20.640044125,0,77250,125,16672959,487437
0,1208,20.656608875,0,76250,42,16598666,528723
0,1209,20.673523540999998,0,72417,42,16997584,570009
0,1210,20.690302415999998,0,63458,0,16695834,556247
0,1211,20.706803333,0,67333,42,16506500,528923
0,1212,20.723337708,0,69541,42,16485084,515013
0,1213,20.740456791000003,0,75125,83,17104416,514961
0,1214,20.756953833,0,73792,84,16478542,502553
0,1215,20.773366583,0,75583,41,16413625,487437
0,1216,20.790424083,0,79625,42,16983958,528723
0,1217,20.806850458000003,0,79333,41,16388542,460113
0,1218,20.823537791000003,0,82000,0,16514583,459913
0,1219,20.840091083,0,96208,42,16786584,446151
0,1220,20.856815458000003,0,77292,42,16784167,514961
0,1221,20.8734785,0,73208,42,16694083,556247
0,1222,20.890204541,0,69583,41,16694875,556247
0,1223,20.906864207999998,0,66500,42,16616583,502753
0,1224,20.923697625,0,76000,208,16797833,501251
0,1225,20.940147166,0,79292,0,16484458,501199
0,1226,20.956771875000005,0,74708,0,16597792,501199
0,1227,20.973296375,0,74000,41,16489792,501199
0,1228,20.990143166,0,77750,84,16784958,501199
0,1229,21.006713375,0,75250,42,16608000,487637
0,1230,21.023495915999998,0,85083,42,16800500,487437
0,1231,21.040230166000004,0,78916,125,16771417,501199
0,1232,21.0568875,0,74750,42,16694167,530077
0,1233,21.073512375000004,0,71083,41,16591416,556247
0,1234,21.090296583,0,72000,0,16706667,501199
0,1235,21.106773416,0,72959,42,16492584,501399
0,1236,21.123562875,0,81792,42,16783375,501251
0,1237,21.140060875,0,76334,125,16499834,501199
0,1238,21.156868208000002,0,78333,0,16783000,501199
0,1239,21.173403000000004,0,83375,42,16520625,487437
0,1240,21.19029325,0,78792,42,16880500,487437
0,1241,21.206808583,0,73542,42,16510792,475229
0,1242,21.223268375,0,79417,42,16502666,459913
0,1243,21.240249833000004,0,77625,42,16966542,514961
0,1244,21.256782791000003,0,74042,167,16596834,542485
0,1245,21.273446666,0,70750,42,16691917,556247
0,1246,21.290303791000003,0,68667,42,16717750,514961
0,1247,21.306597958,0,77209,83,16379125,515161
0,1248,21.323586083,0,76000,41,16906167,487489
0,1249,21.340045916000005,0,86917,84,16475125,501199
0,1250,21.356742625,0,78334,42,16720083,502553
0,1251,21.373329666,0,74333,125,16591041,487437
0,1252,21.390321875,0,73167,42,16974000,556247
0,1253,21.406848583000002,0,67291,41,16605292,556447
0,1254,21.423616750000004,0,66167,42,16701583,556247
0,1255,21.440337416000002,0,71542,125,16678125,528723
0,1256,21.45692625,0,76083,125,16605917,514961
0,1257,21.473711208,0,74125,42,16706833,528723
0,1258,21.490084375,0,76375,42,16373541,446151
0,1259,21.506777250000003,0,79292,166,16694125,475229
0,1260,21.523565166,0,77083,42,16799125,501251
0,1261,21.540080333000002,0,76584,0,16505459,459913
0,1262,21.556782291,0,76458,0,16706250,459913
0,1263,21.573322791,0,81250,42,16571167,501199
0,1264,21.590075875,0,72792,84,16791209,556247
0,1265,21.606856208,0,65625,42,16796416,556447
0,1266,21.623338041,0,67958,41,16390542,528723
0,1267,21.640441208000002,0,75041,42,17126083,514961
0,1268,21.657062665999998,0,76250,0,16590167,475029
0,1269,21.673649541,0,73042,41,16479000,514961
0,1270,21.690397,0,78667,41,16792459,501199
0,1271,21.707081958,0,78250,42,16710875,487637
0,1272,21.723273166000002,0,73750,166,16194916,459965
0,1273,21.740254458,0,74459,125,16994208,487437
0,1274,21.756666291,0,74750,0,16389750,487437
0,1275,21.77336075,0,74750,42,16601833,473675
0,1276,21.790421291000005,0,79000,125,17074667,514961
0,1277,21.806656916000005,0,75250,41,16295959,461467
0,1278,21.823445666,0,75375,41,16894750,542485
0,1279,21.840235375000002,0,62209,42,16792375,556247
0,1280,21.856942666,0,65833,166,16629334,556247
0,1281,21.873661291,0,72708,84,16664416,487437
0,1282,21.890387708000002,0,70750,42,16696917,487437
0,1283,21.907028125,0,72917,0,16710375,515161
0,1284,21.923541916,0,78000,41,16388667,473727
0,1285,21.940259541,0,78959,42,16799417,473675
0,1286,21.957048708,0,72209,41,16788584,461267
0,1287,21.973557875,0,72167,41,16484375,473675
0,1288,21.990275791,0,80250,0,16610750,487437
0,1289,22.00648525,0,79917,42,16174584,157349
0,1290,22.023442458,0,101500,41,16910083,143387
0,1291,22.045186625000003,0,76708,41,21618292,74577
0,1292,22.057043500000002,0,74208,42,12074583,294769
0,1293,22.073531541000005,0,87750,0,16583042,473675
0,1294,22.090233833000003,0,73708,41,16608709,473675
0,1295,22.106934708,0,75708,166,16785791,488991
0,1296,22.123384375000004,0,72250,125,16402458,459965
0,1297,22.139971666000005,0,78583,0,16595000,473675
0,1298,22.156595916000004,0,76666,42,16675834,514961
0,1299,22.173557166,0,73709,42,16992417,570009
0,1300,22.190304083000004,0,67875,42,16697209,556247
0,1301,22.206727333,0,67459,42,16397375,528923
0,1302,22.223395541,0,73875,375,16613875,501199
0,1303,22.24035125,0,78750,42,16991125,501199
0,1304,22.256748916000003,0,72209,250,16375709,475029
0,1305,22.273454333,0,75250,41,16720375,501199
0,1306,22.290024541000005,0,74625,42,16494833,487437
0,1307,22.306681458000003,0,76417,0,16669458,487637
0,1308,22.323657958000002,0,84125,42,16898708,501251
0,1309,22.340251333,0,80542,42,16693458,459913
0,1310,22.357093916,0,85833,41,16803500,473675
0,1311,22.373687333000003,0,77042,42,16596167,459913
0,1312,22.390208333,0,79375,42,16498583,473675
0,1313,22.406867000000002,0,77458,125,16695542,488991
0,1314,22.4232895,0,76000,42,16404042,459913
0,1315,22.439964833,0,77959,42,16683459,459913
0,1316,22.457101041000005,0,78209,0,17096958,473675
0,1317,22.47348175,0,77542,41,16396042,459913
0,1318,22.489983625000004,0,78167,42,16395000,446151
0,1319,22.507046625000005,0,81625,83,17094417,501399
0,1320,22.523575291000004,0,87584,0,16597958,446203
0,1321,22.540068541,0,78208,42,16466667,487437
0,1322,22.556885125000004,0,83292,42,16824500,475029
0,1323,22.573649,0,72250,83,16671000,473675
0,1324,22.590370375000003,0,86292,83,16694375,487437
0,1325,22.606885333000005,0,77209,42,16602833,446351
0,1326,22.623359957999998,0,77875,0,16502417,432389
0,1327,22.640342208000003,0,77333,42,16893333,473675
0,1328,22.657083041000003,0,85917,42,16791125,459913
0,1329,22.673274916,0,79292,41,16195000,446151
0,1330,22.690080375000004,0,75750,83,16798750,542485
0,1331,22.7067655,0,73708,83,16679416,544039
0,1332,22.723343541000002,0,79958,41,16588750,542537
0,1333,22.740037833,0,76000,42,16616917,473675
0,1334,22.756895916,0,89542,42,16888459,473675
0,1335,22.773301291,0,84542,42,16401666,473675
0,1336,22.790564541,0,80292,42,17193000,459913
0,1337,22.806933375000003,0,83917,84,16389000,446351
0,1338,22.823467083,0,84042,83,16598500,432389
0,1339,22.840268708,0,78500,0,16875458,542485
0,1340,22.856795291,0,68542,41,16502000,543839
0,1341,22.873357791,0,68250,42,16508417,542485
0,1342,22.890299791,0,75459,42,16780083,514961
0,1343,22.906659666,0,80917,42,16495125,473875
0,1344,22.923333875,0,78917,41,16707708,487489
0,1345,22.939967499999998,0,77625,42,16593334,487437
0,1346,22.956752583,0,73833,125,16777458,514961
0,1347,22.973499375,0,80125,41,16713334,487437
0,1348,22.990422958,0,76167,42,16897125,501199
0,1349,23.007072583,0,76000,42,16694125,488991
0,1350,23.023663166000002,0,75042,42,16599750,473675
0,1351,23.040193,0,78000,42,16472000,487437
0,1352,23.057072833000003,0,72750,0,16785792,459913
0,1353,23.073605041000004,0,100250,84,16507875,446151
0,1354,23.090515665999998,0,90833,42,16898750,446151
0,1355,23.106872541000005,0,85458,0,16496166,432589
0,1356,23.123559750000002,0,77917,42,16778791,515013
0,1357,23.140067708,0,68666,83,16495500,528723
0,1358,23.156986541,0,63917,0,16822500,530077
0,1359,23.173772791,0,77625,83,16777208,473675
0,1360,23.190214083000004,0,75125,42,16381375,501199
0,1361,23.206783083,0,76750,42,16595583,460113
0,1362,23.223694625000004,0,80500,84,16797791,459913
0,1363,23.240420208,0,79667,41,16791958,501199
0,1364,23.256767625,0,76625,42,16393958,473675
0,1365,23.273399166,0,81208,41,16694125,542485
0,1366,23.290103666000004,0,70250,41,16694792,556247
0,1367,23.306903000000002,0,70417,84,16524709,516515
0,1368,23.323728750000004,0,103083,0,16980167,473727
0,1369,23.340120833000004,0,79042,42,16399958,432389
0,1370,23.356866791000005,0,81917,42,16682417,459913
0,1371,23.373763625,0,86583,42,16908709,473715
0,1372,23.390185916000004,0,86458,0,16393458,432389
0,1373,23.406710083000004,0,83583,42,16590125,446351
0,1374,23.423694125,0,77542,42,17000458,487437
0,1375,23.440414291,0,83250,42,16694625,459913
0,1376,23.456910666000002,0,82750,42,16488500,461267
0,1377,23.473586,0,85166,209,16679500,487437
0,1378,23.490236583,0,78833,42,16589833,487437
0,1379,23.506948125000005,0,76291,41,16798334,487637
0,1380,23.523390916,0,75792,41,16493125,528775
0,1381,23.540024708,0,68291,84,16695125,556247
0,1382,23.556798833,0,66000,42,16619084,501199
0,1383,23.573464166000004,0,80167,0,16672708,459913
0,1384,23.590535958,0,74708,42,16801333,473675
0,1385,23.606858666000004,0,98417,0,16595708,447705
0,1386,23.623428083000004,0,74875,41,16487375,501199
0,1387,23.640205750000003,0,76791,42,16814667,473675
0,1388,23.656892958000004,0,79875,41,16572417,459913
0,1389,23.67357575,0,81208,42,16813916,459913
0,1390,23.6905325,0,74875,42,16882833,487437
0,1391,23.706781208,0,73708,42,16298459,446351
0,1392,23.723669166000004,0,79875,42,16899209,473727
0,1393,23.740191333000002,0,72333,41,16494833,459913
0,1394,23.756815583,0,81333,0,16601208,461267
0,1395,23.773394208000003,0,81250,42,16578333,459913
0,1396,23.790248875,0,76708,42,16889917,473675
0,1397,23.806707125,0,70875,41,16489250,528923
0,1398,23.823619416000003,0,74917,42,16894125,528723
0,1399,23.83994375,0,76458,0,16311041,487437
0,1400,23.856952416000002,0,73833,41,17005625,487437
0,1401,23.873670291,0,75583,42,16684959,487437
0,1402,23.890361625,0,74458,42,16576250,459913
0,1403,23.906683208,0,87959,42,16413166,461467
0,1404,23.923654000000003,0,78500,167,16893958,487489
0,1405,23.940125666000004,0,94292,42,16481375,446151
0,1406,23.956606291000003,0,76833,42,16510292,446151
0,1407,23.973286916000003,0,88834,42,16691875,459913
0,1408,23.990184458000005,0,84000,42,16873709,473675
0,1409,24.006835625000004,0,75708,42,16697750,473875
0,1410,24.023289875,0,74042,42,16409250,446151
0,1411,24.040075208,0,82875,41,16872291,514961
0,1412,24.056739666000002,0,70542,83,16604500,543839
0,1413,24.073377583,0,72958,42,16717541,528723
0,1414,24.090329458000003,0,64875,125,16771208,487437
0,1415,24.106973375,0,75083,42,16604708,487637
0,1416,24.123589083000002,0,78459,125,16698916,473727
0,1417,24.140269833,0,75375,42,16585000,473675
0,1418,24.156827041000003,0,75708,42,16583959,459913
0,1419,24.173528208000004,0,85750,83,16717500,459913
0,1420,24.19027025,0,84459,42,16690500,473675
0,1421,24.206983208,0,77459,84,16786375,461467
0,1422,24.223660458,0,75709,41,16700042,487437
0,1423,24.240192250000003,0,77000,42,16490000,459913
0,1424,24.257003083000004,0,81250,125,16802791,473675
0,1425,24.273278625,0,78084,42,16291333,432389
0,1426,24.290464625000002,0,77792,42,17101667,473675
0,1427,24.306806875000003,0,77375,42,16368041,473875
0,1428,24.323452208000003,0,76083,125,16716000,459965
0,1429,24.340104,0,79833,41,16591958,459913
0,1430,24.35708825,0,80583,42,16991333,475029
0,1431,24.373643625000003,0,83834,41,16499666,459913
0,1432,24.390477875,0,78542,83,16791834,446151
0,1433,24.40669675,0,73000,42,16300334,446351
0,1434,24.423704208,0,75459,0,16991708,501199
0,1435,24.440071083000003,0,78250,42,16393500,446151
0,1436,24.456804166,0,79042,42,16692875,446151
0,1437,24.473323583,0,83958,84,16493750,446151
0,1438,24.490229083,0,78333,41,16899083,473675
0,1439,24.507051458000003,0,77958,42,16888209,461467
0,1440,24.523793958000002,0,71541,42,16497458,459965
0,1441,24.540060208000003,0,101208,84,16493584,459913
0,1442,24.556950916,0,75417,125,16794542,459913
0,1443,24.573265666,0,77125,42,16392042,459913
0,1444,24.590393958000003,0,74542,0,17094792,459913
0,1445,24.60675625,0,75875,83,16284792,446351
0,1446,24.623600750000005,0,79208,42,16816958,459913
0,1447,24.640064249999998,0,93959,42,16581250,459913
0,1448,24.657127875000004,0,81875,0,16993667,461267
0,1449,24.673320166,0,79083,42,16195167,446151
0,1450,24.690440708,0,77042,83,17093417,459913
0,1451,24.706940208000002,0,77375,166,16484917,446351
0,1452,24.723373583,0,78375,42,16484292,446203
0,1453,24.740479625000003,0,82000,84,17016250,487437
0,1454,24.756811083,0,76792,42,16382916,432389
0,1455,24.773618458000005,0,81416,42,16802458,459913
0,1456,24.790019958,0,83292,41,16395500,459913
0,1457,24.80685825,0,77083,0,16873541,461467
0,1458,24.82331925,0,74208,42,16416292,459913
0,1459,24.840306708000004,0,78500,41,16994708,459913
0,1460,24.856911125,0,95000,42,16579000,459913
0,1461,24.873601083,0,83125,83,16716166,473675
0,1462,24.890371791000003,0,79500,167,16695333,446151
0,1463,24.906868083000003,0,78542,41,16561625,460113
0,1464,24.923297958000003,0,80417,41,16409959,459965
0,1465,24.940055750000003,0,79417,42,16797958,459913
0,1466,24.956805,0,74500,41,16775042,530077
0,1467,24.973479458000003,0,69833,84,16696958,542485
0,1468,24.990092333000003,0,71459,41,16494625,528723
0,1469,25.006661166000004,0,78375,42,16597375,501399
0,1470,25.023488000000004,0,79125,42,16815541,501199
0,1471,25.040264875000002,0,75334,0,16781959,487437
0,1472,25.056683916,0,76375,42,16392167,473675
0,1473,25.073694791000005,0,77709,41,17004083,487437
0,1474,25.090197833,0,75958,42,16301625,446151
0,1475,25.106942875000005,0,87209,41,16891750,433943
0,1476,25.123752416,0,80708,42,16783834,459965
0,1477,25.140513666,0,85792,42,16688208,446151
0,1478,25.156686458,0,91750,42,16305042,432389
0,1479,25.173362041,0,77041,83,16673084,459913
0,1480,25.190403375,0,84667,0,16907875,446151
0,1481,25.206788041,0,78416,41,16392541,446351
0,1482,25.223533625000005,0,81375,41,16704708,459913
0,1483,25.240277208,0,82583,41,16802542,446151
0,1484,25.257183416,0,85917,0,16872875,433743
0,1485,25.273603666000003,0,82375,42,16505375,418627
0,1486,25.290287916,0,81042,83,16592917,446151
0,1487,25.306696541000004,0,83375,41,16499250,432589
0,1488,25.323518541000002,0,76708,41,16794083,459965
0,1489,25.339994083000004,0,81500,83,16575292,514961
0,1490,25.356629708000003,0,71416,42,16595666,542485
0,1491,25.373536291000004,0,70209,83,16893000,556247
0,1492,25.390068875,0,74625,42,16499958,501199
0,1493,25.406613916,0,73458,83,16519542,447615
0,1494,25.423340916000004,0,78667,0,16763500,501289
0,1495,25.440043208000002,0,72750,42,16614625,473675
0,1496,25.457090625000003,0,78125,0,17091416,487437
0,1497,25.473663250000005,0,75041,41,16580625,487437
0,1498,25.490423833000005,0,78375,42,16512792,473675
0,1499,25.506992416,0,87125,41,16775208,460113
0,1500,25.523549416000005,0,80166,84,16503916,459965
0,1501,25.540455750000003,0,89750,41,16901167,446151
0,1502,25.557038958000003,0,88541,0,16595291,433653
0,1503,25.573451375,0,79959,42,16396125,460003
0,1504,25.5904805,0,79833,42,16990958,459913
0,1505,25.6066495,0,80125,42,16295250,446351
0,1506,25.623443333,0,79083,125,16696875,459913
0,1507,25.640048041000004,0,87667,83,16667958,446151
0,1508,25.656773958,0,75458,42,16615542,459913
0,1509,25.673276250000004,0,80667,83,16590333,446151
0,1510,25.690420958,0,77875,42,17083209,473675
0,1511,25.706832416,0,79250,42,16013042,426823
0,1512,25.723833166000002,0,86375,42,17389417,480847
0,1513,25.740054416000003,0,78833,0,16197250,418627
0,1514,25.75677475,0,80250,42,16716959,446151
0,1515,25.773924833,0,80125,42,17072208,446151
0,1516,25.790572375,0,91250,0,16579542,432389
0,1517,25.806743708000003,0,83875,0,16298875,418827
1,1519,25.859621291,0,0,0,0,0
1,1520,25.861363458000003,3613292,16993500,41,20724958,153847
1,1521,25.877626875,0,66208,83,16860958,474583
1,1522,25.894424750000002,0,70666,42,16710250,514515
1,1523,25.910894083,0,69500,42,16501042,459667
1,1524,25.927689041000004,0,75917,42,16777958,459519
1,1525,25.944493000000005,0,72958,84,16809375,473229
1,1526,25.961286208,0,73417,42,16589334,445705
1,1527,25.977486875,0,85041,83,16387750,431943
1,1528,25.994303458,0,69416,41,16749541,445705
1,1529,26.011480833000004,0,76625,42,16752000,445905
1,1530,26.027761583000004,0,77000,42,16577166,433297
1,1531,26.044008125,0,88833,83,16494125,473229
1,1532,26.061005083,0,69500,125,16819042,500753
1,1533,26.077511958,0,74625,42,16582625,445705
1,1534,26.111879916000003,0,78709,42,16596958,445705
1,1535,26.113127541,3676333,17589500,84,18986875,149113
1,1536,26.130102083,0,51416,42,17004791,445757
1,1537,26.146597125000003,0,73625,83,16482708,445705
1,1538,26.163166791,0,78292,42,16493833,433297
1,1539,26.179785791000004,0,79167,41,16707209,445705
1,1540,26.196634375,0,74417,0,16678417,459467
1,1541,26.213624125,0,77625,41,16995167,445905
1,1542,26.229789083000004,0,82916,42,16311459,445705
1,1543,26.246728041,0,73708,41,16882000,473229
1,1544,26.263194458000005,0,72416,0,16501167,445705
1,1545,26.279909916000005,0,73625,83,16685500,445705
1,1546,26.296745083,0,73375,41,16699625,445705
1,1547,26.3132635,0,79959,41,16619166,433497
1,1548,26.330041250000004,0,77250,42,16875333,459519
1,1549,26.364689541,0,71666,41,16292958,473229
1,1550,26.366041541000005,4071333,18070417,84,19515000,148913
1,1551,26.382759708000005,0,53209,41,16772250,431983
1,1552,26.399506208000002,0,73750,125,16797917,445905
1,1553,26.415947916000004,0,78292,42,16573959,486991
1,1554,26.432852875000005,0,61959,42,16894125,555801
1,1555,26.449431625,0,65208,41,16408583,473229
1,1556,26.466042083,0,73542,42,16604791,433297
1,1557,26.482987041000005,0,74167,41,16893708,459467
1,1558,26.499614958,0,76625,0,16697500,473429
1,1559,26.516301583000004,0,75000,42,16676250,473229
1,1560,26.532569041,0,77542,84,16303708,445757
1,1561,26.548826958000003,0,72750,41,16207583,431943
1,1562,26.565753375000003,0,75834,42,16728750,142941
1,1563,26.583826750000004,0,74875,125,17946250,142941
1,1564,26.624256458,0,89833,83,19899083,60569
1,1565,26.626012083000003,4454750,20325084,41,22053750,148913
1,1566,26.638178541,0,54208,83,12733958,336963
1,1567,26.654798333,0,69541,41,16601542,445705
1,1568,26.671422125000003,0,79292,84,16567834,459467
1,1569,26.688035708000005,0,73708,41,16613875,445705
1,1570,26.705117750000003,0,78291,41,17094584,473429
1,1571,26.721400208000002,0,74666,42,16298500,459519
1,1572,26.738099833000003,0,71459,42,16684709,473229
1,1573,26.755050041,0,73084,0,16904167,459467
1,1574,26.771678791000003,0,102875,41,16685750,459467
1,1575,26.788072666,0,80583,0,16384375,502107
1,1576,26.804705541,0,71667,42,16692375,542239
1,1577,26.821533708,0,69000,0,16808292,555801
1,1578,26.838233916000004,0,67666,41,16702416,486991
1,1579,26.872183916,0,71417,42,16486084,445705
1,1580,26.873368250000002,3605125,17237541,42,18553500,148913
1,1581,26.890034291000003,0,52916,208,16644459,459467
1,1582,26.906783791,0,71250,42,16797500,445905
1,1583,26.923325416,0,71750,42,16565750,459519
1,1584,26.940287041,0,69583,42,16916083,460821
1,1585,26.956815291,0,75667,0,16494667,459467
1,1586,26.973270166000002,0,74542,167,16497709,445705
1,1587,26.990155291000004,0,75708,41,16790542,473229
1,1588,27.006743666000002,0,76875,42,16697542,445905
1,1589,27.023182791,0,71125,0,16391875,459467
1,1590,27.040080666000005,0,71625,42,16800416,459467
1,1591,27.056555458000002,0,74792,42,16586167,459467
1,1592,27.073617375,0,72167,42,16997291,473229
1,1593,27.08992425,0,75833,84,16299375,433297
1,1594,27.1242415,0,70292,42,16587458,445905
1,1595,27.125466208000002,3800792,17568917,42,18945167,148913
1,1596,27.142660083,0,52541,41,17144417,473281
1,1597,27.158914333000002,0,89541,42,16293125,445705
1,1598,27.175681791,0,74542,41,16695125,445705
1,1599,27.192262708000005,0,87458,42,16607250,445705
1,1600,27.209272375,0,71833,83,16989167,459667
1,1601,27.225845333,0,83167,42,16581375,445705
1,1602,27.242365541,0,114833,42,16465834,447059
1,1603,27.259246333000004,0,78083,83,16917958,473229
1,1604,27.2757495,0,77000,0,16491208,459467
1,1605,27.292648833000005,0,73459,42,16905584,445705
1,1606,27.309300208,0,80750,41,16601292,459667
1,1607,27.325723708,0,125458,0,16394042,445705
1,1608,27.359895250000005,0,78000,209,16996042,473281
1,1609,27.361196875,3540916,17052125,42,18496417,148913
1,1610,27.377787083000005,0,54709,41,16186333,431943
1,1611,27.394139958,0,74459,41,16808042,447059
1,1612,27.410771958,0,76041,41,16594541,445905
1,1613,27.42762025,0,76291,42,16893334,459467
1,1614,27.444294833000004,0,76750,84,16677542,486991
1,1615,27.461047208,0,73708,42,16705417,473229
1,1616,27.477389041,0,80167,42,16395166,459467
1,1617,27.494048958000004,0,75625,41,16591584,473229
1,1618,27.511082583,0,78875,41,17095875,459667
1,1619,27.527945541000005,0,74292,83,16294083,431995
1,1620,27.544409666000004,0,77250,42,16999417,460821
1,1621,27.561013625000005,0,75166,41,16590917,445705
1,1622,27.577819583000004,0,80042,83,16694750,445705
1,1623,27.612561708000005,0,80333,41,16490000,445705
1,1624,27.614146833000003,3897291,18046958,41,19537083,149113
1,1625,27.630415625,0,77709,0,16644167,404419
1,1626,27.647273166,0,74042,0,16801208,459467
1,1627,27.663811875000004,0,71958,41,16587750,445705
1,1628,27.680697125000005,0,74584,41,16704000,447059
1,1629,27.697121083000003,0,79917,42,16586417,432143
1,1630,27.713551416000005,0,77541,84,16407083,431943
1,1631,27.730301583000003,0,76709,125,16789583,459519
1,1632,27.747043458000004,0,82459,83,16777667,514515
1,1633,27.763784458,0,70375,42,16792084,542039
1,1634,27.780482958000004,0,68084,84,16695583,542039
1,1635,27.79699175,0,64917,42,16428167,487191
1,1636,27.813737333000002,0,79208,42,16777542,500753
1,1637,27.830114750000003,0,69709,42,16293209,507618
1,1638,27.864372416,0,82625,0,16797625,486991
1,1639,27.865592791,3720458,17303959,41,18680833,148913
1,1640,27.882332041,0,49792,0,16691542,473229
1,1641,27.89937075,0,78084,42,17104417,487191
1,1642,27.915895291,0,76250,41,16490166,473229
1,1643,27.932466041,0,73917,83,16606375,459519
1,1644,27.949196916,0,68625,41,16695625,459467
1,1645,27.965811875000004,0,76833,42,16594625,431943
1,1646,27.982300500000004,0,72458,0,16472416,433297
1,1647,27.9990245,0,74417,42,16797458,528477
1,1648,28.015721083,0,70500,0,16690125,555801
1,1649,28.032235500000002,0,68833,42,16501667,514515
1,1650,28.048949708,0,71417,42,16691208,459467
1,1651,28.065815208,0,73875,42,16802250,473229
1,1652,28.082436541000003,0,78417,42,16605000,445705
1,1653,28.116441500000004,0,85375,41,16596458,459667
1,1654,28.117725333,3652042,17264166,41,18650500,148913
1,1655,28.134657125,0,54083,0,16949041,460873
1,1656,28.15112625,0,74500,42,16484917,459467
1,1657,28.167795333000004,0,81708,83,16694084,459467
1,1658,28.184396916,0,77208,41,16381459,445705
1,1659,28.201081333,0,73250,42,16699459,445905
1,1660,28.217855291000003,0,82500,0,16983875,445705
1,1661,28.234353000000002,0,76083,0,16307000,431943
1,1662,28.251055291000004,0,123917,42,16692166,431943
1,1663,28.267889666,0,86417,41,16894417,459467
1,1664,28.284449708,0,79125,41,16609583,447059
1,1665,28.301103875,0,80625,42,16569917,445905
1,1666,28.317659458000005,0,74875,42,16600041,473229
1,1667,28.334417500000004,0,79958,41,16785417,445757
1,1668,28.36860725,0,77375,42,16903625,446849
1,1669,28.369979625000003,3671875,17089125,125,18525541,148913
1,1670,28.386474000000003,0,57334,42,16568500,431943
1,1671,28.403073000000003,0,74583,42,16691375,445905
1,1672,28.41960525,0,70250,167,16501042,418181
1,1673,28.436297208000003,0,74458,41,16697250,433297
1,1674,28.452924166,0,72458,83,16586625,445705
1,1675,28.469388750000004,0,74166,83,16572958,459467
1,1676,28.486516291000004,0,67792,83,16917875,459467
1,1677,28.5029115,0,72917,41,16501459,432143
1,1678,28.519419875,0,75041,83,16495041,431943
1,1679,28.536122291,0,77667,42,16675209,445757
1,1680,28.552930708,0,73583,42,16793375,445705
1,1681,28.569824958,0,76125,42,16909250,445705
1,1682,28.586437625,0,77083,42,16590291,433297
1,1683,28.620261583000005,0,71833,83,16389417,459667
1,1684,28.621570291,3897041,17315541,42,18676167,148913
1,1685,28.638360000000002,0,54458,42,16819250,445705
1,1686,28.655211083,0,76792,42,16898708,445705
1,1687,28.67164525,0,79083,41,16491584,486991
1,1688,28.688097541,0,83083,0,16479583,542039
1,1689,28.705140166000003,0,65625,0,17023208,542239
1,1690,28.721609250000004,0,69375,125,16390500,459467
1,1691,28.738296125,0,76375,0,16666875,460873
1,1692,28.754923041,0,73542,42,16617291,459467
1,1693,28.771797375000002,0,78250,42,16879625,473229
1,1694,28.78825075,0,74667,41,16404542,445705
1,1695,28.804853708,0,79250,42,16592208,445905
1,1696,28.821642416,0,80208,42,16803292,431943
1,1697,28.838295875000004,0,82542,41,16682458,445705
1,1698,28.872566291000002,0,70000,42,16494500,445705
1,1699,28.873953750000002,3826416,17508583,42,18998291,148913
1,1700,28.890974500000002,0,57000,42,16992167,433297
1,1701,28.907230583000004,0,80167,41,16399375,432143
1,1702,28.924223666,0,73000,42,16995458,459467
1,1703,28.940635583,0,74708,83,16374667,431995
1,1704,28.957189875,0,73459,41,16615042,445705
1,1705,28.9741855,0,68208,42,16991417,459467
1,1706,28.990465041000004,0,69833,0,16198583,431943
1,1707,29.007209458000002,0,74750,84,16788250,459667
1,1708,29.023932166000005,0,72709,42,16686250,445705
1,1709,29.040785333,0,75625,42,16884083,447059
1,1710,29.057298208000002,0,77250,83,16505625,459467
1,1711,29.073926375000003,0,74541,0,16600375,445705
1,1712,29.108251875000004,0,75625,42,16709000,459467
1,1713,29.109482333,3889125,17347500,41,18794583,149113
1,1714,29.126364666000004,0,63333,41,16873916,445705
1,1715,29.142703875,0,82958,42,16406833,431995
1,1716,29.159281458,0,74250,42,16516292,445705
1,1717,29.175975958,0,87625,41,16679375,445705
1,1718,29.192751875000003,0,74833,0,16766541,433297
1,1719,29.209360208000003,0,74542,42,16628500,445905
1,1720,29.226244500000004,0,79667,84,16856250,459467
1,1721,29.242781625000003,0,77292,83,16592667,459467
1,1722,29.259314375,0,73500,41,16502583,445705
1,1723,29.27624225,0,75959,41,16995709,459467
1,1724,29.293091125,0,76583,42,16692458,445705
1,1725,29.309579166000002,0,75292,41,16594541,432143
1,1726,29.326053416000004,0,70667,41,16379250,445705
1,1727,29.360887416,0,78208,0,16909542,460873
1,1728,29.362053500000005,3816791,17826375,42,19128208,148913
1,1729,29.378364458000004,0,50750,125,16355291,431983
1,1730,29.395283958000004,0,72333,42,16798500,445705
1,1731,29.411772875,0,71500,42,16595792,445905
1,1732,29.428771541,0,71750,41,16983875,486991
1,1733,29.445478500000004,0,70750,0,16700958,459467
1,1734,29.462017375,0,71209,42,16493750,488263
1,1735,29.47849175,0,71542,0,16503250,445705
1,1736,29.495586541000005,0,70292,0,16990875,460821
1,1737,29.511813666000005,0,75833,41,16298667,445905
1,1738,29.528788833000004,0,72750,42,16982500,473281
1,1739,29.545092333000003,0,72750,41,16287584,445705
1,1740,29.561724333000004,0,74583,42,16707583,459467
1,1741,29.578346125,0,67292,0,16590333,459467
1,1742,29.612953708000003,0,66875,125,17100292,473229
1,1743,29.61421675,3688583,17194333,0,18620750,149113
1,1744,29.630515333,0,53167,83,16365833,445705
1,1745,29.647277666000004,0,84708,41,16796042,447059
1,1746,29.663693625000004,0,70750,42,16386541,445705
1,1747,29.680716875000005,0,79166,0,17000833,473229
1,1748,29.697306125,0,73334,41,16596291,459667
1,1749,29.713821166,0,71416,42,16496791,445705
1,1750,29.730527125000005,0,73166,42,16704375,459519
1,1751,29.747353916000005,0,76834,42,16777083,459467
1,1752,29.764070125,0,82125,41,16503709,431943
1,1753,29.780673416000003,0,76583,83,16779917,459467
1,1754,29.797175833,0,76000,41,16497167,447259
1,1755,29.814074291,0,83542,84,16897375,473229
1,1756,29.830471457999998,0,83375,41,16390500,445705
1,1757,29.865001333000002,0,87042,42,16870500,473229
1,1758,29.866428166,3657583,17434333,42,18970000,148913
1,1759,29.883120208,0,59166,42,16843375,445705
1,1760,29.899456041,0,73250,83,16389417,445905
1,1761,29.916189166000002,0,75666,41,16689042,459467
1,1762,29.933430082999998,0,73958,83,16903541,440081
1,1763,29.949724750000009,0,79333,83,16606417,425211
1,1764,29.966363500000007,0,79375,41,16566042,445705
1,1765,29.982930083000007,0,77792,41,16493667,431943
1,1766,29.999324291,0,83167,42,16521083,445905
1,1767,30.016273083000009,0,75875,41,16879625,459467
1,1768,30.032930208000003,0,83041,42,16698541,431943
1,1769,30.049575249999997,0,76917,42,16688458,459467
1,1770,30.066390833000007,0,69417,42,16798292,473229
1,1771,30.084663458,0,72917,42,17318458,467553
1,1772,30.117693625000008,0,101500,83,15774625,391203
1,1773,30.119104708000002,3964833,17884000,42,19416708,148913
1,1774,30.135588665999997,0,60125,41,16672042,431995
1,1775,30.152233040999995,0,73208,42,16676291,473229
1,1776,30.168695250000006,0,71375,83,16492958,528277
1,1777,30.185693457999996,0,67625,42,16995791,542039
1,1778,30.202510666000002,0,63167,0,16714500,514715
1,1779,30.218974166000002,0,72958,83,16493167,473229
1,1780,30.235576708000004,0,73292,41,16594500,460821
1,1781,30.252233624999995,0,68750,41,16590750,473229
1,1782,30.268871458,0,78375,42,16708458,473229
1,1783,30.285609833000002,0,76166,83,16679750,459467
1,1784,30.302513499999996,0,68250,42,16893792,500953
1,1785,30.319167541000006,0,71250,0,16700250,473229
1,1786,30.335682916000003,0,70500,42,16496375,445757
1,1787,30.370959125000006,0,71750,42,16387750,445705
1,1788,30.372403791000004,4312792,18609208,42,20096250,148913
1,1789,30.389304416000009,0,58459,83,17100958,447059
1,1790,30.405705833000006,0,76334,42,16477000,500953
1,1791,30.422559458000002,0,70042,42,16796167,542039
1,1792,30.439040791000004,0,75834,83,16489833,514515
1,1793,30.455862916000008,0,71875,208,16813750,459467
1,1794,30.472150915999997,0,72667,41,16288125,445705
1,1795,30.489364583000004,0,74125,41,17101333,473229
1,1796,30.505888708000008,0,73625,41,16592958,459667
1,1797,30.522637291000002,0,74208,42,16678292,445705
1,1798,30.538873166000009,0,80250,42,16300000,474635
1,1799,30.555552499999997,0,78500,42,16598334,459467
1,1800,30.572850375000009,0,82291,84,17396916,459467
1,1801,30.589169083000009,0,71791,42,16204042,431943
1,1802,30.624258208000008,0,71375,42,16689708,432143
1,1803,30.625699165999997,3948459,18181750,42,19675083,149463
1,1804,30.642319416,0,63750,83,16719333,432389
1,1805,30.658735333000003,0,79708,0,16414709,432389
1,1806,30.675712499999996,0,84500,42,16957084,459913
1,1807,30.692292000000002,0,84625,42,16547041,447505
1,1808,30.708684499999997,0,84917,42,16449917,432589
1,1809,30.725485416000005,0,78167,42,16794916,459913
1,1810,30.742092207999995,0,79041,83,16514750,446203
1,1811,30.75873875,0,79584,42,16794334,459913
1,1812,30.775420415999996,0,75875,42,16513958,446151
1,1813,30.792388083,0,78333,0,17001292,446151
1,1814,30.8090805,0,81000,84,16721750,446351
1,1815,30.825813290999996,0,125500,41,16705541,432389
1,1816,30.861003708000005,0,84625,83,16685833,433743
1,1817,30.862301707999997,4292584,18335417,83,19827625,148913
1,1818,30.878667541000006,0,54917,42,16474833,431943
1,1819,30.895558541000007,0,75834,42,16699208,445705
1,1820,30.912043208000007,0,77667,42,16600792,445905
1,1821,30.928414458,0,74917,167,16379125,418181
1,1822,30.945353290999996,0,80000,83,16996125,459519
1,1823,30.962114125000006,0,76291,42,16697333,445705
1,1824,30.978508124999998,0,72583,83,16473250,486991
1,1825,30.995222458000008,0,67125,42,16715583,502107
1,1826,31.012056000000008,0,64333,42,16805250,528477
1,1827,31.028692333000002,0,67875,83,16572917,473229
1,1828,31.045314374999997,0,73584,0,16611625,459467
1,1829,31.061775958000005,0,78291,0,16390375,445705
1,1830,31.078391415999995,0,73458,83,16697542,445705
1,1831,31.113590500000008,0,73458,42,16990917,459467
1,1832,31.115082666,3923542,17837958,42,19426042,149113
1,1833,31.131501375000006,0,55834,41,16663084,431995
1,1834,31.147907666000002,0,75500,42,16390875,433297
1,1835,31.164805875000006,0,76375,84,16898834,459467
1,1836,31.181304165999997,0,75083,42,16492500,445705
1,1837,31.197829833000007,0,69792,0,16488500,445905
1,1838,31.214539832999996,0,79875,42,16700500,445705
1,1839,31.231423458000002,0,74625,42,16897458,431943
1,1840,31.248198250000009,0,71333,84,16781917,445705
1,1841,31.264940040999996,0,75167,84,16710458,459467
1,1842,31.281254957999998,0,82833,41,16286333,431943
1,1843,31.297948374999997,0,81459,84,16700416,433497
1,1844,31.314819915999998,0,82083,83,16885459,445705
1,1845,31.331353041000007,0,77000,0,16597208,459519
1,1846,31.366174250000007,0,68875,83,16788917,445705
1,1847,31.367464000000005,3835583,17771333,83,19189750,148913
1,1848,31.383795833,0,51167,83,16241917,431943
1,1849,31.401168165999998,0,79666,42,17281333,445905
1,1850,31.417213041000004,0,79334,42,16166959,418181
1,1851,31.434544875000007,0,77416,83,16841584,445705
1,1852,31.450512500000009,0,80542,0,16476208,433297
1,1853,31.467149583,0,70708,42,16648167,445705
1,1854,31.483883208,0,74250,42,16711791,445705
1,1855,31.500636750000005,0,74917,41,16751833,445905
1,1856,31.517259541000008,0,80375,0,16645250,445705
1,1857,31.537007208,0,134667,0,19709417,445757
1,1858,31.550923290999997,0,74791,42,13898667,129179
1,1859,31.568091958000004,0,89333,42,17035792,142941
1,1860,31.590067749999996,0,110334,83,21246459,74131
1,1861,31.619269208,0,78542,0,11553334,268353
1,1862,31.620596041000006,3919500,18297667,42,19793541,148913
1,1863,31.637169000000007,0,54375,41,16613292,445705
1,1864,31.653896166000003,0,72042,84,16791459,445705
1,1865,31.670403916000005,0,71917,0,16497250,473229
1,1866,31.686847750000005,0,81166,42,16391291,445705
1,1867,31.703904708000003,0,70625,41,17088792,459667
1,1868,31.720470708,0,77583,83,16590833,459467
1,1869,31.737002374999996,0,73834,0,16489750,459519
1,1870,31.753552375000005,0,74625,42,16613417,460821
1,1871,31.770427458000007,0,68125,0,16794375,473229
1,1872,31.78722475,0,79666,42,16793584,459467
1,1873,31.803546208000007,0,97583,41,16293125,445905
1,1874,31.820137666,0,74541,41,16696084,459467
1,1875,31.837160415999996,0,76042,125,16983167,473229
1,1876,31.871683041000004,0,71458,0,16605166,445705
1,1877,31.872946375000005,4046417,17742833,42,19078334,148913
1,1878,31.889557333000006,0,52375,41,16607500,445705
1,1879,31.905935875000004,0,76208,42,16387041,433497
1,1880,31.922673416000002,0,83084,42,16801291,459467
1,1881,31.939564374999996,0,76834,0,16898750,459519
1,1882,31.95613925,0,75708,83,16591083,459467
1,1883,31.972889791000007,0,67250,41,16591750,459467
1,1884,31.989727957999996,0,79750,42,16700333,445705
1,1885,32.00622875,0,82792,84,16692875,432143
1,1886,32.022876625,0,79083,42,16691792,445705
1,1887,32.039401708000007,0,73542,42,16496375,459467
1,1888,32.055876125000005,0,82583,42,16488959,433297
1,1889,32.0730045,0,73125,41,17099500,459467
1,1890,32.089627958,0,75625,166,16481416,459467
1,1891,32.123655708000008,0,73791,83,16493750,432143
1,1892,32.125021499999995,3750750,17350709,42,18886417,148913
1,1893,32.141598125000009,0,56959,41,16711667,431995
1,1894,32.158283000000004,0,73166,42,16700125,445705
1,1895,32.175348958000008,0,78542,41,16947250,459467
1,1896,32.192786458000008,0,77292,83,16972375,440029
1,1897,32.208110874999996,0,105250,42,15858000,418727
1,1898,32.22540575,0,73625,0,17113166,459467
1,1899,32.242130458,0,78917,42,16674542,445705
1,1900,32.258660666000004,0,75583,42,16660291,445705
1,1901,32.275278166,0,79500,41,16524292,445705
1,1902,32.291672666000004,0,75042,42,16503042,445705
1,1903,32.308446541,0,77834,42,16785084,445905
1,1904,32.325050125,0,75375,42,16594917,431943
1,1905,32.361609250000008,0,81208,83,17471375,453843
1,1906,32.363323583,4185125,18322708,0,20406500,155991
1,1907,32.378565625,0,57333,83,15611250,397727
1,1908,32.395434791000007,0,89583,125,16891875,445705
1,1909,32.412120166,0,72417,42,16681625,432143
1,1910,32.428752500000009,0,76583,42,16603083,459467
1,1911,32.445241083000006,0,76875,41,16487500,431943
1,1912,32.462063707999995,0,76083,208,16907458,459467
1,1913,32.478771375,0,70667,42,16681292,473229
1,1914,32.495462208,0,74667,42,16689792,529631
1,1915,32.512065083,0,68500,42,16623209,459667
1,1916,32.528651875,0,79500,0,16481041,445705
1,1917,32.545483749999995,0,75291,42,16881584,445757
1,1918,32.56216525,0,72292,42,16602833,431943
1,1919,32.578598375000006,0,77375,41,16477584,418181
1,1920,32.61339225,0,77083,83,16710125,431943
1,1921,32.614722708000009,3894833,17840459,41,19314792,149113
1,1922,32.631368125,0,58500,42,16672167,418181
1,1923,32.648320333000008,0,79416,41,16996750,433297
1,1924,32.664553250000004,0,76458,125,16203459,431943
1,1925,32.681742833000008,0,80375,84,17089791,445705
1,1926,32.698335916,0,83000,42,16691333,445905
1,1927,32.714741333,0,80125,83,16401417,431943
1,1928,32.731454916,0,76750,42,16692500,445705
1,1929,32.74792525,0,80667,83,16491625,445757
1,1930,32.764550125000007,0,76375,167,16585542,431943
1,1931,32.781418833,0,76166,83,16799125,445705
1,1932,32.798371750000008,0,81125,83,16990125,433497
1,1933,32.814825958000007,0,76375,0,16497875,418181
1,1934,32.831387791000004,0,78583,42,16487334,418181
1,1935,32.865943375000008,0,81916,42,16608209,431943
1,1936,32.867297416000007,3939208,17811375,42,19251833,148913
1,1937,32.883974375,0,57000,42,16677250,431943
1,1938,32.900601208000005,0,79917,42,16669125,432143
1,1939,32.9175775,0,76459,125,16952792,445705
1,1940,32.933877708000004,0,80458,42,16338417,431995
1,1941,32.950934791,0,79833,41,16951791,433297
1,1942,32.967247250000007,0,109750,42,16328167,431943
1,1943,32.984393665999995,0,80084,41,17077708,431943
1,1944,33.001076291,0,90292,42,16696500,418381
1,1945,33.017774583,0,84583,0,16624084,404419
1,1946,33.034396832999995,0,111667,42,16652083,431943
1,1947,33.050880541000005,0,108958,41,16485709,418181
1,1948,33.067229041,0,87875,0,16436125,404419
1,1949,33.084294791,0,76667,0,16744958,418181
1,1950,33.121530833,0,103834,42,17016166,405973
1,1951,33.123091125000009,4663833,20134917,0,21875459,148913
1,1952,33.139177791,0,74000,42,16303792,390709
1,1953,33.156045625,0,79375,41,16904375,431943
1,1954,33.172512708000006,0,85166,41,16492542,431943
1,1955,33.189396291,0,84000,42,16681875,445705
1,1956,33.205714416,0,84917,0,16485958,432143
1,1957,33.222541875,0,82542,42,16803542,445705
1,1958,33.239493833000004,0,77959,84,16895959,445705
1,1959,33.255735250000008,0,78542,41,16298750,433297
1,1960,33.272533083000006,0,80250,42,16779625,431943
1,1961,33.28916675,0,82542,41,16589042,431943
1,1962,33.30576475,0,75583,42,16592500,432143
1,1963,33.32252775,0,75125,42,16812542,418181
1,1964,33.339382791,0,78458,0,16889041,445757
1,1965,33.374009582999996,0,73917,41,16600791,431943
1,1966,33.375342083,3701875,17760458,41,19189000,148913
1,1967,33.391783791,0,57292,41,16495250,431943
1,1968,33.40867775,0,76416,42,16693250,433497
1,1969,33.425010416,0,81209,0,16488792,431943
1,1970,33.442118041000008,0,77042,0,17057250,459467
1,1971,33.458768916000004,0,76334,0,16574500,445705
1,1972,33.475387166,0,77291,0,16768458,445705
1,1973,33.49163275,0,74125,83,16284083,431943
1,1974,33.508654333,0,72250,42,17004833,459667
1,1975,33.525143375000006,0,72292,41,16385083,431943
1,1976,33.542116208,0,77917,84,16866500,431995
1,1977,33.558735750000004,0,76209,0,16740166,433297
1,1978,33.575221625000005,0,74959,42,16455375,445705
1,1979,33.609718666,0,71583,84,16511833,445705
1,1980,33.610995541,3653958,17823583,42,19286416,149113
1,1981,33.627773541,0,53250,41,16896333,445705
1,1982,33.644400499999996,0,79250,83,16602625,459467
1,1983,33.661161333,0,70459,42,16776917,459467
1,1984,33.677528125,0,72875,0,16307542,431943
1,1985,33.695144791,0,72875,42,16981041,439939
1,1986,33.71121625,0,81750,41,16703541,418817
1,1987,33.727781416000006,0,72000,41,16587833,445705
1,1988,33.744475458000004,0,69625,42,16681084,445757
1,1989,33.7609285,0,73042,42,16412833,445705
1,1990,33.777811666,0,78375,0,16897833,445705
1,1991,33.794513416000008,0,73333,42,16694500,445705
1,1992,33.811314458000005,0,75167,41,16788667,445905
1,1993,33.827684,0,72042,0,16396459,459467
1,1994,33.862895583000004,0,72750,42,17084875,481225
1,1995,33.8641295,3836417,17608000,0,19306625,156033
1,1996,33.880261374999996,0,55166,42,16191125,431943
1,1997,33.897083666000007,0,74000,42,16702625,459467
1,1998,33.913749791000008,0,99042,42,16686375,445905
1,1999,33.930501125,0,79458,0,16792334,445705
1,2000,33.947013833000007,0,73375,42,16577834,459519
1,2001,33.963813375000008,0,69667,42,16715584,445705
1,2002,33.980227541,0,77916,41,16396667,445705
1,2003,33.997049583,0,80042,83,16807084,447059
1,2004,34.013630541000005,0,76625,42,16586917,445905
1,2005,34.030600833,0,75667,84,16983542,473229
1,2006,34.047040125,0,84917,83,16397750,431943
1,2007,34.063715291,0,80208,208,16687625,445705
1,2008,34.080624541,0,77542,0,16795666,445705
1,2009,34.114622375,0,79208,42,16295958,445905
1,2010,34.11599675,3630875,17547041,42,19035084,148913
1,2011,34.132582333000009,0,53833,42,16748291,445705
1,2012,34.14954325,0,72542,41,16894917,460873
1,2013,34.166102291000009,0,74625,41,16588125,445705
1,2014,34.182741166000007,0,71875,83,16602333,445705
1,2015,34.199479833000005,0,71833,42,16794625,459667
1,2016,34.216183457999996,0,74333,42,16696875,445705
1,2017,34.232902416000009,0,73125,41,16692583,459467
1,2018,34.249186625,0,80542,42,16289500,445705
1,2019,34.266484,0,75916,0,17103459,459467
1,2020,34.282537583,0,93542,0,16193250,431943
1,2021,34.299394666000005,0,71667,42,16794000,461021
1,2022,34.316183458000005,0,74208,42,16883042,459467
1,2023,34.332708458000006,0,71708,42,16502250,445705
1,2024,34.367833833,0,74208,42,16695750,445757
1,2025,34.369297208,3979000,18075292,84,19613417,148913
1,2026,34.385950541000007,0,61084,41,16876625,445705
1,2027,34.402328166,0,74000,83,16473875,478111
1,2028,34.419177125,0,70167,42,16815583,473229
1,2029,34.435659832999995,0,70708,42,16486208,445705
1,2030,34.45230175,0,76625,42,16603792,433297
1,2031,34.468779708000007,0,72375,83,16496208,459467
1,2032,34.486000708,0,72583,41,17095000,473229
1,2033,34.502511333000008,0,74875,41,16593000,445905
1,2034,34.519110333000008,0,72791,41,16592958,445705
1,2035,34.535600250000009,0,72334,42,16483625,445757
1,2036,34.552182791,0,72833,41,16605750,445705
1,2037,34.569186208,0,70541,84,17003584,459467
1,2038,34.585618375,0,67000,0,16387667,418181
1,2039,34.620534666000005,0,73208,42,16894084,447259
1,2040,34.621825041,4132417,17865583,41,19185334,148913
1,2041,34.6381565,0,55292,42,16401084,445705
1,2042,34.654973375000004,0,77416,42,16898583,445705
1,2043,34.671322500000009,0,79167,83,16293625,445705
1,2044,34.688410958,0,68708,41,17088417,459467
1,2045,34.705036833,0,71083,41,16591292,445905
1,2046,34.721596125,0,75708,83,16505792,445705
1,2047,34.738120375,0,99042,84,16602000,445757
1,2048,34.755139250000006,0,81250,41,16983833,474583
1,2049,34.771297458,0,75166,41,16199292,445705
1,2050,34.78839,0,76708,42,16976083,473229
1,2051,34.805093416,0,72042,41,16705833,473429
1,2052,34.821541416000009,0,82958,84,16491250,431943
1,2053,34.838212915999996,0,79500,83,16681375,445705
1,2054,34.873256500000004,0,81333,41,16600250,431943
1,2055,34.874708915999996,4105166,18234291,42,19739500,148913
1,2056,34.891547625000008,0,60458,42,16959250,445705
1,2057,34.907915875000008,0,75917,0,16400541,433497
1,2058,34.924587750000008,0,75333,41,16669583,445705
1,2059,34.94152675,0,72708,42,16914250,431995
1,2060,34.958087625,0,79708,42,16604042,445705
1,2061,34.974437,0,73833,41,16287208,445705
1,2062,34.991540457999996,0,83958,42,17081250,445705
1,2063,35.008087666,0,79000,41,16604125,445905
1,2064,35.024845708000008,0,70250,42,16695208,431943
1,2065,35.0412385,0,78041,42,16393084,431943
1,2066,35.057911749999995,0,76542,41,16696333,433297
1,2067,35.074471541,0,78125,41,16569291,445705
1,2068,35.109949666,0,76292,42,16716542,445705
1,2069,35.111346166,4066833,18381958,42,19989209,149113
1,2070,35.127847583,0,53208,42,16612750,431943
1,2071,35.144591333,0,71416,42,16673667,459519
1,2072,35.161142915999996,0,74250,42,16599333,459467
1,2073,35.178003166,0,73333,41,16887791,459467
1,2074,35.194425416000009,0,70583,0,16406875,445705
1,2075,35.211481333,0,72667,83,17088834,474783
1,2076,35.227972541000007,0,71542,0,16487625,459467
1,2077,35.244757041000007,0,72584,42,16702500,459467
1,2078,35.261322291000006,0,78667,41,16596042,445705
1,2079,35.2778075,0,73583,42,16497083,431943
1,2080,35.294746333,0,79750,42,16903542,445705
1,2081,35.311167540999996,0,73375,0,16496542,432143
1,2082,35.328049291000006,0,72792,84,16779375,445705
1,2083,35.362229916,0,72959,42,17000375,445757
1,2084,35.36424175,3650500,17031750,0,18457583,148913
1,2085,35.380195582999995,0,68583,0,16532250,419575
1,2086,35.396290875,0,92208,42,16189625,418181
1,2087,35.413015041,0,80916,41,16806292,445905
1,2088,35.429818208000007,0,70666,42,16787834,445705
1,2089,35.446211625,0,73625,42,16391709,459467
1,2090,35.463211958000009,0,79417,41,16992333,473229
1,2091,35.480152041000004,0,80833,42,16798500,445705
1,2092,35.496635875,0,75250,42,16492875,404419
1,2093,35.513245790999996,0,75125,42,16683375,432143
1,2094,35.530206125,0,83959,42,16811125,433297
1,2095,35.546512541000006,0,78792,42,16493417,431995
1,2096,35.563226291,0,72458,41,16691625,431943
1,2097,35.579788166000007,0,83541,42,16569209,459467
1,2098,35.614350041,0,73375,42,16410042,431943
1,2099,35.615611291,3828791,17895416,41,19374208,149663
1,2100,35.632614541,0,51792,83,17016167,459913
1,2101,35.649185375000009,0,79333,83,16602917,446151
1,2102,35.666185833000007,0,81208,41,16587417,440475
1,2103,35.682781916,0,89458,0,16683500,425657
1,2104,35.699264000000007,0,93875,0,16685417,432589
1,2105,35.715652874999996,0,88459,42,16426917,404865
1,2106,35.732679624999996,0,83875,0,17076541,446151
1,2107,35.749260625,0,74542,42,16510750,432441
1,2108,35.766030750000006,0,77792,42,16767375,501199
1,2109,35.782632875,0,81166,42,16510542,446151
1,2110,35.799153666,0,85542,41,16673750,446351
1,2111,35.816254750000006,0,81250,42,16696583,440475
1,2112,35.832673666,0,84541,83,16713083,466943
1,2113,35.867163458,0,81291,0,16792708,446151
1,2114,35.868366416000008,3611958,17533583,42,18912875,148913
1,2115,35.884875125,0,51792,41,16366917,431943
1,2116,35.901498958,0,123750,0,16700375,445905
1,2117,35.918100458000005,0,78791,42,16606500,445705
1,2118,35.934601208,0,72875,42,16493209,445705
1,2119,35.951460583000006,0,77208,41,16869000,445757
1,2120,35.967851916000008,0,98958,42,16413709,433297
1,2121,35.984538875000005,0,71667,41,16783208,528277
1,2122,36.001235083000005,0,63917,0,16789166,556001
1,2123,36.017713000000008,0,60625,42,16411042,542039
1,2124,36.034470583000008,0,66833,0,16681333,486991
1,2125,36.051268708,0,74917,42,16802583,473229
1,2126,36.068079166,0,72917,41,16781542,486991
1,2127,36.084665582999996,0,69708,41,16497833,459467
1,2128,36.119161958,0,72208,41,16894250,459667
1,2129,36.120991708,3774625,17462792,0,18879292,148913
1,2130,36.136887875000006,0,49750,41,16516917,433349
1,2131,36.153849583,0,73584,42,16905375,445705
1,2132,36.170494833,0,72083,42,16689375,445705
1,2133,36.187045125000004,0,71042,41,16496792,445705
1,2134,36.203496875000006,0,70667,0,16485458,445905
1,2135,36.220365083,0,70750,41,16898666,459467
1,2136,36.236936000000007,0,72791,41,16594709,459467
1,2137,36.253737000000008,0,67959,0,16806584,459467
1,2138,36.270298375,0,74292,42,16486167,445705
1,2139,36.28730925,0,70916,42,16891500,447059
1,2140,36.303395666000007,0,79166,0,16204375,445905
1,2141,36.320307750000005,0,71416,42,16881791,459467
1,2142,36.337081958000006,0,70833,41,16799666,473281
1,2143,36.370926041,0,74958,0,16290666,445705
1,2144,36.372135250000007,3809583,17370625,83,18668208,148913
1,2145,36.389087958,0,53792,42,16923167,445705
1,2146,36.405810833,0,76875,42,16779792,445905
1,2147,36.422638458,0,74625,0,16595625,453791
1,2148,36.438863625,0,73834,83,16501958,452735
1,2149,36.455721125000004,0,76250,42,16795958,473229
1,2150,36.472472333000006,0,79500,41,16688833,445705
1,2151,36.488896333000007,0,95375,0,16503500,445705
1,2152,36.505583582999996,0,70250,83,16583542,445905
1,2153,36.522390666,0,88459,42,16905625,445705
1,2154,36.539045916,0,77792,42,16689375,445757
1,2155,36.555651665999996,0,69458,42,16591000,445705
1,2156,36.573454208000008,0,71125,0,17186792,453791
1,2157,36.589272041000008,0,75666,42,16300750,425211
1,2158,36.624507958,0,80209,42,16610125,459667
1,2159,36.625791208,4128958,18519792,41,19856916,148913
1,2160,36.642182625,0,62584,83,16448167,445705
1,2161,36.659129583,0,75875,42,16973416,459467
1,2162,36.675588125,0,74375,0,16199208,445705
1,2163,36.692082833000008,0,102166,0,16694791,445705
1,2164,36.709360249999996,0,73500,41,17187791,253237
1,2165,36.7249225,0,118458,0,15291042,137265
1,2166,36.742535541,0,113542,42,17830958,150023
1,2167,36.759916,0,110250,41,17206958,32845
1,2168,36.775828791,0,81875,42,16050042,390657
1,2169,36.792553041,0,85458,41,16794917,431943
1,2170,36.809099541,0,129417,41,16696375,459667
1,2171,36.825478249999996,0,78209,42,16391083,459467
1,2172,36.859915332999996,0,69667,42,16900833,473229
1,2173,36.861154208000009,3887375,17310291,0,18703458,148913
1,2174,36.877680665999996,0,55792,42,16578000,433297
1,2175,36.894019166,0,81500,41,16301875,431943
1,2176,36.910700208,0,73167,42,16700250,459667
1,2177,36.927634333000007,0,78291,42,16979291,459467
1,2178,36.944176000000006,0,69750,41,16503125,459519
1,2179,36.960949000000006,0,74084,42,16771250,459467
1,2180,36.97744775,0,72959,42,16405292,431943
1,2181,36.994385791000006,0,81750,41,16898708,431943
1,2182,37.011219791000009,0,80250,42,16904500,445905
1,2183,37.027447458000005,0,75625,42,16189125,447059
1,2184,37.044359625000006,0,77875,41,16896209,445705
1,2185,37.061142416,0,83375,42,16791125,431943
1,2186,37.077563208000008,0,74334,42,16299709,431943
1,2187,37.112192833,0,83917,84,16594708,431943
1,2188,37.11358175,3835459,17923000,41,19416834,149113
1,2189,37.130308958000008,0,55250,167,16852958,445705
1,2190,37.147014915999996,0,78291,42,16617083,459519
1,2191,37.16382875,0,79209,84,16789917,459467
1,2192,37.180356041,0,78875,41,16688167,433297
1,2193,37.197145666000004,0,74541,42,16704709,473229
1,2194,37.213668166,0,75208,42,16484208,459667
1,2195,37.230189833000004,0,84000,42,16595875,445705
1,2196,37.247214666,0,72125,42,16883083,431943
1,2197,37.263850874999996,0,86042,41,16592750,404419
1,2198,37.280466291,0,89792,41,16525708,404419
1,2199,37.297178666,0,101292,42,16769958,404419
1,2200,37.313703791,0,85250,83,16583250,432143
1,2201,37.330381666,0,87708,42,16493833,419535
1,2202,37.366427541,0,90875,0,17095583,418233
1,2203,37.367869291,4033583,18974958,41,20462625,148913
1,2204,37.384526166000008,0,69333,41,16702709,418181
1,2205,37.401031083,0,82833,42,16508250,432143
1,2206,37.417687875000006,0,87334,42,16716375,431943
1,2207,37.434138541,0,85542,42,16480209,431943
1,2208,37.451066583000006,0,75167,0,16902916,445705
1,2209,37.467759958000009,0,78458,42,16479833,431943
1,2210,37.484214041000008,0,94167,42,16595625,419535
1,2211,37.500954916000005,0,77042,42,16680166,432143
1,2212,37.517496041000008,0,99000,42,16617708,431943
1,2213,37.534432208000005,0,121958,42,16957625,445705
1,2214,37.550697166,0,81666,42,16325917,431995
1,2215,37.567488625,0,73208,84,16680708,445705
1,2216,37.584463458000009,0,74458,41,16976042,445705
1,2217,37.618217333,0,77208,83,16296875,473429
1,2218,37.619415666,3647709,17421417,41,18694000,148913
1,2219,37.636205666,0,50625,42,16819583,447059
1,2220,37.652894458,0,76459,42,16698292,445705
1,2221,37.669498624999996,0,75417,0,16570167,459467
1,2222,37.686068708,0,76000,41,16501583,473229
1,2223,37.703002458000007,0,76209,42,17002708,445905
1,2224,37.71932029100001,0,73000,41,16388250,445705
1,2225,37.736129958,0,71167,0,16705458,445705
1,2226,37.752682916000005,0,75291,41,16484000,431995
1,2227,37.769531332999996,0,75875,208,16903375,445705
1,2228,37.786242458,0,70417,41,16700417,433297
1,2229,37.803000458000007,0,72458,42,16785500,445905
1,2230,37.819463708000008,0,75792,250,16394417,431943
1,2231,37.836314000000009,0,81709,209,16893250,445705
1,2232,37.871017083000005,0,72750,83,16603208,459467
1,2233,37.872279083,3855333,17860333,41,19268000,148913
1,2234,37.889037832999996,0,55041,42,16820875,431943
1,2235,37.905603166,0,80291,42,16592584,459667
1,2236,37.921894166000008,0,74209,42,16298417,445705
1,2237,37.938739083000009,0,77875,42,16875625,474583
1,2238,37.955698375000004,0,72625,41,16913708,459519
1,2239,37.972416958000004,0,74917,0,16590541,445705
1,2240,37.988977958,0,81250,42,16596250,431943
1,2241,38.005550250000006,0,80333,0,16395166,432143
1,2242,38.021972166000005,0,99250,0,16582916,431943
1,2243,38.038697625000005,0,83625,83,16790792,445705
1,2244,38.055582625000007,0,78125,0,16796000,445705
1,2245,38.071938541,0,80792,41,16397375,445705
1,2246,38.088953791,0,77542,42,16993958,460821
1,2247,38.122425666000005,0,78750,83,16294708,432143
1,2248,38.123661666,3731333,16975208,41,18389417,148913
1,2249,38.140547333000008,0,53792,0,16797958,445757
1,2250,38.157021916,0,86167,0,16577375,431943
1,2251,38.173651625,0,70958,41,16695083,459467
1,2252,38.190493333,0,71875,42,16708084,459467
1,2253,38.207415415999996,0,78250,83,17000125,432143
1,2254,38.223871416,0,75917,41,16182708,418181
1,2255,38.240314250000004,0,115792,41,16603583,419535
1,2256,38.257174875,0,75292,0,16893875,445705
1,2257,38.274130583000009,0,75583,83,16888375,418181
1,2258,38.290467083,0,87875,0,16301417,404419
1,2259,38.307299499999992,0,77208,42,16887833,445905
1,2260,38.324075375,0,81125,42,16797625,431943
1,2261,38.359210916,0,88459,41,16393791,431995
1,2262,38.360596875000006,4078750,18329333,41,20042875,148913
1,2263,38.377101290999995,0,58833,0,16647417,433337
1,2264,38.393967416,0,74541,42,16782417,459467
1,2265,38.41076175,0,70667,0,16795958,445905
1,2266,38.42715275,0,82083,41,16505667,445705
1,2267,38.443832916,0,71417,41,16591042,445705
1,2268,38.460645082999996,0,74916,42,16801250,445705
1,2269,38.47727025,0,76667,42,16696584,445705
1,2270,38.494184499999996,0,71625,42,16788833,459467
1,2271,38.510638457999995,0,76583,0,16488208,459667
1,2272,38.527219458,0,77250,42,16597125,447059
1,2273,38.543801832999996,0,71667,0,16593917,459519
1,2274,38.560319416000006,0,72417,83,16503333,445705
1,2275,38.577236375000005,0,75625,0,16888458,459467
1,2276,38.612040083000004,0,74958,0,16702125,431943
1,2277,38.613278208000004,4010542,17964042,42,19336875,149113
1,2278,38.629967625,0,51791,41,16751875,459467
1,2279,38.646619666,0,74083,42,16579125,445705
1,2280,38.663291832999995,0,71458,42,16706542,445705
1,2281,38.680148791,0,89042,42,16773708,447059
1,2282,38.696461082999996,0,78708,42,16305584,445705
1,2283,38.713530083,0,77750,42,16991958,459667
1,2284,38.729936,0,79042,42,16491167,431943
1,2285,38.746455125000004,0,78417,0,16496583,459519
1,2286,38.763421916000006,0,74042,41,16992042,445705
1,2287,38.779866500000004,0,75916,41,16502208,459467
1,2288,38.796407957999996,0,68875,83,16473458,486991
1,2289,38.813098790999994,0,73709,41,16712708,445905
1,2290,38.830154290999992,0,75250,83,16997458,447059
1,2291,38.864541166,0,75875,0,16299583,445705
1,2292,38.865975375,3998000,17942417,125,19346458,148913
1,2293,38.882656958000005,0,59958,0,16817583,459467
1,2294,38.899193457999992,0,74916,83,16596250,473429
1,2295,38.915777333,0,71750,84,16596083,445705
1,2296,38.932677625000004,0,72208,41,16905875,459467
1,2297,38.94920375,0,74542,41,16490542,445757
1,2298,38.965891832999993,0,73000,42,16703333,459467
1,2299,38.98267275,0,74375,41,16682916,433297
1,2300,38.999379125,0,77500,0,16807500,445905
1,2301,39.015881708,0,72000,125,16494417,473229
1,2302,39.032598458,0,77125,125,16596125,445705
1,2303,39.049377625,0,73625,83,16883500,445705
1,2304,39.065794665999995,0,73417,42,16395750,445705
1,2305,39.082628707999994,0,76500,41,16798250,459467
1,2306,39.116749875,0,67084,41,16790125,445905
1,2307,39.118022915999994,3604875,17202833,41,18540666,148913
1,2308,39.134805500000006,0,58292,83,16664000,447059
1,2309,39.151054458,0,92709,42,16470417,445757
1,2310,39.167607,0,72917,42,16502583,445705
1,2311,39.184543874999996,0,74958,42,16889459,459467
1,2312,39.201316375,0,73875,83,16795375,459667
1,2313,39.217985832999993,0,76500,166,16695708,445705
1,2314,39.234703415999995,0,71709,42,16695291,459467
1,2315,39.250877999999993,0,73458,42,16187250,431943
1,2316,39.267844708000005,0,74500,42,17012917,459467
1,2317,39.284367583,0,66583,84,16470625,460821
1,2318,39.301230416,0,70750,0,16898541,473429
1,2319,39.318134166,0,66834,83,16692209,459467
1,2320,39.334614708,0,82584,42,16580583,445705
1,2321,39.368727666000005,0,71541,42,16319875,431995
1,2322,39.369930790999994,3752333,17671041,0,19003333,148913
1,2323,39.386767916000004,0,51000,41,16769792,459467
1,2324,39.403432665999993,0,72250,42,16785917,459667
1,2325,39.419978207999996,0,71416,41,16518583,445705
1,2326,39.436979415999993,0,69167,83,16982375,447059
1,2327,39.453677082999995,0,71459,42,16700292,486991
1,2328,39.470267333,0,71042,41,16582625,474489
1,2329,39.486933458,0,69584,83,16611375,459467
1,2330,39.50377525,0,73333,42,16779334,459667
1,2331,39.520035958,0,80792,83,16399500,459467
1,2332,39.536903333000005,0,69584,41,16796125,459467
1,2333,39.553572708,0,71583,83,16689458,459519
1,2334,39.570302875,0,71208,42,16702042,459467
1,2335,39.586723625,0,72250,42,16390500,447059
1,2336,39.620962833,0,73458,84,17001958,445905
1,2337,39.622151458,3731417,17075375,84,18410375,148913
1,2338,39.638705499999993,0,53791,42,16563667,459467
1,2339,39.655383625000006,0,77958,41,16687750,473229
1,2340,39.672031,0,71791,42,16597625,459467
1,2341,39.688421125,0,78917,42,16407250,459467
1,2342,39.705538208,0,79250,0,17087000,473429
1,2343,39.722033207999992,0,74125,42,16499375,418181
1,2344,39.738694583000004,0,77542,42,16597250,433297
1,2345,39.755164165999993,0,84625,42,16495250,431995
1,2346,39.772091666,0,75791,41,16993292,459467
1,2347,39.789087875,0,79834,41,16592083,445705
1,2348,39.8053155,0,126084,41,16586208,432143
1,2349,39.821930290999994,0,80000,42,16593792,445705
1,2350,39.838767583,0,76125,42,16802792,445705
1,2351,39.872936958000004,0,79250,41,16391083,445705
1,2352,39.874262874999992,3725000,17609041,41,19053208,148913
1,2353,39.891162125,0,54708,42,16937084,419535
1,2354,39.907467375,0,76167,41,16294958,432143
1,2355,39.9242915,0,83000,42,16895916,459467
1,2356,39.940691541,0,72042,41,16471042,500753
1,2357,39.957526624999993,0,68583,41,16900417,542091
1,2358,39.974282833,0,57917,208,16612625,459467
1,2359,39.991173874999994,0,73916,83,16778333,459467
1,2360,40.007770458,0,73500,42,16710792,459667
1,2361,40.024477458,0,69375,41,16699083,486991
1,2362,40.040837,0,70500,41,16296167,447059
1,2363,40.057617541000006,0,78292,42,16795750,473229
1,2364,40.074121874999996,0,75708,42,16485792,445705
1,2365,40.108571832999992,0,77875,42,16881167,459467
1,2366,40.109764000000006,3814542,17383292,42,18735666,149113
1,2367,40.12664675,0,52000,42,16860167,445705
1,2368,40.143147791,0,86250,84,16400500,431995
1,2369,40.159622457999994,0,91666,83,16601750,431943
1,2370,40.176270583,0,76792,0,16585083,431943
1,2371,40.193285416,0,77959,42,16995083,433297
1,2372,40.209963208,0,72709,41,16800458,459667
1,2373,40.226135916,0,70541,83,16185458,473229
1,2374,40.242952041,0,69500,42,16818916,542039
1,2375,40.259508041,0,72666,42,16479334,514515
1,2376,40.276422583000006,0,77000,42,16868000,459467
1,2377,40.292945666,0,70750,42,16487333,473229
1,2378,40.309714750000005,0,75042,42,16811875,459667
1,2379,40.326238916,0,75250,0,16499292,445705
1,2380,40.360208707999995,0,73792,84,16575833,447111
1,2381,40.361534041000006,3752542,17151833,42,18634583,148913
1,2382,40.378693790999996,0,54500,42,17256125,431943
1,2383,40.395037749999993,0,74375,0,16295208,431943
1,2384,40.411529458,0,77500,41,16509541,432143
1,2385,40.428397791,0,75583,42,16684792,431943
1,2386,40.445067415999993,0,93583,0,16799708,431943
1,2387,40.461703457999995,0,80708,41,16682000,445705
1,2388,40.478949666,0,69625,42,16800667,445705
1,2389,40.495235415999993,0,72834,250,16696000,447059
1,2390,40.511484708000005,0,71208,41,16298416,445905
1,2391,40.528272749999992,0,77041,41,16806292,473229
1,2392,40.545324833,0,68000,42,16872083,459519
1,2393,40.561801708,0,93667,41,16600000,445705
1,2394,40.578243207999996,0,76458,83,16478375,431943
1,2395,40.613359666,0,73959,42,16713709,445705
1,2396,40.614864665999995,3683291,18064166,83,19614750,149663
1,2397,40.631529750000006,0,65625,42,16872166,392457
1,2398,40.64806225,0,79625,42,16497709,432389
1,2399,40.664402915999993,0,80375,42,16409500,459913
1,2400,40.681329208,0,74041,0,16874792,459913
1,2401,40.69798875,0,79834,42,16704125,446351
1,2402,40.714595416,0,79375,83,16570250,446151
1,2403,40.731329124999995,0,73084,41,16722542,446151
1,2404,40.748210791,0,79625,42,16878042,446203
1,2405,40.764618000000006,0,75834,42,16403625,446151
1,2406,40.781154291,0,80000,83,16477417,433743
1,2407,40.797987458,0,77833,42,16906667,446351
1,2408,40.814537582999996,0,79292,42,16486708,446151
1,2409,40.831471708,0,78875,84,16994333,446151
1,2410,40.865666541,0,76667,84,16301458,446151
1,2411,40.866941332999993,3795417,17622375,42,19075417,148913
1,2412,40.883715040999995,0,49125,42,16727917,445705
1,2413,40.900538457999993,0,72667,84,16980625,487191
1,2414,40.9167495,0,64959,167,16288375,486991
1,2415,40.934012790999994,0,61708,125,17101167,529631
1,2416,40.950291333,0,112292,41,16302125,445757
1,2417,40.966861125,0,71750,41,16572916,459467
1,2418,40.984157165999996,0,71166,42,17093625,473229
1,2419,41.000448208,0,80166,41,16422375,432143
1,2420,41.017252750000004,0,92666,41,16700250,445705
1,2421,41.033978791,0,79166,83,16763292,431943
1,2422,41.050371790999996,0,84916,42,16427792,445705
1,2423,41.067021375,0,75166,42,16588375,445705
1,2424,41.084103166,0,74708,41,16971666,447059
1,2425,41.117857624999992,0,97458,42,16705208,445905
1,2426,41.119139499999996,3648417,17029291,83,18465541,148913
1,2427,41.135588166,0,57042,42,16515542,431943
1,2428,41.152282332999995,0,71125,83,16700375,445757
1,2429,41.168992666,0,71542,42,16701333,459467
1,2430,41.18561275,0,73584,41,16580250,473229
1,2431,41.202119875,0,68000,42,16506750,432143
1,2432,41.218863625000004,0,71458,41,16789125,459467
1,2433,41.235318708,0,70291,42,16397750,447059
1,2434,41.252202375,0,74042,84,16897250,459467
1,2435,41.269029708,0,76916,41,16891500,473229
1,2436,41.285739208,0,65334,166,16584375,445705
1,2437,41.302412624999995,0,73666,41,16707000,445905
1,2438,41.318819166000004,0,77167,0,16496500,445705
1,2439,41.335401499999996,0,69583,42,16485875,445705
1,2440,41.369734290999993,0,71375,42,16998791,473281
1,2441,41.370969666,3631458,17198041,83,18529584,148913
1,2442,41.387476291000006,0,52625,0,16452541,433337
1,2443,41.403914791,0,75250,42,16496667,432143
1,2444,41.420582790999994,0,75208,42,16699042,445705
1,2445,41.437378540999994,0,73000,41,16795333,445705
1,2446,41.454251875000004,0,73791,41,16787792,473229
1,2447,41.470596249999993,0,76791,42,16398667,431943
1,2448,41.487391666,0,75666,42,16794167,445705
1,2449,41.504507374999996,0,68291,41,16902667,445905
1,2450,41.520866041,0,95000,41,16376708,431943
1,2451,41.537292125,0,88542,83,16509750,405773
1,2452,41.554338957999995,0,82417,41,16989375,445757
1,2453,41.571111583,0,89583,41,16692875,431943
1,2454,41.587589040999994,0,96417,42,16577625,431943
1,2455,41.622653250000006,0,77750,41,16520167,432143
1,2456,41.624015916,4084417,18347959,42,19866709,148913
1,2457,41.640627415999994,0,57792,41,16710333,431943
1,2458,41.657542083,0,77750,42,16883250,445705
1,2459,41.673831958,0,75917,42,16306458,431943
1,2460,41.690808499999996,0,77041,84,16886792,433297
1,2461,41.707197625,0,74166,42,16495000,432143
1,2462,41.723817540999995,0,75666,41,16593750,445705
1,2463,41.740622041,0,78916,83,16788541,459467
1,2464,41.757233582999994,0,76083,41,16587542,445757
1,2465,41.773893750000006,0,74833,0,16710375,445705
1,2466,41.790626791,0,81250,83,16683250,445705
1,2467,41.807368833000005,0,78458,42,16794125,459667
1,2468,41.824112832999994,0,72167,0,16694125,445705
1,2469,41.858656375,0,80250,42,16404334,433297
1,2470,41.859957665999993,4027708,18041750,42,19366083,148913
1,2471,41.876973916000004,0,52792,0,17018625,445705
1,2472,41.897674165999994,0,72916,41,20485375,445705
1,2473,41.910283040999992,0,81417,42,12821333,115617
1,2474,41.927695207999996,0,71250,42,17294792,142941
1,2475,41.950572165999994,0,95625,42,22738708,87893
1,2476,41.959877208,0,79250,83,9532459,211803
1,2477,41.976854208,0,86708,42,17005375,431943
1,2478,41.993354915999994,0,74958,84,16474125,460821
1,2479,42.010043333000006,0,74959,42,16786083,473429
1,2480,42.026769249999994,0,75708,41,16612083,459467
1,2481,42.043289083,0,82875,42,16593667,445705
1,2482,42.060204500000005,0,72833,42,16902042,459467
1,2483,42.076829916,0,76208,42,16592833,486991
1,2484,42.110199833,0,72709,41,16289000,445705
1,2485,42.111430375000005,3660625,16896250,83,18301666,149113
1,2486,42.12839,0,53167,42,16988791,459467
1,2487,42.145065999999993,0,72750,0,16583500,419535
1,2488,42.161805791,0,82959,41,16803500,459519
1,2489,42.178597125,0,83542,0,16699792,445705
1,2490,42.194997041,0,97250,42,16290958,431943
1,2491,42.211461332999995,0,88084,42,16595292,445905
1,2492,42.228593624999995,0,88333,0,17096667,445705
1,2493,42.245049540999993,0,75333,83,16473458,445705
1,2494,42.261891,0,76458,0,16819916,445705
1,2495,42.278459915999996,0,89417,42,16587083,445705
1,2496,42.294867165999996,0,75583,41,16383458,433297
1,2497,42.311508541,0,78666,41,16687208,432143
1,2498,42.328547207999996,0,72583,41,17007292,445705
1,2499,42.363028832999994,0,75125,41,16488292,431943
1,2500,42.364319083000005,3826292,17874666,83,19230875,148913
1,2501,42.381129624999993,0,52375,42,16863666,459519
1,2502,42.397556040999994,0,92334,42,16476959,445905
1,2503,42.414204665999996,0,74292,42,16604375,445705
1,2504,42.430838790999992,0,78291,83,16594541,445705
1,2505,42.447783457999996,0,79917,0,17003083,460821
1,2506,42.464365916,0,72291,42,16597000,445705
1,2507,42.48097225,0,72125,83,16492500,459467
1,2508,42.497492625,0,77792,83,16598000,459667
1,2509,42.514130665999993,0,76625,83,16592458,459467
1,2510,42.530841583000004,0,79708,0,16689792,459467
1,2511,42.547488749999992,0,75375,83,16597584,459467
1,2512,42.564060291,0,82500,42,16589209,431943
1,2513,42.581073208,0,86125,0,16995333,431995
1,2514,42.615159416000004,0,75083,42,16406041,419735
1,2515,42.616407165999995,3846750,17565458,0,18947375,148913
1,2516,42.633144499999993,0,50750,42,16831042,459467
1,2517,42.649592041,0,68125,41,16471167,500753
1,2518,42.666359124999993,0,68125,41,16721333,500753
1,2519,42.683549707999994,0,74833,42,17022125,473229
1,2520,42.699684541,0,77625,167,16259000,445905
1,2521,42.716583207999996,0,75500,41,16803000,459467
1,2522,42.733853333000006,0,71791,42,16690958,459467
1,2523,42.749903874999994,0,71833,41,16696208,433297
1,2524,42.766805583,0,73292,42,16873000,459519
1,2525,42.783220625000006,0,71500,0,16421041,445705
1,2526,42.799835832999996,0,77125,41,16578625,432143
1,2527,42.81660525,0,76333,41,16704334,431943
1,2528,42.833232208000005,0,80375,0,16684500,431943
1,2529,42.868163790999994,0,76958,41,16692584,431943
1,2530,42.869478124999993,3878042,18040084,42,19461833,148913
1,2531,42.885660499999993,0,56125,125,16225208,405773
1,2532,42.902801375,0,68167,0,17197750,445905
1,2533,42.919514958,0,75000,41,16704167,445705
1,2534,42.936058083,0,72958,42,16499334,431943
1,2535,42.952800958000005,0,74917,83,16782541,445705
1,2536,42.969301791,0,73625,42,16506000,445757
1,2537,42.986285,0,72292,41,16785125,445705
1,2538,43.002711916,0,92625,42,16592625,432143
1,2539,43.019269625,0,73458,42,16584334,459467
1,2540,43.035921749999993,0,71333,41,16599750,433297
1,2541,43.052851874999995,0,78375,0,16904708,459467
1,2542,43.069573749999996,0,77250,41,16690708,431943
1,2543,43.086151707999996,0,80084,41,16605167,445705
1,2544,43.120422541,0,72833,41,16568167,459667
1,2545,43.121738541000006,3677833,17564333,42,18940708,148913
1,2546,43.138389291,0,54416,42,16770042,431943
1,2547,43.155200333,0,72542,42,16593875,459467
1,2548,43.171537166,0,94542,0,16500292,431995
1,2549,43.188487915999993,0,77875,41,16878208,433297
1,2550,43.204701416,0,78416,41,16302542,445905
1,2551,43.221428916,0,80417,42,16683208,459467
1,2552,43.2383965,0,77083,83,17010167,459467
1,2553,43.254968583,0,78833,125,16665500,486991
1,2554,43.271434875000004,0,61542,84,16421458,528277
1,2555,43.288518125,0,68125,0,16898125,528277
1,2556,43.304988,0,85292,41,16569375,445905
1,2557,43.321613875000004,0,76709,42,16614084,459467
1,2558,43.338106665999995,0,75458,125,16489208,447059
1,2559,43.372408916000005,0,68958,42,16696083,473229
1,2560,43.373581832999996,3833334,17453791,42,18746250,148913
1,2561,43.390275208,0,48500,42,16649375,459519
1,2562,43.407195624999993,0,72208,0,16990500,473429
1,2563,43.423480207999994,0,77042,0,16282792,445705
1,2564,43.440486625,0,75042,83,17006042,445705
1,2565,43.457128915999995,0,73875,42,16602958,445705
1,2566,43.473579625000006,0,73875,42,16474708,431943
1,2567,43.490305166000006,0,77125,42,16607208,447059
1,2568,43.506810875000006,0,80250,42,16585000,445905
1,2569,43.523593375,0,72750,41,16787833,459467
1,2570,43.540490166000005,0,74458,41,16897334,459467
1,2571,43.556891208,0,76458,42,16393583,445705
1,2572,43.573939625,0,71917,41,17006459,473229
1,2573,43.608512916,0,76333,42,16286958,445757
1,2574,43.609859457999995,3806167,18119792,42,19536625,149113
1,2575,43.62659675,0,69166,83,16863500,473229
1,2576,43.643413708000004,0,70250,0,16592625,447059
1,2577,43.660014083,0,83666,41,16796750,445705
1,2578,43.676688707999993,0,77333,42,16694250,445705
1,2579,43.693225790999996,0,70791,125,16483209,445705
1,2580,43.709709666,0,72291,42,16501791,445905
1,2581,43.726838832999995,0,72167,42,17086375,459467
1,2582,43.743166916,0,74125,41,16398083,445705
1,2583,43.759893874999996,0,71000,0,16702208,459467
1,2584,43.776562000000006,0,69875,42,16688792,445757
1,2585,43.793024333,0,69250,41,16399375,433297
1,2586,43.809671540999993,0,69750,42,16697042,445905
1,2587,43.826641290999994,0,76166,41,16891375,459467
1,2588,43.861168625,0,74833,83,16791166,445705
1,2589,43.862387707999993,3552250,17637042,42,18956667,148913
1,2590,43.878612791,0,52458,42,16318125,445705
1,2591,43.895743458000005,0,69541,0,17019875,473229
1,2592,43.912014416,0,72959,42,16296458,432143
1,2593,43.928783790999994,0,73917,42,16787292,459467
1,2594,43.945369832999994,0,70167,42,16591208,460821
1,2595,43.962053332999993,0,70667,42,16700125,445705
1,2596,43.978766040999993,0,74792,42,16589875,445757
1,2597,43.995457041,0,71417,83,16693750,473229
1,2598,44.012358,0,70125,125,16886792,459667
1,2599,44.028848415999995,0,76709,167,16607083,445705
1,2600,44.045415125,0,71667,42,16570500,473229
1,2601,44.061964291,0,66833,41,16514792,445705
1,2602,44.078826583,0,69083,125,16886000,459467
1,2603,44.113253207999996,0,70750,0,16809667,460821
1,2604,44.114575916,3820167,17293584,42,18773250,149113
1,2605,44.130875416,0,54167,125,16413958,445705
1,2606,44.147632916,0,73667,42,16766667,459467
1,2607,44.164395416,0,72542,41,16618625,445705
1,2608,44.181103165999993,0,71042,41,16792417,459519
1,2609,44.197638915999995,0,75292,42,16604792,459667
1,2610,44.214420916,0,73167,125,16688417,445705
1,2611,44.230975374999993,0,74208,42,16591209,459467
1,2612,44.247437791,0,71625,84,16493375,447059
1,2613,44.264065791,0,72208,0,16597500,459467
1,2614,44.280994291000006,0,67792,42,16698500,459467
1,2615,44.297708500000006,0,74083,42,16878625,445905
1,2616,44.314128375,0,74375,0,16419916,445705
1,2617,44.331197833,0,78292,41,17079167,459467
1,2618,44.365334416,0,82625,42,16386000,445705
1,2619,44.366621040999995,4024209,17526042,125,18953875,148913
1,2620,44.383605416,0,54875,83,16913625,473321
1,2621,44.399715457999996,0,76500,42,16222250,433497
1,2622,44.416535708000005,0,76667,125,16795125,445705
1,2623,44.433669833,0,78791,42,16879500,445705
1,2624,44.450287708,0,80875,0,16651459,445705
1,2625,44.466664916000006,0,77334,167,16559209,466580
1,2626,44.483263040999994,0,75958,0,16475375,486991
1,2627,44.499695083,0,84833,42,16604625,473429
1,2628,44.516979083,0,71916,42,17194416,473229
1,2629,44.533504916000005,0,71833,166,16577250,459467
1,2630,44.550225875,0,71542,42,16610125,433297
1,2631,44.566883458,0,80375,41,16683291,445705
1,2632,44.583617958,0,74833,42,16647292,431995
1,2633,44.619025541000006,0,81833,42,16358459,432143
1,2634,44.620532958000005,4191042,18964458,0,20462583,148913
1,2635,44.636960333,0,63209,42,16614209,418181
1,2636,44.653766583,0,76834,84,16904334,431943
1,2637,44.670540999999993,0,75750,0,16698750,459467
1,2638,44.68795975,0,80167,0,17079041,467553
1,2639,44.703984083,0,71709,42,16308875,432489
1,2640,44.720281457999995,0,83917,41,16282292,431943
1,2641,44.737206916,0,85500,41,16991250,445705
1,2642,44.753945458,0,74083,42,16701458,445705
1,2643,44.770305625,0,78417,41,16389291,445705
1,2644,44.787236375,0,75500,41,17008292,459519
1,2645,44.803444582999994,0,72292,41,16267500,487191
1,2646,44.82040625,0,60583,42,16904209,555801
1,2647,44.837328707999994,0,74125,83,16398291,473229
1,2648,44.871107165999994,0,75042,42,16887208,474583
1,2649,44.872285916,3787250,17280958,42,18504459,148913
1,2650,44.8889855,0,50750,41,16614625,459467
1,2651,44.905473457999996,0,84250,41,16587875,473429
1,2652,44.922099374999995,0,73625,42,16575416,486991
1,2653,44.939106,0,82958,42,17009042,486991
1,2654,44.955698707999993,0,76458,0,16590958,473229
1,2655,44.97219125,0,72750,41,16485375,459467
1,2656,44.989137250000006,0,75917,42,16716916,447111
1,2657,45.005932749999992,0,81166,42,16877792,445905
1,2658,45.022411083,0,82791,42,16585708,431943
1,2659,45.038881208,0,73958,0,16504416,431943
1,2660,45.055430624999993,0,72208,0,16492416,445705
1,2661,45.072370416000005,0,75750,83,16907125,459467
1,2662,45.089090666,0,84875,42,16679916,445705
1,2663,45.123517958,0,80500,42,16593958,445905
1,2664,45.124739791,3868167,17788584,42,19115916,148913
1,2665,45.141493625,0,49875,0,16779167,447059
1,2666,45.157897708,0,74166,41,16394792,445705
1,2667,45.174502041000004,0,74417,42,16590417,445705
1,2668,45.191850541,0,73083,42,17086125,445757
1,2669,45.208033124999993,0,74333,42,16399833,418381
1,2670,45.224670624999995,0,80125,42,16608084,431943
1,2671,45.241522541,0,80667,42,16892875,445705
1,2672,45.25818675,0,78083,41,16573125,431943
1,2673,45.274603041,0,77834,42,16501750,431943
1,2674,45.291359625000005,0,72208,84,16783750,515869
1,2675,45.307892790999993,0,70709,42,16594500,542239
1,2676,45.324807166000006,0,68250,41,16621750,473229
1,2677,45.360109708,0,82750,42,16986417,446081
1,2678,45.361489625,3896125,18121916,42,19703500,148913
1,2679,45.377831291,0,55709,42,16487417,445757
1,2680,45.394336125,0,76667,42,16486500,445705
1,2681,45.411004791,0,72583,42,16697125,445905
1,2682,45.427935749999996,0,72750,42,16703083,431943
1,2683,45.444457416,0,85875,0,16688208,447059
1,2684,45.460840791,0,78375,42,16438125,418181
1,2685,45.478004500000004,0,74417,0,17160750,459467
1,2686,45.494363,0,77875,42,16294791,418181
1,2687,45.511278416,0,73583,42,16988875,459667
1,2688,45.527658166,0,75541,42,16296708,431943
1,2689,45.544295625,0,75917,42,16685833,445705
1,2690,45.561193499999995,0,70042,83,16882042,445705
1,2691,45.577975083000005,0,73500,42,16805125,459519
1,2692,45.61198975,0,73000,42,16487583,433297
1,2693,45.613282332999994,3819875,17202375,41,18668125,149663
1,2694,45.6298545,0,60083,0,16635667,432389
1,2695,45.646419375,0,82625,41,16597542,446151
1,2696,45.663025499999996,0,106083,42,16595291,446151
1,2697,45.680048791,0,78125,41,16994584,459913
1,2698,45.696417000000004,0,85916,42,16301167,432389
1,2699,45.713119166000006,0,81667,42,16683500,446351
1,2700,45.729728665999993,0,82333,42,16678084,446151
1,2701,45.746416165999996,0,80875,41,16703250,447505
1,2702,45.763010290999993,0,74750,42,16602292,446151
1,2703,45.780001957999993,0,77166,41,16991791,446203
1,2704,45.796459875000004,0,82250,42,16394333,432389
1,2705,45.813069291,0,80542,41,16597541,446351
1,2706,45.829983707999993,0,80167,41,16796250,446151
1,2707,45.86469025,0,87709,0,16589042,432389
1,2708,45.866067832999995,3872792,17928875,41,19451708,148913
1,2709,45.882782999999996,0,65000,83,16835292,445705
1,2710,45.899404291,0,85083,42,16691833,447259
1,2711,45.916088916,0,75000,0,16600958,445705
1,2712,45.932615041,0,78084,41,16586208,431943
1,2713,45.949020833,0,72917,83,16405125,445705
1,2714,45.966014249999994,0,74667,41,16989000,459467
1,2715,45.982443374999995,0,84333,42,16395041,445757
1,2716,45.999216249999996,0,75084,41,16790459,445905
1,2717,46.01600375,0,70833,42,16792958,445705
1,2718,46.032774374999995,0,74958,42,16797708,459467
1,2719,46.049322874999994,0,75250,42,16488792,447059
1,2720,46.065902791000006,0,74917,84,16600625,459467
1,2721,46.082634457999994,0,72834,83,16691167,445705
1,2722,46.117476290999996,0,74708,0,16700292,445905
1,2723,46.118786250000007,3958333,17951583,41,19381583,148913
1,2724,46.135075750000006,0,54750,0,16408583,431943
1,2725,46.151941916000006,0,71958,125,16890708,459467
1,2726,46.168388708,0,69333,84,16397667,459467
1,2727,46.185220416,0,71959,42,16795916,459519
1,2728,46.202077041,0,71250,42,16792500,447259
1,2729,46.218498915999994,0,73958,84,16492250,445705
1,2730,46.235098333,0,72042,42,16584125,459467
1,2731,46.251957416,0,77500,41,16906833,445705
1,2732,46.268749582999995,0,67250,41,16786208,445705
1,2733,46.285404957999994,0,72792,166,16605417,459467
1,2734,46.302175999999996,0,70750,42,16806417,459667
1,2735,46.318707458,0,74625,41,16471375,445705
1,2736,46.335093249999993,0,78125,42,16400791,445705
1,2737,46.370043958000004,0,72292,41,16889625,447059
1,2738,46.371352083,3794333,17860750,41,19252875,148913
1,2739,46.387713291000004,0,55875,42,16446541,445757
1,2740,46.404688333,0,76792,42,16973167,459667
1,2741,46.420972125,0,68917,83,16315500,459467
1,2742,46.438152041,0,75000,42,17094417,473229
1,2743,46.454595332999993,0,83417,41,16478041,459467
1,2744,46.471286,0,65083,41,16700958,473229
1,2745,46.487779708,0,66458,42,16400500,445705
1,2746,46.504892375000004,0,77917,208,16993000,447259
1,2747,46.521341916000004,0,83833,0,16588834,431943
1,2748,46.537807957999995,0,82916,84,16509708,459467
1,2749,46.554473875000006,0,70791,41,16692542,473229
1,2750,46.571431166,0,71333,83,16903417,459467
1,2751,46.588065541,0,76834,41,16583875,459519
1,2752,46.622474875,0,74083,42,16798542,473429
1,2753,46.623819665999996,3884833,17455250,41,18870458,148913
1,2754,46.640373583000006,0,60583,84,16299708,426267
1,2755,46.656691875,0,75208,41,16713834,459813
1,2756,46.673517208,0,74000,42,16791000,459467
1,2757,46.689930958,0,75125,42,16395500,445705
1,2758,46.706640916000005,0,69458,42,16771667,459667
1,2759,46.723207499999994,0,71000,42,16513417,445705
1,2760,46.740186415999993,0,78875,84,16976000,459467
1,2761,46.756667708,0,77292,42,16498167,459467
1,2762,46.773408708,0,68625,84,16704000,445705
1,2763,46.790484,0,75959,41,16686042,453843
1,2764,46.806989249999994,0,73917,41,16897416,432489
1,2765,46.823389041000006,0,70750,41,16397792,431943
1,2766,46.840066291000007,0,70375,0,16701500,445705
1,2767,46.874032541,0,76375,42,16672000,445705
1,2768,46.875414541000005,3717250,17077958,0,18520584,148913
1,2769,46.892197333000006,0,56041,41,16775500,473229
1,2770,46.908675083,0,74167,42,16591667,473429
1,2771,46.925665915999993,0,73125,42,16807750,473229
1,2772,46.941859333000004,0,72833,83,16246209,447059
1,2773,46.95840125,0,79166,83,16657042,473229
1,2774,46.975329541,0,77083,42,16804041,459467
1,2775,46.992301958000006,0,77167,42,16962541,445757
1,2776,47.008837207999996,0,80583,42,16560208,445905
1,2777,47.025603583,0,73292,41,16722708,445705
1,2778,47.042049541000004,0,79834,42,16491583,445705
1,2779,47.058689083,0,76625,42,16604291,445705
1,2780,47.075553082999996,0,84875,0,16898834,445705
1,2781,47.110927249999996,0,73583,42,16563375,164789
1,2782,47.112725250000004,4076292,18017583,0,20062625,156191
1,2783,47.129562416000006,0,72583,41,17151750,143287
1,2784,47.158477666,0,127750,0,15808208,129179
1,2785,47.160097290999992,0,113209,42,14645209,19083
1,2786,47.178651583,0,81875,42,18831625,459519
1,2787,47.195467875,0,80916,42,16879833,486991
1,2788,47.211862165999996,0,86500,41,16503625,542239
1,2789,47.228619333000005,0,59583,41,16785500,555801
1,2790,47.245336458000004,0,59625,41,16503625,502107
1,2791,47.262190125,0,73875,83,16904167,459467
1,2792,47.278837290999995,0,75292,42,16682792,486991
1,2793,47.295713041000006,0,74833,42,16717583,473229
1,2794,47.312195708,0,81667,42,16585000,473429
1,2795,47.328881665999994,0,75417,0,16690375,473229
1,2796,47.362694125,0,76500,42,16605042,473229
1,2797,47.3639645,3805042,17034458,41,18385708,148913
1,2798,47.380485875,0,53834,83,16583209,445797
1,2799,47.397507083,0,74542,42,16520875,460821
1,2800,47.414048666000006,0,127958,42,16985333,432143
1,2801,47.430172207999995,0,82875,42,16187916,418181
1,2802,47.447104040999996,0,74500,42,16978417,528277
1,2803,47.463643833,0,69792,42,16600917,542039
1,2804,47.480334332999995,0,65208,42,16622584,528277
1,2805,47.497289833,0,72333,375,16784125,473229
1,2806,47.513881958000006,0,77459,42,16675583,473429
1,2807,47.530378625000004,0,81625,42,16506958,459467
1,2808,47.547296249999995,0,77708,0,16890042,460821
1,2809,47.564014541,0,75209,83,16699667,459467
1,2810,47.580670166,0,75750,41,16599208,445757
1,2811,47.614927415999993,0,74667,84,16694459,445905
1,2812,47.616182290999994,3897084,17473083,41,18824333,148913
1,2813,47.632450541000004,0,54166,84,16267083,431943
1,2814,47.649352291000007,0,79208,41,16883708,431943
1,2815,47.665749708,0,76500,41,16413042,431943
1,2816,47.682673708,0,77208,42,16883375,445705
1,2817,47.699473000000005,0,77125,42,16787458,433497
1,2818,47.715823375000006,0,83292,42,16411584,431943
1,2819,47.732443916,0,78167,42,16577833,431943
1,2820,47.748982375000004,0,85333,84,16598291,431943
1,2821,47.765894333,0,77625,41,16892958,445705
1,2822,47.782843500000006,0,73667,42,16889208,445757
1,2823,47.79951075,0,78166,42,16690542,445905
1,2824,47.815997083000006,0,84208,83,16506709,431943
1,2825,47.832638749999994,0,77209,166,16584709,431943
1,2826,47.868014499999994,0,77167,41,16411791,419535
1,2827,47.869354541,4202917,18801292,42,20216209,148913
1,2828,47.886084290999996,0,60375,83,16754709,418181
1,2829,47.902722790999995,0,84625,84,16692208,432143
1,2830,47.919358458,0,76541,42,16616000,445705
1,2831,47.936393125,0,84917,83,17084166,418181
1,2832,47.952638625,0,70959,42,16187833,431943
1,2833,47.969589041,0,76750,42,16720125,431943
1,2834,47.986178125,0,115208,125,16792542,431995
1,2835,48.002732125,0,79959,83,16567667,447259
1,2836,48.019772458,0,79000,42,17006208,445705
1,2837,48.036188415999995,0,83000,42,16390000,418181
1,2838,48.052998124999995,0,75334,42,16797292,445705
1,2839,48.069566125,0,85417,84,16587666,431943
1,2840,48.086573791,0,74667,41,16908916,445705
1,2841,48.122230874999993,0,79917,42,16175750,418381
1,2842,48.123520291,4261542,19380083,83,20818291,148913
1,2843,48.140142291,0,57042,84,16679791,431943
1,2844,48.157215,0,77959,42,17088708,433297
1,2845,48.173886040999996,0,80125,41,16591750,431943
1,2846,48.190531833,0,83541,41,16602042,431995
1,2847,48.207310791000005,0,81625,42,16789875,432143
1,2848,48.22383575,0,84167,83,16592208,431943
1,2849,48.240300999999995,0,82125,42,16504417,431943
1,2850,48.257000375,0,74250,83,16683959,445705
1,2851,48.273843416,0,78208,83,16805750,445705
1,2852,48.290606375,0,75542,83,16687333,431943
1,2853,48.307061041000004,0,80625,84,16511792,419735
1,2854,48.323399,0,83750,42,16396875,431943
1,2855,48.358607708,0,77083,42,16773792,445705
1,2856,48.360114083000006,3849750,18054750,42,19624542,148913
1,2857,48.376553208,0,69833,42,16665625,431943
1,2858,48.393333041,0,83000,83,16688750,431995
1,2859,48.409794208,0,77292,41,16595625,418381
1,2860,48.426545416,0,73583,42,16705333,445705
1,2861,48.443363666,0,80500,83,16499167,426267
1,2862,48.459971915999994,0,83791,41,16980167,452735
1,2863,48.476814,0,77792,42,16793834,431943
1,2864,48.493304540999993,0,74250,125,16288500,431943
1,2865,48.510081250000006,0,83959,42,17000167,445905
1,2866,48.526766083000005,0,75625,41,16603042,445705
1,2867,48.543510958000006,0,72917,84,16784292,445705
1,2868,48.559728541000005,0,76292,42,16190000,431943
1,2869,48.576707707999994,0,76791,42,16992958,431943
1,2870,48.612318166,0,72209,166,16396208,426319
1,2871,48.614387,4070625,18408208,84,20482459,156191
1,2872,48.6303155,0,79083,83,16622125,411449
1,2873,48.646935625000005,0,87709,42,16682042,445705
1,2874,48.663850833000005,0,80625,42,16910291,445705
1,2875,48.680529791000005,0,78250,41,16686541,445705
1,2876,48.697235875,0,79833,41,16685667,445705
1,2877,48.713914333,0,74583,41,16596125,445905
1,2878,48.730279958000004,0,76750,166,16410250,445705
1,2879,48.746948499999995,0,95750,84,16687917,447059
1,2880,48.763838708,0,85875,42,17000292,459467
1,2881,48.780394083,0,69292,84,16486458,459519
1,2882,48.797030541000005,0,73625,83,16605542,459467
1,2883,48.814008499999993,0,77542,42,16980291,459667
1,2884,48.830521499999996,0,77875,0,16500625,445705
1,2885,48.865340916,0,79625,0,16388916,445705
1,2886,48.866663416,4117833,18251209,42,19656000,148913
1,2887,48.883461958000005,0,53042,42,16822333,459467
1,2888,48.900128540999994,0,73625,41,16588958,447259
1,2889,48.916896125,0,71167,0,16802791,459467
1,2890,48.933511915999993,0,77083,42,16621875,445705
1,2891,48.950195208000004,0,76666,83,16747625,459467
1,2892,48.967133958,0,75959,42,16869500,459467
1,2893,48.983520832999993,0,75417,42,16248083,459519
1,2894,49.000572749999996,0,76416,42,17056875,459667
1,2895,49.017026499999993,0,119625,0,16641750,445705
1,2896,49.033854916,0,80833,41,16768875,473229
1,2897,49.050093458,0,83584,83,16181667,447059
1,2898,49.066730375,0,78792,0,16655250,486991
1,2899,49.083551625000005,0,72208,0,16651708,459467
1,2900,49.118227541,0,73792,83,17006333,459667
1,2901,49.119424083000006,4055833,17799500,42,19097375,148913
1,2902,49.135891666,0,56583,83,16489708,459467
1,2903,49.152836165999993,0,75500,83,16795833,486991
1,2904,49.169323041000006,0,92834,209,16680167,459467
1,2905,49.185999,0,68584,41,16605750,487043
1,2906,49.202325749999993,0,70084,42,16293208,447259
1,2907,49.219260874999996,0,72042,41,16998833,459467
1,2908,49.235702416,0,78833,83,16380375,473229
1,2909,49.252505625000005,0,74417,41,16802166,459467
1,2910,49.269043790999994,0,78458,42,16581584,473229
1,2911,49.285959708,0,68625,42,16819458,459467
1,2912,49.302541333,0,73417,42,16586750,459667
1,2913,49.319061874999996,0,79666,42,16571917,459467
1,2914,49.335922125,0,72375,0,16821292,459467
1,2915,49.369980833000007,0,75209,0,16590791,460821
1,2916,49.371214415999994,3596667,17322917,83,18651000,148913
1,2917,49.387953,0,54125,42,16743333,500805
1,2918,49.404561832999995,0,91334,83,16688542,473429
1,2919,49.421206166,0,68084,125,16581041,459467
1,2920,49.437633333,0,69167,42,16416416,473229
1,2921,49.45461425,0,71458,42,16882625,445705
1,2922,49.471166082999993,0,88584,83,16690083,463265
1,2923,49.487706124999995,0,68041,41,16409792,445705
1,2924,49.504693958,0,76375,42,16984417,447259
1,2925,49.521225707999996,0,81167,83,16595584,445705
1,2926,49.537981374999994,0,70750,42,16713500,445705
1,2927,49.55473575,0,87666,0,16780083,431943
1,2928,49.571225332999994,0,98333,41,16492250,445705
1,2929,49.588023,0,82417,41,16682291,445757
1,2930,49.622469208000005,0,81083,41,16507792,445905
1,2931,49.623936707999995,3901708,17779333,42,19301166,148913
1,2932,49.640576415999995,0,59333,0,16772958,418181
1,2933,49.657251458,0,82708,42,16704625,433297
1,2934,49.673909165999994,0,80958,84,16694084,445705
1,2935,49.690325499999993,0,76167,0,16395541,431943
1,2936,49.707367874999996,0,71542,0,17094042,459667
1,2937,49.7238085,0,73625,0,16476708,473229
1,2938,49.740596208000007,0,69875,42,16722042,459467
1,2939,49.756967749999994,0,73792,42,16367000,445705
1,2940,49.773780458,0,71250,84,16805459,459467
1,2941,49.790358625,0,79333,42,16500917,431995
1,2942,49.806985332999993,0,70833,83,16696459,433497
1,2943,49.823848166,0,72167,42,16792375,473229
1,2944,49.858576582999994,0,79625,42,16788167,459467
1,2945,49.859954583,4149459,17716209,0,19206834,148913
1,2946,49.876543332999994,0,57917,41,16594291,431943
1,2947,49.893253916,0,74541,41,16789125,431943
1,2948,49.909809583000005,0,74458,0,16580083,445905
1,2949,49.926598958000007,0,72000,83,16808791,473229
1,2950,49.942866915999993,0,72666,42,16293417,445705
1,2951,49.959783499999993,0,72375,42,16877500,447059
1,2952,49.976394707999994,0,69875,42,16604125,459467
1,2953,49.993207250000005,0,74125,42,16694750,445757
1,2954,50.009874875,0,77416,42,16690333,445905
1,2955,50.026301333,0,73958,42,16393084,431943
1,2956,50.043319082999993,0,81041,0,17101125,459467
1,2957,50.059876499999994,0,78958,0,16489917,445705
1,2958,50.076393125,0,75500,42,16597792,431943
1,2959,50.1109815,0,76167,42,16603209,431943
1,2960,50.112996790999993,3906875,17714792,42,19194375,149113
1,2961,50.128852415999994,0,56458,41,16588833,392011
1,2962,50.145573582999994,0,73958,41,16601000,431943
1,2963,50.162151708,0,93833,83,16675917,431943
1,2964,50.178729166000004,0,88458,42,16612375,418181
1,2965,50.195484333,0,76000,83,16685917,445757
1,2966,50.212332666,0,76208,42,16887333,445905
1,2967,50.228996833000004,0,78750,42,16690250,445705
1,2968,50.245789374999994,0,73875,42,16703834,431943
1,2969,50.262278833,0,82625,42,16498625,431943
1,2970,50.278913166,0,80959,125,16686500,433297
1,2971,50.295887958,0,76750,42,16880917,445705
1,2972,50.312133916,0,77833,125,16315458,432143
1,2973,50.328918291,0,77583,41,16677542,445705
1,2974,50.363987,0,80708,42,16908334,445705
1,2975,50.365314625,4097709,18105792,42,19440750,148913
1,2976,50.381894166,0,55000,42,16648541,404459
1,2977,50.398224541,0,79000,41,16380958,418433
1,2978,50.415279790999996,0,77500,42,16515500,426267
1,2979,50.431712416,0,90083,41,16984167,432289
1,2980,50.448229166,0,74583,42,16579458,486991
1,2981,50.464910249999996,0,76875,42,16516042,459467
1,2982,50.481704416000007,0,79583,83,16783708,445705
1,2983,50.498471125,0,80916,83,16800916,459667
1,2984,50.514943666,0,80042,42,16381916,418181
1,2985,50.531681958,0,74167,83,16800875,445705
1,2986,50.548400249999993,0,76083,42,16691084,431943
1,2987,50.565386458,0,78958,42,16700250,426267
1,2988,50.581734000000004,0,79333,41,16687917,438973
1,2989,50.616970083000005,0,78333,41,16500250,432195
1,2990,50.618401208,4175708,18495834,41,20005375,149463
1,2991,50.6348875,0,62333,41,16672292,432389
1,2992,50.651771165999996,0,79750,42,16795250,446151
1,2993,50.668263165999996,0,80666,42,16488125,432389
1,2994,50.685067249999996,0,83708,83,16799542,446151
1,2995,50.701924583,0,77667,42,16798042,446351
1,2996,50.718238541,0,95042,42,16383750,419981
1,2997,50.734952541000006,0,86625,0,16701292,432389
1,2998,50.751862124999995,0,83375,41,16893542,446151
1,2999,50.768237166,0,88625,42,16389958,432389
1,3000,50.785158083000006,0,82292,41,16896917,446203
1,3001,50.801881083000005,0,79292,84,16689000,446351
1,3002,50.818575625,0,85625,42,16808459,446151
1,3003,50.835043500000005,0,77292,41,16398458,432389
2,3005,50.878333790999996,0,0,0,0,0
2,3006,50.879781875,56750,2120250,42,11263875,729108
2,3007,50.901801958,0,74125,41,22127167,569881
2,3008,50.918237125,0,83792,83,16489666,432461
2,3009,50.934975415999993,0,78375,42,16699917,432261
2,3010,50.951654541,0,85375,83,16682708,432261
2,3011,50.968394958,0,83125,0,16799250,446023
2,3012,50.985034416,0,80708,42,16602417,446075
2,3013,51.001831040999996,0,77834,42,16787875,459985
2,3014,51.018331041,0,82792,42,16493750,447377
2,3015,51.034946958,0,83709,0,16693625,446023
2,3016,51.051990041,0,77417,83,16905833,459785
2,3017,51.068400207999993,0,79917,84,16493000,446023
2,3018,51.085074833,0,79833,42,16594166,446023
2,3019,51.101567458,0,78291,41,16573916,446223
2,3020,51.122171665999993,0,79667,42,17016083,459785
2,3021,51.135218125,62125,2133667,42,16578750,490199
2,3022,51.151782540999996,0,75333,41,16613667,459913
2,3023,51.168633916,0,81875,42,16794042,447505
2,3024,51.184904708,0,79625,42,16279000,459965
2,3025,51.201917833,0,75917,42,17006958,460113
2,3026,51.218555415999994,0,82083,41,16693875,473675
2,3027,51.234935416000006,0,72667,41,16392625,459913
2,3028,51.251504290999996,0,77666,83,16500583,446151
2,3029,51.268299375000005,0,80500,42,16779167,459913
2,3030,51.28496225,0,79041,84,16608125,459913
2,3031,51.301864333000005,0,76500,41,16990125,473875
2,3032,51.3184175,0,75334,0,16497708,461267
2,3033,51.335130416000005,0,74541,42,16771041,459913
2,3034,51.351876374999996,0,75209,42,16716916,473675
2,3035,51.370885750000006,0,74083,41,16703875,459913
2,3036,51.385028458,53500,2192583,42,16377458,383481
2,3037,51.401534457999993,0,76750,83,16599917,473747
2,3038,51.418461791000006,0,74166,41,16896333,473547
2,3039,51.435209124999993,0,75833,83,16690500,459785
2,3040,51.451453166,0,80375,41,16298834,432261
2,3041,51.46852675,0,81750,41,16996167,474901
2,3042,51.485145749999994,0,79708,84,16597125,459785
2,3043,51.501683041,0,79500,125,16592041,446223
2,3044,51.518426874999996,0,77584,42,16773250,473547
2,3045,51.534908791,0,79000,42,16411291,446023
2,3046,51.551581832999993,0,77000,41,16700250,446023
2,3047,51.568409833,0,80875,83,16791584,473547
2,3048,51.585312124999994,0,77000,42,16896250,487361
2,3049,51.601787083,0,76500,125,16393542,459985
2,3050,51.620769290999995,0,76834,0,16884917,461139
2,3051,51.635172958000005,60125,2167875,83,16609416,397855
2,3052,51.651539582999995,0,83208,84,16276042,446151
2,3053,51.6684905,0,84000,42,16994875,459913
2,3054,51.685215125000006,0,78458,42,16687291,473675
2,3055,51.701546040999993,0,76292,42,16404083,446351
2,3056,51.718555708000004,0,75583,42,17014250,459913
2,3057,51.734934290999995,0,73708,84,16283584,432389
2,3058,51.751587083,0,78583,84,16600500,473675
2,3059,51.768616625,0,84667,42,17097333,447505
2,3060,51.784947249999995,0,76334,42,16279625,432441
2,3061,51.802018708,0,75583,42,17095625,473875
2,3062,51.818142208000005,0,78417,41,16198750,459913
2,3063,51.83528825,0,74125,42,16981459,487437
2,3064,51.851579750000006,0,85459,167,16406167,446151
2,3065,51.868221958,0,73167,83,16596709,446151
2,3066,51.887296458,0,83542,42,16972708,473675
2,3067,51.901972500000007,52792,2083333,83,16707333,385383
2,3068,51.918264708,0,85042,84,16383625,433615
2,3069,51.935236708,0,80042,0,16802041,446023
2,3070,51.951817791,0,88000,83,16611667,432261
2,3071,51.968277083,0,85084,42,16475791,446023
2,3072,51.985055624999994,0,88917,84,16800875,446075
2,3073,52.001753583,0,84458,41,16496667,432461
2,3074,52.01866175,0,103833,42,17088750,446023
2,3075,52.034929583,0,88167,42,16300458,432261
2,3076,52.051519500000005,0,81291,208,16594375,446023
2,3077,52.068358624999995,0,81667,42,16788792,433615
2,3078,52.085077332999994,0,88541,42,16687833,432261
2,3079,52.101716875,0,83083,83,16705083,446223
2,3080,52.120630083,0,81125,42,16695459,446023
2,3081,52.134933499999995,59125,2224000,41,16487708,371029
2,3082,52.151473708000005,0,80709,42,16602958,446151
2,3083,52.168368416,0,80625,41,16895125,459913
2,3084,52.185126833000005,0,80542,83,16691084,446203
2,3085,52.201897833,0,70250,83,16798208,460113
2,3086,52.218031540999995,0,76125,41,16087042,433743
2,3087,52.235201291,0,79875,41,17200291,473675
2,3088,52.251891457999996,0,78084,42,16689000,446151
2,3089,52.268590416,0,79375,41,16701000,446151
2,3090,52.287827083,0,75667,42,18986458,404865
2,3091,52.301873666,0,96917,42,14197833,129825
2,3092,52.319262083000005,0,88375,41,17199333,143387
2,3093,52.344508624999996,0,112667,42,25077792,88339
2,3094,52.351776124999994,0,89916,42,7592458,157149
2,3095,52.370805833,0,87792,41,16799208,419981
2,3096,52.385208958,54334,2254041,41,16604083,384857
2,3097,52.401801458,0,84208,41,16589417,446275
2,3098,52.418290582999994,0,88625,83,16582333,446023
2,3099,52.435315083,0,82250,84,17012917,473547
2,3100,52.451583250000006,0,78375,42,16292458,459785
2,3101,52.468190541000006,0,77667,41,16603625,446023
2,3102,52.484989832999993,0,78625,83,16769042,473547
2,3103,52.501695041,0,79083,42,16715708,446223
2,3104,52.518415416,0,78375,84,16676875,461139
2,3105,52.535120458,0,84708,42,16708250,446023
2,3106,52.551523791,0,79042,42,16390750,432261
2,3107,52.568327000000004,0,84416,41,16792792,446023
2,3108,52.585207708000006,0,80792,0,16788708,432261
2,3109,52.601927249999996,0,90667,0,16810042,446275
2,3110,52.61827125,0,81000,42,16372375,446023
2,3111,52.637359249999996,0,82834,42,16722417,446023
2,3112,52.651503166000005,60250,2313042,83,16486125,371887
2,3113,52.668513374999996,0,80542,84,16997459,447505
2,3114,52.685013416,0,76708,41,16489750,459913
2,3115,52.701636541000006,0,78500,83,16595083,446351
2,3116,52.718346915999994,0,81042,42,16598166,432389
2,3117,52.735004541,0,105209,84,16783125,446151
2,3118,52.751730916000007,0,84625,42,16704458,446151
2,3119,52.768221290999996,0,80541,42,16484084,446151
2,3120,52.785157291,0,83917,41,16905959,446151
2,3121,52.802061333000005,0,75833,83,16803416,446403
2,3122,52.818252041,0,94833,42,16075167,412951
2,3123,52.834944416000006,0,83041,41,16901000,494467
2,3124,52.851633458,0,82000,84,16687084,446151
2,3125,52.868241583000007,0,84833,42,16594250,446151
2,3126,52.887371208,0,86958,83,16693000,446151
2,3127,52.901617916,56125,2360375,0,16701208,385563
2,3128,52.918425250000006,0,92375,84,16791500,446023
2,3129,52.934985291,0,84334,83,16597084,446023
2,3130,52.951615833,0,79542,42,16600084,446023
2,3131,52.968621250000005,0,81458,83,16581834,440347
2,3132,52.984944582999994,0,85167,42,16702875,439291
2,3133,53.001726999999995,0,81125,42,16806709,446275
2,3134,53.018648000000006,0,79084,42,16879417,459785
2,3135,53.034905916000007,0,82458,42,16295333,432261
2,3136,53.051479250000007,0,80708,0,16595125,446023
2,3137,53.068590957999994,0,78167,209,17087084,459785
2,3138,53.084911458,0,79000,42,16291000,446023
2,3139,53.10191,0,76542,84,17006250,459985
2,3140,53.121700916,0,79917,83,16581084,440347
2,3141,53.135001624999994,59334,2401792,41,16511542,367709
2,3142,53.151630082999993,0,74792,42,16595417,446151
2,3143,53.1682135,0,78709,83,16590625,432389
2,3144,53.184934332999994,0,79667,41,16693916,446151
2,3145,53.201614875,0,77917,41,16696959,446403
2,3146,53.218284790999995,0,81417,84,16693125,446151
2,3147,53.235338291,0,76500,83,16984916,459913
2,3148,53.251599707999993,0,79500,42,16308709,432389
2,3149,53.269260166,0,79417,42,17293500,454237
2,3150,53.285063833,0,82625,42,16095625,439419
2,3151,53.301881666000007,0,83750,83,16890667,460113
2,3152,53.318197708000007,0,76125,41,16296542,432389
2,3153,53.334995541000005,0,80958,42,16794125,446151
2,3154,53.351605375,0,80417,83,16592041,446151
2,3155,53.368323249999996,0,80458,83,16694791,446151
2,3156,53.387203082999996,0,83666,84,16592458,446191
2,3157,53.401803291,51000,2272084,0,16898375,400683
2,3158,53.418881625000004,0,82334,84,16598458,446023
2,3159,53.434916957999995,0,82375,0,16497416,419853
2,3160,53.451583250000006,0,81250,42,16691208,446023
2,3161,53.468184666000006,0,75584,83,16605208,446023
2,3162,53.484984875,0,90083,41,16687583,459785
2,3163,53.501590875,0,88542,42,16687000,446223
2,3164,53.518394332999996,0,81167,83,16803625,446023
2,3165,53.535115499999996,0,80375,42,16688791,446023
2,3166,53.551887416000007,0,82375,41,16684667,459785
2,3167,53.568904499999995,0,83209,42,16604917,446023
2,3168,53.585356458,0,79209,83,16894334,447377
2,3169,53.601859749999996,0,81167,83,16596250,446275
2,3170,53.618197415999994,0,74292,83,16289959,432261
2,3171,53.637472874999993,0,82708,83,16790750,459785
2,3172,53.651929665999994,60459,2448417,0,16903166,387109
2,3173,53.668267500000006,0,80000,41,16400166,446151
2,3174,53.685014540999994,0,81209,42,16690708,459913
2,3175,53.701625458,0,76208,42,16580500,460113
2,3176,53.719070832999996,0,81875,42,17005375,459913
2,3177,53.735095832999995,0,82875,41,16502000,433743
2,3178,53.751663375,0,74625,42,16592250,446151
2,3179,53.768278540999994,0,74500,0,16584208,473675
2,3180,53.785015291,0,76833,42,16702750,473675
2,3181,53.801719375,0,76625,42,16688916,473927
2,3182,53.818670250000004,0,81500,41,16904167,459913
2,3183,53.835069833,0,85917,42,16489750,446151
2,3184,53.851769624999996,0,75708,125,16696500,459913
2,3185,53.868282416000007,0,70084,42,16493750,446151
2,3186,53.887403583,0,79916,41,16596083,433743
2,3187,53.901572124999994,52750,2415375,42,16697083,401137
2,3188,53.918560707999994,0,79084,0,16992458,459785
2,3189,53.935152416,0,79416,42,16492000,459785
2,3190,53.951756791,0,84375,42,16698542,459785
2,3191,53.96824175,0,83000,83,16491042,446023
2,3192,53.985128624999994,0,76542,0,16797333,459785
2,3193,54.001879666,0,80375,166,16789583,473799
2,3194,54.018327250000006,0,76333,84,16497834,459785
2,3195,54.035230958000007,0,77084,166,16792125,461139
2,3196,54.051897290999996,0,85709,83,16682709,446023
2,3197,54.068189041000004,0,78250,41,16307833,459785
2,3198,54.084999915999994,0,79000,41,16780041,459785
2,3199,54.101483666,0,77958,0,16504375,446223
2,3200,54.120763375,0,82916,42,16887792,459785
2,3201,54.1352925,68625,2384959,42,16898542,415139
2,3202,54.151706458,0,80167,41,16402167,446151
2,3203,54.168308040999996,0,79833,42,16575458,446151
2,3204,54.185267665999994,0,81292,41,16913667,447505
2,3205,54.201649749999994,0,81166,84,16495042,460165
2,3206,54.218594375,0,81666,209,16893625,459913
2,3207,54.235023625000004,0,77333,83,16397375,459913
2,3208,54.251791625,0,80417,42,16793208,459913
2,3209,54.268582415999994,0,77791,83,16779750,459913
2,3210,54.284995665999993,0,75041,0,16293000,432389
2,3211,54.301964416,0,83625,42,17009084,446351
2,3212,54.318429333000005,0,82208,0,16486750,432389
2,3213,54.334905375,0,89042,0,16494375,433743
2,3214,54.351703791,0,76625,83,16717458,446151
2,3215,54.371591083000006,0,87958,42,16776834,446151
2,3216,54.385081041,64625,2842666,0,16581167,360157
2,3217,54.401991958,0,84959,83,17011542,446275
2,3218,54.418661332999996,0,82541,0,16589416,446023
2,3219,54.434865249999994,0,88291,42,16272041,432261
2,3220,54.451737708,0,83416,41,16821667,446023
2,3221,54.468468666,0,80125,42,16690333,432261
2,3222,54.48527725,0,87416,42,16783334,433615
2,3223,54.501968749999996,0,92375,42,16707959,446223
2,3224,54.518593125,0,84792,41,16578417,446023
2,3225,54.534844666000005,0,83042,42,16309708,446023
2,3226,54.551914540999995,0,77750,42,17082625,487309
2,3227,54.568270291,0,79250,42,16284000,446023
2,3228,54.5849765,0,82000,83,16794250,446023
2,3229,54.601505708,0,75541,42,16516833,460037
2,3230,54.618177041,0,78500,41,16691958,446023
2,3231,54.637696791,0,80125,83,16997166,461139
2,3232,54.651481958,68416,2440292,41,16283917,402491
2,3233,54.668556165999995,0,76541,41,17098125,473675
2,3234,54.685325208,0,76083,42,16701125,459913
2,3235,54.701666833,0,78125,42,16392334,432589
2,3236,54.718599375000004,0,75959,42,16791167,446151
2,3237,54.735348291,0,98000,167,16800542,446151
2,3238,54.751746250000004,0,87375,0,16398667,432389
2,3239,54.768217375,0,80084,41,16480500,446151
2,3240,54.784968416000005,0,84833,42,16686916,447505
2,3241,54.801965875,0,82958,42,17099583,460165
2,3242,54.818398458,0,73833,0,16406666,432389
2,3243,54.83511425,0,82667,41,16686500,446151
2,3244,54.85147625,0,83208,84,16397500,432389
2,3245,54.871059874999993,0,72083,41,16981458,459913
2,3246,54.884923208,50542,2528625,0,16402167,388187
2,3247,54.901717291000004,0,81542,42,16799209,459985
2,3248,54.918394458,0,85875,42,16694291,446023
2,3249,54.935269625,0,85833,42,16795292,433615
2,3250,54.951824499999994,0,86792,42,16583250,446023
2,3251,54.968291666000006,0,83083,83,16409416,432261
2,3252,54.984959291,0,87250,41,16672917,446023
2,3253,55.001514207999996,0,85667,42,16613000,432513
2,3254,55.018409333,0,82542,42,16893333,459785
2,3255,55.035225708000006,0,82750,42,16782083,459785
2,3256,55.051955125,0,80333,83,16687541,473547
2,3257,55.068594541,0,83375,42,16718291,446023
2,3258,55.085105625000004,0,81083,167,16477250,433615
2,3259,55.101492333,0,81959,42,16409042,432461
2,3260,55.118279291,0,79167,41,16700375,432261
2,3261,55.137578,0,91083,42,16862458,446023
2,3262,55.151838583000007,58625,2509875,42,16724792,374945
2,3263,55.168383874999996,0,80583,41,16583916,432389
2,3264,55.185233583000006,0,77625,83,16600208,446151
2,3265,55.201500208000006,0,102958,42,16493375,432641
2,3266,55.218245125,0,77750,42,16690834,473675
2,3267,55.235168124999994,0,79125,42,16987791,447505
2,3268,55.251507041,0,78125,0,16296750,446151
2,3269,55.268439124999993,0,79083,42,16899917,459913
2,3270,55.284889791000005,0,76292,42,16393917,432389
2,3271,55.301877125,0,84584,83,16987458,460113
2,3272,55.318480290999993,0,82125,41,16700167,459913
2,3273,55.334974458,0,77000,42,16397375,446151
2,3274,55.351607875000006,0,78333,41,16688375,446151
2,3275,55.371022083000007,0,79917,83,16877167,459913
2,3276,55.385351750000005,51334,2489333,41,16810084,376285
2,3277,55.401620165999994,0,79709,41,16290917,432513
2,3278,55.418247875,0,80584,42,16691875,459785
2,3279,55.435108207999995,0,79000,83,16882083,473547
2,3280,55.451647290999993,0,74916,42,16596125,514833
2,3281,55.468364833,0,70042,83,16605958,501071
2,3282,55.485268,0,77292,83,16792959,473547
2,3283,55.501794916,0,78417,167,16610416,459985
2,3284,55.518552791,0,81209,42,16803417,473547
2,3285,55.534901291000004,0,79166,83,16282042,433615
2,3286,55.551568249999995,0,79459,42,16595791,432261
2,3287,55.568399832999994,0,85166,41,16905500,446023
2,3288,55.585260125,0,81375,41,16784792,459785
2,3289,55.601540332999996,0,80542,41,16298709,446275
2,3290,55.621247915999994,0,82166,42,17091875,459785
2,3291,55.635221666,66792,2589709,41,16596084,375371
2,3292,55.651858874999995,0,80292,41,16698875,446151
2,3293,55.668618540999994,0,77041,41,16689583,459913
2,3294,55.685363375,0,79750,0,16684750,447505
2,3295,55.701727583,0,79833,42,16407333,446351
2,3296,55.718309999999995,0,77250,125,16591625,446151
2,3297,55.735047,0,80833,42,16698292,446151
2,3298,55.751736708,0,80042,41,16693875,446151
2,3299,55.768608291,0,83625,42,16890667,446151
2,3300,55.785149916,0,78958,83,16498209,446151
2,3301,55.801909625,0,81041,41,16791417,446403
2,3302,55.818521166000004,0,88042,41,16590458,446151
2,3303,55.835048707999995,0,80292,83,16516000,447505
2,3304,55.851682790999995,0,82333,42,16563084,432389
2,3305,55.871191083000006,0,89375,0,16993625,459913
2,3306,55.885063916,57625,2494958,41,16403916,392335
2,3307,55.901693333000004,0,89459,41,16686125,446223
2,3308,55.918550665999994,0,78791,0,16620917,446023
2,3309,55.935201875,0,124417,0,16869708,446023
2,3310,55.951941375,0,82375,42,16677334,446023
2,3311,55.968342458,0,82167,83,16402959,432261
2,3312,55.985175250000005,0,85209,166,16884541,461139
2,3313,56.001520416,0,71708,41,16305000,432513
2,3314,56.018263375,0,79833,42,16693583,446023
2,3315,56.03531025,0,88209,41,17092834,459785
2,3316,56.051931833000005,0,82041,84,16606375,446023
2,3317,56.068183083,0,83667,41,16291250,432261
2,3318,56.084922333,0,80083,41,16682500,459785
2,3319,56.101590458,0,78625,41,16704208,446223
2,3320,56.118229375000006,0,75000,0,16600250,446023
2,3321,56.137719958,0,84875,84,16997625,447377
2,3322,56.151846,58375,2498000,42,16690292,391207
2,3323,56.168590791000007,0,77167,125,16684709,459913
2,3324,56.185360166,0,80250,42,16697125,459913
2,3325,56.201571458,0,80667,42,16206500,432641
2,3326,56.218501874999994,0,87042,42,16991708,459913
2,3327,56.235183833,0,79083,0,16694834,459913
2,3328,56.251608,0,79334,0,16392792,446151
2,3329,56.268175291,0,80209,42,16594625,446151
2,3330,56.284960125000005,0,79791,0,16771833,461267
2,3331,56.301553625000004,0,74875,41,16599042,446351
2,3332,56.318616,0,76750,42,17016959,459913
2,3333,56.335302750000004,0,85084,42,16683125,459913
2,3334,56.351741999999994,0,77000,41,16390042,446151
2,3335,56.371070416,0,85667,42,16704750,446151
2,3336,56.385372,53458,2599417,42,16887375,391313
2,3337,56.401488750000006,0,86958,84,16192667,432513
2,3338,56.418269083000006,0,78666,42,16709458,459785
2,3339,56.435210125000005,0,91417,42,16970375,461139
2,3340,56.451836416,0,78792,42,16610792,459785
2,3341,56.468507791,0,79708,83,16689459,459785
2,3342,56.485296749999996,0,76417,42,16792542,459785
2,3343,56.501526790999996,0,80791,83,16208084,432461
2,3344,56.518254832999993,0,88542,84,16788625,459785
2,3345,56.535254708000004,0,75875,0,16895375,459785
2,3346,56.551876458,0,82959,41,16591292,446023
2,3347,56.568598625,0,86625,41,16801541,459785
2,3348,56.585239291,0,82583,209,16573833,461139
2,3349,56.601917875000005,0,84375,41,16707083,473799
2,3350,56.620934375,0,83667,42,16500292,459785
2,3351,56.635265499999996,59042,2507875,42,16772791,391713
2,3352,56.651764250000006,0,80458,41,16517458,473675
2,3353,56.668220333,0,80875,41,16472334,432389
2,3354,56.685105666000005,0,82750,83,16813042,446151
2,3355,56.701732208,0,82375,83,16690625,446351
2,3356,56.718607583,0,89292,42,16832541,446151
2,3357,56.734887957999995,0,83333,83,16345875,419981
2,3358,56.751637833,0,78709,83,16699500,459913
2,3359,56.768620082999995,0,77291,41,16803000,446151
2,3360,56.785253415999996,0,99958,41,16793208,446151
2,3361,56.8017125,0,77375,83,16494084,446403
2,3362,56.8185415,0,80250,41,16790375,446151
2,3363,56.834948125000004,0,80500,42,16393250,432389
2,3364,56.851489916,0,85834,42,16578917,418627
2,3365,56.86833225,0,78875,42,16812958,446151
2,3366,56.888079916,0,79208,41,16903791,447505
2,3367,56.901487249999995,52959,2625875,41,16276667,364455
2,3368,56.918212833000005,0,79625,250,16806500,473547
2,3369,56.935148416,0,74334,0,16893917,542357
2,3370,56.951579375,0,79333,41,16480042,542357
2,3371,56.968397,0,72208,42,16708750,514833
2,3372,56.985100583,0,86375,42,16704334,487309
2,3373,57.001684790999995,0,76959,42,16584334,487561
2,3374,57.018307375,0,80500,41,16599084,446023
2,3375,57.034873749999996,0,83958,42,16584375,447377
2,3376,57.051465333,0,88583,0,16610459,487309
2,3377,57.068510791,0,78917,41,17002417,473547
2,3378,57.085345291,0,80166,83,16776834,473547
2,3379,57.101660790999993,0,80375,84,16297333,432461
2,3380,57.121449375000005,0,93042,83,16997625,446023
2,3381,57.135000833,62750,2690875,41,16374375,364695
2,3382,57.151909874999994,0,83875,83,16914625,446151
2,3383,57.168391582999995,0,79583,42,16382458,446151
2,3384,57.185171708000006,0,94000,83,16799792,433743
2,3385,57.201724375000005,0,86625,41,16703333,446403
2,3386,57.218428708,0,74791,0,16682333,473675
2,3387,57.23504125,0,74708,42,16678750,514961
2,3388,57.251918583,0,73417,42,16729459,514961
2,3389,57.268181915999996,0,78834,42,16288125,432389
2,3390,57.285223208,0,78500,41,16994541,432389
2,3391,57.301767958000006,0,83125,83,16590500,446351
2,3392,57.318281832999993,0,82584,125,16496000,446151
2,3393,57.335126124999995,0,77292,84,16505917,433743
2,3394,57.351602166,0,115458,42,16678625,432389
2,3395,57.371415082999995,0,95709,42,17103417,239721
2,3396,57.384697249999995,52542,2626167,42,15927333,130807
2,3397,57.401612500000006,0,105291,42,16961667,129749
2,3398,57.423185624999995,0,97625,42,21257209,60687
2,3399,57.434967332999996,0,91416,41,12116167,280879
2,3400,57.451824041,0,91667,83,16887166,432261
2,3401,57.468277832999995,0,83333,42,16514458,473547
2,3402,57.485124582999994,0,86542,84,16794000,447377
2,3403,57.501936291,0,81208,42,16784042,459985
2,3404,57.518508333000007,0,85667,42,16584500,446023
2,3405,57.535206416,0,81083,84,16708250,446023
2,3406,57.551768915999993,0,86916,42,16581958,459785
2,3407,57.568442916,0,83542,83,16609750,446023
2,3408,57.585041416,0,91667,84,16592333,418499
2,3409,57.601671958000004,0,92167,42,16693000,473799
2,3410,57.621414458,0,86250,42,16897125,459785
2,3411,57.634949166000006,62625,2661542,83,16390250,394079
2,3412,57.651821541,0,74167,41,16798584,473675
2,3413,57.668274375,0,83750,84,16491167,446151
2,3414,57.684951250000005,0,84250,41,16601750,446151
2,3415,57.701616291,0,81625,83,16693916,460113
2,3416,57.718575625000007,0,84167,83,16896834,446151
2,3417,57.735181415999996,0,81542,41,16598167,446151
2,3418,57.751917708,0,85917,42,16788875,446151
2,3419,57.768541375000005,0,79750,41,16585875,446151
2,3420,57.785555791,0,84041,83,16784041,447505
2,3421,57.801591333,0,114584,41,16320459,432641
2,3422,57.818358583,0,85708,42,16687083,446151
2,3423,57.8349225,0,84833,83,16699125,470277
2,3424,57.851552457999993,0,73459,41,16672875,542485
2,3425,57.870883041000006,0,69625,84,16798667,556247
2,3426,57.885371791000004,52375,2443125,42,16800542,406553
2,3427,57.901755040999994,0,86083,42,16508625,459985
2,3428,57.918497666,0,83667,0,16688458,446023
2,3429,57.935193665999996,0,84417,0,16698458,472945
2,3430,57.951881291,0,80250,166,16684333,447167
2,3431,57.968212416000007,0,84542,0,16291000,459785
2,3432,57.985026541,0,81917,42,16703667,432261
2,3433,58.001481625000004,0,85583,83,16608292,446275
2,3434,58.018478083,0,80583,42,16985292,459785
2,3435,58.034911333000004,0,84333,42,16390125,446023
2,3436,58.051507291,0,81708,83,16586542,446023
2,3437,58.068504208,0,85458,41,16997500,459785
2,3438,58.085210374999996,0,85083,42,16702958,447377
2,3439,58.101530083000007,0,83417,166,16284000,446223
2,3440,58.121112040999996,0,84291,41,16989334,459785
2,3441,58.134846165999996,59167,2573625,0,16401542,379141
2,3442,58.151517708000007,0,75667,42,16597625,459913
2,3443,58.168318791,0,82084,84,16798792,446151
2,3444,58.185126583000006,0,86000,42,16789500,459913
2,3445,58.201911958000004,0,84667,0,16798042,446403
2,3446,58.218484624999995,0,79958,42,16595417,446151
2,3447,58.235180541,0,80750,83,16699791,461267
2,3448,58.251894125,0,88542,41,16582250,446151
2,3449,58.268596124999995,0,84625,41,16796750,446151
2,3450,58.285184457999996,0,84791,42,16497833,446151
2,3451,58.301877041000004,0,81291,125,16791000,446351
2,3452,58.318478875000004,0,79083,42,16603666,446151
2,3453,58.335091125,0,84583,41,16591375,446151
2,3454,58.351691916,0,79875,0,16597500,446151
2,3455,58.368184707999994,0,85583,42,16475834,459913
2,3456,58.387924291,0,75666,42,16712583,433743
2,3457,58.401928500000004,57584,2726917,0,16901167,337853
2,3458,58.418528165999994,0,95958,0,16684916,432261
2,3459,58.435030000000005,0,84666,42,16501459,432261
2,3460,58.451625791000005,0,85083,42,16580125,432261
2,3461,58.468385332999993,0,83000,42,16598625,446023
2,3462,58.485093541000005,0,104542,41,16790500,432261
2,3463,58.501567583,0,88459,42,16502709,432461
2,3464,58.518305833000007,0,85500,42,16797208,446023
2,3465,58.534967708,0,85375,42,16587333,433615
2,3466,58.551920165999995,0,83667,42,16997750,459785
2,3467,58.568611125,0,80584,84,16683583,446023
2,3468,58.585228832999995,0,85625,125,16602750,446023
2,3469,58.6014645,0,82792,42,16306000,432513
2,3470,58.621101875,0,80875,42,16874292,459785
2,3471,58.635215541,60125,2619708,41,16809167,394023
2,3472,58.651567916,0,85000,41,16395334,446151
2,3473,58.668588875000005,0,81791,41,17002500,459913
2,3474,58.685227958000006,0,79667,42,16589625,447505
2,3475,58.701425207999996,0,77583,42,16296958,446351
2,3476,58.718569916,0,74709,83,16977708,473675
2,3477,58.734917375,0,86666,42,16400375,446151
2,3478,58.751483666000006,0,83500,84,16600584,459913
2,3479,58.768462457999995,0,82959,41,16986625,459913
2,3480,58.785047416000005,0,77834,83,16500000,459913
2,3481,58.801657916,0,79791,0,16692250,446403
2,3482,58.818300083000004,0,77750,42,16594792,446151
2,3483,58.834906208,0,81250,0,16596500,447505
2,3484,58.851827791,0,82791,41,16891958,446151
2,3485,58.868171166,0,80250,42,16374458,459913
2,3486,58.88775275,0,80458,83,16812959,459913
2,3487,58.901547208000004,58083,2604166,42,16490667,392849
2,3488,58.918208458,0,85542,84,16699292,446023
2,3489,58.935271707999995,0,83208,41,16992959,459785
2,3490,58.951823208,0,83958,0,16596375,459785
2,3491,58.968104790999995,0,84542,84,16299875,432261
2,3492,58.985056916,0,88583,0,16869333,447377
2,3493,59.001951625,0,91750,0,16912083,460037
2,3494,59.018146124999994,0,89709,83,16294209,446023
2,3495,59.035175208000005,0,77583,41,16975709,501071
2,3496,59.051617458,0,82750,84,16413500,446023
2,3497,59.0686885,0,87042,42,17093250,473547
2,3498,59.084985916,0,83125,42,16190709,459785
2,3499,59.101523707999995,0,81791,83,16597500,432461
2,3500,59.121001541000005,0,85666,83,16999000,446023
2,3501,59.134943791000005,59333,2518458,42,16393208,380495
2,3502,59.152041166,0,86250,42,17007417,446151
2,3503,59.168365791000006,0,90917,83,16388084,432389
2,3504,59.184920291000005,0,88584,41,16583958,459913
2,3505,59.201931291,0,81166,41,16997291,446403
2,3506,59.218582125000005,0,81792,83,16691291,446151
2,3507,59.234987374999996,0,84541,209,16399916,459913
2,3508,59.251671499999993,0,82000,42,16668167,459913
2,3509,59.268522749999995,0,79542,83,16819041,446151
2,3510,59.284945125,0,80083,42,16390750,433743
2,3511,59.301591291,0,87334,42,16577750,432589
2,3512,59.318474415999994,0,85417,42,16911125,459913
2,3513,59.335206457999995,0,79917,42,16804084,446151
2,3514,59.351926583,0,85083,0,16687875,459913
2,3515,59.371068375,0,77583,42,16479959,446151
2,3516,59.385063583,57250,2618209,42,16703708,406451
2,3517,59.401742207999995,0,80042,0,16682125,460037
2,3518,59.418457874999994,0,80625,42,16689542,459785
2,3519,59.435007457999994,0,83375,42,16518416,433615
2,3520,59.451869333,0,84541,42,16894916,459785
2,3521,59.468136208,0,83417,42,16289042,471038
2,3522,59.485042791000005,0,75458,42,16789583,459785
2,3523,59.501683416,0,78541,41,16694167,459985
2,3524,59.518598790999995,0,79500,41,16900375,501071
2,3525,59.53502525,0,87708,42,16403375,432261
2,3526,59.551512166,0,83583,42,16482958,432261
2,3527,59.568624000000007,0,85375,42,17099250,446023
2,3528,59.585355833,0,81417,83,16688167,447377
2,3529,59.601490500000004,0,84083,42,16199500,432513
2,3530,59.618117041,0,82833,166,16675875,501071
2,3531,59.637123333,0,76084,42,16694166,556119
2,3532,59.651850165999996,56708,2353042,83,17016916,461713
2,3533,59.668616207999996,0,74042,0,16704000,473675
2,3534,59.685221041,0,77209,83,16587708,459913
2,3535,59.701676291000005,0,79083,0,16402208,446351
2,3536,59.718251708000004,0,85708,83,16687667,459913
2,3537,59.735193540999994,0,77042,41,16895625,447505
2,3538,59.751471040999995,0,87375,42,16283250,459913
2,3539,59.768759333,0,81250,41,16984000,473675
2,3540,59.785389333000005,0,80917,42,16808000,432389
2,3541,59.801926208000005,0,86291,83,16584250,432641
2,3542,59.8183275,0,87042,42,16398958,446151
2,3543,59.835204333,0,94791,42,16888333,446151
2,3544,59.851968291,0,80125,41,16704459,446151
2,3545,59.871370000000006,0,83417,83,16689875,446151
2,3546,59.885273458000007,57250,2664333,41,16600000,366479
2,3547,59.901912083000006,0,84250,41,16693542,459985
2,3548,59.918588791,0,87166,0,16694750,459785
2,3549,59.935080457999995,0,94583,83,16396625,418499
2,3550,59.952009291,0,83708,41,16791583,446023
2,3551,59.968607874999996,0,93125,125,16785500,446023
2,3552,59.985368125,0,87792,42,16700958,459785
2,3553,60.001671249999994,0,83792,42,16299209,432513
2,3554,60.018142082999994,0,91375,0,16535208,418499
2,3555,60.035027375000006,0,86916,41,16852834,447377
2,3556,60.051601666,0,84875,42,16603084,432261
2,3557,60.068296208,0,81708,125,16691333,473547
2,3558,60.085252583000006,0,88459,0,16897083,446023
2,3559,60.101668708,0,83833,42,16372083,432461
2,3560,60.121292790999995,0,88667,0,16994958,446023
2,3561,60.135159791,61208,2607791,42,16587792,379141
2,3562,60.151597665999994,0,78375,41,16419042,432389
2,3563,60.168293083,0,86167,84,16688334,446151
2,3564,60.185236166,0,79292,41,16901084,447505
2,3565,60.201789666,0,79167,42,16595375,432641
2,3566,60.218607625,0,83500,42,16784542,446151
2,3567,60.235178458,0,83583,41,16506291,432389
2,3568,60.251961458000004,0,85833,84,16790792,459913
2,3569,60.268212041000005,0,82208,84,16291416,432389
2,3570,60.284954791,0,81750,41,16781042,487437
2,3571,60.301600458,0,77250,42,16707958,501399
2,3572,60.318075666000006,0,69708,0,16476708,528723
2,3573,60.334925500000004,0,72041,42,16718333,475029
2,3574,60.351860957999996,0,80250,42,16975084,473675
2,3575,60.370875207999994,0,76583,42,16503917,459913
2,3576,60.385207,56333,2447292,0,16800000,392649
2,3577,60.401940790999994,0,79209,0,16699750,460037
2,3578,60.418487791,0,85583,125,16594459,432261
2,3579,60.435093375,0,85000,42,16575916,446023
2,3580,60.451831875,0,82916,0,16712625,446023
2,3581,60.468353625,0,83500,42,16401500,432261
2,3582,60.484976624999994,0,98375,42,16670125,419853
2,3583,60.501860291000007,0,84375,42,16996209,446223
2,3584,60.518189333,0,77167,42,16308167,446023
2,3585,60.534886207999996,0,82500,42,16686167,446023
2,3586,60.551944208,0,80541,125,17007459,459785
2,3587,60.568287082999994,0,90875,42,16384584,432261
2,3588,60.5852535,0,78459,125,16896125,446023
2,3589,60.601784458000004,0,85667,42,16600125,460037
2,3590,60.621236540999995,0,84875,42,16794916,446023
2,3591,60.634817708000007,63500,2576458,208,16274500,366733
2,3592,60.651948791,0,76250,42,17010625,432389
2,3593,60.668244625000007,0,85708,42,16293500,418627
2,3594,60.685211375,0,85167,83,16982208,459913
2,3595,60.701880166,0,79208,42,16612000,432589
2,3596,60.718293249999995,0,89667,42,16394042,432389
2,3597,60.7350805,0,96125,42,16782666,446151
2,3598,60.751926000000005,0,87000,0,16897417,432389
2,3599,60.768582583000004,0,86708,41,16705750,432389
2,3600,60.785255875,0,83750,167,16596084,433743
2,3601,60.80170275,0,80041,42,16382583,432641
2,3602,60.818574915999996,0,103458,83,17004916,446151
2,3603,60.834995083,0,80709,42,16402750,446151
2,3604,60.851812708000004,0,78333,0,16774542,446151
2,3605,60.871127500000007,0,84375,125,16704250,446151
2,3606,60.885302625,59875,2596166,42,16794459,392649
2,3607,60.901634124999994,0,81416,41,16290042,432461
2,3608,60.918572625,0,82541,41,16896292,473547
2,3609,60.934993916,0,86958,42,16490000,433615
2,3610,60.951668250000004,0,86959,167,16608125,459785
2,3611,60.968274541000007,0,82083,41,16691541,446023
2,3612,60.984966125000007,0,78791,0,16588333,446023
2,3613,61.001944375,0,81458,42,16899375,460037
2,3614,61.018432916,0,106584,0,16695667,459785
2,3615,61.035061916,0,81334,42,16589917,459785
2,3616,61.051798874999996,0,79750,42,16696833,446023
2,3617,61.068268041,0,84250,42,16493125,459785
2,3618,61.085192875,0,79667,42,16887417,474901
2,3619,61.101823583000005,0,77917,42,16610542,446223
2,3620,61.12119275,0,77833,42,16788292,459785
2,3621,61.13526975,63541,2589250,0,16694458,406665
2,3622,61.151605541,0,78833,0,16297833,446151
2,3623,61.168598958,0,80708,83,16983208,459913
2,3624,61.184941333000005,0,80583,0,16304583,446151
2,3625,61.201824916,0,79625,208,16895084,460165
2,3626,61.2185445,0,84333,83,16690125,459913
2,3627,61.23522825,0,82875,42,16600166,419981
2,3628,61.251761666,0,87208,41,16494292,391103
2,3629,61.268230374999995,0,89125,83,16600833,418627
2,3630,61.285199041000006,0,82250,42,16884958,432389
2,3631,61.301512583,0,85708,41,16394125,432589
2,3632,61.318262624999996,0,82250,83,16797542,446151
2,3633,61.334911125,0,78125,84,16590000,459913
2,3634,61.351505166,0,80417,83,16585958,446151
2,3635,61.371419874999994,0,82500,84,17207708,459913
2,3636,61.385258791000005,55041,2608083,0,16492541,366479
2,3637,61.401792791,0,79708,42,16593958,446275
2,3638,61.418291,0,81959,42,16398500,432261
2,3639,61.434986375,0,91375,0,16791084,446023
2,3640,61.45148925,0,86834,42,16488000,446023
2,3641,61.468469375000005,0,80625,83,17002209,459785
2,3642,61.484922208000008,0,82416,0,16389500,446023
2,3643,61.501500916000005,0,83125,42,16597000,446223
2,3644,61.518605791000006,0,87792,42,17096583,487309
2,3645,61.534927875,0,82792,42,16299709,419853
2,3646,61.552027375,0,80416,84,16981959,446023
2,3647,61.568647750000004,0,86083,83,16597542,446023
2,3648,61.585357750000007,0,100709,0,16684750,446023
2,3649,61.601603790999995,0,95083,41,16409709,446275
2,3650,61.618312291,0,82833,41,16692125,446023
2,3651,61.637697708,0,85041,42,16700417,446023
2,3652,61.651799665999995,61084,2564041,42,16688334,351617
2,3653,61.668481000000007,0,90125,0,16793250,459913
2,3654,61.685270458,0,80708,0,16680250,447505
2,3655,61.701715708,0,82125,41,16499875,446351
2,3656,61.718501958,0,84417,41,16808541,446151
2,3657,61.734943916,0,76584,42,16386250,432389
2,3658,61.751638500000006,0,85375,42,16695917,446151
2,3659,61.768314874999994,0,85417,84,16692416,446151
2,3660,61.785266333,0,82125,42,16898709,459913
2,3661,61.801884166,0,79334,41,16686875,446403
2,3662,61.818494041,0,80416,0,16602750,446151
2,3663,61.835094000000005,0,75542,83,16587292,433743
2,3664,61.851677415999994,0,83250,41,16593083,459913
2,3665,61.868301957999996,0,78000,41,16604750,459913
2,3666,61.887680749999994,0,81500,42,16689916,459913
2,3667,61.901690832999996,53708,2596042,42,16699125,392849
2,3668,61.918218708000005,0,89208,42,16488167,459785
2,3669,61.935197750000007,0,83125,42,17001167,473547
2,3670,61.951498416,0,83791,0,16295208,446023
2,3671,61.968298,0,82708,41,16789875,459785
2,3672,61.985343166,0,85500,0,16992583,447377
2,3673,62.001997416,0,83625,42,16583250,432513
2,3674,62.018369375,0,87625,83,16599375,473547
2,3675,62.034846583,0,77958,0,16482875,501071
2,3676,62.051462291,0,71583,84,16603791,542357
2,3677,62.068647541,0,71042,42,17011750,487309
2,3678,62.085044165999996,0,92541,42,16396875,432261
2,3679,62.101863625,0,83583,0,16888000,459985
2,3680,62.120768875,0,89459,41,16583375,514833
2,3681,62.13512275,57541,2356625,0,16711917,463067
2,3682,62.151759541,0,73125,42,16602833,514961
2,3683,62.168306916,0,80417,41,16499583,459913
2,3684,62.185119791,0,75708,42,16762417,473675
2,3685,62.201769041,0,86875,41,16703542,473927
2,3686,62.218590333,0,79834,0,16793500,473675
2,3687,62.235054708,0,78542,42,16490833,432389
2,3688,62.251781416000007,0,85458,83,16703709,446151
2,3689,62.268388957999996,0,81250,83,16502208,446151
2,3690,62.285376375000006,0,92625,42,16781500,419981
2,3691,62.301571458000005,0,102208,0,16393042,418827
2,3692,62.318452666000006,0,94708,42,16905417,446151
2,3693,62.334924208,0,88917,84,16481875,432389
2,3694,62.351550374999995,0,88709,42,16598750,446151
2,3695,62.368279166,0,84542,41,16805625,446151
2,3696,62.387725208,0,81208,83,16875334,459953
2,3697,62.401796166000004,51584,2464917,42,16601458,392901
2,3698,62.418326875,0,81166,0,16497042,432261
2,3699,62.435026166000007,0,83250,42,16710625,433525
2,3700,62.451610374999994,0,87334,41,16592833,446113
2,3701,62.468610207999994,0,82250,0,16990542,459785
2,3702,62.48483275,0,84750,42,15932625,212069
2,3703,62.502198583,0,98125,42,17348750,143459
2,3704,62.5192245,0,82125,42,17102583,129497
2,3705,62.537619916000004,0,127500,42,18195417,46925
2,3706,62.551634666000005,0,86000,84,14300917,322165
2,3707,62.56820525,0,89583,41,16698917,432261
2,3708,62.584919916,0,84917,42,16581041,433525
2,3709,62.601900957999995,0,91750,83,17097750,446365
2,3710,62.621222791,0,82542,0,16689167,446023
2,3711,62.635005208,58792,2546083,42,16394833,365379
2,3712,62.651794708000004,0,82083,41,16878542,514961
2,3713,62.668329375000006,0,72542,84,16497584,528723
2,3714,62.685009375,0,77166,42,16603125,501199
2,3715,62.7019115,0,78750,0,16904375,460113
2,3716,62.718383249999995,0,84583,42,16494375,446151
2,3717,62.735360207999996,0,88333,0,16881250,447415
2,3718,62.751692833,0,85292,42,16404833,446241
2,3719,62.768301375,0,79500,42,16595625,446151
2,3720,62.785227333,0,86958,42,16899166,473675
2,3721,62.801779790999994,0,77750,41,16590667,446351
2,3722,62.818299665999994,0,81875,41,16495792,446203
2,3723,62.834961666000005,0,76291,42,16584250,446151
2,3724,62.85186325,0,89166,41,17007541,473675
2,3725,62.868210541,0,80959,42,16273916,446151
2,3726,62.888196625,0,84208,41,16609542,426623
2,3727,62.90165475,54416,2643833,41,16799375,351999
2,3728,62.918147666,0,83917,41,16594292,446023
2,3729,62.934906833000007,0,79583,41,16680041,473547
2,3730,62.951916875,0,81083,83,17000042,459785
2,3731,62.968192041,0,83166,42,16305209,432261
2,3732,62.985157875000006,0,86833,42,16969417,528595
2,3733,63.001490791,0,79000,41,16395958,501271
2,3734,63.018540707999996,0,71333,125,17027292,542409
2,3735,63.035055625000005,0,74666,125,16178666,454019
2,3736,63.051625625000007,0,83542,83,16800334,466905
2,3737,63.068162250000007,0,82041,42,16596042,446023
2,3738,63.085278875000007,0,84084,0,16986917,473547
2,3739,63.101819083,0,85500,41,16601708,459985
2,3740,63.121178500000006,0,83791,83,16697000,459785
2,3741,63.135048708000006,64542,2637750,41,16592583,379141
2,3742,63.151675875,0,76583,0,16597458,459913
2,3743,63.168489166000008,0,78916,42,16780750,459913
2,3744,63.185362875,0,80333,42,16505959,440385
2,3745,63.201601540999995,0,87125,41,16592542,446787
2,3746,63.218515540999995,0,78333,84,16908125,459965
2,3747,63.23490125,0,84166,42,16380208,446151
2,3748,63.251450958,0,78041,42,16596625,446151
2,3749,63.268347458,0,75708,41,16877917,473675
2,3750,63.285132083,0,78708,125,16713750,446151
2,3751,63.301670249999994,0,81333,42,16575042,446351
2,3752,63.318313041,0,73041,0,16609250,446151
2,3753,63.335588416,0,81708,41,16987666,454147
2,3754,63.351885415999995,0,82542,42,16608916,439509
2,3755,63.371445416000007,0,85375,41,16694666,446151
2,3756,63.384939624999994,55000,2685666,42,16292167,378887
2,3757,63.401595500000006,0,82167,42,16690375,446223
2,3758,63.418156833000005,0,85584,42,16605458,446075
2,3759,63.435340708000005,0,82583,42,17090500,473547
2,3760,63.451482582999994,0,94666,42,16196291,432261
2,3761,63.468268415999994,0,85334,42,16689750,446023
2,3762,63.486112541000004,0,93791,41,17302417,426495
2,3763,63.501891500000006,0,92791,42,16288041,405373
2,3764,63.518384708000006,0,94667,0,16495166,432261
2,3765,63.534954332999995,0,85917,42,16586084,432261
2,3766,63.551773875,0,86375,0,16902916,446023
2,3767,63.568271415999995,0,85500,42,16375042,446023
2,3768,63.585356208,0,87875,42,17117959,446023
2,3769,63.601741916,0,84166,42,16384959,459985
2,3770,63.621304375,0,85291,42,16895583,446075
2,3771,63.635824125000006,60333,2634708,0,16885792,387137
2,3772,63.651840041000007,0,82000,41,16308167,439509
2,3773,63.668198291,0,91917,125,16390917,432389
2,3774,63.685253124999996,0,83833,42,16995459,459913
2,3775,63.701497791,0,81084,42,16295667,432589
2,3776,63.718603707999996,0,80959,41,17091083,459913
2,3777,63.735247457999996,0,80292,41,16600167,459913
2,3778,63.75152275,0,85666,83,16290208,432389
2,3779,63.768480333000007,0,86333,42,16985041,446151
2,3780,63.78550275,0,78958,42,16506833,446151
2,3781,63.801493375,0,87459,42,16492541,433943
2,3782,63.81858675,0,80667,0,17088834,473727
2,3783,63.835129415999994,0,86333,41,16498584,446151
2,3784,63.851468000000004,0,85917,83,16387209,432389
2,3785,63.870919166,0,81875,83,16903041,446151
2,3786,63.885012874999994,52666,2460583,0,16574167,420173
2,3787,63.901553125,0,86125,0,16512416,459985
2,3788,63.918135,0,87250,42,16600625,446023
2,3789,63.935592125000007,0,90792,42,17097917,459785
2,3790,63.951834666,0,77916,41,16598833,461139
2,3791,63.968447458000007,0,84584,0,16570750,459785
2,3792,63.985353916,0,80833,41,16894917,473547
2,3793,64.001820165999987,0,85583,42,16492291,459985
2,3794,64.018409666,0,81542,0,16607291,432313
2,3795,64.034961500000009,0,84541,41,16490959,432261
2,3796,64.051983166000014,0,86666,42,16994584,459785
2,3797,64.068247750000012,0,89834,42,16379667,432261
2,3798,64.085031832999988,0,82666,42,16616834,432261
2,3799,64.101605624999991,0,91292,84,16592042,433815
2,3800,64.118212290999992,0,89583,41,16599750,432261
2,3801,64.137862708,0,88083,42,17088167,459785
2,3802,64.151654874999991,60667,2569542,0,16393750,406665
2,3803,64.168266666,0,86000,84,16696209,459913
2,3804,64.184975458,0,79833,83,16591167,446151
2,3805,64.201875666,0,84125,42,16896208,446351
2,3806,64.218555750000007,0,91916,42,16696250,432441
2,3807,64.235252624999987,0,89334,0,16689334,432389
2,3808,64.251831375,0,83083,42,16596541,433743
2,3809,64.26856724999999,0,79667,167,16797625,446151
2,3810,64.28524725,0,77500,42,16379875,432389
2,3811,64.301804791,0,84667,42,16807125,446351
2,3812,64.318597125,0,81166,42,16791291,432389
2,3813,64.334916041000014,0,79083,83,16292625,432389
2,3814,64.35172975,0,80875,41,16805583,487437
2,3815,64.368298041,0,84583,83,16593416,459913
2,3816,64.387882749999989,0,83125,41,16892417,459913
2,3817,64.401967708,53583,2574000,41,16695500,380441
2,3818,64.418357000000015,0,81958,42,16493792,459837
2,3819,64.435223166000014,0,82458,0,16786542,459785
2,3820,64.451913291000011,0,83166,42,16701625,446023
2,3821,64.468586875,0,91958,42,16588416,432261
2,3822,64.485361208,0,99584,0,16802083,446023
2,3823,64.501673291,0,84292,42,16388916,446223
2,3824,64.51837629100001,0,86375,83,16678458,459785
2,3825,64.535103916,0,85042,41,16723208,459785
2,3826,64.551801291,0,80709,125,16695416,447377
2,3827,64.568593166,0,87792,167,16781166,473547
2,3828,64.5849575,0,82584,41,16286750,432261
2,3829,64.601704708,0,82875,83,16804500,473747
2,3830,64.618290291,0,86917,42,16589500,446075
2,3831,64.63794475,0,82959,0,17001709,459785
2,3832,64.651940375000009,61417,2579292,42,16595791,379141
2,3833,64.668603208000007,0,82500,42,16689083,432389
2,3834,64.68512208300001,0,81875,42,16394209,446151
2,3835,64.701905165999989,0,81334,41,16895625,433943
2,3836,64.718251333000012,0,82583,41,16300709,418627
2,3837,64.734895916,0,82458,42,16702458,446151
2,3838,64.751871458000011,0,83500,0,16904167,459913
2,3839,64.768334583000012,0,81917,41,16477291,432389
2,3840,64.785063624999992,0,80792,42,16596209,446151
2,3841,64.801779665999987,0,83917,0,16890708,446351
2,3842,64.818406708,0,80333,41,16590708,459965
2,3843,64.835170624999989,0,79959,41,16705000,446151
2,3844,64.851920958,0,81500,42,16773750,461267
2,3845,64.871309,0,80709,42,16707459,432389
2,3846,64.88508925,54459,2616000,41,16390917,378887
2,3847,64.901550500000013,0,81875,42,16508416,418699
2,3848,64.918213874999992,0,84334,41,16678667,432261
2,3849,64.935079166000008,0,84625,83,16795292,446023
2,3850,64.951507125,0,96000,125,16503541,446023
2,3851,64.968316082999991,0,92042,41,16788917,473547
2,3852,64.98522941600001,0,82708,42,16900709,459785
2,3853,65.001508124999987,0,80792,0,16287500,447577
2,3854,65.01862379100001,0,84209,42,17091584,459837
2,3855,65.035241708,0,86500,42,16587333,459785
2,3856,65.051873166000007,0,85125,42,16709875,459785
2,3857,65.068389790999987,0,81333,42,16489500,446023
2,3858,65.085100583000013,0,77083,41,16698083,459785
2,3859,65.101403791,0,78542,0,16389666,501271
2,3860,65.121045583000011,0,72291,41,17079875,556119
2,3861,65.1348625,56041,2472917,84,16319958,447951
2,3862,65.151575208,0,79542,42,16692000,461267
2,3863,65.16860775,0,78333,42,16982875,459913
2,3864,65.185136583,0,80042,42,16504709,459913
2,3865,65.201479916000011,0,80208,42,16401250,460113
2,3866,65.21852233300001,0,80667,42,16982833,487489
2,3867,65.235258875,0,83209,42,16699792,446151
2,3868,65.251601833,0,81209,41,16404250,446151
2,3869,65.268215,0,78542,83,16591625,446151
2,3870,65.285249749999991,0,79666,83,16986792,459913
2,3871,65.301969250000013,0,81875,83,16682000,433943
2,3872,65.318606208,0,87167,41,16705250,446151
2,3873,65.335299458000009,0,82917,41,16688709,459913
2,3874,65.351777166,0,78417,83,16497333,459913
2,3875,65.37106858300001,0,78708,0,16597125,446151
2,3876,65.385310916000009,54417,2584833,41,16800292,378927
2,3877,65.401949124999987,0,87791,42,16689167,446223
2,3878,65.418344582999993,0,80500,42,16393042,446075
2,3879,65.435117333,0,82833,0,16795084,446023
2,3880,65.451529416,0,83000,41,16394875,433615
2,3881,65.468210833,0,87375,0,16694042,446023
2,3882,65.485210625000008,0,83250,41,16878709,459785
2,3883,65.501655125000013,0,93166,42,16508792,446223
2,3884,65.518727000000013,0,83541,83,16996875,459785
2,3885,65.535105625,0,87709,42,16493583,432261
2,3886,65.55179625,0,82583,0,16699875,446023
2,3887,65.568402625,0,84750,42,16591500,446023
2,3888,65.585344541000012,0,81500,83,16903958,459785
2,3889,65.601786291,0,84333,42,16482417,447577
2,3890,65.621103124999991,0,79583,42,16592500,446075
2,3891,65.635186833,60917,2611292,0,16793042,406665
2,3892,65.65160225,0,85083,41,16398625,432389
2,3893,65.668442958000014,0,80500,42,16795791,459913
2,3894,65.685266625,0,83625,42,16790750,432389
2,3895,65.701607416,0,87167,42,16397500,446351
2,3896,65.718414333,0,80625,83,16801042,459913
2,3897,65.735198290999989,0,81000,0,16790375,446151
2,3898,65.751858040999991,0,79125,42,16694291,447505
2,3899,65.76825725,0,77792,0,16293791,432389
2,3900,65.785114666,0,86750,0,16894625,446151
2,3901,65.801563625,0,80125,42,16423917,432589
2,3902,65.818237791,0,83958,42,16655583,446203
2,3903,65.835084791000014,0,81667,42,16875459,459913
2,3904,65.85168225000001,0,80083,41,16615292,446151
2,3905,65.871010332999987,0,76125,42,16692083,446151
2,3906,65.884948541,53375,2575834,42,16499666,378887
2,3907,65.901790833,0,83041,0,16891667,447577
2,3908,65.91848525,0,82292,166,16692375,459785
2,3909,65.935203124999987,0,86333,42,16698958,446023
2,3910,65.951525291,0,87833,42,16293166,446023
2,3911,65.968551749999989,0,87083,41,16995916,459785
2,3912,65.984984666,0,88125,84,16397292,432261
2,3913,66.001701540999989,0,81917,42,16794459,446223
2,3914,66.018490332999988,0,80167,42,16792167,459837
2,3915,66.034857249999988,0,80500,41,16392584,446023
2,3916,66.051933375,0,78917,250,16898375,447377
2,3917,66.068405500000011,0,114125,42,16584833,459785
2,3918,66.08515349999999,0,79125,42,16691625,459785
2,3919,66.101499791000009,0,84667,166,16402958,432461
2,3920,66.11818841600001,0,77542,41,16688542,446023
2,3921,66.137577375,0,80833,42,16899625,459785
2,3922,66.151579,58500,2455125,0,16499959,379141
2,3923,66.168524625,0,76250,41,16887000,459913
2,3924,66.185349957999989,0,84708,42,16788792,459913
2,3925,66.201789666,0,78500,42,16503500,447705
2,3926,66.218582166,0,85208,41,16797292,459965
2,3927,66.235229374999989,0,81208,42,16589125,473675
2,3928,66.251815625,0,81709,42,16591542,446151
2,3929,66.26862825,0,80417,41,16801792,446151
2,3930,66.284970708,0,87042,84,16294250,446151
2,3931,66.301731958,0,79042,41,16806000,446351
2,3932,66.318485958,0,86667,41,16785250,459913
2,3933,66.334881375000009,0,79791,42,16386833,446151
2,3934,66.35144383299999,0,79583,42,16610583,475029
2,3935,66.370888125,0,78000,42,16887958,473675
2,3936,66.385357540999991,52250,2449834,0,16884625,420173
2,3937,66.401776915999989,0,83750,42,16497041,446223
2,3938,66.418453916,0,81375,84,16596125,446075
2,3939,66.434955291,0,86375,250,16485667,432261
2,3940,66.451869458,0,96000,41,17011625,446023
2,3941,66.468484749999988,0,81709,42,16594750,446023
2,3942,66.485252416000009,0,79334,83,16679042,446023
2,3943,66.501527041,0,83958,42,16303584,420053
2,3944,66.51848183300001,0,84542,41,16876292,459785
2,3945,66.5350335,0,80833,42,16498209,446023
2,3946,66.551526916,0,93916,42,16597541,446023
2,3947,66.568583083,0,86334,42,17110916,473547
2,3948,66.585256665999992,0,77708,42,16570583,446023
2,3949,66.601856790999989,0,84375,41,16614667,432461
2,3950,66.621176708000007,0,90917,42,16687792,459837
2,3951,66.635313166,60375,2584125,41,16797708,381285
2,3952,66.65178633299999,0,92375,83,16495542,433743
2,3953,66.668238083,0,87709,250,16393208,446151
2,3954,66.685170833,0,79958,83,16972208,514961
2,3955,66.701787790999987,0,80333,42,16704292,542685
2,3956,66.718192875,0,74208,83,16418917,542485
2,3957,66.735158458,0,69125,42,16887416,514961
2,3958,66.751681499999989,0,83625,125,16495291,473675
2,3959,66.768255041,0,81666,0,16595292,459913
2,3960,66.785015500000014,0,80958,42,16700709,459913
2,3961,66.801795207999987,0,83208,0,16783083,488991
2,3962,66.818235875,0,77917,0,16475417,473727
2,3963,66.83503083299999,0,78958,0,16795916,473675
2,3964,66.85186575,0,78666,83,16818000,487437
2,3965,66.868397166,0,79541,0,16369833,446151
2,3966,66.888416708,0,105542,41,17013083,446151
2,3967,66.901927290999993,56542,2813125,41,16600125,351563
2,3968,66.918586874999988,0,83792,42,16696167,432261
2,3969,66.934898,0,80000,42,16289042,446023
2,3970,66.951809916,0,80916,41,16884542,461139
2,3971,66.968281499999989,0,91833,84,16497917,473547
2,3972,66.985373541,0,83833,42,16990875,459785
2,3973,67.001817666,0,86375,42,16499083,446223
2,3974,67.018165375,0,82083,42,16405167,432313
2,3975,67.035251541000008,0,79625,41,16988667,459785
2,3976,67.05177170799999,0,84584,83,16592875,459785
2,3977,67.068446291000015,0,80291,42,16596875,446023
2,3978,67.085269958,0,83583,83,16794833,446023
2,3979,67.101773125,0,86666,83,16476834,406291
2,3980,67.121166249999987,0,84250,41,16819459,432261
2,3981,67.135212791000015,60834,2610500,42,16673833,392903
2,3982,67.151787915999989,0,84458,83,16508792,432389
2,3983,67.168287958000008,0,85000,42,16499292,432389
2,3984,67.184928375,0,83916,84,16690875,446151
2,3985,67.201581,0,80417,42,16666791,446351
2,3986,67.21861275,0,83125,0,16911500,459965
2,3987,67.234817291000013,0,83291,41,16302083,432389
2,3988,67.251825040999989,0,80459,42,16996708,461267
2,3989,67.268502500000011,0,87875,42,16692583,459913
2,3990,67.285145916,0,80750,84,16500459,446151
2,3991,67.301513625000013,0,84375,42,16481750,446351
2,3992,67.318491749999993,0,84334,42,17002625,473675
2,3993,67.335144708,0,80750,42,16630708,418627
2,3994,67.351551333,0,86041,42,16360750,446151
2,3995,67.371009832999988,0,86584,0,16889750,446151
2,3996,67.385146625,51833,2526125,42,16678625,420173
2,3997,67.401695082999993,0,90041,42,16512375,420053
2,3998,67.418260541,0,82000,42,16673875,459837
2,3999,67.435221750000011,0,92917,42,16909167,446023
2,4000,67.451515833,0,83667,41,16288792,432261
2,4001,67.46844775,0,82542,83,16908500,446023
2,4002,67.484969958,0,92375,83,16486291,459785
2,4003,67.501613583,0,85875,0,16775875,473747
2,4004,67.518490832999987,0,78375,41,16897834,542357
2,4005,67.534898207999987,0,70166,42,16394500,528595
2,4006,67.551610791,0,78791,125,16597917,474901
2,4007,67.568493625,0,83208,42,16899458,459785
2,4008,67.585031208,0,84375,42,16507916,432261
2,4009,67.601721375000011,0,87334,42,16692625,459985
2,4010,67.621191708,0,86542,42,16790792,459837
2,4011,67.634683083,60500,2633084,41,15980667,158949
2,4012,67.65174775,0,84208,0,17117083,143387
2,4013,67.668878166000013,0,99958,42,17071458,143387
2,4014,67.685627583000013,0,123166,42,16786458,143387
2,4015,67.701973500000008,0,98500,41,16216292,144941
2,4016,67.719344583000009,0,118666,42,17279375,143387
2,4017,67.735056875,0,108333,42,15896542,129625
2,4018,67.752271791,0,97666,41,17221917,143387
2,4019,67.769180666000011,0,137042,42,16878541,143387
2,4020,67.784633041,0,128625,83,15422708,129625
2,4021,67.801346166,0,108875,42,16860375,143587
2,4022,67.817884458000009,0,113084,42,16503417,143439
2,4023,67.835030666,0,92000,0,17087084,143387
2,4024,67.850998916000009,0,123167,41,15983875,144741
2,4025,67.879229666000015,0,102000,0,24916458,74772
2,4026,67.885137625,53750,2651667,0,9168292,150413
2,4027,67.901659791000014,0,89833,167,16601000,432372
2,4028,67.918562333000011,0,85875,83,17008792,474579
2,4029,67.934958208000012,0,82875,41,16387042,473547
2,4030,67.95157312500001,0,81166,83,16600416,501071
2,4031,67.968507208,0,86417,42,16885875,487309
2,4032,67.985232416,0,79416,42,16704792,473547
2,4033,68.001669125,0,83292,42,16491750,461339
2,4034,68.018436791,0,87583,42,16787833,487361
2,4035,68.034823208,0,80083,0,16381708,528595
2,4036,68.051583749999992,0,70292,83,16798833,556119
2,4037,68.068357249999991,0,74417,42,16697541,556119
2,4038,68.084980416000008,0,79166,42,16604750,487309
2,4039,68.101657582999991,0,79375,41,16677375,487509
2,4040,68.118343791,0,84708,41,16520708,459785
2,4041,68.137333208,0,100292,41,16688125,473547
2,4042,68.151816208000014,56833,2437416,42,16889459,408019
2,4043,68.168560208,0,81416,42,16797333,459913
2,4044,68.185005125,0,80208,42,16374542,487437
2,4045,68.201465791,0,77792,42,16527417,487637
2,4046,68.218329415999989,0,78375,83,16863416,473727
2,4047,68.235298083,0,82250,42,16914292,473675
2,4048,68.251775874999993,0,80125,42,16482625,459913
2,4049,68.268110458,0,77209,41,16404834,446151
2,4050,68.285249958000009,0,71792,0,16991167,459913
2,4051,68.301773208000014,0,83709,0,16603958,447705
2,4052,68.318132541000011,0,79542,42,16393125,446151
2,4053,68.334868583,0,78750,0,16668000,459913
2,4054,68.351712708000008,0,83584,42,16816208,459913
2,4055,68.371198416,0,90375,42,16893167,473675
2,4056,68.38537254100001,56000,2494125,41,16695625,392689
2,4057,68.401901708,0,84750,83,16591667,446223
2,4058,68.418568708000009,0,85708,42,16686750,459837
2,4059,68.435317,0,81208,0,16694625,446023
2,4060,68.45165775000001,0,80958,42,16401458,447377
2,4061,68.468599291,0,82792,42,16889458,473547
2,4062,68.485259375,0,84250,41,16508041,459785
2,4063,68.501546875,0,85750,42,16495125,432461
2,4064,68.518579125,0,81167,42,16995166,473547
2,4065,68.53502229099999,0,79375,42,16389334,446023
2,4066,68.551498625,0,80000,42,16495250,459785
2,4067,68.568367,0,85500,42,16883000,459785
2,4068,68.585261916000007,0,84375,41,16805500,459785
2,4069,68.601872041000007,0,89416,41,16691833,447577
2,4070,68.618186791,0,80750,42,16293208,459837
2,4071,68.637966208,0,82542,42,17096333,459785
2,4072,68.651671875,63416,2616334,42,16379750,392903
2,4073,68.668547791000009,0,81083,42,16818084,459913
2,4074,68.6851695,0,87250,42,16583917,446151
2,4075,68.701602333000011,0,86625,42,16487209,446351
2,4076,68.718252541,0,78292,83,16687666,446151
2,4077,68.73511049999999,0,82417,83,16808750,459913
2,4078,68.751952458,0,86000,41,16836333,461267
2,4079,68.768366165999993,0,82083,42,16451375,459913
2,4080,68.785137583,0,79875,42,16694750,459913
2,4081,68.801639375000008,0,78375,83,16492916,446351
2,4082,68.818190166,0,81250,125,16593916,459965
2,4083,68.83500162499999,0,82209,42,16706500,459913
2,4084,68.851822833,0,88417,41,16874000,446151
2,4085,68.871379208000008,0,83959,41,16800209,446151
2,4086,68.884976791000014,58500,2616875,84,16310000,365125
2,4087,68.901748708000014,0,84917,42,16795250,447577
2,4088,68.918526165999992,0,91875,41,16778500,446023
2,4089,68.935011833,0,84083,41,16485583,446023
2,4090,68.951831875000011,0,92333,42,16818125,446023
2,4091,68.968197791,0,84250,41,16386291,446023
2,4092,68.985266666,0,80667,0,17004875,459785
2,4093,69.001859833,0,85084,83,16377208,432461
2,4094,69.018236041,0,132209,83,16608875,432313
2,4095,69.035131166000014,0,91125,83,16874625,446023
2,4096,69.05182929099999,0,88833,42,16710333,433615
2,4097,69.06852225,0,93208,42,16701166,459785
2,4098,69.085343749999993,0,84000,83,16770792,446023
2,4099,69.101589749999988,0,85000,42,16390375,473747
2,4100,69.120884832999991,0,71625,41,16796042,556119
2,4101,69.134940416,60458,2484292,42,16516958,447951
2,4102,69.151845083000012,0,82875,42,16877292,501199
2,4103,69.168289500000014,0,76875,42,16415042,459913
2,4104,69.185057957999987,0,76125,42,16696125,459913
2,4105,69.201800125,0,85167,41,16791125,447705
2,4106,69.218554791,0,79250,42,16699959,446203
2,4107,69.234992291,0,85208,42,16390625,446151
2,4108,69.251672833000015,0,88333,83,16797333,459913
2,4109,69.268538916000011,0,81792,41,16785917,446151
2,4110,69.285113458000012,0,83541,42,16389958,446151
2,4111,69.301747708,0,93958,166,16792666,432589
2,4112,69.318289541000013,0,84292,0,16598208,446151
2,4113,69.335077791,0,79667,0,16801541,446151
2,4114,69.351932333000008,0,78250,41,16792791,475029
2,4115,69.368272582999992,0,86042,41,16396625,432389
2,4116,69.387749250000013,0,77375,42,16696458,459913
2,4117,69.401946541,54625,2611584,0,16887542,392849
2,4118,69.418590083,0,83625,42,16599875,446075
2,4119,69.435080083,0,84709,42,16496833,432261
2,4120,69.451803833000014,0,88000,42,16783166,459785
2,4121,69.468608332999992,0,83125,0,16799291,471967
2,4122,69.4852065,0,85042,42,16490917,432261
2,4123,69.501887915999987,0,83667,83,16609208,406201
2,4124,69.518476833,0,101542,42,16596000,404827
2,4125,69.535202583,0,98708,42,16783500,432261
2,4126,69.55152425,0,92583,83,16397417,418499
2,4127,69.568738833,0,83958,42,17096917,446023
2,4128,69.584965665999988,0,94667,41,16194833,404737
2,4129,69.60207029099999,0,97458,0,17197917,432461
2,4130,69.61830375,0,83625,41,16182709,418551
2,4131,69.637918833000015,0,91084,41,16787125,418499
2,4132,69.651522540999991,71667,2699000,41,16413083,339119
2,4133,69.668390541000008,0,98083,0,16867083,432479
2,4134,69.685101457999991,0,88417,42,16603041,432389
2,4135,69.701800291000012,0,97417,42,16905291,432589
2,4136,69.718306500000011,0,85875,41,16488666,432389
2,4137,69.735237915999988,0,79000,0,16892542,446151
2,4138,69.751800541,0,82375,42,16594292,432389
2,4139,69.768371625000015,0,79375,41,16485000,432389
2,4140,69.785218582999988,0,90209,0,16798417,446151
2,4141,69.801628208000011,0,82375,42,16500458,406329
2,4142,69.818646833,0,85333,42,16994167,446293
2,4143,69.834884666,0,84125,0,16299875,432389
2,4144,69.851815875,0,78708,42,16878458,501199
2,4145,69.868279875000013,0,78250,41,16406500,446151
2,4146,69.887623041000012,0,84625,42,16805333,446151
2,4147,69.901814583,51875,2497917,84,16786125,379087
2,4148,69.918275416,0,85458,0,16492500,446023
2,4149,69.935005666,0,82708,41,16703708,446023
2,4150,69.95180675,0,85250,42,16794959,447287
2,4151,69.968587082999989,0,82000,84,16785917,446113
2,4152,69.985053208000011,0,79208,42,16403000,432261
2,4153,70.001806750000014,0,89000,42,16789667,446223
2,4154,70.018259457999989,0,84292,42,16467333,459837
2,4155,70.035232374999993,0,86334,41,16921625,446023
2,4156,70.051795375000012,0,88417,41,16589250,446023
2,4157,70.068636583,0,87291,0,16782208,446023
2,4158,70.085051791000012,0,89750,166,16411125,432261
2,4159,70.101722,0,85750,42,16695000,447487
2,4160,70.120982208000015,0,82875,42,16681541,446113
2,4161,70.135242624999989,66709,2512250,83,16805166,392903
2,4162,70.151544957999988,0,79958,42,16374667,446151
2,4163,70.168206540999989,0,80291,83,16610292,459913
2,4164,70.185073249999988,0,78083,42,16792417,446151
2,4165,70.201469083,0,85625,84,16498458,446351
2,4166,70.218404125,0,77791,42,16899292,459965
2,4167,70.234865875,0,79750,0,16492708,459913
2,4168,70.251753208,0,82083,0,16783375,447415
2,4169,70.268405124999987,0,84833,42,16697459,446241
2,4170,70.285076541,0,77042,42,16602708,459913
2,4171,70.301618166,0,80125,84,16592708,460113
2,4172,70.318155708,0,80417,41,16591542,459913
2,4173,70.335195457999987,0,78917,42,16999209,487437
2,4174,70.351693000000012,0,81167,42,16494708,446151
2,4175,70.371226124999993,0,81375,84,16890292,459913
2,4176,70.385196874999991,54167,2561959,42,16582916,392649
2,4177,70.40180804100001,0,80583,42,16615959,447487
2,4178,70.418395207999993,0,81542,42,16598125,446165
2,4179,70.434959208000009,0,80250,41,16572375,473547
2,4180,70.451602791,0,81875,42,16607875,446023
2,4181,70.468621082999988,0,83417,41,16994875,459785
2,4182,70.485018666,0,97458,42,16376167,459785
2,4183,70.50168925,0,78250,42,16697750,487509
2,4184,70.518564,0,81958,83,16909750,487309
2,4185,70.535183666,0,79334,42,16570958,473547
2,4186,70.551457625000012,0,81792,42,16319625,433525
2,4187,70.568384874999992,0,80792,42,16895042,459875
2,4188,70.584923,0,77750,42,16477042,446023
2,4189,70.601536165999988,0,79084,0,16604125,459985
2,4190,70.618306208,0,85750,84,16802167,473599
2,4191,70.637793541000008,0,82125,41,16689000,459785
2,4192,70.651845458,67292,2576166,0,16783541,392903
2,4193,70.668164083,0,83875,42,16407625,446151
2,4194,70.684964291,0,78500,41,16674084,459913
2,4195,70.701482207999987,0,78666,42,16607125,447615
2,4196,70.718554958,0,74625,125,17089125,487527
2,4197,70.735000041,0,82708,42,16394500,459913
2,4198,70.751695958,0,80292,42,16711416,459913
2,4199,70.768597875000012,0,86417,41,16891875,473675
2,4200,70.784964374999987,0,80667,42,16377792,446151
2,4201,70.801772666,0,74542,42,16811666,487637
2,4202,70.818139791,0,76250,42,16403917,473727
2,4203,70.8351025,0,71667,42,16880250,459913
2,4204,70.851485625000009,0,83500,83,16387250,447415
2,4205,70.868310208,0,80083,42,16815083,460003
2,4206,70.887963833000015,0,83667,0,16982459,487437
2,4207,70.9017365,53041,2561042,83,16499292,406611
2,4208,70.918279041,0,77458,0,16488875,473547
2,4209,70.934864208,0,84125,0,16601541,459785
2,4210,70.951501291,0,82041,42,16595291,459785
2,4211,70.96835008299999,0,87583,42,16894750,473547
2,4212,70.985067250000014,0,81125,42,16773250,528595
2,4213,71.001776124999992,0,66708,0,16696042,543821
2,4214,71.018313958,0,72584,84,16404583,473689
2,4215,71.034910458000013,0,86125,42,16706625,501071
2,4216,71.051631665999992,0,75459,42,16684083,501071
2,4217,71.068364333,0,73667,42,16696167,473547
2,4218,71.085028291000015,0,77583,42,16582333,473547
2,4219,71.101934125000014,0,86000,42,16918208,459985
2,4220,71.118242041,0,84792,42,16369750,446023
2,4221,71.137566749999991,0,78833,41,16915625,459785
2,4222,71.151477583,60458,2381584,0,16294917,380405
2,4223,71.168222832999987,0,77958,42,16699083,446241
2,4224,71.18511225,0,77958,41,16789041,473675
2,4225,71.201601541,0,86625,42,16602250,473875
2,4226,71.218454458,0,86291,42,16786625,473727
2,4227,71.235302249999989,0,91000,42,16897375,459913
2,4228,71.251590958000008,0,85792,83,16281375,473675
2,4229,71.268268958,0,79834,0,16697667,501199
2,4230,71.285159541000013,0,79917,41,16806625,473675
2,4231,71.301578541,0,77875,41,16487000,461377
2,4232,71.318479,0,76583,83,16887750,487527
2,4233,71.334954875,0,87709,42,16392875,446151
2,4234,71.351755833,0,82542,42,16802042,432389
2,4235,71.371420290999993,0,85542,41,16900250,446151
2,4236,71.385248749999988,53625,2637875,42,16590583,378927
2,4237,71.401650958,0,82417,42,16386916,432461
2,4238,71.418411625,0,89583,42,16805000,446075
2,4239,71.435168208,0,85500,42,16697667,446023
2,4240,71.451736750000009,0,86208,42,16580833,433525
2,4241,71.468406125,0,80583,41,16704458,446113
2,4242,71.484994083,0,90541,83,16487167,446023
2,4243,71.50193437499999,0,82417,42,16997625,446223
2,4244,71.518593165999988,0,84625,83,16603042,418499
2,4245,71.535352125,0,83417,41,16785791,446023
2,4246,71.55162387499999,0,87458,42,16378250,432261
2,4247,71.56849062500001,0,76458,42,16816333,459785
2,4248,71.585366375,0,81417,41,16785333,446023
2,4249,71.601874125,0,86709,42,15999958,426695
2,4250,71.620859083,0,90000,42,17093375,446511
2,4251,71.634976,58958,2493958,41,16597583,392903
2,4252,71.651487791,0,78791,167,16497083,432389
2,4253,71.668169458,0,79167,42,16692875,459913
2,4254,71.684936125000007,0,80250,83,16696666,473675
2,4255,71.701828,0,79875,0,16894958,460113
2,4256,71.718257166,0,81375,42,16470083,459913
2,4257,71.735092416000015,0,80875,42,16812667,487437
2,4258,71.751992666,0,81584,0,16888750,461177
2,4259,71.768776833,0,76916,0,16701542,432479
2,4260,71.785086708,0,87250,41,16293167,432389
2,4261,71.801613916000008,0,95500,42,16675625,446351
2,4262,71.818408957999992,0,75416,42,16721291,446203
2,4263,71.834902833,0,80916,42,16593583,487437
2,4264,71.851618875000014,0,71875,41,16774667,556247
2,4265,71.868237375,0,63000,84,16498125,542485
2,4266,71.887874041,0,70417,41,17012958,487437
2,4267,71.901740999999987,53125,2474208,42,16181416,387083
2,4268,71.918599207999989,0,81667,83,17096917,494429
2,4269,71.93509204099999,0,83042,41,16514792,459785
2,4270,71.951958999999988,0,79417,41,16888333,501071
2,4271,71.968385333000015,0,77542,42,16394792,459785
2,4272,71.985334,0,81583,42,16886417,459785
2,4273,72.001771583,0,83583,42,16401500,446223
2,4274,72.018361290999991,0,82167,42,16595375,446075
2,4275,72.03520791599999,0,86084,42,16885500,446023
2,4276,72.052236583,0,84375,42,16682209,467781
2,4277,72.06850295800001,0,85958,41,16603041,439381
2,4278,72.085182833,0,87125,166,16611250,459785
2,4279,72.101764374999988,0,91125,42,16688292,459985
2,4280,72.118317166,0,80417,41,16494583,432261
2,4281,72.137907250000012,0,89792,42,16888958,459785
2,4282,72.15168137500001,59541,2608417,42,16509625,392903
2,4283,72.168288125,0,80417,42,16587458,459913
2,4284,72.184996583000014,0,78917,41,16596167,446151
2,4285,72.202413291,0,84833,42,17186958,468109
2,4286,72.218300333,0,77958,41,16198792,439561
2,4287,72.235016707999989,0,78500,83,16665833,432389
2,4288,72.251786041,0,84875,0,16823041,446151
2,4289,72.268423875,0,81625,0,16476250,432389
2,4290,72.285246041,0,89958,42,16912750,446151
2,4291,72.301932333,0,83542,41,16679875,460113
2,4292,72.318708832999988,0,82750,42,16700416,432389
2,4293,72.33521425,0,87958,83,16595084,446151
2,4294,72.352443999999991,0,83125,41,16593792,267245
2,4295,72.371732250000008,0,98250,0,16701958,144741
2,4296,72.398080958000008,58292,2834542,0,29069583,131171
2,4297,72.401785791000009,0,97000,42,4098833,74649
2,4298,72.418510125000012,0,85958,41,16811750,459837
2,4299,72.43485175,0,84375,42,16480208,487309
2,4300,72.451538666,0,71084,42,16591458,542357
2,4301,72.468237750000014,0,79917,42,16719416,473547
2,4302,72.485093041,0,80792,0,16701833,459785
2,4303,72.501821708,0,89084,42,16795667,459985
2,4304,72.518393624999987,0,86083,83,16581958,447377
2,4305,72.534889541000013,0,82458,125,16484667,459785
2,4306,72.551816124999988,0,82334,41,16909959,487309
2,4307,72.568373791,0,82209,83,16590625,459785
2,4308,72.585348165999989,0,86291,83,16892792,459785
2,4309,72.6014385,0,85000,42,16198750,432461
2,4310,72.621002957999991,0,84584,41,16892042,459837
2,4311,72.634887125,60083,2500875,0,16395125,365379
2,4312,72.651670791000015,0,90417,42,16873625,459913
2,4313,72.66808325,0,82167,41,16499875,488791
2,4314,72.684890375000009,0,73334,41,16794250,556247
2,4315,72.701878083,0,65500,41,16916250,528923
2,4316,72.718614625000015,0,77125,42,16679792,459913
2,4317,72.734866750000009,0,84541,0,16302458,446151
2,4318,72.751584000000008,0,81334,42,16702833,473675
2,4319,72.768493041,0,85625,42,16894833,473675
2,4320,72.785194208000007,0,79834,42,16674833,459913
2,4321,72.801616583,0,77917,84,16411167,473875
2,4322,72.818332,0,85208,0,16685917,461319
2,4323,72.834907250000015,0,83459,42,16607583,459913
2,4324,72.851558833000013,0,81667,0,16689167,459913
2,4325,72.871114708,0,79417,83,16896916,446151
2,4326,72.885045999999988,55750,2562292,41,16485084,392649
2,4327,72.901861166,0,85291,83,16903958,459985
2,4328,72.918388999999991,0,80625,42,16494000,459785
2,4329,72.93510225,0,84041,42,16691042,459785
2,4330,72.951924832999993,0,81125,42,16788125,473547
2,4331,72.968365083000009,0,84625,42,16508875,447377
2,4332,72.985218457999991,0,82291,42,16773833,459785
2,4333,73.001790625000012,0,79667,42,16612125,459985
2,4334,73.018218458,0,84375,42,16401750,432313
2,4335,73.034862791,0,84417,41,16665208,459785
2,4336,73.051818875000009,0,84292,0,16918417,459785
2,4337,73.068216791,0,83292,42,16393333,432261
2,4338,73.085097375,0,86917,0,16892042,459785
2,4339,73.101874333000012,0,81333,42,16795417,446223
2,4340,73.121129416,0,79833,0,16490916,447377
2,4341,73.134838833,64125,2603166,41,16478250,379141
2,4342,73.151454957999988,0,78750,41,16619834,459913
2,4343,73.168474833,0,83666,42,16991250,473675
2,4344,73.185020458,0,78208,0,16481708,459913
2,4345,73.201735541,0,79292,42,16697000,460113
2,4346,73.21834795800001,0,82792,42,16702958,459965
2,4347,73.234910791,0,82083,42,16580792,459913
2,4348,73.25190008300001,0,76333,42,16903458,473675
2,4349,73.268453916,0,83792,500,16604583,461267
2,4350,73.285163000000011,0,79167,42,16586500,446151
2,4351,73.301750458000015,0,80250,42,16703084,460113
2,4352,73.31858125,0,76375,83,16789084,459913
2,4353,73.334935041,0,82708,41,16375417,446151
2,4354,73.351488791000008,0,77667,41,16516708,446151
2,4355,73.370836958000012,0,78250,42,16873250,473675
2,4356,73.385378416000009,50917,2468834,41,16907667,420173
2,4357,73.40146375,0,85292,42,16205667,446223
2,4358,73.418333999999987,0,79625,42,16800875,461191
2,4359,73.43510329099999,0,81583,0,16783791,446023
2,4360,73.451889416,0,81125,41,16793792,473547
2,4361,73.468552082999992,0,82542,41,16688333,446023
2,4362,73.485216208,0,78583,42,16584042,459785
2,4363,73.501842041,0,82333,84,16616250,446223
2,4364,73.518409999999989,0,84083,125,16583334,446023
2,4365,73.535107000000011,0,83667,42,16704000,473547
2,4366,73.551640041000013,0,87708,42,16598625,459785
2,4367,73.568327750000009,0,82958,0,16591875,461139
2,4368,73.585055791,0,82000,42,16688250,459785
2,4369,73.601814625,0,82209,83,16795375,446223
2,4370,73.621019332999992,0,86291,0,16589166,446075
2,4371,73.635334083,59167,2589000,41,16899791,406665
2,4372,73.651799625,0,94000,0,16500542,446151
2,4373,73.668560458,0,86916,42,16797583,487437
2,4374,73.6852285,0,81417,83,16591625,473675
2,4375,73.701868375,0,81250,41,16591292,432589
2,4376,73.718586875,0,88042,42,16793584,447505
2,4377,73.735123832999989,0,83959,42,16496209,459913
2,4378,73.751905125000008,0,91708,41,16784666,473675
2,4379,73.768481041,0,79833,42,16593875,446151
2,4380,73.785147999999992,0,80334,41,16503334,459913
2,4381,73.801706166,0,92708,42,16682458,432589
2,4382,73.818514249999993,0,81167,42,16712709,446203
2,4383,73.834949458000011,0,83417,41,16476833,432389
2,4384,73.851994208000008,0,86959,0,16999750,446151
2,4385,73.870959916,0,84916,83,16405833,433743
2,4386,73.8849405,55959,2540167,83,16599458,392649
2,4387,73.901582749999989,0,79875,83,16585541,459985
2,4388,73.918378666,0,88709,41,16892542,459785
2,4389,73.935126958000012,0,81333,0,16583416,446023
2,4390,73.951845166,0,84583,84,16891292,473547
2,4391,73.968325666,0,78042,83,16490750,542357
2,4392,73.984780125000015,0,80916,166,16500833,542357
2,4393,74.001834,0,78667,125,17010667,542557
2,4394,74.018473833,0,81292,42,16592292,461191
2,4395,74.034860083000012,0,84458,42,16375791,473547
2,4396,74.051806,0,82958,42,16900958,501071
2,4397,74.068160291,0,81916,83,16393625,473547
2,4398,74.084898041,0,75792,0,16695416,473547
2,4399,74.101563207999988,0,86375,41,16710292,501271
2,4400,74.118287666000015,0,81375,84,16692750,487309
2,4401,74.137883500000015,0,83125,166,16897167,487309
2,4402,74.151557208000014,66833,2634875,41,16395042,420427
2,4403,74.168302083000015,0,74583,42,16695584,461267
2,4404,74.185157457999992,0,77959,167,16790833,459913
2,4405,74.201633915999992,0,81625,41,16499209,432589
2,4406,74.218399791,0,78584,0,16789334,446203
2,4407,74.235094041,0,82750,0,16694916,459913
2,4408,74.251649165999993,0,79750,42,16592959,473675
2,4409,74.268266458,0,74625,84,16678916,542485
2,4410,74.285153166000015,0,65333,41,16810417,556247
2,4411,74.301677833000014,0,73333,42,16508125,487637
2,4412,74.318386041,0,78458,41,16679542,447505
2,4413,74.334902375000013,0,85959,83,16504791,473675
2,4414,74.351683791,0,76958,41,16787458,459913
2,4415,74.37087945799999,0,78709,41,16698833,501199
2,4416,74.384916374999989,50542,2475833,83,16475959,406411
2,4417,74.401784125,0,77917,0,16916792,487549
2,4418,74.418379458,0,84375,42,16592750,459837
2,4419,74.43499125,0,83292,41,16482709,432261
2,4420,74.451703625,0,83125,42,16804084,432261
2,4421,74.468699665999992,0,91167,42,16792875,440622
2,4422,74.485192708,0,108167,41,16584291,432261
2,4423,74.501635333,0,93417,42,16501958,446223
2,4424,74.518364125,0,87458,0,16782292,446023
2,4425,74.535114416,0,79166,42,16719917,446023
2,4426,74.55158275,0,91250,84,16486042,446023
2,4427,74.56832991600001,0,82042,42,16695250,459785
2,4428,74.585467833,0,83959,42,16992333,459785
2,4429,74.601866957999988,0,94167,42,16578166,446223
2,4430,74.621190833000014,0,78833,41,16603458,433667
2,4431,74.635288416000009,61750,2596167,42,16789417,392903
2,4432,74.651618041,0,83125,41,16303375,446151
2,4433,74.668375333,0,84125,42,16797625,432389
2,4434,74.685205708000012,0,79500,42,16680459,459913
2,4435,74.701588041000008,0,91959,0,16516167,432589
2,4436,74.718528125,0,79458,41,16866750,459913
2,4437,74.734991291,0,80042,41,16512917,459913
2,4438,74.752001458,0,80000,42,16992500,473675
2,4439,74.768439083,0,79125,42,16393584,433743
2,4440,74.785148125,0,83916,41,16683458,446151
2,4441,74.801946332999989,0,86084,84,16805417,460113
2,4442,74.818411416,0,80625,83,16494458,432441
2,4443,74.834971958000011,0,81375,83,16496125,459913
2,4444,74.851588375,0,81208,42,16696000,446151
2,4445,74.871276791000014,0,79167,0,16984125,459913
2,4446,74.885186083000008,53583,2596042,41,16498667,378887
2,4447,74.901625458000012,0,84750,42,16497542,432461
2,4448,74.91856125000001,0,84917,42,17001834,461139
2,4449,74.934930375,0,78750,42,16363209,514833
2,4450,74.951644958,0,76833,125,16803000,556119
2,4451,74.968288875000013,0,69916,42,16506333,501071
2,4452,74.984957083000012,0,79083,42,16701458,473547
2,4453,75.001855791,0,76625,42,16873958,459985
2,4454,75.018223458,0,78917,41,16395833,446023
2,4455,75.034868499999988,0,83500,0,16613084,459837
2,4456,75.051763125000008,0,80750,166,16898459,459785
2,4457,75.068689291,0,78042,42,16789750,447377
2,4458,75.085059041,0,85500,167,16397916,432261
2,4459,75.101680915999992,0,85334,42,16692084,446223
2,4460,75.11826725,0,77750,42,16597333,473547
2,4461,75.137975208,0,78583,41,16694792,446023
2,4462,75.151785041000011,61791,2739750,0,16788917,379141
2,4463,75.168608541,0,80250,42,16790292,459913
2,4464,75.185048208000012,0,79000,41,16410833,446151
2,4465,75.201664,0,86333,42,16670708,446351
2,4466,75.218299790999993,0,77750,41,16613292,447505
2,4467,75.23509825,0,80750,42,16778833,459965
2,4468,75.251693082999992,0,79250,125,16602625,432389
2,4469,75.26833074999999,0,78250,42,16679542,473675
2,4470,75.285161500000015,0,76750,42,16722041,459913
2,4471,75.301800165999992,0,84084,0,16675000,446351
2,4472,75.318502416,0,76041,41,16707292,459913
2,4473,75.335207,0,74333,83,16589083,446151
2,4474,75.35169024999999,0,81625,41,16599958,459913
2,4475,75.36837675000001,0,77959,41,16585542,447505
2,4476,75.38791387500001,0,82250,0,16907292,459913
2,4477,75.401924958,54542,2584750,41,16693958,379087
2,4478,75.418329916,0,88917,41,16396417,446023
2,4479,75.434916125,0,88875,167,16592292,446075
2,4480,75.451810291000015,0,87542,41,16893250,459785
2,4481,75.468349082999993,0,83625,83,16595542,459785
2,4482,75.484914457999992,0,79667,83,16487208,432261
2,4483,75.5019145,0,78834,41,17003875,459985
2,4484,75.518590375,0,83041,41,16688542,461139
2,4485,75.535076083,0,84167,41,16478708,446023
2,4486,75.551821375,0,79000,83,16716208,446023
2,4487,75.568278958000008,0,83375,125,16491709,473547
2,4488,75.585017291000014,0,79041,84,16693334,459785
2,4489,75.601884125,0,80583,42,16898583,459985
2,4490,75.618210791,0,79625,42,16381041,459785
2,4491,75.6376885,0,76042,42,16686584,459837
2,4492,75.65181366600001,55916,2597625,42,16808416,406665
2,4493,75.668406791,0,82833,42,16607417,447505
2,4494,75.68520645800001,0,78667,41,16790291,473675
2,4495,75.701761916000009,0,78208,42,16597458,473875
2,4496,75.718408791,0,81875,42,16600334,459913
2,4497,75.734857583000007,0,80708,42,16466583,459913
2,4498,75.751689040999992,0,76041,0,16801333,459913
2,4499,75.76831416600001,0,76917,83,16602916,487437
2,4500,75.785176208,0,84083,42,16898459,487437
2,4501,75.801896375000013,0,74333,167,16593292,473875
2,4502,75.818396374999992,0,90416,0,16614250,461267
2,4503,75.835065125,0,82417,0,16674083,473727
2,4504,75.851506416,0,82458,41,16386666,473675
