phase,unityFrame,seconds,EnvSprites_ns,ZoneRenderer_ns,InputIdle_ns,MainThread_ns,GC_bytes
0,17,0.8027922089999997,0,0,0,0,0
0,18,0.81814208400000155,0,71250,42,16473250,424183
0,19,0.83489104200000241,0,74250,42,16689541,446151
0,20,0.85136266700000007,0,78083,42,16500250,459913
0,21,0.86803191699999971,0,73250,42,16696834,459965
0,22,0.88530029200000016,0,77500,0,16329500,481761
0,23,0.90127162499999969,0,103958,41,16845042,487983
0,24,0.91802212500000024,0,75125,41,16696333,501199
0,25,0.934717250000002,0,74208,41,16611083,473675
0,26,0.950960417000001,0,84834,0,16266416,432389
0,27,0.96815924999999936,0,79000,41,17097416,432389
0,28,0.985115792000002,0,83209,0,16996334,459913
0,29,1.0013300420000029,0,81791,83,16385917,460113
0,30,1.0182970840000003,0,74000,83,16795334,473675
0,31,1.0348257919999995,0,88167,41,16661125,488791
0,32,1.0512883750000022,0,77000,41,16495375,542485
0,33,1.0679119999999998,0,68709,41,16599084,501251
0,34,1.0846102090000009,0,73417,167,16690584,518059
0,35,1.1013203340000004,0,66959,0,16808458,528923
0,36,1.118214334000001,0,66333,0,16781167,501199
0,37,1.1349821250000005,0,68875,42,16813625,528723
0,38,1.1515991250000006,0,77458,42,16600667,528723
0,39,1.1678875420000026,0,67250,42,16269417,528723
0,40,1.1848859590000025,0,70083,41,16590833,523047
0,41,1.2013798750000007,0,73541,42,16911083,529429
0,42,1.2178842500000009,0,68166,167,16571084,542485
0,43,1.2347241669999995,0,63458,42,16804417,556247
0,44,1.2512681250000028,0,63875,125,16598333,556247
0,45,1.2678769590000023,0,60417,0,16590583,556299
0,46,1.2848626250000024,0,64417,83,16799833,556247
0,47,1.3013777090000005,0,69875,84,16590958,528923
0,48,1.3182947499999997,0,75458,0,16921125,556247
0,49,1.334779417,0,75417,41,16193417,526145
0,50,1.3512273340000007,0,72125,42,16763708,535753
0,51,1.3681502089999995,0,73959,41,16909625,556247
0,52,1.3847097500000025,0,68333,42,16482166,528723
0,53,1.4012460000000004,0,65333,42,16592791,528923
0,54,1.4178813340000005,0,68042,42,16688084,556247
0,55,1.4347515420000008,0,61042,42,16893708,570009
0,56,1.4513557500000012,0,56792,42,16600917,556247
0,57,1.4679808340000022,0,57125,42,16594875,556299
0,58,1.485147584,0,57958,42,16689083,550571
0,59,1.5014150840000013,0,75250,208,16508833,501745
0,60,1.5178776670000005,0,109042,0,16610041,528723
0,61,1.5346128750000005,0,71083,291,16667458,542485
0,62,1.551386334,0,75666,42,16888333,556247
0,63,1.5679675420000017,0,59041,0,16601458,556247
0,64,1.5847803340000013,0,55958,0,16697250,556247
0,65,1.6011985000000024,0,64791,42,16492417,545783
0,66,1.6177341670000018,0,61541,41,16507459,528723
0,67,1.6349925000000027,0,67250,42,16501833,157149
0,68,1.6566950000000027,0,128792,0,22177083,158503
0,69,1.6679982090000003,0,74667,84,11589125,336107
0,70,1.6849041670000027,0,63000,83,16785333,556247
0,71,1.7015359170000011,0,69292,41,16606958,542685
0,72,1.718075209000002,0,85417,42,16592125,528723
0,73,1.7345037500000018,0,74875,42,16483792,542485
0,74,1.7512645840000012,0,68083,41,16697042,556247
0,75,1.767877459000001,0,64334,42,16695291,556247
0,76,1.7851247920000013,0,61458,42,16695667,556247
0,77,1.8013273749999996,0,64250,42,16694500,530277
0,78,1.8181390420000021,0,64375,42,16798791,556247
0,79,1.8346956250000019,0,68709,0,16497125,528723
0,80,1.8514342090000007,0,73917,84,16778791,559345
0,81,1.8681660420000021,0,68125,0,16713209,542537
0,82,1.8847947090000012,0,75458,83,16581042,542485
0,83,1.9014085420000022,0,63709,83,16695458,556447
0,84,1.9180879590000011,0,65708,41,16694500,556247
0,85,1.9350762920000015,0,59875,83,16600625,556247
0,86,1.951320625000001,0,58166,125,16596083,543839
0,87,1.9680567090000025,0,62209,42,16694208,542485
0,88,1.9846797090000017,0,69500,42,16590834,542485
0,89,2.001242584,0,67041,0,16596500,528923
0,90,2.018116667000001,0,72167,42,16894500,542485
0,91,2.0347990839999994,0,65583,42,16696458,556247
0,92,2.0511915840000015,0,65000,42,16394625,542485
0,93,2.0681077500000029,0,61500,83,16908875,556299
0,94,2.0846299170000009,0,64708,41,16379833,542485
0,95,2.1011197920000022,0,75208,41,16589583,533375
0,96,2.1180067089999994,0,65208,42,16899417,556247
0,97,2.1346317920000004,0,63666,125,16599209,556247
0,98,2.1512802920000027,0,71333,42,16692917,556247
0,99,2.1679087500000023,0,59041,166,16598292,556247
0,100,2.1849027500000027,0,64375,41,16888750,542485
0,101,2.201330917,0,70667,41,16493917,542685
0,102,2.2177918749999996,0,64375,125,16490417,542485
0,103,2.2347750000000026,0,67042,208,16899459,556247
0,104,2.2512458750000022,0,75250,42,16492625,530077
0,105,2.268105875,0,68584,83,16891666,556299
0,106,2.28472425,0,63417,42,16598000,556247
0,107,2.3012490000000021,0,62208,42,16595334,556447
0,108,2.3180056670000013,0,60500,0,16701375,542485
0,109,2.334567584000002,0,66292,125,16494375,542485
0,110,2.3513396670000013,0,69833,41,16787208,542485
0,111,2.368030417,0,65000,0,16700750,545743
0,112,2.38461225,0,65083,41,16588833,556247
0,113,2.401189875,0,57291,209,16596583,544039
0,114,2.4179657920000004,0,65000,41,16705334,528723
0,115,2.434789834,0,69417,42,16809583,542485
0,116,2.4511560420000009,0,77083,42,16375125,514961
0,117,2.4678634170000002,0,70834,41,16689083,556299
0,118,2.4846004590000028,0,68792,0,16715291,542485
0,119,2.5015800840000004,0,66042,0,16978167,556447
0,120,2.5181828750000008,0,79084,42,16600000,528723
0,121,2.5347182090000011,0,72458,41,16273834,184673
0,122,2.551124625,0,69417,42,16580209,199789
0,123,2.5679957090000016,0,69291,42,16677583,198435
0,124,2.5846475840000025,0,80583,83,16744958,143387
0,125,2.6012667920000005,0,73625,0,16734917,171111
0,126,2.617860125,0,65666,41,16603334,146485
0,127,2.6346726670000002,0,66375,0,16697667,157149
0,128,2.6514493750000021,0,65417,41,16437291,184673
0,129,2.6679959590000024,0,88500,83,16706333,170911
0,130,2.6849200840000016,0,83458,41,16842167,143439
0,131,2.7011230000000026,0,76042,42,16305375,144941
0,132,2.7182156669999991,0,70625,42,17048417,157149
0,133,2.7344979999999985,0,83125,83,16405500,157149
0,134,2.7513295840000005,0,76750,41,16777125,157149
0,135,2.7682740000000017,0,79625,42,16704083,170911
0,136,2.784695334000002,0,78583,42,16569416,143387
0,137,2.8014087090000039,0,77208,42,16653291,157349
0,138,2.8179481250000045,0,146958,0,16623291,170911
0,139,2.8347678750000007,0,78083,42,16833250,129625
0,140,2.8513487090000034,0,73917,83,16547542,172265
0,141,2.8680251249999991,0,104083,208,16603667,170911
0,142,2.8845943750000025,0,82709,41,16711375,146537
0,143,2.9011505000000035,0,73792,125,16604500,184873
0,144,2.9178373750000013,0,70750,41,16727541,170911
0,145,2.9345392500000038,0,70041,41,16558208,184673
0,146,2.9512430840000015,0,76041,42,16704541,184673
0,147,2.9681575000000002,0,75750,0,16808458,170911
0,148,2.9846098750000003,0,117000,83,16472125,170911
0,149,3.001557709,0,81792,42,16926292,144941
0,150,3.0179541670000027,0,74167,42,16417083,170911
0,151,3.034758,0,83750,0,16755750,157149
0,152,3.0518460000000012,0,143208,41,16585708,170911
0,153,3.0680472919999993,0,165125,0,16582084,157149
0,154,3.0845009170000033,0,82875,41,16551042,157201
0,155,3.1014696250000036,0,76208,41,16908500,171111
0,156,3.1181178339999995,0,87875,42,16699583,157149
0,157,3.1346943749999987,0,80375,83,16625792,160247
0,158,3.1513807499999977,0,77500,84,16630250,158503
0,159,3.1678462920000037,0,81250,42,16521292,143387
0,160,3.1847064590000009,0,103959,41,16754167,157149
0,161,3.2013321670000003,0,87750,41,16759459,157349
0,162,3.217962042,0,80458,42,16540250,157149
0,163,3.2346087919999995,0,92333,0,16680125,143387
0,164,3.2514039170000011,0,88916,84,16707583,157149
0,165,3.2681686670000012,0,79959,42,16714708,157149
0,166,3.2854529170000042,0,79959,83,17076833,143439
0,167,3.3014819590000037,0,79958,42,16102958,144941
0,168,3.3180392919999981,0,94875,0,16698250,143387
0,169,3.3347913749999982,0,80750,83,16666625,157149
0,170,3.3514807500000039,0,83750,84,16690167,157149
0,171,3.3679622500000015,0,87166,167,16494375,157149
0,172,3.3847212500000019,0,93709,0,16831958,157149
0,173,3.4013339169999988,0,82292,42,16623083,160447
0,174,3.4179382500000024,0,87500,42,16613875,170911
0,175,3.4347660420000032,0,116541,0,16791250,157149
0,176,3.4515642090000007,0,80292,41,16601125,158503
0,177,3.468262124999999,0,83291,41,16835583,129625
0,178,3.4846062090000025,0,81375,83,16403291,157201
0,179,3.5012604590000045,0,76458,0,16687084,157349
0,180,3.5184891249999986,0,78000,41,17098625,170911
0,181,3.534643458999998,0,79791,42,16333333,143387
0,182,3.5515327500000033,0,79167,41,16610875,157149
0,183,3.5680350839999981,0,84792,41,16802083,157149
0,184,3.5849686670000018,0,71583,42,16687542,143387
0,185,3.6013835420000042,0,82709,42,16509292,131179
0,186,3.6180833340000014,0,112125,0,16667791,143387
0,187,3.6348335840000026,0,77125,42,16654833,157149
0,188,3.6515528340000039,0,109416,84,16709041,146485
0,189,3.6680704169999991,0,76500,42,16642125,157149
0,190,3.6846339170000029,0,85583,41,16649292,157201
0,191,3.709579417000004,0,72459,41,24786875,157349
0,192,3.7178217919999987,0,115000,125,8364334,74577
0,193,3.734940667,0,95792,42,16871833,170911
0,194,3.7514140000000005,0,79334,42,16557167,158503
0,195,3.7679597499999993,0,77625,83,16752291,157149
0,196,3.7849121250000017,0,75083,0,16641208,170911
0,197,3.8016972920000036,0,141792,250,16830875,143587
0,198,3.8179091250000035,0,74542,42,16364833,143387
0,199,3.8347712499999993,0,111709,292,16815125,157149
0,200,3.8514139169999986,0,79917,41,16676958,157149
0,201,3.8680607090000017,0,77042,42,16584750,157149
0,202,3.8843944169999993,0,84917,0,16352542,157201
0,203,3.9012682090000048,0,72875,42,16865708,172465
0,204,3.9179703749999994,0,98625,41,16659833,160247
0,205,3.9347227919999987,0,88584,42,16782750,157149
0,206,3.9513438340000029,0,78250,83,16657125,157149
0,207,3.9679978749999982,0,76625,83,16615125,157149
0,208,3.9847728750000009,0,78375,0,16726417,157149
0,209,4.0015335420000007,0,85708,41,16569083,143587
0,210,4.0177050419999993,0,134583,0,16394708,143387
0,211,4.0344279590000021,0,114292,42,16658542,170911
0,212,4.0511790000000012,0,79541,42,16758708,172265
0,213,4.0680000840000012,0,118709,41,16904334,157149
0,214,4.0848013750000014,0,84750,0,16677167,157201
0,215,4.101454125,0,85875,0,16668792,157349
0,216,4.1179759590000025,0,78084,83,16551958,157149
0,217,4.1347026249999992,0,120458,42,16740708,157149
0,218,4.151309459,0,74416,42,16690333,157149
0,219,4.1680306250000037,0,70708,83,16683458,160247
0,220,4.1847909590000008,0,73000,42,16646958,157149
0,221,4.2011716250000042,0,100542,41,16385125,144941
0,222,4.217891792,0,116791,41,16763958,157149
0,223,4.2346957500000038,0,114584,83,16779792,157149
0,224,4.2511817920000006,0,75333,42,16559541,157149
0,225,4.268065042,0,72750,0,16830500,157149
0,226,4.284723666999998,0,75167,83,16609584,157201
0,227,4.3013160840000033,0,83459,83,16501500,157349
0,228,4.3180238339999981,0,81417,42,16806000,157149
0,229,4.3347264589999988,0,112667,0,16656083,157149
0,230,4.3511476670000029,0,80708,83,16449625,158503
0,231,4.3680656250000034,0,108083,42,16875875,170911
0,232,4.3847350840000026,0,91666,334,16673750,157149
0,233,4.4015829170000025,0,74959,0,16642958,157349
0,234,4.418099584,0,78875,0,16674750,157149
0,235,4.4347565000000024,0,81958,83,16702875,160247
0,236,4.4513077500000016,0,75708,0,16584875,157149
0,237,4.4675391670000018,0,88084,84,16298708,157149
0,238,4.4847076250000022,0,72458,166,17050459,170963
0,239,4.5012951250000022,0,88333,250,16681458,158703
0,240,4.5179526669999994,0,71375,166,16551125,157149
0,241,4.534654917000001,0,111292,42,16729916,157149
0,242,4.5510784170000029,0,74459,0,16395417,157149
0,243,4.5677919170000045,0,76208,167,16706208,157149
0,244,4.5846810420000033,0,78250,166,16858625,157149
0,245,4.6013013340000022,0,77416,0,16697583,157349
0,246,4.617976500000001,0,77750,42,16601250,157149
0,247,4.634716459,0,80125,0,16729750,157149
0,248,4.651346292000003,0,100875,41,16662625,158503
0,249,4.667609125000002,0,74000,42,16308250,157149
0,250,4.6845715000000006,0,72250,84,16829333,174061
0,251,4.701340667,0,111625,42,16827625,157349
0,252,4.7175851250000029,0,85083,83,16330125,157149
0,253,4.7347049169999984,0,77042,167,17028250,170911
0,254,4.7513497089999994,0,77166,0,16676541,157149
0,255,4.7679449590000011,0,74417,0,16409333,157149
0,256,4.785014084,0,114834,0,16987000,143387
0,257,4.801538417,0,77417,41,16637500,158703
0,258,4.8180610840000035,0,76459,0,16525917,143387
0,259,4.8348957090000049,0,81708,42,16770541,143387
0,260,4.8509019590000015,0,82208,0,16211667,157149
0,261,4.8679985840000022,0,75958,166,17032709,170911
0,262,4.8847282499999984,0,76708,41,16532208,157201
0,263,4.9012577919999991,0,81417,0,16727209,157349
0,264,4.9181305,0,77792,42,16701916,170911
0,265,4.9349046249999979,0,80542,0,16682875,157149
0,266,4.9517663750000018,0,78375,42,16976667,172265
0,267,4.9680705839999995,0,74584,0,16427042,143387
0,268,4.9847863340000025,0,105750,83,16577041,157149
0,269,5.0011825840000022,0,72792,84,16513750,171111
0,270,5.018037875000001,0,80083,42,16810792,170911
0,271,5.0344752090000036,0,79667,42,16452250,170911
0,272,5.0510826250000029,0,73542,0,16599541,184673
0,273,5.0680010420000023,0,75000,42,16807000,170911
0,274,5.0845091670000038,0,78792,41,16563834,170963
0,275,5.10185675,0,73000,42,16960416,165435
0,276,5.1181197500000017,0,73416,41,16494833,171257
0,277,5.1348153749999987,0,77417,42,16705125,129625
0,278,5.1514424999999981,0,80208,0,16632250,143387
0,279,5.1679443340000013,0,75667,42,16661625,143387
0,280,5.184656958999998,0,71750,0,16551041,157149
0,281,5.201374334000004,0,77833,42,16708084,171111
0,282,5.218087125,0,80583,0,16754584,157149
0,283,5.234880084,0,98208,41,16666125,170911
0,284,5.2519382499999985,0,76250,84,16638833,157149
0,285,5.267922875,0,76250,42,16575500,172265
0,286,5.2846195419999979,0,81875,0,16553667,170963
0,287,5.3010782920000032,0,86042,41,16616625,157349
0,288,5.3180745839999979,0,126375,42,16910958,157149
0,289,5.3344988339999979,0,74541,0,16574291,170911
0,290,5.3511615,0,77583,42,16601333,170911
0,291,5.3680105000000005,0,96542,166,16687334,184713
0,292,5.3846182920000025,0,74709,166,16672250,170911
0,293,5.4012286670000016,0,122417,42,16621458,171111
0,294,5.417887042,0,104250,83,16703583,172265
0,295,5.4346133340000016,0,92208,0,16703709,184673
0,296,5.4512384170000026,0,86291,42,16607542,170911
0,297,5.4678482920000029,0,112333,41,16647708,170911
0,298,5.484945,0,83708,42,16831166,170963
0,299,5.5012350420000011,0,83667,42,16245042,171111
0,300,5.5173012089999993,0,93375,42,16306250,157149
0,301,5.5346627089999991,0,78833,42,17400084,170911
0,302,5.551309084,0,109834,42,16632666,157149
0,303,5.5680609590000039,0,77917,42,16723250,158503
0,304,5.5842147920000009,0,75791,0,16140625,157149
0,305,5.601296709,0,110959,42,17096625,171111
0,306,5.617867334,0,75333,167,16668000,157149
0,307,5.634627667,0,87875,84,16520708,157149
0,308,5.651344667,0,79000,0,16814958,143387
0,309,5.667778166999998,0,75750,41,16396791,157149
0,310,5.6846327500000022,0,87000,167,16747375,170963
0,311,5.7013709589999984,0,120791,41,16792041,157349
0,312,5.7180650839999991,0,76250,41,16723458,158503
0,313,5.734466375,0,80208,42,16305834,157149
0,314,5.7514838340000018,0,72084,41,16981916,157149
0,315,5.768006500000002,0,87500,0,16605584,143387
0,316,5.7848358750000024,0,81333,0,16750375,157149
0,317,5.8011594590000009,0,75583,83,16521834,143587
0,318,5.8179459590000029,0,83125,83,16735750,157149
0,319,5.83463025,0,74125,84,16696667,157149
0,320,5.8513177090000035,0,75584,42,16654417,157149
0,321,5.868088334000003,0,84334,41,16705750,144741
0,322,5.8850285420000041,0,77292,41,16760625,143387
0,323,5.901298624999999,0,74834,42,16431083,143639
0,324,5.9189182500000008,0,76958,125,17614750,157149
0,325,5.9348211250000027,0,72667,42,15890916,115863
0,326,5.9515824590000044,0,85625,0,16474375,143387
0,327,5.9680056670000035,0,90333,42,16830833,143387
0,328,5.9848499589999982,0,76125,41,16600791,157149
0,329,6.0012912500000049,0,83667,42,16546125,157349
0,330,6.018132750000003,0,104833,42,16786542,158503
0,331,6.034761,0,112541,42,16648708,157149
0,332,6.0515890000000034,0,88083,83,16715708,157149
0,333,6.0681091669999994,0,77000,42,16713125,143387
0,334,6.0845376670000029,0,81167,41,16342666,157149
0,335,6.1012979590000036,0,80459,42,16837666,157401
0,336,6.117957624999999,0,75708,42,16674458,157149
0,337,6.134648459000001,0,77583,125,16601750,157149
0,338,6.151514834,0,85042,42,16833958,143387
0,339,6.1680223340000033,0,81916,41,16554417,144741
0,340,6.1848280839999994,0,81459,41,16777584,143387
0,341,6.2012825000000014,0,75375,41,16538041,157349
0,342,6.2179882090000014,0,77875,42,16546792,157149
0,343,6.2347383750000027,0,100417,41,16782292,157149
0,344,6.2513316669999988,0,106750,84,16653667,157149
0,345,6.2679318749999986,0,79792,41,16667916,170911
0,346,6.2851557920000012,0,81042,0,16666916,157149
0,347,6.3014502089999986,0,94750,42,16665625,143639
0,348,6.3179794590000036,0,86125,42,16649916,158503
0,349,6.3346448749999986,0,80792,41,16652209,157149
0,350,6.3512807090000045,0,114542,250,16646375,170911
0,351,6.3678881250000039,0,105459,42,16608125,143387
0,352,6.3849589170000023,0,81583,42,16765500,170911
0,353,6.4013223340000032,0,80250,84,16639583,143587
0,354,6.4180885,0,74833,0,16747292,143387
0,355,6.4347358750000048,0,83667,41,16531167,157149
0,356,6.4512700000000045,0,82625,42,16705041,157149
0,357,6.4680109170000044,0,72458,41,16638708,186027
0,358,6.4847159169999991,0,77125,83,16609792,157149
0,359,6.5012523750000035,0,76625,42,16627291,143639
0,360,6.5180042920000041,0,86333,42,16789291,170911
0,361,6.5344701669999985,0,73250,41,16458667,170911
0,362,6.551277792000004,0,117000,0,16855083,170911
0,363,6.5680204999999994,0,76042,84,16653083,157149
0,364,6.5845751670000006,0,73916,42,16454833,170911
0,365,6.6012147500000005,0,112083,292,16743334,157349
0,366,6.618044334,0,79583,83,16725375,158503
0,367,6.6346434999999992,0,78125,41,16683625,157149
0,368,6.6512874170000025,0,76709,0,16649083,157149
0,369,6.6678571250000012,0,74875,42,16493208,157149
0,370,6.6847837920000011,0,86500,0,16713042,170911
0,371,6.7011667919999987,0,88708,42,16656000,171163
0,372,6.7179706250000031,0,77208,0,16772167,157149
0,373,6.7345447090000015,0,72709,42,16512750,170911
0,374,6.7512795420000025,0,79666,42,16851000,170911
0,375,6.7677920840000034,0,71833,0,16496459,172265
0,376,6.7847069170000047,0,72250,42,16656958,184673
0,377,6.8012350419999983,0,74292,42,16648750,171111
0,378,6.8180384590000038,0,74792,42,16823083,170911
0,379,6.8344207090000033,0,112583,42,16503333,170911
0,380,6.851089667,0,73209,125,16649791,170911
0,381,6.8679350420000027,0,75333,0,16830667,170911
0,382,6.8845606250000024,0,73750,42,16509959,170911
0,383,6.901063417,0,68750,42,16639708,184925
0,384,6.9177964999999979,0,75583,41,16683167,186027
0,385,6.934514625000002,0,68000,42,16666833,184673
0,386,6.9513264170000006,0,104209,42,16822375,170911
0,387,6.9678642500000016,0,69959,42,16498042,170911
0,388,6.9846716250000007,0,72083,42,16638834,170911
0,389,7.0013121669999983,0,74834,84,16804166,157349
0,390,7.017706792000002,0,76875,41,16499541,170911
0,391,7.0345013750000014,0,68292,41,16654208,184673
0,392,7.051253875000004,0,77875,42,16806417,157149
0,393,7.0677934170000007,0,84084,42,16521125,158503
0,394,7.084473500000005,0,110584,42,16686834,184673
0,395,7.1012116670000047,0,74666,125,16786208,171163
0,396,7.1179299590000049,0,72875,0,16537583,170911
0,397,7.1344823340000012,0,73292,0,16658125,170911
0,398,7.1511150420000043,0,68959,42,16645000,170911
0,399,7.1679858750000029,0,72458,0,16859042,170911
0,400,7.1846912500000037,0,75125,0,16545375,157149
0,401,7.2012905000000025,0,108375,0,16650875,157349
0,402,7.2179909169999981,0,81209,42,16629083,158503
0,403,7.2345821249999993,0,77792,41,16727083,157149
0,404,7.2513099170000039,0,78750,42,16712333,170911
0,405,7.2679640000000028,0,72917,209,16457792,170911
0,406,7.284721667000003,0,81125,41,16869208,170911
0,407,7.301353792000004,0,76083,42,16600583,157401
0,408,7.3181042090000012,0,89500,0,16560417,170911
0,409,7.334713666999999,0,133792,333,16746541,157149
0,410,7.3513707500000045,0,77333,0,16700959,157149
0,411,7.3680151669999994,0,73500,41,16542000,158503
0,412,7.384927584,0,80500,83,16849042,157149
0,413,7.4011707919999985,0,95625,0,16418792,171111
0,414,7.4179283339999991,0,106292,83,16753167,170911
0,415,7.4345243339999989,0,74416,84,16573292,170911
0,416,7.451361834,0,74375,42,16751417,157149
0,417,7.467967542,0,75292,42,16688000,157149
0,418,7.4847980420000049,0,77375,42,16639125,170911
0,419,7.501302917,0,76000,83,16590584,171163
0,420,7.5179254590000006,0,75042,83,16621500,158503
0,421,7.5347561250000048,0,86459,83,16805958,157149
0,422,7.551406250000003,0,81250,83,16706167,157149
0,423,7.568142500000004,0,83417,0,16661167,157149
0,424,7.5847025000000023,0,77042,0,16599833,157149
0,425,7.6012693340000048,0,111834,84,16678208,157349
0,426,7.6180974170000049,0,77792,42,16627250,170911
0,427,7.6347707920000012,0,75750,42,16678583,157149
0,428,7.6512853750000041,0,77417,42,16701000,157149
0,429,7.6680721249999984,0,76958,0,16724000,158503
0,430,7.68465625,0,74542,41,16506291,143387
0,431,7.7014056669999995,0,110208,41,16677083,157401
0,432,7.717856292000004,0,74500,42,16728833,157149
0,433,7.734548292000003,0,73750,41,16597417,157149
0,434,7.751488667,0,96958,208,16764250,157149
0,435,7.7680225000000043,0,75250,42,16594417,157149
0,436,7.7846902500000006,0,110208,84,16645458,157149
0,437,7.8012975420000039,0,84833,42,16674250,157349
0,438,7.818146500000001,0,88209,83,16741750,158503
0,439,7.8346327500000008,0,79333,41,16549708,157149
0,440,7.8512261670000036,0,80166,42,16678750,157149
0,441,7.8681687499999988,0,72583,83,16667042,170911
0,442,7.885081667000005,0,80875,125,16650917,143387
0,443,7.901377084,0,91583,42,16655292,143639
0,444,7.917957916999999,0,73917,125,16669291,157149
0,445,7.934458375000002,0,77916,83,16470083,170911
0,446,7.9513511670000021,0,102375,84,16892250,170911
0,447,7.968050834,0,75833,83,16734542,172265
0,448,7.9846882920000049,0,73250,41,16555625,157149
0,449,8.0012288339999991,0,74708,41,16636833,157349
0,450,8.01794825,0,69875,84,16686958,157149
0,451,8.034577875,0,75666,84,16597375,157149
0,452,8.051276375000004,0,86125,42,16607791,143387
0,453,8.0680750840000037,0,78166,0,16736833,157149
0,454,8.0847654170000034,0,79792,84,16648167,157149
0,455,8.101334542,0,79917,42,16604375,143639
0,456,8.1180319590000032,0,82000,41,16791750,172265
0,457,8.1349403750000029,0,72750,41,16675833,157149
0,458,8.1516110839999989,0,77833,0,16732583,143387
0,459,8.168112417,0,76416,41,16566542,157149
0,460,8.184656,0,76667,0,16629500,157149
0,461,8.2013331250000014,0,83167,42,16625416,157349
0,462,8.2178471250000023,0,79000,42,16580291,129625
0,463,8.2347893750000019,0,79208,42,16779917,170911
0,464,8.2513765840000026,0,77125,0,16624916,157149
0,465,8.268755291999998,0,76666,42,17014458,165235
0,466,8.2849247089999984,0,77417,83,16370208,143733
0,467,8.3014685000000021,0,77916,166,16665292,157401
0,468,8.3180025419999986,0,79291,83,16580250,143387
0,469,8.334691000000003,0,112958,42,16576334,157149
0,470,8.351278417,0,78583,41,16787500,157149
0,471,8.367951625,0,76583,83,16644417,157189
0,472,8.3846840000000036,0,77542,42,16624125,170911
0,473,8.401416125,0,75625,83,16723667,157349
0,474,8.418220834,0,80208,42,16622208,165235
0,475,8.4349526250000046,0,69666,83,16717417,164179
0,476,8.451302584,0,97834,125,16632875,157149
0,477,8.4679595000000027,0,74167,84,16669917,157149
0,478,8.4845952090000019,0,74542,83,16633000,170911
0,479,8.501280542,0,70791,0,16649708,157401
0,480,8.5179318749999986,0,86500,0,16645625,157149
0,481,8.5344518749999985,0,76209,250,16531625,184673
0,482,8.551396125,0,83334,166,16820875,157149
0,483,8.5680574999999983,0,75250,41,16302042,157149
0,484,8.584798334000002,0,74542,42,17013416,158503
0,485,8.6012843750000023,0,76333,83,16644291,143587
0,486,8.6180039590000028,0,111583,83,16670041,157149
0,487,8.6346552500000051,0,81709,42,16682042,157149
0,488,8.6512334170000038,0,75792,41,16663250,157149
0,489,8.6681664590000018,0,72916,42,16663833,170911
0,490,8.6847191250000044,0,78083,83,16522917,157149
0,491,8.701164834,0,86583,84,16530000,157401
0,492,8.7182284589999988,0,114834,41,16648917,157149
0,493,8.7346860420000034,0,74208,42,16859625,144741
0,494,8.7513041670000042,0,91875,42,16717084,157149
0,495,8.767987334,0,81083,83,16636458,157149
0,496,8.7845720420000042,0,75125,42,16649458,143387
0,497,8.801288959,0,72792,42,16664125,143587
0,498,8.8179463340000019,0,74958,167,16679875,157149
0,499,8.8346101670000046,0,76542,0,16691166,170911
0,500,8.851349875,0,73458,42,16625416,157149
0,501,8.8687190419999986,0,72541,0,16684625,157149
0,502,8.88469125,0,71708,84,16623542,144741
0,503,8.901120959,0,88166,84,16481000,157401
0,504,8.917938959,0,84250,167,16817041,157149
0,505,8.9345375000000011,0,75750,84,16690167,157149
0,506,8.9513364170000038,0,73000,42,16666958,170911
0,507,8.9681410839999991,0,75459,125,16675917,157149
0,508,8.9846959590000033,0,75125,83,16646166,157149
0,509,9.0013028340000041,0,93250,125,16653541,157349
0,510,9.0178768750000025,0,80750,83,16599417,143387
0,511,9.034856958999999,0,88875,0,16733125,158503
0,512,9.0514045,0,79084,0,16774333,143387
0,513,9.0678872500000018,0,72000,0,16475333,157149
0,514,9.084641709,0,76584,42,16703375,157149
0,515,9.1012567920000045,0,86292,125,16607542,157401
0,516,9.1179253340000024,0,78500,42,16724167,157149
0,517,9.134589625,0,94167,42,16663333,157149
0,518,9.1512004170000019,0,76959,83,16651958,157149
0,519,9.1679153750000033,0,71542,0,16659959,170911
0,520,9.1846534170000034,0,75958,42,16624542,172265
0,521,9.201302167000005,0,84292,41,16706417,157349
0,522,9.2180371670000021,0,71125,42,16695125,157149
0,523,9.2345830000000042,0,84750,41,16591083,143387
0,524,9.2514074590000028,0,77500,42,16799208,157149
0,525,9.268086334,0,78875,41,16573416,157149
0,526,9.284597834,0,83500,83,16623667,143387
0,527,9.3013046250000038,0,73250,41,16683291,157401
0,528,9.317877,0,78167,42,16624750,157149
0,529,9.3345580000000048,0,72125,167,16625625,158503
0,530,9.3513020420000039,0,84916,208,16683083,170911
0,531,9.3680325000000018,0,79916,41,16682250,157149
0,532,9.3848227090000016,0,118875,84,16747166,143387
0,533,9.401270209,0,86500,84,16609208,157349
0,534,9.417917,0,74000,42,16628291,157149
0,535,9.4345876250000025,0,75417,42,16634416,157149
0,536,9.4512661670000035,0,75250,83,16675709,157149
0,537,9.467890375,0,73167,42,16578250,197413
0,538,9.4846429590000021,0,72666,125,16683666,158503
0,539,9.501278917000004,0,85125,42,16672209,157401
0,540,9.51788925,0,94291,166,16682167,157149
0,541,9.5345662090000012,0,72458,125,16667875,157149
0,542,9.551244417000003,0,79958,84,16627209,157149
0,543,9.5679035840000033,0,79833,0,16674583,170911
0,544,9.584743042000003,0,76458,41,16647250,170911
0,545,9.6012791670000048,0,77208,42,16636375,157349
0,546,9.6179778340000048,0,76833,0,16719541,157149
0,547,9.634590584000005,0,77125,250,16557083,172265
0,548,9.6512182090000032,0,94541,41,16660458,157149
0,549,9.6680937920000041,0,116709,42,16770333,157149
0,550,9.6847146250000016,0,77709,41,16636916,143387
0,551,9.701318292,0,80209,42,16659125,157401
0,552,9.7179113750000035,0,90333,41,16652750,157149
0,553,9.7347692090000031,0,75708,42,16604042,157149
0,554,9.7514832500000033,0,78833,83,16870167,157149
0,555,9.7679498750000029,0,84583,166,16537583,157149
0,556,9.7847145840000032,0,79666,0,16597625,186027
0,557,9.801279417,0,87000,42,16719542,157349
0,558,9.817920417,0,98541,167,16607291,157149
0,559,9.834675209,0,75000,42,16711833,157149
0,560,9.8513416670000034,0,77292,83,16566125,143387
0,561,9.8679434170000029,0,79834,41,16643666,157149
0,562,9.8849157500000011,0,77333,42,16720250,157149
0,563,9.9012280420000032,0,86334,0,16542666,143639
0,564,9.9183487090000035,0,80750,41,16878458,143387
0,565,9.935116042,0,79708,42,16620292,144741
0,566,9.9514609589999985,0,101417,0,16553875,143387
0,567,9.9678216669999991,0,89584,42,16614125,157149
0,568,9.9846928340000041,0,73000,41,16566916,170911
0,569,10.001488167000002,0,79417,83,16939875,157349
0,570,10.018289124999999,0,78042,0,16629292,143387
0,571,10.034928292,0,86792,0,16609208,143387
0,572,10.051333042,0,83750,0,16681958,157149
0,573,10.068064667000005,0,79042,83,16655209,157149
0,574,10.084561292,0,79750,42,16604625,158503
0,575,10.101226792000002,0,77333,0,16723125,171163
0,576,10.117958250000004,0,87958,41,16724167,157149
0,577,10.134658292000001,0,72583,42,16612792,170911
0,578,10.151180542000002,0,73542,42,16698333,157149
0,579,10.167878875000003,0,68375,41,16657083,157149
0,580,10.184562000000003,0,72959,42,16554875,170911
0,581,10.201525792000002,0,73542,42,16876875,171111
0,582,10.217868750000004,0,107791,42,16519125,157149
0,583,10.234447834000004,0,72292,42,16507167,158503
0,584,10.25138875,0,96167,250,16875917,157149
0,585,10.267949250000004,0,91125,83,16583042,157149
0,586,10.28475775,0,69333,0,16622792,170911
0,587,10.301238667000003,0,79709,42,16588208,157401
0,588,10.318022917000004,0,114458,0,16730708,157149
0,589,10.334746042000003,0,77125,41,16785792,143387
0,590,10.351265584,0,77084,83,16533792,157149
0,591,10.368003625000004,0,74292,42,16640000,157149
0,592,10.384588834000002,0,77000,42,16599500,158503
0,593,10.401028959000005,0,75375,0,16492959,157349
0,594,10.417840167000005,0,77416,83,16862583,157149
0,595,10.43453225,0,73083,0,16685333,157149
0,596,10.451332000000004,0,72541,42,16639833,157149
0,597,10.467983125,0,78000,41,16695708,157149
0,598,10.484779625000005,0,72875,0,16657875,157149
0,599,10.501407541999999,0,84209,42,16653458,143587
0,600,10.518041209,0,79125,42,16599666,157201
0,601,10.534808250000001,0,84583,41,16766875,144741
0,602,10.551281084,0,87292,42,16533917,157149
0,603,10.568029042000003,0,78542,41,16703917,157149
0,604,10.584760709000005,0,83250,42,16707583,157149
0,605,10.601189417000004,0,83167,42,16568208,143587
0,606,10.617795500000003,0,78084,0,16578125,157149
0,607,10.634628792000004,0,83250,42,16822458,157149
0,608,10.651331542000005,0,84208,209,16652333,157149
0,609,10.668059584000002,0,76084,42,16689042,157149
0,610,10.684617208999999,0,73208,42,16498000,158503
0,611,10.701291667000003,0,78292,42,16745375,143587
0,612,10.718011167000004,0,80666,42,16701875,157201
0,613,10.734497709,0,114750,42,16596375,129625
0,614,10.751332459,0,78458,42,16641750,170911
0,615,10.768109959000004,0,105917,42,16885334,157149
0,616,10.784602875000001,0,81167,125,16480459,143387
0,617,10.801394125000005,0,82167,42,16733375,157349
0,618,10.817922124999999,0,93458,83,16638375,157149
0,619,10.834692667000002,0,79458,42,16753000,158503
0,620,10.851244209000004,0,74666,0,16556375,157149
0,621,10.867972709000004,0,91209,42,16605791,157149
0,622,10.884671917000002,0,82667,42,16766125,157149
0,623,10.901278292000004,0,79750,42,16637166,157349
0,624,10.918017667000004,0,75583,42,16655500,157201
0,625,10.934767292,0,76958,42,16770750,143387
0,626,10.951453167,0,72667,41,16537541,157149
0,627,10.968028375,0,85917,42,16660333,157149
0,628,10.984615999999999,0,103750,42,16613875,158503
0,629,11.001275792000005,0,82292,42,16683208,166033
0,630,11.017860459000001,0,75250,0,16627042,157149
0,631,11.034707625,0,79208,41,16731459,170911
0,632,11.051359667000003,0,82833,41,16666042,157149
0,633,11.067967208999999,0,75791,41,16653709,157149
0,634,11.084640084000004,0,76125,83,16664083,157149
0,635,11.101290667000004,0,75209,41,16583959,157349
0,636,11.118225542000001,0,80500,42,16820084,143439
0,637,11.134541709,0,76417,41,16490000,172265
0,638,11.151203375000005,0,74958,41,16686667,170911
0,639,11.167967792000002,0,83125,167,16659333,157149
0,640,11.184614709000005,0,116458,42,16654250,157149
0,641,11.201163709000003,0,74708,42,16612917,157349
0,642,11.217970542,0,73084,42,16773375,170911
0,643,11.234585667000001,0,76792,41,16607042,157149
0,644,11.251256209000001,0,82667,0,16659292,157149
0,645,11.267897125000001,0,78833,41,16668833,157149
0,646,11.284592667000002,0,70666,83,16616709,172265
0,647,11.301448417,0,85166,0,16668458,157349
0,648,11.317951417,0,90250,42,16696166,157201
0,649,11.334599459,0,86709,41,16625625,157149
0,650,11.351199875000002,0,84792,42,16673834,143387
0,651,11.367930084000005,0,75958,41,16602250,157189
0,652,11.384636084000004,0,77416,41,16751416,157149
0,653,11.401438542000005,0,116292,0,16684125,157349
0,654,11.417978167000005,0,79500,42,16646000,157149
0,655,11.434908334000003,0,80083,0,16688625,165235
0,656,11.451228666999999,0,75333,125,16612583,164179
0,657,11.467908167000001,0,77250,41,16687917,157149
0,658,11.484592209000002,0,70459,250,16610667,157149
0,659,11.501246417,0,74000,42,16758750,143587
0,660,11.517894209000001,0,69875,0,16600750,157201
0,661,11.534523250000003,0,75000,0,16473167,143387
0,662,11.551289708999999,0,81250,167,16880042,143387
0,663,11.567905625000005,0,75875,41,16583750,157149
0,664,11.585237500000002,0,72667,125,16847792,165235
0,665,11.601195125,0,76083,83,16346375,143933
0,666,11.617986792,0,111875,500,16723791,157149
0,667,11.634559959000004,0,121667,250,16758500,157149
0,668,11.651196125000002,0,79417,125,16627000,157149
0,669,11.667958792000004,0,74125,42,16654458,170911
0,670,11.684683209000003,0,77708,42,16697291,170911
0,671,11.701262750000001,0,79125,42,16642250,157349
0,672,11.717929000000002,0,74500,125,16656917,157201
0,673,11.735045500000002,0,74625,42,16643250,157149
0,674,11.751200334,0,71916,83,16669875,158503
0,675,11.767928792000003,0,86166,125,16613917,157149
0,676,11.7845835,0,77625,84,16565875,157149
0,677,11.801316959000001,0,128875,83,16807958,157349
0,678,11.817893459,0,82708,83,16657958,157149
0,679,11.834539125000003,0,78500,42,16647083,157149
0,680,11.851246917000001,0,78167,83,16689125,157149
0,681,11.867928875,0,79209,0,16629334,157149
0,682,11.885316249999999,0,76375,0,16643417,157149
0,683,11.901203500000005,0,80333,125,16686709,144941
0,684,11.917922125,0,85542,42,16689625,170963
0,685,11.934557959,0,76750,0,16586625,157149
0,686,11.951172250000003,0,88083,83,16682959,157149
0,687,11.968063084000004,0,75042,42,16687375,157149
0,688,11.984564292000005,0,74166,42,16614666,157149
0,689,12.001346584,0,75042,0,16690792,157349
0,690,12.01798775,0,80708,42,16605750,157149
0,691,12.034617874999999,0,117959,42,16623916,157149
0,692,12.051339417000005,0,83666,83,16752833,158503
0,693,12.067989917000002,0,71416,41,16775625,143387
0,694,12.084632041999999,0,68666,125,16546542,170911
0,695,12.101311584000005,0,73042,41,16682375,157349
0,696,12.118007792000004,0,71875,41,16680917,157201
0,697,12.1346715,0,74416,42,16548084,157149
0,698,12.151350500000003,0,74000,41,16725708,157149
0,699,12.167829542000003,0,82625,42,16657792,115863
0,700,12.184565792000004,0,78042,0,16664208,170911
0,701,12.201244542000001,0,82667,84,16557750,158703
0,702,12.217982375000002,0,84833,0,16774000,157149
0,703,12.234464709000004,0,70333,83,16551625,143387
0,704,12.251249084000005,0,75042,42,16667166,157149
0,705,12.267913125000003,0,70916,42,16723166,157149
0,706,12.284827209000003,0,74584,42,16788250,143387
0,707,12.301301124999998,0,70417,83,16451542,157349
0,708,12.317916,0,75792,42,16681917,157201
0,709,12.334470374999999,0,102375,0,16591042,143387
0,710,12.351309875000002,0,74333,42,16746125,158503
0,711,12.368092874999999,0,94000,42,16767250,157149
0,712,12.384629209,0,74667,41,16571833,157149
0,713,12.401645834000004,0,76375,42,16722000,157349
0,714,12.417948042000003,0,87500,42,16610416,157149
0,715,12.434851334000005,0,75500,42,16689417,157149
0,716,12.451268166999998,0,83667,83,16625958,157149
0,717,12.467843834000004,0,75334,41,16625292,157149
0,718,12.484737584000005,0,78000,42,16768917,170911
0,719,12.501639874999999,0,77125,41,16790250,144941
0,720,12.526154334000001,0,116250,41,24524875,143439
0,721,12.534367292000002,0,76416,41,8490000,74577
0,722,12.551194584000005,0,71458,125,16631667,184673
0,723,12.567793417,0,73667,42,16682459,170911
0,724,12.584463667000005,0,80458,42,16645916,184673
0,725,12.601242125000002,0,73667,83,16731250,157349
0,726,12.617811292000003,0,79000,41,16649167,184673
0,727,12.634392834,0,72833,41,16606291,157149
0,728,12.651379834,0,78083,41,16768958,172265
0,729,12.667827249999998,0,74875,41,16485750,170911
0,730,12.684683834000001,0,88500,0,16841791,88339
0,731,12.701234792000005,0,73459,83,16583875,88539
0,732,12.724056542000003,0,119958,0,22784375,88391
0,733,12.735109084000005,0,75875,42,11395500,225959
0,734,12.751230125000003,0,75375,42,16175333,418627
0,735,12.7679285,0,68000,42,16706834,528723
0,736,12.784684500000001,0,64333,0,16693250,542485
0,737,12.801382292000003,0,71208,84,16685375,516515
0,738,12.818032709000004,0,75667,0,16719417,528723
0,739,12.834620000000005,0,67542,42,16569375,528723
0,740,12.851477709000005,0,65667,42,16853417,528723
0,741,12.868167125000003,0,74541,83,16468333,487437
0,742,12.884742625000005,0,86208,41,16672208,514961
0,743,12.901557459,0,71542,0,16789584,515161
0,744,12.918059000000003,0,72291,42,16605500,515013
0,745,12.934894375000002,0,68333,41,16802625,514961
0,746,12.951218792000002,0,70667,41,16271250,502553
0,747,12.967863875000003,0,76500,167,16705541,528723
0,748,12.984797292,0,75584,42,16882000,528723
0,749,13.001395417000001,0,70292,42,16595667,528923
0,750,13.017957542000001,0,70750,83,16607334,528723
0,751,13.034924792000002,0,71459,125,16896584,542485
0,752,13.051464625000005,0,68334,0,16580167,528723
0,753,13.068009458999999,0,70083,42,16516875,501199
0,754,13.085885917000002,0,66125,42,17813834,542485
0,755,13.101415417000002,0,72375,41,15560833,461467
0,756,13.118318750000004,0,68125,125,16900375,528775
0,757,13.134936792000001,0,78167,42,16704375,528723
0,758,13.15145575,0,72917,0,16484541,528723
0,759,13.168183375000002,0,73791,42,16690000,528723
0,760,13.184715833999999,0,74750,42,16508292,501199
0,761,13.201572084000002,0,73625,83,16896084,528923
0,762,13.217836042000005,0,72208,0,16274250,501199
0,763,13.234750792000003,0,73083,0,16887084,556247
0,764,13.251185750000001,0,70292,84,16395083,516315
0,765,13.268099416999998,0,75875,42,16919667,542485
0,766,13.284617125,0,68458,42,16501125,528723
0,767,13.301251875000002,0,70250,42,16661708,528923
0,768,13.318030875000002,0,68958,83,16817750,542537
0,769,13.334878542000002,0,66208,83,16583292,542485
0,770,13.351136167000003,0,94000,0,16480000,514961
0,771,13.368248792,0,74166,250,17005583,556247
0,772,13.384577709000002,0,78875,42,16389250,528723
0,773,13.401345125000002,0,67167,42,16796292,544039
0,774,13.417914499999998,0,69792,0,16598917,542485
0,775,13.434647709,0,65292,42,16689208,528723
0,776,13.451158375000002,0,75292,42,16499792,542485
0,777,13.4679885,0,70500,42,16793417,556247
0,778,13.484833917,0,77333,42,16796167,542485
0,779,13.501155167000004,0,69208,42,16401708,528923
0,780,13.517882875000002,0,70125,0,16691250,542537
0,781,13.534847542000005,0,72667,42,16980459,556247
0,782,13.551149625000004,0,67542,0,16289708,502553
0,783,13.567962667,0,72375,0,16702583,542485
0,784,13.584605333999999,0,70500,42,16679750,542485
0,785,13.601428584,0,67292,0,16909541,556447
0,786,13.617836959000005,0,66833,125,16423458,528723
0,787,13.634663084,0,68292,42,16778709,556247
0,788,13.651227334000001,0,69458,42,16567750,542485
0,789,13.667875375000005,0,69625,42,16609584,528723
0,790,13.684584667,0,67084,84,16683459,542485
0,791,13.701260875,0,66208,42,16700709,530277
0,792,13.718069875000001,0,70834,42,16790042,542537
0,793,13.734566791999999,0,73292,42,16501958,542485
0,794,13.751245667000003,0,69250,83,16694625,556247
0,795,13.76786075,0,66500,42,16597708,542485
0,796,13.784785917000004,0,69375,0,16895166,556247
0,797,13.801449000000002,0,71042,41,16683000,542685
0,798,13.817818459000005,0,69375,42,16391708,542485
0,799,13.834588084,0,69083,0,16720291,542485
0,800,13.851427750000003,0,72125,41,16868417,530077
0,801,13.867829375000003,0,65333,0,16398000,542485
0,802,13.884581292000004,0,65667,41,16714333,556247
0,803,13.901218917000005,0,67250,0,16691208,542685
0,804,13.918134417000001,0,70167,41,16875916,556299
0,805,13.934557709,0,67042,41,16399000,528723
0,806,13.951374916999999,0,71000,42,16790083,556247
0,807,13.968038125000003,0,67000,41,16702667,542485
0,808,13.984554459000005,0,66958,125,16482875,542485
0,809,14.001279167000003,0,66000,125,16696333,530277
0,810,14.018287459000003,0,65583,0,16889958,556247
0,811,14.034552375,0,93834,42,16401958,528723
0,812,14.051335292000001,0,67667,0,16808458,556247
0,813,14.068078334000003,0,67917,84,16679583,556247
0,814,14.084740834000005,0,66667,42,16606125,542485
0,815,14.101337791999999,0,71625,42,16685333,556447
0,816,14.118137667000003,0,66917,292,16798584,556299
0,817,14.134603542000004,0,67666,0,16425542,528723
0,818,14.151443541999999,0,66000,42,16849417,543839
0,819,14.16795025,0,70042,41,16497042,542485
0,820,14.184907750000004,0,66042,41,16901208,556247
0,821,14.201375041999999,0,68875,42,16493875,542685
0,822,14.217840375000005,0,65250,0,16492875,542485
0,823,14.234592959,0,67792,41,16791875,556247
0,824,14.251434458999999,0,64625,42,16799917,556247
0,825,14.267996624999999,0,65792,42,16587458,542485
0,826,14.284524584,0,64167,458,16500500,542485
0,827,14.301261542000002,0,60583,0,16691000,544039
0,828,14.318002334000003,0,80417,41,16712000,542537
0,829,14.334677792000004,0,73792,125,16680667,542485
0,830,14.351135792000004,0,76584,42,16493083,528723
0,831,14.367976709,0,66875,42,16697542,542525
0,832,14.384890792000004,0,96250,708,16900166,542485
0,833,14.401430999999999,0,75750,0,16682750,528923
0,834,14.418066667000002,0,69833,41,16605167,542485
0,835,14.4346365,0,70500,42,16494083,528723
0,836,14.451161584000001,0,74417,42,16590250,536949
0,837,14.468082792,0,71958,42,16893709,556247
0,838,14.484675084,0,70750,41,16592459,542485
0,839,14.501194584,0,64083,42,16504916,528923
0,840,14.517960209000005,0,67583,83,16766750,515013
0,841,14.534699875000005,0,71083,83,16724250,528723
0,842,14.551621209,0,80000,41,16890416,542485
0,843,14.568111459000004,0,73917,42,16471708,501199
0,844,14.584792500000002,0,68500,42,16706459,528723
0,845,14.601220875,0,67792,42,16489167,530277
0,846,14.617776917000004,0,68750,42,16591042,556247
0,847,14.634535042,0,62541,0,16695709,556247
0,848,14.651120500000001,0,63792,42,16598750,556247
0,849,14.667769334000003,0,63417,41,16693083,556247
0,850,14.684589124999999,0,58750,209,16703459,556247
0,851,14.701514208999999,0,65750,0,16884000,528923
0,852,14.717828542000003,0,77500,42,16393042,528775
0,853,14.734814375000003,0,70667,0,16921875,542485
0,854,14.7515495,0,71125,41,16780292,502553
0,855,14.767734292000004,0,68458,0,16195000,501199
0,856,14.784856000000001,0,67708,42,17079083,528723
0,857,14.801215166999999,0,67916,0,16400750,542685
0,858,14.81775025,0,62167,41,16591667,556247
0,859,14.834723125,0,57125,41,16993000,570009
0,860,14.851287125000002,0,53625,0,16495459,556247
0,861,14.86790125,0,58541,42,16599209,556247
0,862,14.884864750000002,0,63708,42,16921709,556247
0,863,14.901127709000004,0,65333,208,16267791,530277
0,864,14.918167708999999,0,63875,42,17003667,556299
0,865,14.934663875000002,0,66083,42,16482875,542485
0,866,14.951151625000005,0,66042,42,16494542,542485
0,867,14.96794675,0,66708,42,16802083,556247
0,868,14.984797917000005,0,67792,0,16891625,556247
0,869,15.001132084000002,0,57667,42,16387333,542685
0,870,15.017806417,0,55875,42,16608459,556247
0,871,15.034559250000004,0,65042,125,16691916,542485
0,872,15.051212625000002,0,72250,41,16592167,516315
0,873,15.067873084000002,0,71792,41,16686041,514961
0,874,15.084531084000002,0,70541,42,16705125,556247
0,875,15.101127584,0,64708,41,16595875,556447
0,876,15.117780584000005,0,63208,41,16694958,556299
0,877,15.134762167000002,0,54833,42,16988625,570009
0,878,15.151396375000001,0,54084,41,16597375,556247
0,879,15.167898292,0,63833,42,16390917,542485
0,880,15.184716750000003,0,74750,0,16812500,542485
0,881,15.201424417000002,0,77292,41,16779125,530277
0,882,15.217989042000003,0,67250,41,16514542,528723
0,883,15.234744291999998,0,70875,41,16777500,542485
0,884,15.251161167000003,0,71250,42,16400958,528723
0,885,15.268014042,0,69375,41,16886000,556247
0,886,15.284589834000005,0,70792,42,16601459,556247
0,887,15.301366917,0,56292,42,16783875,556447
0,888,15.317883167000002,0,60333,41,16415833,515013
0,889,15.334725250000002,0,72500,42,16879666,528723
0,890,15.351607417,0,69083,42,16804333,516315
0,891,15.367796625,0,71208,0,16286708,528723
0,892,15.384523084000005,0,66167,84,16696292,556247
0,893,15.401167417,0,60792,42,16692083,556447
0,894,15.417769500000002,0,59375,84,16600250,556247
0,895,15.434741875000004,0,56875,42,16996042,570009
0,896,15.451365500000005,0,54417,84,16594417,556247
0,897,15.467841084000003,0,56583,41,16395416,542485
0,898,15.4848855,0,65500,42,16996292,556247
0,899,15.501261667000005,0,68167,41,16403583,502753
0,900,15.518091209000001,0,67417,84,16786709,528775
0,901,15.534625125000002,0,71667,41,16597083,528723
0,902,15.55133975,0,66000,0,16687958,542485
0,903,15.567956124999998,0,71125,84,16590875,514961
0,904,15.584839584000004,0,74542,0,16901000,556247
0,905,15.601138959,0,60250,41,16292833,542685
0,906,15.617953834000001,0,70292,42,16801833,528723
0,907,15.634538375000002,0,70584,0,16583292,542485
0,908,15.651393375000001,0,72625,0,16805500,530077
0,909,15.667968500000004,0,70333,84,16594458,528723
0,910,15.684613125000002,0,70125,41,16596292,528723
0,911,15.701158875,0,70625,42,16589917,542685
0,912,15.717766625,0,66917,125,16691916,556299
0,913,15.734731917000001,0,61041,42,16992333,570009
0,914,15.751390542,0,55709,84,16601541,556247
0,915,15.768054375000002,0,59666,42,16692959,556247
0,916,15.784828084,0,57875,0,16696708,556247
0,917,15.801148542000004,0,63666,84,16293125,516515
0,918,15.817956124999998,0,69125,0,16795959,542485
0,919,15.834448834000003,0,72875,42,16508666,514961
0,920,15.851239709000001,0,76875,84,16782750,556247
0,921,15.867748834,0,69250,83,16594208,556247
0,922,15.884556834000005,0,59625,42,16694334,556247
0,923,15.901319209000004,0,60916,41,16792792,542685
0,924,15.918051125000002,0,66333,42,16702625,556299
0,925,15.934630917000003,0,71334,42,16588417,542485
0,926,15.951388000000005,0,67625,42,16795417,543839
0,927,15.968048125,0,62041,83,16701292,556247
0,928,15.984751959000004,0,55417,84,16591792,556247
0,929,16.001203667000002,0,65292,41,16495458,542685
0,930,16.017865417,0,63125,42,16590458,528723
0,931,16.034626917,0,75042,41,16800083,542485
0,932,16.051388459000005,0,65375,83,16788250,556247
0,933,16.067778167000004,0,60334,125,16402083,542485
0,934,16.084715834000004,0,59375,42,16795916,556247
0,935,16.101372459,0,67667,42,16693458,530277
0,936,16.118027917000003,0,67250,42,16711416,542537
0,937,16.134871792000002,0,68417,83,16778333,556247
0,938,16.151291584000003,0,67584,42,16494292,542485
0,939,16.168096417000005,0,62000,41,16798916,556247
0,940,16.184695125,0,59000,42,16518041,542485
0,941,16.2011335,0,68291,208,16473875,542685
0,942,16.217986709000005,0,66166,0,16802750,542485
0,943,16.234514375,0,69000,0,16587000,542485
0,944,16.251138209,0,62834,41,16590625,543839
0,945,16.267756667000004,0,66041,42,16692750,556247
0,946,16.2845835,0,59125,42,16691208,542485
0,947,16.301130667,0,68250,42,16605083,542685
0,948,16.317965334000004,0,64708,0,16793125,542537
0,949,16.33452275,0,66291,125,16599000,556247
0,950,16.351060042000004,0,62958,125,16592750,556247
0,951,16.367776667000005,0,56750,0,16700000,556247
0,952,16.384792,0,60209,42,16885584,556247
0,953,16.401333292,0,64625,42,16599875,530277
0,954,16.417828250000003,0,65500,41,16491625,542485
0,955,16.434467459,0,62917,42,16696125,556247
0,956,16.451062875,0,57041,0,16598250,556247
0,957,16.467792375000005,0,58333,41,16690000,556247
0,958,16.484575125000003,0,65333,0,16701083,542485
0,959,16.501120875,0,68375,41,16596791,515161
0,960,16.517712334,0,66875,42,16608042,542537
0,961,16.53481475,0,61375,83,17079042,570009
0,962,16.550848834000004,0,62125,41,16053791,488791
0,963,16.567492125000005,0,61750,42,16342541,143387
0,964,16.593770000000003,0,90250,41,25983958,129625
0,965,16.601203959,0,77875,41,7906625,184873
0,966,16.617846375000003,0,72917,0,16688917,501199
0,967,16.634794042,0,69834,42,16983084,570009
0,968,16.651076500000006,0,65125,0,16301083,542485
0,969,16.667822875000002,0,61709,42,16703958,556247
0,970,16.684574584,0,68667,41,16687833,528723
0,971,16.701532167,0,70041,0,16904667,530277
0,972,16.718024709,0,77583,42,16583958,542537
0,973,16.734846167000004,0,70500,41,16797208,556247
0,974,16.751259667000003,0,68000,83,16397666,528723
0,975,16.767875667000002,0,65667,41,16692625,556247
0,976,16.784486209000004,0,59500,84,16597083,556247
0,977,16.801236375000006,0,59375,83,16700250,556447
0,978,16.8180395,0,64041,41,16789667,556247
0,979,16.834575584000003,0,67334,0,16403916,542485
0,980,16.851152709,0,89000,42,16686125,502553
0,981,16.867945542000005,0,77541,41,16783917,528723
0,982,16.884891375,0,72042,84,16909209,556247
0,983,16.901420167,0,68917,0,16502083,515161
0,984,16.918042542000006,0,65916,125,16684041,528775
0,985,16.934491709000003,0,69125,41,16395791,501199
0,986,16.951327084000003,0,75000,41,16797375,514961
0,987,16.968137792000004,0,72875,42,16788250,501199
0,988,16.985070417,0,79750,83,16796708,459913
0,989,17.001339959000003,0,86958,42,16490625,488991
0,990,17.018104792,0,67333,42,16792958,556247
0,991,17.034512042,0,69458,42,16396958,542485
0,992,17.050483667000005,0,67291,42,15772709,391183
0,993,17.067982334000003,0,79916,42,17606791,542485
0,994,17.084593792000003,0,74250,41,16607583,528723
0,995,17.101515125000002,0,66583,42,16896625,528923
0,996,17.117967417,0,73833,167,16494833,515013
0,997,17.134710792000003,0,70042,42,16681500,501199
0,998,17.151283917000004,0,77750,42,16591792,502553
0,999,17.167993875000004,0,75041,42,16724125,473675
0,1000,17.184524459,0,76458,0,16485584,501199
0,1001,17.201212709,0,72292,42,16789291,556447
0,1002,17.217801250000004,0,69667,42,16588417,556247
0,1003,17.234798792000003,0,66333,0,16992250,570009
0,1004,17.2512515,0,64417,42,16396375,528723
0,1005,17.267769500000004,0,71833,41,16510250,528723
0,1006,17.284816834,0,70375,42,16990166,528723
0,1007,17.301324167,0,70250,42,16581167,530277
0,1008,17.318066167,0,66500,41,16794458,556299
0,1009,17.334565792000003,0,61333,42,16411500,542485
0,1010,17.351337209000004,0,70667,41,16777250,542485
0,1011,17.368260292,0,72125,42,16900542,487477
0,1012,17.384807167,0,68125,42,16492584,501199
0,1013,17.401163375,0,70042,42,16408333,528923
0,1014,17.418008334000003,0,68500,42,16870958,556247
0,1015,17.434725250000003,0,66834,84,16700458,556247
0,1016,17.451148125,0,67625,0,16395666,530077
0,1017,17.468091917,0,66667,41,16994542,570009
0,1018,17.484567042000005,0,62042,42,16316500,501199
0,1019,17.501300500000003,0,77084,42,16794791,528923
0,1020,17.518143000000006,0,76458,83,16887333,528775
0,1021,17.534602542000005,0,69916,84,16425000,528723
0,1022,17.551273250000005,0,68791,41,16654791,528723
0,1023,17.567976167,0,71500,42,16693000,542485
0,1024,17.584934209,0,73417,41,16905167,542485
0,1025,17.601146709,0,69417,125,16282375,488991
0,1026,17.617824209000002,0,71125,41,16698541,542485
0,1027,17.634816375000003,0,72292,41,16994250,570009
0,1028,17.651117292000006,0,65375,84,16294958,542485
0,1029,17.668024250000006,0,66916,41,16910333,556247
0,1030,17.684723667000004,0,64625,42,16598416,542485
0,1031,17.701233959000003,0,68875,41,16567459,515161
0,1032,17.717965667000005,0,72625,42,16712000,542537
0,1033,17.7345305,0,70625,42,16589291,542485
0,1034,17.751162084000004,0,67458,41,16598250,530077
0,1035,17.768136042000005,0,74666,41,16995542,556247
0,1036,17.78471275,0,67500,83,16588958,542485
0,1037,17.801384917000004,0,60083,41,16691292,556447
0,1038,17.817905209,0,71416,42,16508292,542485
0,1039,17.834834417,0,67917,42,16898041,542485
0,1040,17.851351417,0,66083,83,16473208,528723
0,1041,17.868099375000003,0,73792,42,16806959,542485
0,1042,17.884552792000004,0,66208,41,16390000,542485
0,1043,17.901225042000004,0,64250,41,16701958,544039
0,1044,17.918139917,0,60583,42,16894125,556299
0,1045,17.934833042000005,0,70958,0,16702500,514961
0,1046,17.951314042000003,0,68833,41,16387000,501199
0,1047,17.967822459,0,74042,84,16594250,542485
0,1048,17.9844805,0,66334,41,16689333,556247
0,1049,18.001146792000004,0,56250,41,16701417,556447
0,1050,18.018119792000004,0,56208,0,16885917,556247
0,1051,18.034531417,0,70250,42,16400125,528723
0,1052,18.051432625,0,71250,125,16898666,543839
0,1053,18.067806667000003,0,70667,84,16393667,542485
0,1054,18.084815792000004,0,65458,42,16993541,570009
0,1055,18.101098834000002,0,60500,42,16301541,542685
0,1056,18.118122875,0,63750,42,17006958,528775
0,1057,18.134830875000002,0,65958,42,16621500,501199
0,1058,18.151346792000002,0,71250,42,16554292,528723
0,1059,18.167993500000005,0,65583,41,16594375,556247
0,1060,18.184757125,0,72583,41,16792417,556247
0,1061,18.201456667,0,64625,41,16714833,530277
0,1062,18.217899792,0,70333,0,16379584,514961
0,1063,18.234627292000003,0,67833,84,16689542,514961
0,1064,18.251151292,0,73625,0,16594541,487437
0,1065,18.267893042,0,69250,42,16794292,556247
0,1066,18.284729584,0,61167,42,16795125,556247
0,1067,18.301020959000002,0,60125,41,16397208,542685
0,1068,18.318053334000002,0,59541,42,16999584,570061
0,1069,18.334662625000004,0,61208,42,16593334,556247
0,1070,18.351269125000005,0,58875,42,16513417,543839
0,1071,18.3681235,0,66459,41,16876583,556247
0,1072,18.384833542,0,66042,0,16617792,514961
0,1073,18.401236,0,75583,83,16474333,528923
0,1074,18.417762,0,73500,0,16594625,556247
0,1075,18.434758834000004,0,62750,42,16999958,570009
0,1076,18.451182292000002,0,61375,42,16339833,542485
0,1077,18.468042042000004,0,65875,84,16859042,556247
0,1078,18.484673459000003,0,66791,42,16575417,528723
0,1079,18.501192625000005,0,68125,0,16596791,544039
0,1080,18.517796,0,61333,41,16593208,556247
0,1081,18.534643292000002,0,66875,41,16698209,556299
0,1082,18.551406542,0,68750,83,16887875,542485
0,1083,18.568158334,0,67042,83,16697208,542485
0,1084,18.584711084000002,0,69417,42,16492334,459913
0,1085,18.601441375000004,0,67667,41,16800708,556447
0,1086,18.618138792,0,66250,42,16692292,556247
0,1087,18.634819792000005,0,64500,84,16698042,556247
0,1088,18.651556917000004,0,63542,42,16697125,516315
0,1089,18.667943917,0,71041,42,16297334,528723
0,1090,18.684663709000002,0,70125,83,16786917,528723
0,1091,18.701149917000006,0,65750,125,16588417,556447
0,1092,18.717740000000003,0,59833,42,16603708,556247
0,1093,18.734743417,0,56250,42,16901791,556299
0,1094,18.751135417000004,0,67541,42,16387625,528723
0,1095,18.7678305,0,67542,0,16701584,514961
0,1096,18.784574375000002,0,63291,0,16686334,542485
0,1097,18.801481209000006,0,69292,167,16893291,516515
0,1098,18.818044209000004,0,66584,41,16610041,514961
0,1099,18.834510584000004,0,68792,0,16487208,542485
0,1100,18.851069834000004,0,66000,41,16590333,556247
0,1101,18.867747750000003,0,59375,42,16689292,556247
0,1102,18.884670709,0,58542,125,16795708,556247
0,1103,18.901280417,0,65250,42,16593500,501399
0,1104,18.918125125,0,80125,42,16898500,528723
0,1105,18.93451575,0,68500,84,16393000,542537
0,1106,18.951420667000004,0,64208,42,16902875,557601
0,1107,18.967841584000002,0,62916,42,16389250,542485
0,1108,18.984596459,0,68333,42,16693583,528723
0,1109,19.001213125000003,0,67667,42,16688792,542685
0,1110,19.017813917,0,65458,42,16607583,514961
0,1111,19.034600375,0,67500,42,16694667,556247
0,1112,19.051199,0,68000,0,16692917,556247
0,1113,19.068125709000004,0,65500,42,16806416,542485
0,1114,19.0849285,0,75125,42,16776708,487437
0,1115,19.101188000000004,0,69500,0,16299042,516515
0,1116,19.117874459000003,0,66792,42,16709042,528723
0,1117,19.134662000000002,0,65959,41,16778542,542537
0,1118,19.151255875,0,66167,42,16597334,528723
0,1119,19.168062417000005,0,70958,42,16793541,556247
0,1120,19.184722250000004,0,68625,42,16702834,556247
0,1121,19.201060625,0,61500,0,16386500,542685
0,1122,19.217796125000003,0,59833,42,16703334,556247
0,1123,19.234770209,0,60208,0,16801084,542485
0,1124,19.251376292,0,87041,41,16699750,516315
0,1125,19.267935459000004,0,75042,41,16578250,542485
0,1126,19.284512167,0,70625,42,16597958,556247
0,1127,19.301282000000004,0,60750,0,16808625,556447
0,1128,19.318007417,0,58625,0,16684875,556247
0,1129,19.334634209000004,0,64959,0,16609125,528775
0,1130,19.351295000000004,0,62917,167,16581167,542485
0,1131,19.367818917000005,0,64792,0,16583541,528723
0,1132,19.384880459000005,0,66750,0,17012167,542485
0,1133,19.40140775,0,65042,41,16581250,530277
0,1134,19.417877917000002,0,67209,42,16493875,542485
0,1135,19.434656292000003,0,60833,42,16605417,556247
0,1136,19.451143334000005,0,73834,42,16599625,542485
0,1137,19.468108709000003,0,66750,42,16879250,534241
0,1138,19.484634000000003,0,69375,0,16495042,514961
0,1139,19.501353209000005,0,68875,42,16801041,542685
0,1140,19.517956834,0,65459,167,16588167,542485
0,1141,19.534821417,0,72416,42,16898666,542537
0,1142,19.551354167000003,0,71542,208,16507250,488791
0,1143,19.568037667000002,0,67459,125,16689875,556247
0,1144,19.584693375000004,0,66000,125,16688916,556247
0,1145,19.601279542000004,0,61917,42,16491250,528923
0,1146,19.618004084000003,0,71084,42,16710334,514961
0,1147,19.634871959000005,0,74083,41,16885208,528723
0,1148,19.651439042000003,0,76084,41,16589416,528723
0,1149,19.668312292,0,71792,250,16817208,528723
0,1150,19.684603500000005,0,73542,42,16289791,514961
0,1151,19.701471625,0,71084,42,16875291,516515
0,1152,19.718052750000002,0,72375,0,16620000,514961
0,1153,19.73461275,0,70708,42,16479083,515013
0,1154,19.751423125,0,77542,42,16881792,542485
0,1155,19.767759417000004,0,67000,41,16408458,542485
0,1156,19.784772084,0,56750,0,16992667,570009
0,1157,19.801339042000006,0,57208,42,16389166,542685
0,1158,19.817934750000003,0,82541,0,16715541,542485
0,1159,19.834782042000004,0,69000,166,16776291,432389
0,1160,19.851286500000004,0,73750,41,16502167,502553
0,1161,19.867872875,0,78541,42,16589500,528723
0,1162,19.884549667000005,0,70042,42,16690709,556247
0,1163,19.901214792,0,64500,0,16695292,556447
0,1164,19.917792209,0,64583,42,16594833,556247
0,1165,19.934856917,0,64625,42,16901375,542537
0,1166,19.951474167000004,0,72459,42,16699541,487437
0,1167,19.968068917,0,73375,42,16596500,501199
0,1168,19.984887459000003,0,71667,42,16782541,514961
0,1169,20.001450375,0,70459,84,16600000,530277
0,1170,20.017929625000004,0,66459,42,16488208,542485
0,1171,20.034687792000003,0,64375,0,16699583,556247
0,1172,20.051448750000002,0,67750,125,16803250,542485
0,1173,20.067921375,0,67334,42,16488167,542485
0,1174,20.084550209000003,0,67750,166,16597625,542485
0,1175,20.101132250000003,0,66916,42,16591792,542685
0,1176,20.118089042000005,0,68625,42,16896375,556247
0,1177,20.134846834000005,0,69500,0,16800084,542537
0,1178,20.151462542,0,67458,83,16593042,516315
0,1179,20.167898750000003,0,74791,42,16409000,514961
0,1180,20.184874584000003,0,69250,42,16980208,542485
0,1181,20.201196125,0,64667,0,16387708,542685
0,1182,20.217755542000003,0,62125,83,16595333,556247
0,1183,20.234700292000003,0,64208,42,17000625,570009
0,1184,20.251302709000004,0,53375,125,16598375,556247
0,1185,20.267980125000005,0,53209,0,16605166,556247
0,1186,20.28466225,0,60708,83,16584666,542485
0,1187,20.301202750000005,0,63875,42,16589917,530277
0,1188,20.318070917000004,0,66333,42,16800250,542485
0,1189,20.334826834,0,70333,41,16796916,542537
0,1190,20.351413875000002,0,68292,83,16404583,487437
0,1191,20.367917167000005,0,72875,83,16681000,528763
0,1192,20.384844834000003,0,65459,42,16891167,556247
0,1193,20.401382709,0,65458,41,16599875,556447
0,1194,20.417770292000004,0,58750,42,16312000,514961
0,1195,20.434847875,0,72250,41,17076417,556247
0,1196,20.451459167,0,69708,42,16600625,516315
0,1197,20.468093292000002,0,69709,42,16588958,514961
0,1198,20.484774334000004,0,70000,42,16790250,556247
0,1199,20.501436792000003,0,61208,42,16598583,184873
0,1200,20.518491125,0,65084,166,16905917,143387
0,1201,20.533823959,0,82583,84,14912250,33291
0,1202,20.551318209000005,0,83167,41,17988041,459965
0,1203,20.567838250000005,0,75084,42,16571833,542485
0,1204,20.584785042000004,0,69625,42,16991958,556247
0,1205,20.601438500000004,0,61167,42,16601334,544039
0,1206,20.617839125,0,64791,84,16400791,528723
0,1207,20.634898084000003,0,72833,0,17009458,542485
0,1208,20.651175459000005,0,72541,42,16272875,487437
0,1209,20.668103375000005,0,74208,42,17000042,556247
0,1210,20.684835250000003,0,62500,41,16694625,556247
0,1211,20.701187167000004,0,63500,42,16301833,542685
0,1212,20.718171042000005,0,75959,41,16993708,542485
0,1213,20.734685375,0,74542,42,16511875,473727
0,1214,20.75121475,0,74083,0,16483291,488791
0,1215,20.767992667000005,0,75083,42,16783959,501199
0,1216,20.7848455,0,72708,42,16784167,542485
0,1217,20.801463792000003,0,74375,292,16712083,501399
0,1218,20.817856917000004,0,76375,42,16378000,514961
0,1219,20.834560167000003,0,72541,41,16692458,514961
0,1220,20.851354292,0,70708,83,16807750,528723
0,1221,20.8677635,0,66625,42,16491667,542485
0,1222,20.884705917,0,60666,42,16892167,570009
0,1223,20.900991,0,61833,42,16213375,516515
0,1224,20.918156834000005,0,73625,83,17186458,542485
0,1225,20.934870334,0,70792,42,16690625,528775
0,1226,20.951438834000005,0,69000,83,16584875,542485
0,1227,20.967798917,0,67458,0,16395458,542485
0,1228,20.984488250000002,0,67500,41,16692958,556247
0,1229,21.00154125,0,62125,42,16905834,542685
0,1230,21.017936875,0,76084,42,16491291,528723
0,1231,21.034884334,0,69584,41,16894375,542485
0,1232,21.051242667,0,71750,42,16401292,516315
0,1233,21.067809292000003,0,66000,41,16578750,556247
0,1234,21.084822084,0,62375,125,17004666,570009
0,1235,21.101232334000006,0,63959,42,16391167,542685
0,1236,21.117874334000003,0,69375,42,16509167,514961
0,1237,21.134796000000005,0,74833,42,16976458,487489
0,1238,21.151545167000005,0,73292,167,16699791,487437
0,1239,21.167876209000003,0,77542,83,16397458,501199
0,1240,21.184866292,0,68042,83,16992167,556247
0,1241,21.201542375,0,70584,41,16706209,544039
0,1242,21.217982584,0,70916,83,16483958,542485
0,1243,21.234684667,0,64875,42,16701375,556247
0,1244,21.251064125000003,0,62125,41,16390417,542485
0,1245,21.2678555,0,60583,42,16796583,556247
0,1246,21.285056625,0,59708,41,16909459,514961
0,1247,21.301305375000002,0,82291,41,16396625,460113
0,1248,21.317947709000006,0,70541,41,16587459,432389
0,1249,21.334958084000004,0,91375,42,16996584,459965
0,1250,21.351593250000004,0,77000,84,16375625,481761
0,1251,21.368220667,0,73958,42,16816792,466943
0,1252,21.384694,0,79875,42,16483500,473675
0,1253,21.401293084,0,76084,83,16698375,501399
0,1254,21.418240167000004,0,69875,83,16907625,514961
0,1255,21.434655125000003,0,82125,83,16463500,473675
0,1256,21.451379709000005,0,73833,42,16705958,459913
0,1257,21.46792375,0,70791,41,16409042,459913
0,1258,21.484957792,0,90292,41,16984542,487437
0,1259,21.501651709000004,0,76042,41,16585750,454437
0,1260,21.517987542000004,0,76042,42,16599416,480705
0,1261,21.534752209,0,71334,42,16788041,542537
0,1262,21.551087750000004,0,69375,84,16395708,542485
0,1263,21.568002417,0,64375,42,16901000,556247
0,1264,21.584882667000006,0,66459,42,16789959,556247
0,1265,21.601245459,0,73417,0,16391083,515161
0,1266,21.618165042000005,0,67583,41,16898959,556247
0,1267,21.634648459,0,69833,0,16498209,514961
0,1268,21.651705167,0,71000,42,16810625,536809
0,1269,21.668054125,0,70208,42,16580042,535753
0,1270,21.684870959000005,0,68250,84,16796375,556247
0,1271,21.701197792000006,0,63958,42,16395750,542685
0,1272,21.718151250000002,0,63125,41,16892125,556247
0,1273,21.734680292000004,0,71291,42,16500166,515013
0,1274,21.751148209000004,0,66750,166,16506875,528723
0,1275,21.767978792000005,0,70834,0,16780708,542485
0,1276,21.784908459000004,0,67958,84,16890875,528723
0,1277,21.801820084000003,0,71000,83,16690250,509485
0,1278,21.818000917000003,0,71917,0,16492166,535753
0,1279,21.834631459000004,0,69584,42,16705500,556247
0,1280,21.851653667000004,0,58833,41,16787667,528723
0,1281,21.867843167,0,70750,41,16295875,514961
0,1282,21.884700209000005,0,71500,41,16796292,528723
0,1283,21.901286709,0,72417,41,16598292,501399
0,1284,21.917851917000004,0,70208,0,16596625,501199
0,1285,21.934789042000002,0,69458,84,16920166,515013
0,1286,21.952141292000004,0,70291,42,17087125,536809
0,1287,21.967866917000006,0,69375,41,15979250,480705
0,1288,21.984818584,0,68833,0,16890250,528723
0,1289,22.001399292000006,0,70542,42,16620292,487637
0,1290,22.018136584,0,72167,83,16769875,542485
0,1291,22.034521542000004,0,64959,42,16398583,542485
0,1292,22.051479875000002,0,64083,42,16899709,556247
0,1293,22.067855625000004,0,67792,42,16390875,501199
0,1294,22.084901084000006,0,68791,42,16989625,528723
0,1295,22.102258292000005,0,70583,83,17101958,509485
0,1296,22.118053334,0,75292,42,16092083,508229
0,1297,22.134876209,0,68709,41,16803959,542537
0,1298,22.151270959000005,0,70375,42,16391792,514961
0,1299,22.167991042,0,75375,41,16693542,528723
0,1300,22.184726667000003,0,76583,42,16726792,528723
0,1301,22.201601917,0,66875,0,16876542,528923
0,1302,22.217911042,0,71958,42,16276959,514961
0,1303,22.234582917,0,75125,42,16695917,528723
0,1304,22.251729959000006,0,73500,42,16686958,514961
0,1305,22.268145959000005,0,74291,0,16817666,502553
0,1306,22.28487625,0,76959,42,16770958,528723
0,1307,22.301344334000003,0,69750,83,16498375,528923
0,1308,22.317952542000004,0,67541,42,16697750,556247
0,1309,22.334689292000004,0,59208,41,16695334,556247
0,1310,22.351073542000005,0,65792,125,16397291,542537
0,1311,22.368048125000005,0,62292,42,16992625,570009
0,1312,22.384773209000006,0,59833,125,16607917,556247
0,1313,22.402250792,0,63208,41,16719708,501399
0,1314,22.41785975,0,79125,83,16336292,502553
0,1315,22.434821250000002,0,72000,0,16999500,556247
0,1316,22.451584875000005,0,63708,84,16500416,501199
0,1317,22.468239125,0,81041,42,16779625,473675
0,1318,22.484622042,0,78541,42,16389875,487437
0,1319,22.501488542,0,71583,42,16900541,542685
0,1320,22.517858959000005,0,72000,42,16389333,542485
0,1321,22.534649417,0,68083,0,16696167,528723
0,1322,22.5516125,0,76208,0,17010958,515013
0,1323,22.568239167000005,0,77583,125,16577167,516315
0,1324,22.584643125000003,0,73959,42,16414167,514961
0,1325,22.601629459000005,0,75167,0,16987500,542685
0,1326,22.618196834,0,98958,0,16580792,542485
0,1327,22.634821917,0,72792,0,16696375,556247
0,1328,22.651112959000006,0,69583,42,16284417,542485
0,1329,22.667865417000005,0,89042,83,16706291,556247
0,1330,22.684788584,0,94834,41,16907542,556247
0,1331,22.701440667000004,0,67500,42,16669750,542685
0,1332,22.718175584000004,0,66500,42,16709292,530077
0,1333,22.734647792,0,70792,0,16492167,542485
0,1334,22.751268542000002,0,76167,0,16598167,528775
0,1335,22.768208375000004,0,74833,125,16906542,487437
0,1336,22.784807500000003,0,86000,42,16567667,487437
0,1337,22.801382917,0,66875,41,16690792,501399
0,1338,22.818093542000003,0,60959,166,16704583,514961
0,1339,22.834771584000006,0,63041,83,16695333,556247
0,1340,22.851059209000002,0,63167,84,16295959,542485
0,1341,22.868256792,0,60375,42,17122625,557601
0,1342,22.884735417000005,0,65083,83,16394000,487437
0,1343,22.901489292000004,0,69750,42,16791875,501399
0,1344,22.917966709,0,67833,125,16491584,514961
0,1345,22.934763125,0,69208,42,16780459,528723
0,1346,22.951481417,0,72042,42,16691666,515013
0,1347,22.967998459000004,0,73917,42,16498500,501199
0,1348,22.984966084000003,0,72542,83,16809708,514961
0,1349,23.001627959,0,74458,41,16795708,473875
0,1350,23.017985084,0,75500,42,16385042,488791
0,1351,23.034800917000002,0,70000,0,16881917,556247
0,1352,23.051372667,0,59583,42,16594833,542485
0,1353,23.067845875,0,61709,167,16311541,487437
0,1354,23.084601125000002,0,77959,0,16789250,514961
0,1355,23.101439042,0,72209,41,16790625,515161
0,1356,23.1181685,0,72625,41,16807500,528723
0,1357,23.134567,0,68625,41,16382458,514961
0,1358,23.151330334000004,0,70958,41,16690917,542537
0,1359,23.168119584,0,72416,0,16897708,543839
0,1360,23.184857875000002,0,69917,0,16693167,556247
0,1361,23.20109475,0,63416,83,16291667,542685
0,1362,23.217873125,0,61708,42,16699375,528723
0,1363,23.234618667000003,0,71458,125,16779750,528723
0,1364,23.251537084000002,0,68209,41,16801667,542485
0,1365,23.268162167000003,0,77041,42,16697792,473675
0,1366,23.285021000000004,0,69583,83,16603416,528723
0,1367,23.301435792000003,0,106584,41,16678417,487637
0,1368,23.318128709000003,0,68083,42,16701417,543839
0,1369,23.334756167000005,0,67542,0,16698583,556247
0,1370,23.351415,0,60125,0,16601833,556299
0,1371,23.368201667000005,0,65167,0,16387500,432429
0,1372,23.384835417,0,88291,84,16908666,487437
0,1373,23.401500875,0,69250,41,16678000,501399
0,1374,23.418014875,0,72875,84,16590875,542485
0,1375,23.43477975,0,63917,84,16793833,556247
0,1376,23.451149250000004,0,59625,42,16292041,514961
0,1377,23.468000459000006,0,67500,42,16816208,502553
0,1378,23.484966959,0,67459,42,16891375,501199
0,1379,23.501561959000004,0,73791,41,16699583,487637
0,1380,23.517779459,0,66791,83,16202916,501199
0,1381,23.534740292000006,0,73084,84,16774500,514961
0,1382,23.551154667000002,0,79250,41,16583834,528775
0,1383,23.568100500000003,0,70583,0,16998125,556247
0,1384,23.584813834000006,0,65084,83,16693584,556247
0,1385,23.601553292000002,0,57958,0,16712459,528923
0,1386,23.617851000000005,0,66291,42,16278458,502553
0,1387,23.634759250000005,0,70000,41,16899167,556247
0,1388,23.651192500000004,0,69167,0,16410667,528723
0,1389,23.668051667000004,0,75375,42,16879208,528723
0,1390,23.684764709000003,0,67958,41,16605208,473675
0,1391,23.701456292,0,69292,42,16779417,528923
0,1392,23.718116959000003,0,70833,42,16695333,542485
0,1393,23.734842125000004,0,66875,0,16700000,556247
0,1394,23.751614875000005,0,64875,125,16713209,487489
0,1395,23.768086125,0,68917,83,16475000,461267
0,1396,23.784620375,0,67334,83,16495667,501199
0,1397,23.801117042000005,0,68917,41,16590625,528923
0,1398,23.817790334000005,0,64667,42,16684584,556247
0,1399,23.834733292,0,65000,84,16909375,556247
0,1400,23.851457125,0,67833,41,16701417,542485
0,1401,23.867939042,0,68583,41,16488375,528723
0,1402,23.884732209000003,0,68250,42,16689500,528723
0,1403,23.901451209000005,0,69375,83,16795417,528923
0,1404,23.917845250000003,0,68375,167,16393917,516315
0,1405,23.934719167,0,71750,41,16899000,542485
0,1406,23.951376292000003,0,68375,41,16687250,556299
0,1407,23.968088542,0,60958,0,16699750,556247
0,1408,23.984656250000004,0,62250,41,16494584,542485
0,1409,24.001345584000003,0,64167,41,16697208,528923
0,1410,24.018125375,0,69542,42,16791333,542485
0,1411,24.034808667000004,0,66584,83,16708459,542485
0,1412,24.051386042,0,62333,42,16499500,514961
0,1413,24.068123417000006,0,68291,42,16768250,530077
0,1414,24.084652542000004,0,68500,42,16500875,542485
0,1415,24.101242125000002,0,65916,42,16696708,556447
0,1416,24.117802042000005,0,55625,41,16495292,556247
0,1417,24.134884000000003,0,65209,83,16996417,542485
0,1418,24.151475125,0,73291,42,16600541,515013
0,1419,24.167965959000004,0,69375,42,16487000,542485
0,1420,24.184682375000005,0,65542,42,16690958,542485
0,1421,24.201485084,0,64750,0,16796333,528923
0,1422,24.217955750000005,0,72958,0,16486208,502553
0,1423,24.234794709000003,0,70792,0,16905291,556247
0,1424,24.251032917,0,61250,41,16288708,542485
0,1425,24.268050584000004,0,58083,41,16902083,570009
0,1426,24.284904667000003,0,64000,42,16791042,542485
0,1427,24.301568209,0,70166,84,16714917,528923
0,1428,24.318162209000004,0,68833,41,16586500,501199
0,1429,24.334709667000002,0,68750,42,16582292,542485
0,1430,24.351380709,0,64166,250,16613333,542537
0,1431,24.368116667000006,0,72750,42,16784709,530077
0,1432,24.384726709000002,0,67167,42,16591083,556247
0,1433,24.401386625000004,0,59500,42,16697959,556447
0,1434,24.417936875000006,0,58250,41,16395250,514961
0,1435,24.434625459,0,70083,0,16804167,514961
0,1436,24.451325792000002,0,73083,0,16673334,514961
0,1437,24.468076,0,65125,125,16712458,514961
0,1438,24.484850917,0,69459,0,16777625,514961
0,1439,24.501362042,0,66083,0,16501666,528923
0,1440,24.518168209000006,0,69917,83,16798750,530077
0,1441,24.534579625000003,0,70958,41,16406208,501199
0,1442,24.55128375,0,72500,42,16569459,349869
0,1443,24.567993500000004,0,81833,0,16706375,143387
0,1444,24.590966542,0,86167,41,22503167,102101
0,1445,24.601258042,0,73542,41,10792458,253683
0,1446,24.617974125,0,78583,166,16789917,501199
0,1447,24.634757000000004,0,71417,84,16791416,514961
0,1448,24.651178417,0,67000,42,16410333,528723
0,1449,24.668152834,0,68125,0,16978375,516315
0,1450,24.6848305,0,72417,83,16608625,501199
0,1451,24.701308,0,71667,41,16485708,528923
0,1452,24.7179205,0,80083,41,16600333,514961
0,1453,24.734669709000006,0,79792,42,16793209,528723
0,1454,24.751351042,0,71000,83,16708667,528775
0,1455,24.767986292,0,66375,0,16567917,514961
0,1456,24.784679875000005,0,70250,83,16589958,487437
0,1457,24.801625917,0,72375,41,16993583,446351
0,1458,24.818277209000005,0,73916,42,16610792,461267
0,1459,24.834827292000003,0,86792,42,16594417,487437
0,1460,24.851109459000003,0,72791,0,16375375,514961
0,1461,24.867820292,0,65083,41,16701042,556247
0,1462,24.884668709,0,65250,0,16791833,556247
0,1463,24.901335667,0,63708,0,16595500,515161
0,1464,24.918044042,0,74209,42,16707208,501199
0,1465,24.934652084000003,0,78209,125,16680917,514961
0,1466,24.951410667,0,74834,83,16688958,501251
0,1467,24.968084459,0,74458,41,16622458,475029
0,1468,24.984720500000005,0,81500,42,16667750,473675
0,1469,25.001420750000005,0,67917,83,16793792,542685
0,1470,25.018074292000005,0,62333,42,16696875,556247
0,1471,25.034765459000003,0,61709,42,16614250,542485
0,1472,25.051208375000005,0,65875,41,16384708,501199
0,1473,25.067996667,0,73416,83,16785792,487437
0,1474,25.084959417000004,0,73250,42,16922250,501199
0,1475,25.101157917000005,0,71666,83,16266125,515161
0,1476,25.118150584000002,0,76667,42,17012958,530077
0,1477,25.134617875,0,68458,84,16492250,528723
0,1478,25.151429917000005,0,64291,83,16783000,556299
0,1479,25.167996959000003,0,67958,125,16601583,556247
0,1480,25.184905792000006,0,61042,84,16793917,556247
0,1481,25.201177667,0,71458,42,16291000,501399
0,1482,25.218065959000004,0,71958,42,16888750,528723
0,1483,25.234993584000005,0,76458,0,16913000,514961
0,1484,25.251338209,0,70791,208,16290875,501199
0,1485,25.268002500000005,0,73834,42,16692458,488791
0,1486,25.284630250000003,0,71000,41,16684958,542485
0,1487,25.301366667,0,61041,42,16694166,556447
0,1488,25.318007334000004,0,67250,42,16700833,556247
0,1489,25.334988959000004,0,71583,42,16915834,528723
0,1490,25.351328292,0,67250,41,16287000,459965
0,1491,25.367906417000004,0,77333,42,16594750,459913
0,1492,25.384798292000003,0,81792,42,16879042,542485
0,1493,25.401096834000004,0,67625,84,16388875,542685
0,1494,25.41798675,0,65834,41,16802291,543839
0,1495,25.434762834,0,70917,83,16785084,514961
0,1496,25.451400500000002,0,69083,42,16614000,473675
0,1497,25.468163084,0,73416,41,16795125,501199
0,1498,25.484961209,0,70250,42,16685375,528723
0,1499,25.501150584000005,0,71125,167,16295334,487637
0,1500,25.517941250000003,0,70833,0,16710208,473675
0,1501,25.534816584,0,75708,41,16890833,473675
0,1502,25.551449792000003,0,74125,42,16574542,459965
0,1503,25.56807325,0,75500,42,16694334,475029
0,1504,25.584662167,0,71042,42,16595750,542485
0,1505,25.601263042000003,0,68500,42,16699333,556447
0,1506,25.617946750000005,0,63625,42,16490125,514961
0,1507,25.635006959000005,0,69042,42,17109041,487437
0,1508,25.651289209,0,71333,42,16297375,473675
0,1509,25.668007417000002,0,71250,41,16691875,514961
0,1510,25.684610584,0,71667,42,16583083,487437
0,1511,25.701180667,0,67417,83,16615834,473875
0,1512,25.718185584,0,71458,83,16984417,475029
0,1513,25.734633250000005,0,75584,42,16385916,487437
0,1514,25.751344,0,73166,42,16686833,487489
0,1515,25.767826542000005,0,72500,42,16601000,528723
0,1516,25.784754667000005,0,68708,0,16797542,487437
0,1517,25.801106209,0,73083,0,16489750,542685
1,1519,25.852307667,0,0,0,0,0
1,1520,25.853627584000005,3318667,15103583,42,18929250,153847
1,1521,25.870153750000004,0,46459,42,16556792,433297
1,1522,25.887150292000005,0,71542,41,16992084,486991
1,1523,25.903675709,0,68666,42,16574167,473429
1,1524,25.920385209,0,70750,83,16617084,473229
1,1525,25.936902292000003,0,76417,42,16594417,459467
1,1526,25.953698792,0,66833,84,16784250,500805
1,1527,25.970243667000002,0,77083,0,16588041,542039
1,1528,25.986852417000005,0,62416,42,16592333,555801
1,1529,26.003656250000002,0,64458,41,16718625,528477
1,1530,26.020459000000006,0,74000,42,16866500,502107
1,1531,26.037070709,0,69291,125,16599917,486991
1,1532,26.053828834000004,0,73000,42,16713875,486991
1,1533,26.070283375000006,0,67125,42,16493666,500753
1,1534,26.103317292000003,0,63750,0,16602833,473229
1,1535,26.104479292000004,3544083,16267750,42,17576667,149113
1,1536,26.121137917000002,0,43125,42,16686375,542039
1,1537,26.137792625,0,61375,0,16692583,555801
1,1538,26.154586375000004,0,65292,84,16704834,528329
1,1539,26.171366125000002,0,68166,42,16710708,502107
1,1540,26.188053500000006,0,92750,41,16591416,486991
1,1541,26.204698584000003,0,96209,0,16777708,445905
1,1542,26.2211945,0,69125,42,16505625,473229
1,1543,26.237952167,0,67750,42,16777625,514515
1,1544,26.254335625,0,64334,42,16399375,542039
1,1545,26.270986125000004,0,62209,42,16690417,555801
1,1546,26.287894709000003,0,59834,41,16704500,542039
1,1547,26.304507125000004,0,69417,42,16710875,500953
1,1548,26.321273084,0,71542,83,16774250,515869
1,1549,26.353565667,0,68417,83,16414375,486991
1,1550,26.354892584,3455584,15703042,42,17059042,148913
1,1551,26.371722459,0,49208,42,16929834,473321
1,1552,26.388655875,0,72916,125,16892792,473229
1,1553,26.405001209,0,67958,41,16393875,487191
1,1554,26.421714375000004,0,74750,42,16690625,473229
1,1555,26.438322542000005,0,76041,41,16676625,473229
1,1556,26.454817834,0,64041,167,16410208,473229
1,1557,26.471701,0,67584,41,16701792,474583
1,1558,26.488216500000004,0,91583,41,16674416,514515
1,1559,26.504695209,0,72542,42,16591458,542239
1,1560,26.521403375000002,0,63666,83,16694584,555801
1,1561,26.538361125000005,0,62666,83,16894667,514515
1,1562,26.5550995,0,65750,0,16716625,500753
1,1563,26.571826042,0,63333,42,16683458,473281
1,1564,26.604639959,0,70083,42,16505041,459467
1,1565,26.606103834000006,3530875,16087416,42,17523542,149113
1,1566,26.622555000000002,0,46333,42,16739042,447059
1,1567,26.638982167000005,0,67125,42,16397083,473229
1,1568,26.655689209000005,0,70750,41,16715000,473229
1,1569,26.67252875,0,69333,125,16770208,486991
1,1570,26.689468209,0,71209,84,16918458,486991
1,1571,26.705809417,0,68833,417,16385875,459667
1,1572,26.722648875,0,66583,167,16886292,486991
1,1573,26.739105584000004,0,64334,83,16493750,514515
1,1574,26.755890584000003,0,59459,83,16794750,555853
1,1575,26.772713584000005,0,60042,41,16718250,529631
1,1576,26.789015625,0,72625,42,16286875,486991
1,1577,26.805641500000004,0,64417,42,16592750,473429
1,1578,26.822324292,0,66833,41,16699208,500753
1,1579,26.855011584,0,66625,42,16900625,486991
1,1580,26.856288875,3492041,15615541,42,16986333,148913
1,1581,26.872604542,0,47042,292,16397875,459467
1,1582,26.889540834000005,0,62875,41,16893875,473229
1,1583,26.906111209000006,0,72000,0,16571791,514715
1,1584,26.922861292000004,0,65791,42,16790958,474583
1,1585,26.939813625000003,0,70292,83,16916375,486991
1,1586,26.956385334,0,64125,83,16595458,473281
1,1587,26.972987500000006,0,69916,42,16581458,486991
1,1588,26.989540917000003,0,64209,42,16503209,486991
1,1589,27.006169250000003,0,64958,83,16697708,473429
1,1590,27.022848792,0,65041,83,16592291,473229
1,1591,27.039693917000005,0,68250,41,16884125,459467
1,1592,27.056159334000004,0,66458,41,16488584,459467
1,1593,27.072615417000005,0,69709,42,16491792,502107
1,1594,27.104874667,0,59500,42,16898167,555801
1,1595,27.106039542,3369708,15185417,83,16486375,149113
1,1596,27.122854584000006,0,47500,41,16804083,486991
1,1597,27.139411084000006,0,64791,0,16493166,473229
1,1598,27.156343334000002,0,71250,42,16925458,459519
1,1599,27.173159209,0,68458,42,16781375,459467
1,1600,27.189781917,0,70042,41,16581416,459467
1,1601,27.206122125000004,0,70209,42,16420458,445905
1,1602,27.222795792000003,0,69833,84,16688333,474583
1,1603,27.239736042,0,67458,41,16898833,500753
1,1604,27.256142584000006,0,76708,42,16471083,500753
1,1605,27.272693667000002,0,66334,42,16488000,486991
1,1606,27.289842209000003,0,72625,42,17019000,486991
1,1607,27.306221750000002,0,71250,42,16492000,459667
1,1608,27.3228605,0,65916,84,16588375,445705
1,1609,27.356744334000002,0,73250,83,16499083,459467
1,1610,27.358110792,3837166,17175625,42,18647208,148913
1,1611,27.375147625,0,55916,42,16938500,447111
1,1612,27.391865,0,74792,0,16900084,473229
1,1613,27.408112834000004,0,67750,42,16252375,514715
1,1614,27.424958709000006,0,56167,42,16889541,555801
1,1615,27.441503459,0,60958,41,16331958,542039
1,1616,27.458141542000003,0,63583,41,16875458,459467
1,1617,27.474899375000003,0,65708,42,16650917,486991
1,1618,27.491903042,0,65667,42,16968458,473229
1,1619,27.508287042000003,0,71125,42,16377833,445905
1,1620,27.525103292,0,68875,41,16773708,447059
1,1621,27.541888667000006,0,74583,0,16807125,445705
1,1622,27.558431417000005,0,73500,83,16564208,473229
1,1623,27.5749575,0,66791,41,16396042,445757
1,1624,27.607282625,0,64834,42,16789625,486991
1,1625,27.608265917,3355208,15643333,41,16844125,149113
1,1626,27.624960500000004,0,39542,83,16572084,542039
1,1627,27.641784375000004,0,59500,83,16799375,542039
1,1628,27.658360417,0,63708,42,16466083,528277
1,1629,27.675187292,0,68708,0,16853917,488345
1,1630,27.691643292000006,0,68166,83,16398375,486991
1,1631,27.708340417000006,0,67791,83,16704417,473429
1,1632,27.725271959,0,70500,41,16896750,486991
1,1633,27.741765709000003,0,72041,41,16559125,459467
1,1634,27.758210792000003,0,63958,41,16434750,459467
1,1635,27.77514375,0,69791,42,16917459,487043
1,1636,27.791755959000003,0,70458,42,16545458,445705
1,1637,27.808425792000005,0,68458,41,16793625,473429
1,1638,27.824974292000004,0,68542,209,16465041,460821
1,1639,27.857373084000006,0,67125,125,16620250,514515
1,1640,27.858498,3390541,15808583,41,17020041,148913
1,1641,27.875288,0,46417,42,16754292,521740
1,1642,27.892141250000005,0,62916,42,16712958,514515
1,1643,27.908793375000005,0,88000,167,16795292,500953
1,1644,27.925549292000003,0,69500,42,16680333,473229
1,1645,27.942135334000003,0,68375,125,16604208,486991
1,1646,27.958519875000004,0,74458,42,16348208,473229
1,1647,27.975531292000003,0,65792,42,16937625,500203
1,1648,27.992175042000003,0,74417,42,16600166,459467
1,1649,28.008578500000002,0,74292,42,16475541,432143
1,1650,28.025422667000004,0,71084,41,16799208,460611
1,1651,28.042090792,0,108375,0,16690042,459467
1,1652,28.058770584000005,0,77583,42,16693458,445705
1,1653,28.075174959000005,0,66792,41,16503958,486991
1,1654,28.107221709000004,0,67125,42,16698333,542039
1,1655,28.108183334,3386833,15325916,41,16405916,149113
1,1656,28.125072125000006,0,40291,84,16784458,488345
1,1657,28.142157875000006,0,65125,42,17005417,514515
1,1658,28.158733334,0,70916,41,16586875,486991
1,1659,28.175473417000003,0,71458,0,16593125,473281
1,1660,28.192083209,0,73417,42,16701000,459467
1,1661,28.208774542000004,0,69000,42,16696667,473429
1,1662,28.225204542000004,0,74375,42,16436584,445705
1,1663,28.242199959,0,72541,83,16944916,459467
1,1664,28.258566459000004,0,71750,42,16389167,431943
1,1665,28.275626167000002,0,68042,42,17003833,460821
1,1666,28.292148584,0,90167,250,16466875,431943
1,1667,28.308909375000002,0,81208,42,16807583,487191
1,1668,28.325397584000005,0,75500,0,16493708,445705
1,1669,28.358539959,0,78542,84,16789750,473229
1,1670,28.359758292000006,3693375,16227917,42,17637208,148913
1,1671,28.376237167000003,0,44250,209,16578500,500805
1,1672,28.392836292000002,0,63292,42,16569000,542039
1,1673,28.409785834,0,60500,42,16892000,542239
1,1674,28.426356792000004,0,64250,41,16614834,460821
1,1675,28.442907084,0,64834,42,16492416,473229
1,1676,28.459868542000006,0,63250,42,16983042,500753
1,1677,28.476461709000002,0,65583,83,16580959,473229
1,1678,28.493124375000004,0,71459,83,16521750,473229
1,1679,28.509832292000002,0,66750,41,16878167,487191
1,1680,28.526383792,0,64666,42,16594375,542039
1,1681,28.542983834,0,56750,42,16599875,542039
1,1682,28.559505750000003,0,59083,41,16410542,500753
1,1683,28.576274209,0,69042,42,16822042,488397
1,1684,28.609704709000003,0,65750,84,16550667,486991
1,1685,28.611202625,3733458,16571625,167,18022250,149113
1,1686,28.627592292000006,0,55875,41,16684708,473229
1,1687,28.644423334000006,0,72708,84,16795500,500753
1,1688,28.660821917000003,0,63125,42,16400625,431943
1,1689,28.67772475,0,68250,42,16886333,459467
1,1690,28.694353875,0,70209,41,16580792,459467
1,1691,28.710744625,0,64208,41,16590625,514715
1,1692,28.727545334000002,0,52625,125,16799959,543393
1,1693,28.744150625,0,53417,41,16507792,542039
1,1694,28.760897125000003,0,62292,41,16676542,486991
1,1695,28.777627417,0,67834,83,16700541,487043
1,1696,28.794420875000004,0,66375,42,16787917,473229
1,1697,28.810799042000003,0,68167,41,16423917,473429
1,1698,28.827804125000004,0,63041,42,16969042,486991
1,1699,28.861025084,0,66833,41,16515834,459467
1,1700,28.862912209000005,3764333,16547917,42,17952792,148913
1,1701,28.879145584000003,0,46792,0,16812625,447059
1,1702,28.895775584000003,0,64583,0,16693083,459667
1,1703,28.912534167,0,63666,0,16616083,459467
1,1704,28.928788084,0,67292,83,16398959,445705
1,1705,28.945656084000003,0,70875,0,16794875,459467
1,1706,28.962523667000003,0,70375,42,16894625,473229
1,1707,28.978889042000002,0,67334,42,16297625,445757
1,1708,28.995872667000004,0,69834,42,16983458,459667
1,1709,29.012324334000002,0,62958,84,16495625,445705
1,1710,29.029038792000005,0,73417,42,16699042,447059
1,1711,29.045701292,0,70542,42,16692083,431943
1,1712,29.062496125000006,0,65334,42,16690333,459467
1,1713,29.077001125000006,0,77333,41,14434042,266799
1,1714,29.112484750000004,0,70125,0,18747292,156703
1,1715,29.113735625,3587791,16711250,125,18056917,149113
1,1716,29.13723525,0,41625,41,23235875,101655
1,1717,29.147530792,0,67416,41,10402708,253037
1,1718,29.164210542000003,0,85250,0,16400333,445757
1,1719,29.180560042,0,70833,83,16795334,460821
1,1720,29.197285792000006,0,73541,125,16773542,473429
1,1721,29.213807417,0,67041,41,16504792,486991
1,1722,29.230206875000004,0,66625,42,16398084,473229
1,1723,29.247060959000006,0,69792,84,16695709,473229
1,1724,29.263757459,0,78791,42,16872792,500753
1,1725,29.280332709000003,0,69208,0,16496500,486991
1,1726,29.297305417,0,75541,0,17000125,473429
1,1727,29.314392542000004,0,70458,42,16605250,473229
1,1728,29.330398375000005,0,69250,42,16499209,488345
1,1729,29.363566959,0,71083,0,16892958,459467
1,1730,29.364856667,3521333,16120000,42,17446208,148913
1,1731,29.381040542000004,0,47166,0,16239833,459559
1,1732,29.397778792,0,65958,42,16781916,487191
1,1733,29.414507625000002,0,67583,83,16694541,473229
1,1734,29.431073375,0,71500,42,16609792,473229
1,1735,29.447786334000003,0,65084,125,16688167,482150
1,1736,29.465242792,0,66166,0,17089334,509531
1,1737,29.481155000000005,0,71375,208,16287666,480259
1,1738,29.497983542000004,0,62708,83,16825000,542239
1,1739,29.514575250000004,0,63875,0,16574125,542039
1,1740,29.531224459000004,0,65916,42,16586208,486991
1,1741,29.54815675,0,74292,42,16914541,473229
1,1742,29.564324292000006,0,75917,42,16194916,473229
1,1743,29.581384000000003,0,70959,42,16992459,473281
1,1744,29.614392125000006,0,70292,41,16595791,459667
1,1745,29.616263625000006,3605708,16252250,0,17706375,148913
1,1746,29.632335209,0,54334,42,16681750,447059
1,1747,29.648977167,0,72750,41,16586584,445705
1,1748,29.6654255,0,76167,41,16483625,445705
1,1749,29.682137209,0,75667,0,16717083,473229
1,1750,29.698854292000004,0,69791,0,16765375,500953
1,1751,29.715475292000004,0,70791,84,16518583,486991
1,1752,29.732224792,0,80666,0,16799542,445705
1,1753,29.749166792,0,70083,41,16679958,473229
1,1754,29.765878042,0,70625,42,16884375,459467
1,1755,29.782360042000004,0,70584,42,16494000,419587
1,1756,29.799064042,0,76042,250,16711250,459667
1,1757,29.815643584000004,0,76625,42,16602834,445705
1,1758,29.832239375000004,0,72792,42,16575375,445705
1,1759,29.865458417000003,0,70750,83,16709083,459467
1,1760,29.866616500000003,3517458,16419041,84,17711833,148913
1,1761,29.883313125000004,0,42958,42,16610792,500753
1,1762,29.900010667,0,67166,41,16655458,473429
1,1763,29.916677292000006,0,70500,42,16629167,473229
1,1764,29.933549334000002,0,71833,41,16653792,433297
1,1765,29.949886625,0,84333,0,16585917,431943
1,1766,29.966733125,0,67958,42,16593334,431943
1,1767,29.983131750000002,0,80875,42,16699958,445757
1,1768,30.000388209000004,0,68583,42,17086500,473429
1,1769,30.016592750000004,0,90292,41,16391292,500753
1,1770,30.033218834,0,64250,83,16600458,528277
1,1771,30.050310334000006,0,62375,125,16994000,528277
1,1772,30.066762125,0,72584,41,16526375,486991
1,1773,30.083487167000005,0,66583,125,16627875,488345
1,1774,30.115994417,0,63708,42,16479291,473429
1,1775,30.117260625000004,3381541,15948542,41,17334750,148913
1,1776,30.134095917,0,50125,125,16916417,473229
1,1777,30.150916375000005,0,68292,41,16795167,459467
1,1778,30.167474417000005,0,71708,41,16498042,459519
1,1779,30.183962625000003,0,75542,42,16480125,473229
1,1780,30.200640334000003,0,67375,42,16607875,473429
1,1781,30.217493584,0,122208,42,16791458,445705
1,1782,30.234332459000004,0,78792,0,16997208,447059
1,1783,30.250517792,0,67542,0,16277959,473229
1,1784,30.267437917000006,0,64792,0,16894416,555801
1,1785,30.284050000000004,0,65333,83,16589625,542039
1,1786,30.300618042,0,61041,42,16408125,459667
1,1787,30.317238792,0,78000,83,16698125,473229
1,1788,30.333913250000005,0,72917,83,16695250,473229
1,1789,30.367292959,0,67291,125,16798584,459467
1,1790,30.369045084000003,3722375,16394083,41,17754000,148913
1,1791,30.385181292000002,0,47958,84,16714208,447111
1,1792,30.401927459000003,0,61959,0,16698083,473429
1,1793,30.418274917,0,67667,42,16313084,459467
1,1794,30.435248459000004,0,68541,42,16884834,431943
1,1795,30.451868584,0,79167,42,16694042,445705
1,1796,30.468312375,0,81250,41,16497125,445705
1,1797,30.485011167,0,68208,84,16600667,431943
1,1798,30.501952209000006,0,77250,42,16989625,459667
1,1799,30.518416542,0,67750,42,16501333,445705
1,1800,30.535245917,0,71459,42,16875416,488345
1,1801,30.551726959000003,0,64458,42,16491375,542039
1,1802,30.568332084,0,59000,42,16617000,542039
1,1803,30.601490292000005,0,63292,83,16878875,542091
1,1804,30.602774709000006,3375250,15995083,83,17405958,149663
1,1805,30.619316209,0,51750,125,16597958,446151
1,1806,30.636014334000006,0,72750,125,16695875,473675
1,1807,30.652425167,0,75416,42,16390667,446151
1,1808,30.669308875000002,0,68917,83,16894583,473675
1,1809,30.685870209000004,0,70417,0,16495875,419981
1,1810,30.702553250000005,0,77292,42,16692000,446351
1,1811,30.719006792000005,0,71417,41,16506583,446151
1,1812,30.735822542000005,0,68334,42,16788916,473675
1,1813,30.752345584,0,82042,42,16493625,446151
1,1814,30.769231,0,71750,83,16869708,473675
1,1815,30.785970584,0,72042,42,16718625,446203
1,1816,30.802530625000006,0,75916,41,16578375,460113
1,1817,30.819178375000003,0,72334,83,16689875,459913
1,1818,30.851277875000005,0,69334,42,16692541,516315
1,1819,30.852361000000005,3360541,15345208,83,16539667,148913
1,1820,30.869163167,0,44958,125,16755334,514515
1,1821,30.885784792000006,0,61375,84,16515375,473229
1,1822,30.902519375,0,70917,41,16785833,459667
1,1823,30.919021959000002,0,68250,41,16498250,459467
1,1824,30.935710167,0,66084,42,16704792,459467
1,1825,30.952588875,0,65125,0,16887500,459467
1,1826,30.969435667000003,0,66250,84,16794000,459467
1,1827,30.985885209000006,0,66875,42,16389542,447111
1,1828,31.002606084000004,0,66625,84,16796417,459667
1,1829,31.019083417,0,67958,41,16474792,459467
1,1830,31.035796084,0,67042,84,16714667,459467
1,1831,31.052315250000003,0,65833,42,16496291,445705
1,1832,31.069121209000006,0,66166,84,16797167,445705
1,1833,31.102292875,0,69125,42,16787084,445705
1,1834,31.103531292000003,3701959,16222084,83,17585667,149113
1,1835,31.119953000000006,0,41250,42,16507375,486991
1,1836,31.136591667,0,61458,41,16675375,515869
1,1837,31.153489959,0,59291,42,16797083,542039
1,1838,31.170014000000005,0,65792,84,16513167,459467
1,1839,31.186758292000004,0,66792,83,16683792,473281
1,1840,31.203599042000004,0,69458,41,16907500,473429
1,1841,31.219959250000006,0,64000,84,16296042,459467
1,1842,31.23681075,0,76958,42,16895000,473229
1,1843,31.253359584000005,0,73959,83,16479208,459467
1,1844,31.270369125000006,0,68583,83,17000959,473229
1,1845,31.286870875,0,71916,83,16501625,433297
1,1846,31.303170750000003,0,69000,42,16391666,445905
1,1847,31.320178792000004,0,66584,41,16987250,486991
1,1848,31.353519125000002,0,64458,42,16799833,459467
1,1849,31.354669000000005,3693417,16409583,83,17696292,148913
1,1850,31.370854292,0,42334,41,16195583,500753
1,1851,31.387815542000002,0,58250,42,16982667,528329
1,1852,31.404466459,0,57208,42,16607084,487191
1,1853,31.421114334000006,0,66375,84,16599750,459467
1,1854,31.437965959,0,71792,83,16891875,474583
1,1855,31.454646125,0,62834,166,16580125,459467
1,1856,31.471122584000003,0,72625,42,16508291,459467
1,1857,31.487991209000004,0,68083,125,16795167,486991
1,1858,31.504455667000006,0,73625,42,16483125,432143
1,1859,31.521290667000006,0,71875,83,16902625,459467
1,1860,31.537698084000002,0,66833,83,16383709,459467
1,1861,31.554614834000002,0,69042,0,16886708,473229
1,1862,31.571462417000003,0,72458,41,16817291,459467
1,1863,31.604876334,0,70292,42,16190166,433349
1,1864,31.606158042,3887250,17064666,42,18481209,149113
1,1865,31.622902042000003,0,45083,125,16806875,486991
1,1866,31.639349417000002,0,66875,125,16490625,473229
1,1867,31.656662625000006,0,64750,84,17099542,500753
1,1868,31.673008792,0,80167,0,16496458,445705
1,1869,31.689532875,0,68209,83,16471041,459467
1,1870,31.706371084,0,69916,41,16911916,459667
1,1871,31.723964875000004,0,64291,84,17178500,481315
1,1872,31.739433125,0,67959,41,15805250,418527
1,1873,31.756541625,0,68958,83,17110292,473229
1,1874,31.772824542000006,0,76417,83,16269875,459467
1,1875,31.789538417000006,0,69209,41,16716209,459519
1,1876,31.806430917000004,0,63209,42,16898333,473429
1,1877,31.822927167,0,65541,125,16486292,459467
1,1878,31.855226417,0,66958,42,16691875,486991
1,1879,31.856261625000005,3493500,15616458,42,16761625,148913
1,1880,31.873364959000003,0,38042,84,16639792,542039
1,1881,31.889645500000004,0,53541,0,16586125,474583
1,1882,31.906331750000003,0,69084,84,16702000,445905
1,1883,31.923293625000003,0,68667,0,16992334,473229
1,1884,31.939921459,0,68833,125,16588958,459467
1,1885,31.956337375,0,67667,42,16398917,459467
1,1886,31.973227542,0,75583,41,16870417,459467
1,1887,31.989952084000006,0,69084,250,16718917,473281
1,1888,32.006212417,0,66625,125,16285208,459667
1,1889,32.023696125,0,70042,167,16991833,459467
1,1890,32.039829709,0,68084,83,16492041,447059
1,1891,32.056613209000005,0,71791,166,16905750,431943
1,1892,32.073349167,0,67042,42,16680083,459467
1,1893,32.106626334,0,69834,42,16606500,459467
1,1894,32.107942750000007,3674250,16431542,42,17905834,149113
1,1895,32.12440325,0,52834,0,16563708,445705
1,1896,32.140844125,0,73417,42,16488500,486991
1,1897,32.158099792,0,64166,42,17008541,500753
1,1898,32.174923917,0,71750,83,16592334,467605
1,1899,32.1910395,0,69084,83,16487042,466497
1,1900,32.207725875000008,0,69916,41,16614959,445905
1,1901,32.224418667000009,0,74458,41,16788834,431943
1,1902,32.24124275,0,68291,0,16688083,459467
1,1903,32.257610041999996,0,79375,0,16504084,431943
1,1904,32.274273667,0,68625,42,16587208,445705
1,1905,32.291736042,0,72500,0,17009250,459467
1,1906,32.307652084,0,77625,209,16386000,432143
1,1907,32.325398792,0,72959,125,17443959,481315
1,1908,32.356766084,0,69541,84,15729125,494021
1,1909,32.357970625000007,3508750,15849042,42,17166167,148913
1,1910,32.375295417000004,0,51958,0,16721083,473321
1,1911,32.391605459000004,0,79750,83,16783084,418181
1,1912,32.408768292000005,0,70417,41,17114292,445905
1,1913,32.42486475,0,81708,42,16079458,431943
1,1914,32.441731959000009,0,68792,42,17005625,473229
1,1915,32.458177584,0,69666,42,16427459,473229
1,1916,32.475201292000008,0,68083,83,16852875,536363
1,1917,32.491322209,0,62958,125,16317875,521545
1,1918,32.508200792,0,68583,42,16919834,556001
1,1919,32.524936292000007,0,66125,292,16740625,514515
1,1920,32.541634375,0,64792,41,16654625,486991
1,1921,32.558240709,0,68875,83,16587250,486991
1,1922,32.574707542,0,65542,42,16444250,473281
1,1923,32.60841675,0,68292,42,16968666,486991
1,1924,32.609804374999996,3711375,16495375,208,17979084,149113
1,1925,32.626441,0,52708,125,16753792,447059
1,1926,32.643053750000007,0,67959,83,16498083,445705
1,1927,32.659459209000005,0,102500,0,16390042,418181
1,1928,32.6764115,0,76041,42,17023333,431943
1,1929,32.69291370900001,0,76041,83,16565000,445705
1,1930,32.709302459,0,63792,42,16482417,487191
1,1931,32.725868167,0,58666,0,16592083,555801
1,1932,32.742929125,0,60792,125,16994458,555801
1,1933,32.759673750000005,0,61750,42,16616750,459467
1,1934,32.776067209000004,0,68959,42,16184916,440081
1,1935,32.792804292,0,71500,41,16902208,480259
1,1936,32.809560583999996,0,66916,42,16880125,473429
1,1937,32.826388584,0,66250,83,16803667,473229
1,1938,32.859581750000004,0,65208,0,16297542,473229
1,1939,32.860852375000007,3723667,16723375,42,18043250,148913
1,1940,32.877406625000006,0,50250,41,16546791,431943
1,1941,32.894315084,0,71750,41,16883125,459467
1,1942,32.911134875,0,72667,42,16915416,445905
1,1943,32.927585500000006,0,67792,42,16274209,433297
1,1944,32.944201500000005,0,80917,42,16796167,431943
1,1945,32.960823250000004,0,70750,84,16608917,445705
1,1946,32.977638625,0,68292,42,16782167,445757
1,1947,32.994473584000005,0,69042,83,16788042,459467
1,1948,33.010739709000006,0,73958,42,16309959,459667
1,1949,33.027405375,0,69042,83,16702416,459467
1,1950,33.044202292000008,0,69000,41,16784875,445705
1,1951,33.061054417000008,0,66791,42,16779625,473229
1,1952,33.077501209000005,0,66917,41,16504292,419535
1,1953,33.111518375,0,62625,0,16882542,473229
1,1954,33.113399334000007,3700209,16890833,42,18790333,149113
1,1955,33.129746374999996,0,59834,0,16517209,418181
1,1956,33.146234584,0,79167,42,16578709,486991
1,1957,33.162927417000006,0,61375,125,16690459,542039
1,1958,33.179854625000004,0,62125,42,16813292,514567
1,1959,33.196099084,0,70709,42,16305708,432143
1,1960,33.212938542,0,64208,42,16685959,459467
1,1961,33.229918959,0,80084,42,17004209,460821
1,1962,33.246560834000007,0,75708,41,16685209,445705
1,1963,33.263033625000006,0,71709,42,16475625,431943
1,1964,33.280030167000007,0,68375,83,16905208,473229
1,1965,33.296191084,0,73416,0,16298250,445905
1,1966,33.312914167,0,67083,42,16595708,445705
1,1967,33.329890709,0,77208,41,17004958,473229
1,1968,33.363096334000005,0,75291,0,16480667,431943
1,1969,33.364339,3732584,16575708,83,17986625,148913
1,1970,33.38119825,0,48584,167,16883666,488397
1,1971,33.397736375000008,0,60500,83,16594667,528477
1,1972,33.414150459,0,60916,208,16397084,542039
1,1973,33.4310335,0,61208,42,16815208,473229
1,1974,33.44752475,0,69000,42,16495750,459467
1,1975,33.464512084000006,0,67833,0,16997500,486991
1,1976,33.4809855,0,67417,42,16377167,459467
1,1977,33.497931167000004,0,70958,42,16999917,459667
1,1978,33.514256625,0,70208,41,16291333,431943
1,1979,33.531213042000005,0,69791,42,16999333,460821
1,1980,33.547728167,0,72916,42,16492791,459467
1,1981,33.564564084,0,75000,41,16796875,459467
1,1982,33.581192709000007,0,68708,167,16587333,445757
1,1983,33.614979459,0,70125,41,16805000,445905
1,1984,33.616302458999996,3568416,16868959,41,18264625,148913
1,1985,33.632826334,0,48792,42,16615458,445705
1,1986,33.649178084,0,68709,83,16298167,431943
1,1987,33.666171709,0,69667,41,16995792,445705
1,1988,33.682853459,0,70375,83,16696584,447059
1,1989,33.699368084,0,66667,208,16487875,445905
1,1990,33.715850709000009,0,72667,84,16492250,445705
1,1991,33.732667917,0,69208,83,16811625,459467
1,1992,33.749154167,0,73875,42,16482167,459467
1,1993,33.76572575,0,66792,83,16593041,431943
1,1994,33.782752584000008,0,68166,41,16997583,459519
1,1995,33.799372459,0,64292,42,16697541,445905
1,1996,33.815815459000007,0,67375,250,16475500,500753
1,1997,33.832740584000007,0,62000,0,16892334,529631
1,1998,33.865599334000009,0,60041,0,16596541,542039
1,1999,33.867005459,3390625,15974125,41,17413250,148913
1,2000,33.883248584,0,52584,41,16311709,459467
1,2001,33.900115459000006,0,74250,41,16889833,459667
1,2002,33.916863542,0,91375,42,16763417,459467
1,2003,33.93331925,0,69833,42,16442416,445705
1,2004,33.950085709000007,0,72458,83,16791083,459467
1,2005,33.964783125,0,66417,42,14556708,294323
1,2006,33.982903417,0,80500,42,17996042,158109
1,2007,34.013675375000005,0,111875,83,30633833,143141
1,2008,34.016819749999996,0,76291,0,3492958,60369
1,2009,34.0332815,0,69167,42,16444291,418181
1,2010,34.050255709,0,68292,84,17007833,459467
1,2011,34.066932834,0,73125,84,16691667,459467
1,2012,34.083879084,0,72459,83,16695167,445705
1,2013,34.116645500000004,0,71000,42,16293834,445905
1,2014,34.117775334,3666125,16628042,41,17911291,148913
1,2015,34.134604584,0,45208,41,16798042,474583
1,2016,34.151523499999996,0,68542,41,16880917,473229
1,2017,34.168255959000007,0,72333,42,16703083,473229
1,2018,34.184665417000005,0,75750,42,16396708,459519
1,2019,34.201553375,0,68958,42,16894666,473429
1,2020,34.21798375,0,68917,83,16487042,459467
1,2021,34.234625250000008,0,65334,83,16598834,459467
1,2022,34.25124925,0,66792,41,16692916,486991
1,2023,34.267871334000006,0,66959,83,16573084,459467
1,2024,34.284570417,0,69042,250,16618250,460821
1,2025,34.30130491700001,0,68625,42,16782458,459667
1,2026,34.317788334,0,65334,42,16491083,445705
1,2027,34.351933834000008,0,63083,42,17006750,473229
1,2028,34.353306917,3752792,16826292,42,18345125,148913
1,2029,34.36945629200001,0,54708,125,16323292,431943
1,2030,34.38663895900001,0,67834,42,17019584,487043
1,2031,34.403019084000007,0,70333,42,16490125,478111
1,2032,34.419893959000007,0,66250,125,16896166,459467
1,2033,34.436388709,0,71750,41,16375750,460821
1,2034,34.453086209000006,0,80583,416,16713000,459467
1,2035,34.469820375,0,72167,83,16796042,445705
1,2036,34.486371875,0,67666,41,16479875,459467
1,2037,34.50280775,0,65375,42,16502292,459667
1,2038,34.519518042,0,64750,84,16700791,445705
1,2039,34.53658054200001,0,71000,42,16978500,486991
1,2040,34.553210125000007,0,72417,42,16704042,473229
1,2041,34.56980625,0,72125,250,16606125,473229
1,2042,34.602952459000008,0,67166,42,16288625,447111
1,2043,34.604310334000004,3700250,16610333,0,18067417,149113
1,2044,34.62110625,0,53667,42,16818458,445705
1,2045,34.63771675000001,0,84750,42,16595958,431943
1,2046,34.65455604200001,0,75042,42,16897917,459467
1,2047,34.670943000000008,0,70916,292,16390667,459467
1,2048,34.688028167,0,73292,41,16802791,445705
1,2049,34.704659417,0,83833,0,16927292,445905
1,2050,34.720985875,0,69500,125,16334583,486991
1,2051,34.73755975,0,68292,42,16597125,529631
1,2052,34.754454792000004,0,67000,0,16894917,528277
1,2053,34.770959292,0,64166,41,16401958,459467
1,2054,34.787715709,0,74459,41,16697417,459519
1,2055,34.804521959,0,74750,125,16895791,459667
1,2056,34.8214395,0,74292,42,16782041,445705
1,2057,34.855191542,0,80875,41,16404625,431943
1,2058,34.856532583999993,3895916,17271167,41,18710208,148913
1,2059,34.873106750000005,0,49875,42,16763125,514515
1,2060,34.889908750000004,0,63875,41,16696042,515869
1,2061,34.906358709,0,67792,84,16510958,528477
1,2062,34.923123167,0,62333,0,16686542,486991
1,2063,34.939546292,0,69083,41,16490209,500753
1,2064,34.956643875,0,67709,41,17004083,500753
1,2065,34.973004625,0,69584,84,16386125,473229
1,2066,34.989954416999993,0,72750,41,16904916,473281
1,2067,35.006568834000007,0,69125,125,16598709,445905
1,2068,35.023106416999994,0,69333,42,16592958,459467
1,2069,35.039624417,0,71458,42,16497083,433297
1,2070,35.056324917,0,73375,41,16689917,459467
1,2071,35.073139125,0,69792,84,16775792,473229
1,2072,35.106008958999993,0,75541,42,16502541,431943
1,2073,35.10738775,3384500,16183292,41,17670375,149113
1,2074,35.124142292,0,45000,83,16913458,514515
1,2075,35.140568292,0,59708,42,16496875,542039
1,2076,35.157358667,0,58833,0,16614291,500753
1,2077,35.17401375,0,77375,0,16576834,445705
1,2078,35.190651958999993,0,77041,83,16706000,433349
1,2079,35.207275042000006,0,70458,42,16689500,459667
1,2080,35.224013625,0,67000,0,16686042,473229
1,2081,35.240859,0,72042,42,16801000,473229
1,2082,35.257385209000006,0,69042,0,16597292,459467
1,2083,35.273957084,0,71125,83,16506250,445705
1,2084,35.290956084,0,71333,41,16989125,486991
1,2085,35.307549959,0,69250,42,16595833,445905
1,2086,35.324023249999996,0,71083,42,16496292,431943
1,2087,35.357046334,0,71917,42,16594166,433297
1,2088,35.358207834,3514250,16235458,42,17585625,148913
1,2089,35.37509025,0,46542,0,16885083,528317
1,2090,35.391792792000004,0,61542,41,16591625,514567
1,2091,35.408632917000006,0,70958,0,16806167,459667
1,2092,35.425130667000005,0,72416,125,16541375,459467
1,2093,35.441856875,0,69375,84,16751375,473229
1,2094,35.458294042000006,0,71959,83,16419708,445705
1,2095,35.474932459,0,71375,42,16680916,459467
1,2096,35.491692291999996,0,72750,84,16667875,447059
1,2097,35.508290667,0,70125,41,16603084,459667
1,2098,35.525027334,0,69958,42,16719583,445705
1,2099,35.541904708999994,0,70083,83,16867125,459467
1,2100,35.558421124999995,0,71959,125,16504000,445705
1,2101,35.575261834,0,70125,41,16888041,431943
1,2102,35.608624792,0,72166,42,16373333,445757
1,2103,35.609933125,3541542,16800084,42,18239708,149663
1,2104,35.626518625,0,52333,42,16677000,446151
1,2105,35.6432975,0,70875,0,16777208,447505
1,2106,35.660368167,0,69750,125,16816875,459913
1,2107,35.676675667,0,87417,42,16494333,432389
1,2108,35.693344249999996,0,78667,83,16677083,432389
1,2109,35.709976291999993,0,74500,333,16607833,446351
1,2110,35.726428416999994,0,75167,42,16495250,459913
1,2111,35.743252125,0,71625,41,16788500,473675
1,2112,35.759882792,0,70042,42,16623958,446151
1,2113,35.77675875,0,73584,41,16966875,473675
1,2114,35.793177083999993,0,68667,84,16388916,502605
1,2115,35.809895041999994,0,63500,125,16786208,542685
1,2116,35.826562959,0,63042,42,16516333,514961
1,2117,35.860770542,0,72333,42,17000917,473675
1,2118,35.862133459000006,3654333,17031625,125,18447375,148913
1,2119,35.878183417,0,49834,84,16239958,459467
1,2120,35.895305584,0,62750,42,16997000,473229
1,2121,35.911794291999996,0,75166,42,16576250,459667
1,2122,35.928299459,0,67875,42,16507125,445705
1,2123,35.945134959,0,68917,0,16795791,460821
1,2124,35.961858542,0,69417,42,16688583,431943
1,2125,35.978207499999996,0,67458,84,16387416,431943
1,2126,35.994997709,0,67875,42,16705166,459519
1,2127,36.011622708999994,0,68333,42,16694250,445905
1,2128,36.028401792,0,67500,42,16798292,445705
1,2129,36.045155834,0,68000,83,16698833,459467
1,2130,36.061709249999993,0,69417,42,16576750,445705
1,2131,36.078364875000005,0,64834,83,16612250,445705
1,2132,36.111591167,0,64917,42,16587417,433497
1,2133,36.112799959,3721833,16521958,42,17869125,148913
1,2134,36.129738375,0,47125,41,16923208,459467
1,2135,36.146111833999996,0,72459,42,16394500,445705
1,2136,36.162920416999995,0,64625,167,16800500,459467
1,2137,36.179670834000007,0,66250,42,16770750,542039
1,2138,36.196122625,0,57541,41,16498750,542291
1,2139,36.213093083999993,0,61334,42,16920041,514515
1,2140,36.229652875,0,64625,42,16485250,473229
1,2141,36.24643725,0,70416,83,16789417,447059
1,2142,36.263199083999993,0,80458,166,16800708,459467
1,2143,36.279907624999993,0,68667,41,16595333,459467
1,2144,36.296197167,0,91042,83,16391250,459667
1,2145,36.313096875,0,69208,42,16786625,459467
1,2146,36.329460166999993,0,72833,41,16395000,445705
1,2147,36.363525999999993,0,67542,41,16896250,473229
1,2148,36.364828208999995,3730209,17035167,41,18409750,148913
1,2149,36.382207209,0,49084,125,16963667,440029
1,2150,36.397931459000006,0,72084,0,16214917,432541
1,2151,36.414728917000005,0,70750,42,16794166,459467
1,2152,36.431610000000006,0,67375,42,16888375,473229
1,2153,36.447952834000006,0,65541,125,16295459,445705
1,2154,36.464750874999993,0,69167,42,16792417,445705
1,2155,36.481277375000005,0,68333,42,16497917,459467
1,2156,36.498337084,0,68917,84,17090208,459667
1,2157,36.514838375,0,64042,84,16503541,445705
1,2158,36.532160542,0,67959,84,16979583,453791
1,2159,36.547961,0,74208,166,16105792,425211
1,2160,36.564737374999993,0,68875,84,16795625,459467
1,2161,36.581577542000005,0,70125,41,16799583,445705
1,2162,36.615451459,0,69541,166,16691041,459719
1,2163,36.617023417,3778125,16960458,42,18459792,148913
1,2164,36.633368292,0,51167,125,16567083,431943
1,2165,36.650161542000006,0,70125,0,16836459,459467
1,2166,36.666632875000005,0,67958,42,16442833,473229
1,2167,36.683125667,0,69291,42,16257000,433297
1,2168,36.699790584,0,65625,42,16855000,459667
1,2169,36.716479084,0,66250,42,16627750,459467
1,2170,36.733416625000004,0,67250,42,17019000,459467
1,2171,36.75020875,0,110417,125,16773000,459467
1,2172,36.766606917000004,0,69709,84,16431083,445705
1,2173,36.783507959000005,0,68458,250,16786583,459467
1,2174,36.800214749999995,0,71875,42,16759875,445957
1,2175,36.816519334000006,0,69000,42,16387500,459467
1,2176,36.833685417,0,65708,42,16975125,447059
1,2177,36.867094542000004,0,83042,0,16233583,431943
1,2178,36.868429125000006,3884625,17126000,42,18605291,148913
1,2179,36.885333958999993,0,49917,83,16879208,445705
1,2180,36.901619124999996,0,74250,42,16402459,445905
1,2181,36.918613500000006,0,67709,84,16997667,459467
1,2182,36.934934166999994,0,66959,83,16290167,445705
1,2183,36.951646874999994,0,69375,42,16690792,459467
1,2184,36.968586375,0,66667,42,16895834,445705
1,2185,36.985124334000005,0,74166,42,16600458,447111
1,2186,37.001905542,0,66250,42,16788041,487191
1,2187,37.018415417,0,64583,41,16503834,445705
1,2188,37.035015083999994,0,68500,42,16596750,459467
1,2189,37.052111917000005,0,66458,42,16987750,459467
1,2190,37.068375417,0,72209,0,16281250,473229
1,2191,37.102380124999996,0,67750,84,16807583,431943
1,2192,37.103755417,3731875,16935208,84,18503750,149113
1,2193,37.120308209,0,48917,83,16581750,418181
1,2194,37.137258875,0,68417,42,16998333,433297
1,2195,37.153573084,0,70459,42,16291416,431943
1,2196,37.170153625,0,66667,41,16599084,445705
1,2197,37.187064375000006,0,71000,42,16780666,431995
1,2198,37.203534417,0,72792,42,16608958,445905
1,2199,37.220135625,0,76000,84,16597292,473229
1,2200,37.237236834,0,77917,84,17075000,459467
1,2201,37.254033792,0,71417,42,16710625,431943
1,2202,37.270602584,0,70042,41,16584042,431943
1,2203,37.286899417,0,75292,42,16308084,419535
1,2204,37.303751833999996,0,72042,42,16864625,459667
1,2205,37.320197709,0,67417,0,16496500,486991
1,2206,37.352899625000006,0,69209,42,16696500,514515
1,2207,37.354069834,3547208,15889458,208,17174916,148913
1,2208,37.370858584000004,0,42000,83,16741875,500753
1,2209,37.38755675,0,74709,41,16669792,473281
1,2210,37.404451292000005,0,66125,42,16907042,473429
1,2211,37.420621959,0,72042,42,16201708,473229
1,2212,37.437366834,0,63875,125,16691958,447059
1,2213,37.454261625,0,76250,0,16969667,473229
1,2214,37.470950792,0,69375,42,16607541,486991
1,2215,37.487890375000006,0,72834,41,16908125,459467
1,2216,37.504388292,0,72166,42,16490542,445905
1,2217,37.520760749999994,0,78375,125,16395417,431943
1,2218,37.537493584,0,68959,41,16690292,445705
1,2219,37.5541465,0,72000,42,16694292,445705
1,2220,37.571060792,0,70250,84,16897417,431943
1,2221,37.604684334,0,76708,42,16295458,433349
1,2222,37.606020959000006,3933416,17039042,41,18553625,149113
1,2223,37.622936792000004,0,50208,42,17023750,459467
1,2224,37.639273167,0,70083,41,16296000,431943
1,2225,37.655898375000007,0,73458,41,16707958,445705
1,2226,37.672520167,0,67250,0,16579875,459467
1,2227,37.689593667,0,67750,42,17006958,473229
1,2228,37.706193,0,69208,41,16675500,473429
1,2229,37.722686249999995,0,64583,42,16397292,445705
1,2230,37.739434792,0,72167,42,16708375,419535
1,2231,37.755987875,0,79625,42,16672125,486991
1,2232,37.772618249999994,0,70000,83,16695208,528277
1,2233,37.7894215,0,62541,41,16796625,542091
1,2234,37.805895084,0,54708,0,16403959,445905
1,2235,37.822695584,0,67208,41,16793083,459467
1,2236,37.856628584000006,0,70750,83,16800417,459467
1,2237,37.857962416999996,3807125,16883750,42,18349167,148913
1,2238,37.874445084,0,51000,42,16547375,431943
1,2239,37.891509209000006,0,71000,125,16927458,460821
1,2240,37.907730375,0,68250,42,16363708,459667
1,2241,37.924287292,0,72625,42,16480417,445705
1,2242,37.941035916999994,0,78167,42,16692125,431943
1,2243,37.957727292,0,69917,83,16815250,445705
1,2244,37.974900459,0,68917,42,17072833,459467
1,2245,37.991087459,0,71667,42,16218875,404471
1,2246,38.008129709,0,70166,41,16982417,445905
1,2247,38.024451416999995,0,71500,0,16399333,431943
1,2248,38.041590916999994,0,69041,42,16850666,447059
1,2249,38.057749042,0,67583,0,16431167,431943
1,2250,38.074627500000005,0,73250,0,16800542,459467
1,2251,38.108711666999994,0,72500,42,16489041,431943
1,2252,38.110203084000005,3768459,17262500,42,18964750,149113
1,2253,38.126798042000004,0,63041,42,16728833,459467
1,2254,38.143679125000006,0,70416,41,16879750,459467
1,2255,38.160011125,0,69834,42,16394292,445705
1,2256,38.176507167,0,67625,83,16507792,445705
1,2257,38.193603459,0,68834,42,16986333,433349
1,2258,38.210000709,0,71542,42,16409125,432143
1,2259,38.226698834000004,0,65167,42,16789792,445705
1,2260,38.243340583999995,0,65000,0,16672083,486991
1,2261,38.259771291999996,0,59500,83,16490208,528277
1,2262,38.276491667,0,56667,42,16620792,542039
1,2263,38.293595917000005,0,66250,42,17081167,486991
1,2264,38.310144084,0,66667,41,16507708,459667
1,2265,38.326887541999994,0,68667,42,16782208,473229
1,2266,38.360458959,0,65875,42,16696416,460821
1,2267,38.361703500000004,3818750,16682041,167,18042125,148913
1,2268,38.377938709000006,0,48875,83,16252834,418221
1,2269,38.394966999999994,0,71417,42,17001750,445757
1,2270,38.411617667,0,68417,84,16598292,445905
1,2271,38.428297541999996,0,71750,42,16793041,445705
1,2272,38.44464775,0,66084,42,16287459,445705
1,2273,38.461234292,0,66667,0,16601334,431943
1,2274,38.477930334000007,0,88708,0,16690584,445705
1,2275,38.494712000000007,0,67042,42,16689250,447059
1,2276,38.511474084,0,67125,42,16902042,459667
1,2277,38.527900792,0,70250,42,16403166,445705
1,2278,38.544932167,0,68959,42,16979166,473229
1,2279,38.561348792000004,0,72458,125,16389584,445705
1,2280,38.578405083999996,0,70709,42,16996667,459467
1,2281,38.612081125,0,70292,42,16582583,445957
1,2282,38.613385167000004,3719834,16966500,42,18395209,148913
1,2283,38.629710792,0,45792,167,16399250,431943
1,2284,38.646632874999995,0,63791,42,16903792,447059
1,2285,38.663151334000005,0,69000,125,16487166,445705
1,2286,38.679840209000005,0,72833,42,16588458,431943
1,2287,38.696360209000005,0,80000,42,16609750,445905
1,2288,38.713290208999993,0,75584,41,16893208,473229
1,2289,38.72974225,0,81375,42,16494959,445705
1,2290,38.746740583999994,0,66666,41,16880167,459467
1,2291,38.763022417,0,86625,125,16402958,431943
1,2292,38.779830833999995,0,70459,42,16695333,445705
1,2293,38.796429292,0,68042,42,16676416,447311
1,2294,38.813341334,0,72416,41,16906792,445705
1,2295,38.830021,0,67958,0,16703958,445705
1,2296,38.86403425,0,65500,41,16395292,445705
1,2297,38.865404166999994,3782292,17345792,41,18837083,148913
1,2298,38.882149959,0,55416,84,16742750,445705
1,2299,38.898711042,0,130875,42,16693541,445905
1,2300,38.915219542,0,66625,42,16501375,445705
1,2301,38.932027417,0,68459,41,16785333,459467
1,2302,38.948885333999996,0,68958,167,16891083,460821
1,2303,38.965335834,0,66750,42,16405083,445705
1,2304,38.981975667,0,69709,0,16595500,445705
1,2305,38.998689875,0,67584,42,16695833,445957
1,2306,39.014845959,0,72917,41,16194750,129179
1,2307,39.03222375,0,77416,41,17289584,142941
1,2308,39.056676792000005,0,61459,42,24151250,87893
1,2309,39.065470167,0,76834,83,9037625,197989
1,2310,39.082260917,0,81959,41,16902333,431943
1,2311,39.115672458999995,0,67583,84,16291250,461021
1,2312,39.116960792,3586375,16997917,83,18356500,148913
1,2313,39.133694667,0,47541,42,16728292,459467
1,2314,39.150329916999993,0,72375,167,16590000,459467
1,2315,39.167169709000007,0,80166,458,16900958,473229
1,2316,39.183753999999993,0,73583,41,16592083,445705
1,2317,39.200660125,0,70500,0,16899250,459719
1,2318,39.217069167000005,0,71125,83,16386333,445705
1,2319,39.233927917,0,71958,83,16902250,473229
1,2320,39.250315459000007,0,66666,41,16280583,433297
1,2321,39.267265834,0,73125,0,16803459,445705
1,2322,39.283809209,0,110208,0,16691083,445705
1,2323,39.300633042,0,75916,0,16894125,459667
1,2324,39.317251625,0,72417,83,16590333,459467
1,2325,39.334016000000005,0,72750,42,16603417,445705
1,2326,39.367431792000005,0,133916,42,16378209,445705
1,2327,39.368933,3775917,16923000,42,18465500,148913
1,2328,39.385838167,0,51167,42,16642583,431943
1,2329,39.402483667,0,74750,42,17094584,447311
1,2330,39.4186105,0,74291,42,16200166,445705
1,2331,39.435674000000006,0,65875,42,16991458,500753
1,2332,39.45225225,0,71917,84,16590125,473229
1,2333,39.468951583999996,0,66750,125,16695583,500381
1,2334,39.485406749999996,0,71792,41,16393833,431943
1,2335,39.50239275,0,68041,84,16988625,445905
1,2336,39.518941666999993,0,69042,42,16590750,431943
1,2337,39.536397542,0,69500,84,16807292,459467
1,2338,39.552389584,0,86958,42,16578500,419535
1,2339,39.568894166999996,0,70250,84,16501208,431943
1,2340,39.603216667,0,68833,41,16778791,445705
1,2341,39.604600000000005,3688917,17328750,42,18818875,149113
1,2342,39.620863834000005,0,55584,41,16390958,418233
1,2343,39.637739084,0,74000,41,16800541,459467
1,2344,39.654315417000007,0,76084,84,16582333,431943
1,2345,39.671214709,0,78000,83,16899250,431943
1,2346,39.687878667000007,0,72208,42,16588792,419445
1,2347,39.704588042,0,75083,83,16800667,432233
1,2348,39.720941374999995,0,69084,0,16290667,431943
1,2349,39.737540959,0,71125,41,16774750,486991
1,2350,39.7542,0,62584,83,16697584,528277
1,2351,39.770986584,0,57500,41,16698666,542039
1,2352,39.787642167,0,64542,0,16593958,473229
1,2353,39.804449500000004,0,66709,42,16794125,500953
1,2354,39.820882709,0,69875,42,16419459,459519
1,2355,39.854612792,0,71084,42,16979333,474493
1,2356,39.855882959,3773791,16578000,42,18011125,149003
1,2357,39.872494167,0,47583,41,16681292,459467
1,2358,39.889198042000004,0,65833,41,16602833,459467
1,2359,39.905599749999993,0,72833,125,16490125,445905
1,2360,39.922442208999996,0,72167,42,16772750,473229
1,2361,39.9388855,0,69666,42,16410958,431943
1,2362,39.956035666999995,0,74250,83,17096542,445705
1,2363,39.972519334,0,83542,0,16696291,459467
1,2364,39.98912025,0,64375,41,16497334,515869
1,2365,40.005810709,0,64167,0,16774250,514767
1,2366,40.022493,0,62750,41,16592750,486991
1,2367,40.039006834000006,0,72541,0,16519958,459467
1,2368,40.055517124999994,0,66042,42,16491292,445705
1,2369,40.072460667,0,68583,42,16895708,459467
1,2370,40.105760042,0,80084,417,16577584,445705
1,2371,40.107155542,3605583,16475542,42,17973000,149113
1,2372,40.123941167,0,53917,84,16931542,459467
1,2373,40.140243709,0,71042,41,16293417,433297
1,2374,40.15734175,0,73625,42,17099167,459467
1,2375,40.174266833999994,0,70041,0,16493834,431943
1,2376,40.190277917,0,81417,0,16398750,404419
1,2377,40.206914874999995,0,67459,0,16584000,432195
1,2378,40.223542584,0,69750,42,16700209,431943
1,2379,40.240276917,0,69166,42,16693041,445705
1,2380,40.257222459000005,0,71333,0,16893833,445705
1,2381,40.2739615,0,77667,83,16786500,445705
1,2382,40.290590459,0,75584,42,16592875,433297
1,2383,40.307074416999995,0,72459,41,16499208,445905
1,2384,40.323624334,0,66584,41,16574625,445705
1,2385,40.358054834,0,76916,0,17013750,459467
1,2386,40.359397541999996,3953000,17254125,41,18679083,148913
1,2387,40.376085833999994,0,51917,125,16710084,418181
1,2388,40.392511875,0,73958,41,16382209,431943
1,2389,40.409132041999996,0,70416,83,16606917,418433
1,2390,40.425835292,0,127834,42,16779292,445705
1,2391,40.442584874999994,0,68083,41,16712667,433297
1,2392,40.458952667000005,0,69958,42,16389375,459467
1,2393,40.475942917,0,70625,84,16895083,445705
1,2394,40.492532209000004,0,77709,41,16685417,445705
1,2395,40.509049542,0,68375,42,16387833,432143
1,2396,40.525753249999994,0,89709,41,16810792,445705
1,2397,40.542674875,0,68167,42,16883000,445705
1,2398,40.55901075,0,71167,0,16301000,431943
1,2399,40.575770875,0,75792,42,16803792,445705
1,2400,40.609261042,0,73958,0,16755667,474583
1,2401,40.610301375000006,3490125,16669708,208,17892083,149663
1,2402,40.626944792,0,45959,0,16597708,515013
1,2403,40.643582709,0,62875,125,16612584,473675
1,2404,40.660466209000006,0,67583,41,16811417,473675
1,2405,40.676798917,0,75875,41,16381041,446151
1,2406,40.693768709,0,72666,83,16878292,487437
1,2407,40.710463250000004,0,72166,42,16724250,460113
1,2408,40.726840542000005,0,74375,42,16365625,459913
1,2409,40.743561584000005,0,70917,0,16791166,475029
1,2410,40.760501792,0,69875,125,16920167,473675
1,2411,40.777156917,0,69792,83,16589416,459913
1,2412,40.793578917000005,0,72250,41,16385625,432389
1,2413,40.810562084,0,70375,42,16996375,446351
1,2414,40.826749584,0,72416,0,16202333,432441
1,2415,40.859638625,0,69292,42,17076375,501199
1,2416,40.860671584,3503291,15803666,416,16977208,148913
1,2417,40.877105375,0,42500,125,16328833,486991
1,2418,40.894122499999995,0,65083,42,16807166,447059
1,2419,40.910809416999996,0,85292,42,16868542,473429
1,2420,40.927288209,0,65917,0,16408042,459467
1,2421,40.943889125,0,64167,42,16597583,445705
1,2422,40.960648292,0,71375,250,16775042,445705
1,2423,40.977216541999994,0,67125,84,16611917,445705
1,2424,40.993987708999995,0,62916,208,16594625,431943
1,2425,41.01089625,0,68750,41,16991166,445905
1,2426,41.027249792000006,0,117708,41,16389500,431995
1,2427,41.043967624999993,0,64292,42,16699000,433297
1,2428,41.060750291999994,0,69500,84,16792083,459467
1,2429,41.077195042,0,67875,84,16397666,445705
1,2430,41.111154334000005,0,72625,0,16797000,445705
1,2431,41.112485667,3969666,17041334,41,18459875,149113
1,2432,41.129198792,0,50250,83,16806917,445705
1,2433,41.145599875,0,71417,83,16411750,459467
1,2434,41.162349125000006,0,67750,0,16702292,473229
1,2435,41.179436749999994,0,68292,42,16992375,459467
1,2436,41.195877084,0,67084,84,16590792,447259
1,2437,41.212524708999993,0,66958,0,16591333,445757
1,2438,41.229185459000007,0,70167,208,16604667,445705
1,2439,41.245612792,0,71666,42,16387583,431943
1,2440,41.262305584,0,77167,41,16779000,459467
1,2441,41.279097709,0,70000,41,16714458,445705
1,2442,41.296008042,0,78584,84,16894666,445905
1,2443,41.312491292000004,0,69125,41,16483083,445705
1,2444,41.329260958999996,0,71583,41,16803084,445705
1,2445,41.36264475,0,68709,0,16488958,447059
1,2446,41.363944958999994,3712208,16767042,42,18144125,148913
1,2447,41.380765584,0,49250,42,16833959,445745
1,2448,41.39720525,0,65542,0,16515583,459667
1,2449,41.413780917,0,66292,42,16589750,459519
1,2450,41.430684916999994,0,64125,41,16890500,459467
1,2451,41.4473895,0,62542,0,16699500,459467
1,2452,41.464041167000005,0,66542,42,16589208,459467
1,2453,41.480848374999994,0,67791,42,16797250,445705
1,2454,41.497356499999995,0,69083,42,16504334,447259
1,2455,41.513699542,0,69667,42,16386000,473229
1,2456,41.530734459,0,68667,0,16991792,486991
1,2457,41.547350875000006,0,68667,83,16492000,445705
1,2458,41.563757042000006,0,84625,167,16502208,445705
1,2459,41.58077025,0,73208,0,16997542,459467
1,2460,41.614925625,0,65750,41,16485834,445905
1,2461,41.616240958999995,4046458,17494875,42,18891542,148913
1,2462,41.632605584000004,0,49666,292,16498792,445757
1,2463,41.649678417000004,0,67208,42,16802417,460821
1,2464,41.666368875,0,66542,0,16895875,459467
1,2465,41.683196084,0,64750,166,16561833,431943
1,2466,41.699809042,0,66500,83,16657083,445905
1,2467,41.715906958999994,0,68958,125,16351041,445705
1,2468,41.732799459000006,0,69041,42,16799708,459467
1,2469,41.749795459,0,66000,42,16826125,459467
1,2470,41.7664535,0,73167,42,16657750,445705
1,2471,41.783252209,0,73459,125,16938709,445705
1,2472,41.799716458999995,0,71084,84,16255083,433497
1,2473,41.816328625,0,69042,42,16680833,431943
1,2474,41.832705375,0,73542,0,16606084,445757
1,2475,41.866239125000007,0,69375,83,16700916,459467
1,2476,41.867547875,3726833,16403208,41,18021125,148913
1,2477,41.884181166999994,0,51041,125,16647000,459467
1,2478,41.900707499999996,0,77542,42,16607250,445905
1,2479,41.917288125,0,66000,250,16581500,459467
1,2480,41.934046374999994,0,64292,42,16698709,431943
1,2481,41.950913125,0,67792,42,16798666,460821
1,2482,41.967345667000004,0,74875,83,16476334,445705
1,2483,41.984251459000006,0,73459,84,16918458,473229
1,2484,42.00063625,0,66458,83,16492084,500953
1,2485,42.017516541999996,0,64209,125,16875208,555853
1,2486,42.03437825,0,61833,41,16707125,528277
1,2487,42.050995166999996,0,69542,84,16605375,431943
1,2488,42.067889167000004,0,69000,42,16900083,459467
1,2489,42.0842265,0,70833,83,16267500,445705
1,2490,42.117891584000006,0,66750,83,16794750,447259
1,2491,42.119382625,3799833,16699209,42,18226709,148913
1,2492,42.135821250000006,0,56417,84,16575667,404419
1,2493,42.152298417,0,69834,0,16596333,445705
1,2494,42.169309375,0,65958,0,16892833,459467
1,2495,42.185734999999994,0,68500,41,16501417,445705
1,2496,42.202743375,0,65916,42,16986583,459667
1,2497,42.219283375,0,71667,0,16492083,445757
1,2498,42.235873584000004,0,66709,42,16582167,500753
1,2499,42.252709749999994,0,72750,125,16805667,447059
1,2500,42.269356167,0,92125,42,16689917,459467
1,2501,42.285691709000005,0,68459,125,16305042,459467
1,2502,42.302575000000004,0,66958,84,16977208,473429
1,2503,42.319131875,0,64583,42,16510000,459467
1,2504,42.353162542000007,0,63792,42,16690000,445705
1,2505,42.354692791999994,4265750,17100417,42,18618125,148913
1,2506,42.371158959,0,65375,125,16679958,431943
1,2507,42.387575709000004,0,66875,42,16467042,473229
1,2508,42.404303666999994,0,63125,42,16803417,502307
1,2509,42.421345625,0,58083,42,16922625,528329
1,2510,42.437698917000006,0,73167,41,16381750,445705
1,2511,42.454526541999996,0,73750,125,16792583,473229
1,2512,42.471101250000004,0,70875,42,16592208,445705
1,2513,42.487611666999996,0,67750,42,16475667,459467
1,2514,42.504147417,0,64958,125,16517667,445905
1,2515,42.521122875,0,70916,83,16986417,486991
1,2516,42.537561542000006,0,67917,0,16400625,445705
1,2517,42.55446175,0,74875,41,16899000,447059
1,2518,42.571095084000007,0,71167,42,16570209,459467
1,2519,42.604977375000004,0,72625,41,16903709,431943
1,2520,42.606433584,3738833,16737750,41,18317000,149113
1,2521,42.622688167000007,0,53916,42,16365833,390709
1,2522,42.639231749999993,0,72875,83,16604208,431943
1,2523,42.656192875,0,69334,291,17005750,445705
1,2524,42.672581459,0,68292,41,16369250,486991
1,2525,42.689226584,0,65792,42,16693583,528277
1,2526,42.705807500000006,0,58917,0,16533708,516069
1,2527,42.722964708999996,0,65333,41,17067708,486991
1,2528,42.739288791999996,0,71666,83,16398959,459467
1,2529,42.756136209000005,0,68000,42,16787833,473229
1,2530,42.772593916999995,0,67167,42,16496875,445705
1,2531,42.78957975,0,67000,41,16905042,459467
1,2532,42.806184417,0,66333,83,16492958,432143
1,2533,42.822763167000005,0,86333,0,16685333,418233
1,2534,42.856255833999995,0,72833,84,16494584,431943
1,2535,42.858649041999996,3801917,16788583,42,18644375,148913
1,2536,42.875079709000005,0,51333,83,17054500,405773
1,2537,42.891523084,0,72875,42,16286500,404419
1,2538,42.908117375,0,69459,0,16655416,432143
1,2539,42.924873542,0,70584,41,16825500,431943
1,2540,42.9414525,0,74750,41,16660917,431943
1,2541,42.958455,0,70292,41,16931417,445705
1,2542,42.974973250000005,0,78458,41,16555250,431943
1,2543,42.991706209,0,74917,84,16336041,431943
1,2544,43.008693417,0,81166,83,16869083,432143
1,2545,43.025206667000006,0,72458,0,17023458,433349
1,2546,43.041511125,0,73292,42,16086209,418181
1,2547,43.058222167,0,71125,83,16658958,445705
1,2548,43.074757833999996,0,82292,41,16779916,445705
1,2549,43.108323709000004,0,71916,42,16726834,431943
1,2550,43.109693834,3533875,16613625,83,18149916,149113
1,2551,43.126078125000006,0,51791,42,16540458,431943
1,2552,43.142937625,0,63542,41,16816334,445705
1,2553,43.159679499999996,0,69417,42,16389334,426267
1,2554,43.176103709,0,75875,42,16793542,438973
1,2555,43.192938416999993,0,65958,42,16775333,459467
1,2556,43.209614583999993,0,66583,42,16710875,459667
1,2557,43.226093292,0,63459,83,16503750,445757
1,2558,43.242936209000007,0,65500,41,16784167,431943
1,2559,43.259395542000007,0,67709,41,16515666,445705
1,2560,43.276156459000006,0,65083,83,16666083,445705
1,2561,43.292906375,0,70833,42,16606833,445705
1,2562,43.310036999999994,0,80750,42,16998000,440229
1,2563,43.326161709000004,0,69917,83,16396375,425211
1,2564,43.359977875,0,70458,0,16894833,473229
1,2565,43.361299917,3646791,16749666,42,18170500,148913
1,2566,43.377858792,0,50125,41,16609375,431943
1,2567,43.394394459,0,71250,83,16483791,445705
1,2568,43.411241458999996,0,66208,42,16895875,459667
1,2569,43.427736542000005,0,64792,42,16503125,445757
1,2570,43.444097125,0,70125,83,16390583,445705
1,2571,43.46081425,0,64750,42,16605042,433297
1,2572,43.477747334,0,69000,42,16977542,473229
1,2573,43.494760666999994,0,72583,42,16806917,473229
1,2574,43.511319584000006,0,62541,41,16698750,445905
1,2575,43.527633334,0,70500,84,16391125,431943
1,2576,43.544444334000005,0,69875,41,16793959,459467
1,2577,43.561306417,0,69458,41,16787458,459467
1,2578,43.577670375,0,78834,41,16498583,445705
1,2579,43.611031209000004,0,66541,83,16477583,459467
1,2580,43.612811084,3645833,16613083,167,18041666,149113
1,2581,43.629087999999996,0,50959,42,16871417,460873
1,2582,43.645742999999996,0,63916,0,16581833,445705
1,2583,43.662716333999995,0,66791,41,16912167,473229
1,2584,43.679261459,0,75958,41,16585958,459467
1,2585,43.695811167,0,65375,0,16596167,459667
1,2586,43.712619958999994,0,64417,42,16792834,445705
1,2587,43.728994791999995,0,68291,83,16287375,431943
1,2588,43.745477375000007,0,70917,209,16602667,459467
1,2589,43.763074458999995,0,63041,41,17095708,473229
1,2590,43.779242417000006,0,71291,41,16489875,460821
1,2591,43.795702042,0,73083,41,16593750,459667
1,2592,43.812559375000006,0,71833,83,16783125,459467
1,2593,43.829249209,0,71083,42,16697375,473281
1,2594,43.862450499999994,0,73750,0,16590042,473229
1,2595,43.863756959,3626542,16500000,41,17949250,148913
1,2596,43.880428499999994,0,47208,84,16655042,473229
1,2597,43.896924,0,65208,41,16497250,459667
1,2598,43.914347584,0,70416,0,17086125,453791
1,2599,43.930219084,0,72584,41,16197291,438973
1,2600,43.946838666999994,0,64916,0,16591083,445705
1,2601,43.963914667,0,65500,42,17093916,473229
1,2602,43.980213167,0,67875,42,16195083,445705
1,2603,43.996863209,0,69917,83,16703042,445905
1,2604,44.013698625,0,76834,42,16883291,459467
1,2605,44.03019725,0,64834,42,16470291,459519
1,2606,44.047118709,0,68375,41,16820791,445705
1,2607,44.064399084,0,71542,42,17076625,453791
1,2608,44.080486292,0,69542,125,16195375,425211
1,2609,44.113909250000006,0,76375,42,16797459,445905
1,2610,44.115261667,3534667,16617333,42,18027500,148913
1,2611,44.131638167000006,0,50750,83,16469166,445705
1,2612,44.148467542000006,0,74708,42,16783292,459467
1,2613,44.164426334,0,72500,209,15810541,308085
1,2614,44.18144925,0,76208,0,17102917,142941
1,2615,44.197945625,0,79500,125,16399625,129379
1,2616,44.219421999999994,0,69209,42,20792333,60369
1,2617,44.231930750000004,0,70583,41,13263208,281967
1,2618,44.248487999999995,0,79167,42,16617250,431943
1,2619,44.265366625,0,75625,42,16779458,445705
1,2620,44.281974042,0,79417,0,16704625,445705
1,2621,44.298277834000004,0,72500,42,16304042,432143
1,2622,44.315234875,0,66333,0,16986666,473229
1,2623,44.33163225,0,70667,167,16296500,445705
1,2624,44.365026916999994,0,67292,0,16794625,445705
1,2625,44.366447750000006,3764375,16467625,0,17948916,148913
1,2626,44.383451209,0,52166,41,16966625,433337
1,2627,44.39996725,0,76125,42,16549792,432143
1,2628,44.416788959,0,74000,41,16812500,459467
1,2629,44.433009625,0,79458,0,16346959,445757
1,2630,44.449632792,0,69542,42,16674208,507384
1,2631,44.466232125000005,0,63667,42,16658125,542039
1,2632,44.483621459000005,0,57750,83,16858375,528277
1,2633,44.500199667000004,0,91709,0,16808208,445905
1,2634,44.516265958999995,0,83167,84,16246542,431943
1,2635,44.533382292,0,67166,42,17053917,488345
1,2636,44.549908583999994,0,70000,42,16548875,473229
1,2637,44.566483167,0,72709,42,16317625,445705
1,2638,44.583130167000007,0,72958,42,16793959,431943
1,2639,44.617431667000005,0,71333,0,16582542,432143
1,2640,44.619010542,4008709,17627083,42,19047958,148913
1,2641,44.635213542,0,59417,125,16583625,418233
1,2642,44.652142749999996,0,66291,42,16897042,459467
1,2643,44.668800000000005,0,68917,42,16692708,459467
1,2644,44.685406291999996,0,66375,42,16571209,447059
1,2645,44.702028666999993,0,67167,84,16619333,459667
1,2646,44.718798667,0,65875,83,16790250,445705
1,2647,44.735436709,0,67708,250,16597500,459467
1,2648,44.752070083999996,0,75334,167,16592959,459467
1,2649,44.7688955,0,72875,84,16895125,459467
1,2650,44.785717334,0,68625,42,16689708,459467
1,2651,44.802370249999996,0,72000,125,16700500,445905
1,2652,44.818875500000004,0,74833,375,16493416,431943
1,2653,44.8528465,0,75000,42,16589459,419587
1,2654,44.854178167,3686000,17214291,42,18646958,148913
1,2655,44.870889584,0,49875,42,16736292,445705
1,2656,44.887194500000007,0,76208,42,16388875,486991
1,2657,44.904131042,0,58459,83,16989250,528477
1,2658,44.920532625000007,0,63792,42,16329625,514515
1,2659,44.93732,0,63250,42,16766459,486991
1,2660,44.95405925,0,70042,42,16619125,459467
1,2661,44.97103075,0,80208,42,16592750,445705
1,2662,44.987691625,0,74417,83,17092625,460821
1,2663,45.004180459,0,73125,83,16477167,459667
1,2664,45.020647834,0,71417,83,16516250,459467
1,2665,45.037694834000007,0,74834,41,16995000,445757
1,2666,45.05389425,0,69625,41,16191375,418181
1,2667,45.070994334000005,0,81625,0,17087542,431943
1,2668,45.105002791999993,0,78333,125,16298959,418181
1,2669,45.1064985,3778625,17471334,83,19061167,149113
1,2670,45.123049667000004,0,52208,42,16707417,405773
1,2671,45.139670459,0,70375,41,16590375,431943
1,2672,45.156577125,0,68084,41,16923625,459467
1,2673,45.173343917,0,72667,42,16789166,445705
1,2674,45.189609000000004,0,79666,83,16196417,418181
1,2675,45.206780042000005,0,73083,41,17191458,445905
1,2676,45.222946625000006,0,76083,0,16182291,418233
1,2677,45.239905625000006,0,66417,41,16907042,445705
1,2678,45.256497709,0,76000,42,16587625,431943
1,2679,45.273174459,0,72000,83,16696459,433297
1,2680,45.289924791999994,0,71583,42,16702167,418181
1,2681,45.306447584,0,69291,41,16584500,445905
1,2682,45.322943124999995,0,70958,42,16500166,418181
1,2683,45.356372250000007,0,68833,41,16783625,459467
1,2684,45.357700459,3779041,16422833,41,17885958,148913
1,2685,45.374407542,0,50750,41,16712834,431943
1,2686,45.391371875000004,0,70041,41,16918875,431943
1,2687,45.407548584,0,70500,42,16269042,432143
1,2688,45.424144459000004,0,68000,42,16678625,460873
1,2689,45.441141458999994,0,60958,250,16995542,542039
1,2690,45.457921791999993,0,65000,42,16618583,473229
1,2691,45.474175375,0,71708,42,16390250,445705
1,2692,45.491475917,0,67416,42,17071375,459467
1,2693,45.507994084,0,73792,42,16420375,432143
1,2694,45.524623833999996,0,66792,0,16877000,445705
1,2695,45.540847209000006,0,71625,41,16200916,431943
1,2696,45.557944792,0,70375,41,16900709,459467
1,2697,45.574226749999994,0,65750,83,16496125,433297
1,2698,45.608217209,0,71833,42,16689042,445705
1,2699,45.609531292,3665542,17014708,42,18521667,149663
1,2700,45.626416042,0,51500,0,16959458,459965
1,2701,45.642812125000006,0,68084,0,16399583,432389
1,2702,45.659726667,0,70167,42,16783208,459913
1,2703,45.676262667,0,78250,42,16590541,418627
1,2704,45.693126250000006,0,71458,42,16916500,459913
1,2705,45.709353542,0,65250,84,16274417,515161
1,2706,45.726328542000005,0,68084,83,16991000,543839
1,2707,45.743062334,0,65833,42,16606375,487813
1,2708,45.759422291999996,0,79375,42,16392625,446151
1,2709,45.776237959,0,70000,41,16816708,446151
1,2710,45.792847042000005,0,70208,42,16589292,446151
1,2711,45.809539208999993,0,71292,83,16684875,460113
1,2712,45.826139584,0,72166,42,16612459,459965
1,2713,45.860484334000006,0,72125,83,16784791,446151
1,2714,45.8618225,3960333,17346792,83,18803667,148913
1,2715,45.878715,0,56042,83,16775250,433297
1,2716,45.895107999999993,0,90750,84,16503583,445905
1,2717,45.912014041999996,0,79417,42,16881541,445705
1,2718,45.928514292,0,74708,42,16607292,445705
1,2719,45.944799083999996,0,66041,125,16295583,445705
1,2720,45.961515209,0,63583,83,16688667,445705
1,2721,45.978532541999996,0,66125,209,16998125,473229
1,2722,45.995183834,0,62458,41,16588292,459667
1,2723,46.011631042000005,0,69959,42,16497959,445705
1,2724,46.028446458999994,0,70458,167,16797292,460873
1,2725,46.045029584000005,0,67708,0,16583250,445705
1,2726,46.061546834,0,71500,166,16501916,445705
1,2727,46.078653792,0,65792,84,17094208,459467
1,2728,46.112216083999996,0,71458,125,16192250,432143
1,2729,46.113415583999995,3959000,17245750,42,18564709,148913
1,2730,46.130064417,0,47250,42,16719750,445705
1,2731,46.147058375,0,62667,125,16901041,473229
1,2732,46.163499875,0,73458,41,16390166,445705
1,2733,46.180422500000006,0,78667,0,16888292,433297
1,2734,46.197096875,0,72583,0,16806834,459667
1,2735,46.213507875000005,0,64917,42,16378166,459467
1,2736,46.230207667,0,67833,167,16701417,445757
1,2737,46.247042750000006,0,66750,42,16799750,459467
1,2738,46.263535250000004,0,69250,42,16483292,459467
1,2739,46.280582334,0,68958,42,17010625,459467
1,2740,46.296770959,0,75375,41,16289916,432143
1,2741,46.313689499999995,0,63916,42,16840500,459467
1,2742,46.330136167000006,0,65333,125,16450000,433297
1,2743,46.364020584,0,70167,41,16592250,445705
1,2744,46.365337249999996,3789042,17106542,84,18490083,148913
1,2745,46.382294125,0,49125,84,17002333,459467
1,2746,46.398614624999993,0,69000,42,16383291,432143
1,2747,46.415230959,0,69666,42,16597667,459467
1,2748,46.432175292,0,66542,42,16997792,473281
1,2749,46.448703750000007,0,64125,83,16509334,459467
1,2750,46.465315333999996,0,64917,42,16581750,445705
1,2751,46.482295417,0,67375,41,16896166,447059
1,2752,46.498679459,0,66750,0,16476709,445905
1,2753,46.515319375000004,0,64541,0,16598625,459467
1,2754,46.531968667,0,70167,83,16608375,459467
1,2755,46.548716709000004,0,72709,41,16684041,445705
1,2756,46.565348916999994,0,69291,42,16703791,445705
1,2757,46.581970959,0,68791,83,16604833,445705
1,2758,46.615443584000005,0,68958,42,16876375,459667
1,2759,46.616870875000004,3602833,16359333,42,17935709,148913
1,2760,46.633570459,0,48084,125,16747584,433349
1,2761,46.650290874999996,0,66542,83,16702292,459467
1,2762,46.666578791999996,0,86917,41,16350666,431943
1,2763,46.683617874999996,0,70917,83,16948042,459467
1,2764,46.699759791999995,0,67792,83,16191083,445905
1,2765,46.716529500000007,0,68333,84,16788625,459467
1,2766,46.73359275,0,66083,42,16980917,486991
1,2767,46.750144334,0,74958,41,16588666,459467
1,2768,46.766880291999996,0,70250,42,16707416,459467
1,2769,46.783266874999995,0,73958,42,16341250,433297
1,2770,46.799967334,0,74583,42,16653083,432143
1,2771,46.816774917000004,0,69875,42,16886042,445705
1,2772,46.833386708999996,0,71833,41,16511166,431995
1,2773,46.867450292,0,69791,84,16542583,445705
1,2774,46.868932208999993,3793084,17328833,42,18926042,148913
1,2775,46.885744333999995,0,49834,42,16895750,445705
1,2776,46.902306624999994,0,67292,0,16708375,459667
1,2777,46.918856000000005,0,64917,42,16498833,459467
1,2778,46.935525625,0,71959,0,16671750,515869
1,2779,46.952184583999994,0,73291,0,16615875,459467
1,2780,46.9688625,0,66167,0,16688583,445705
1,2781,46.985515292,0,83417,83,16592833,431943
1,2782,47.002346208999995,0,71625,42,16898333,432143
1,2783,47.019302999999994,0,68959,83,16898500,445705
1,2784,47.035389042000006,0,68917,41,16192875,445757
1,2785,47.052295042,0,62875,42,16971791,528277
1,2786,47.06875925,0,59334,42,16492667,514515
1,2787,47.102168000000006,0,50708,42,16718083,515869
1,2788,47.103353041999995,3675833,16361083,41,17738625,149113
1,2789,47.119965542,0,48583,125,16652417,486991
1,2790,47.136624792000006,0,64583,42,16585417,500753
1,2791,47.153376292000004,0,73500,42,16784500,473229
1,2792,47.169941209,0,64791,208,16488375,473229
1,2793,47.186895209,0,77875,333,16909917,473229
1,2794,47.203337625,0,69875,41,16496542,459667
1,2795,47.219977042,0,72334,42,16697292,459467
1,2796,47.236631167,0,65042,42,16573959,460873
1,2797,47.253466292,0,71125,0,16813458,431943
1,2798,47.270271167000004,0,69584,41,16797500,431943
1,2799,47.2870075,0,68250,83,16681875,445705
1,2800,47.30363025,0,68333,42,16702083,432143
1,2801,47.319977667,0,66792,83,16298833,445705
1,2802,47.354045125,0,79834,42,16894959,459467
1,2803,47.355356959000005,3955209,17058292,41,18440834,148913
1,2804,47.372071000000005,0,48542,42,16745375,445705
1,2805,47.388551792,0,70208,41,16494250,433337
1,2806,47.405242666999996,0,66750,42,16688166,459667
1,2807,47.421852625,0,70917,42,16597500,445705
1,2808,47.438490417,0,79708,334,16597708,445757
1,2809,47.455419250000006,0,77834,42,16986375,445705
1,2810,47.472041958999995,0,66541,125,16603625,431943
1,2811,47.48865775,0,68833,42,16494167,431943
1,2812,47.505131084,0,74458,83,16489917,445905
1,2813,47.521902084000004,0,83959,42,16889625,445705
1,2814,47.538428167000006,0,68250,83,16573417,529631
1,2815,47.555083584,0,57791,84,16592792,514515
1,2816,47.571854167,0,68584,83,16720708,473229
1,2817,47.605414709,0,67542,42,16490958,445705
1,2818,47.606740208999994,3723416,16846125,42,18333375,149113
1,2819,47.623516334,0,49750,84,16843791,459467
1,2820,47.640185959000007,0,65792,42,16607250,445757
1,2821,47.656788917,0,68708,291,16579542,445705
1,2822,47.673402249999995,0,78875,42,16688958,445705
1,2823,47.690132792,0,69750,42,16601791,433297
1,2824,47.706671334000006,0,83875,42,16615791,432143
1,2825,47.723566667,0,73209,41,16880125,418181
1,2826,47.740248459,0,69250,41,16693208,431943
1,2827,47.757084167,0,71125,42,16789375,431943
1,2828,47.773429542,0,70917,42,16410041,418181
1,2829,47.790293500000004,0,68542,41,16780083,473229
1,2830,47.806651667,0,70000,42,16401500,432143
1,2831,47.823498125,0,74583,41,16800208,418181
1,2832,47.857255624999993,0,71666,42,16684042,419587
1,2833,47.858649959000005,3629875,16898500,42,18399083,148913
1,2834,47.87535325,0,51541,167,16688917,418181
1,2835,47.892359791999993,0,103875,42,16913584,431943
1,2836,47.908873041999996,0,73875,41,16670500,432143
1,2837,47.925392208999995,0,74875,42,16490750,431943
1,2838,47.942011334,0,75708,84,16578417,431943
1,2839,47.958520209,0,77292,0,16500416,431943
1,2840,47.975947375000004,0,69542,42,16902125,445705
1,2841,47.992178834,0,85125,42,16697791,433297
1,2842,48.008930125000006,0,74459,42,16794417,432143
1,2843,48.025387542000004,0,78583,42,16379167,431943
1,2844,48.041808792,0,69291,42,16506792,431995
1,2845,48.058829042,0,71791,84,16802000,431943
1,2846,48.075410042,0,91125,0,16786417,431943
1,2847,48.109791333999993,0,114041,42,16906834,445705
1,2848,48.111157958999996,3766167,17258875,42,18792042,149113
1,2849,48.127664334,0,49709,416,16570833,419535
1,2850,48.144019541999995,0,67625,83,16392125,431943
1,2851,48.160805584,0,67792,41,16701208,445705
1,2852,48.177692375000007,0,71417,41,16888708,431943
1,2853,48.194295542000006,0,73000,41,16597083,431943
1,2854,48.210750084,0,70666,41,16497542,432143
1,2855,48.227702584,0,70458,42,16885708,445757
1,2856,48.24439475,0,72875,42,16697166,445705
1,2857,48.261066916999994,0,76042,41,16510833,431943
1,2858,48.277743416999996,0,76750,0,16786000,405773
1,2859,48.29408425,0,74750,42,16286917,404419
1,2860,48.311008959000006,0,75792,42,17000791,418381
1,2861,48.327480417000004,0,80042,84,16477916,418181
1,2862,48.362110791999996,0,76667,84,16702459,431943
1,2863,48.363560625000005,3951208,17684333,41,19218459,148913
1,2864,48.380361042000004,0,55167,125,16870334,404419
1,2865,48.396834209000005,0,76917,42,16494584,432143
1,2866,48.413448,0,74791,83,16694375,431943
1,2867,48.430054667000007,0,74125,42,16592041,433349
1,2868,48.446504875,0,67917,84,16403208,431943
1,2869,48.463642959,0,82292,83,16995625,445705
1,2870,48.480232042,0,77416,42,16689541,431943
1,2871,48.496666167,0,73250,83,16485459,432143
1,2872,48.513329959,0,70333,41,16700125,445705
1,2873,48.530029041999995,0,69833,42,16689500,445705
1,2874,48.546483124999995,0,66791,41,16403958,431943
1,2875,48.563370042,0,74625,41,16796208,431943
1,2876,48.580205542,0,89250,42,16873833,433297
1,2877,48.614471459,0,70458,42,16803834,445905
1,2878,48.615858375,3997583,17282125,0,18778666,148913
1,2879,48.632049417000005,0,55375,41,16308291,418233
1,2880,48.648842791999996,0,68958,41,16803833,459467
1,2881,48.665730709,0,70042,42,16889875,445705
1,2882,48.681952667000004,0,65583,41,16191208,431943
1,2883,48.698876125,0,71250,41,16897541,445905
1,2884,48.715365875,0,71750,125,16488000,445705
1,2885,48.732102084000005,0,67375,84,16805500,447059
1,2886,48.748581125,0,66958,83,16472042,445705
1,2887,48.765404625,0,63208,0,16814459,445705
1,2888,48.782103792,0,70167,41,16590500,445705
1,2889,48.798643166999994,0,72875,41,16603500,445905
1,2890,48.815328084,0,73208,583,16695542,445705
1,2891,48.832053042,0,68375,167,16672875,445757
1,2892,48.865910666999994,0,64917,0,16907750,473229
1,2893,48.867169458999996,3525958,16813125,42,18199000,148913
1,2894,48.883819667,0,46083,83,16475083,447059
1,2895,48.900305167,0,81833,42,16699083,459667
1,2896,48.917209791999994,0,68125,42,16898166,459467
1,2897,48.933569375000005,0,65625,41,16292417,459467
1,2898,48.950157375,0,70334,0,16605167,459467
1,2899,48.966878417000004,0,70375,42,16695708,459467
1,2900,48.983661917000006,0,70000,125,16788250,473229
1,2901,49.000376917,0,66083,83,16592458,445905
1,2902,49.017119750000006,0,85750,42,16878625,459467
1,2903,49.033635292,0,68625,41,16410709,433349
1,2904,49.050404916999994,0,112834,42,16792625,445705
1,2905,49.067214750000005,0,68708,41,16885125,459467
1,2906,49.083691292,0,68458,41,16289791,459467
1,2907,49.116634000000005,0,75666,0,16603334,445905
1,2908,49.117923458999996,3729459,16256709,167,17695625,148913
1,2909,49.134908624999994,0,48667,42,17096209,445705
1,2910,49.151206375,0,66208,42,16210584,431943
1,2911,49.167825209,0,80042,42,16681750,473229
1,2912,49.184903292,0,66875,42,16971334,460821
1,2913,49.201431209000006,0,67041,42,16616167,459667
1,2914,49.21814325,0,71167,41,16680500,459467
1,2915,49.234745458999996,0,65333,42,16593917,459519
1,2916,49.251517334,0,68625,83,16593417,445705
1,2917,49.26834975,0,76000,41,17011042,459467
1,2918,49.284821417,0,67083,42,16396458,431943
1,2919,49.301573708999996,0,75834,0,16794375,445905
1,2920,49.318180834,0,66542,41,16578542,445705
1,2921,49.334603042,0,72292,41,16401958,433297
1,2922,49.368616958999993,0,69209,84,16990750,445705
1,2923,49.369918041999995,3802250,16879334,42,18295375,148913
1,2924,49.386506167000007,0,55917,42,16602375,445705
1,2925,49.403178167000007,0,68583,42,16585125,459667
1,2926,49.419842583999994,0,86250,41,16682166,321847
1,2927,49.436701959000004,0,79375,42,16810750,142993
1,2928,49.45261925,0,80042,42,15796292,129179
1,2929,49.474510167000005,0,68875,83,21727917,77929
1,2930,49.486538124999996,0,101416,42,12255958,268153
1,2931,49.502921291999996,0,81584,83,16599417,432143
1,2932,49.519677125,0,69625,42,16777791,486991
1,2933,49.536174708999994,0,65250,250,16486834,459467
1,2934,49.552885375,0,66208,125,16718916,459467
1,2935,49.56955825,0,65583,83,16579083,445705
1,2936,49.602851417,0,68792,42,16807792,459467
1,2937,49.604110917,3577833,16354167,41,17743958,149113
1,2938,49.620812083999994,0,44542,41,16747167,473229
1,2939,49.637352042,0,69417,42,16496416,447111
1,2940,49.654270209,0,73625,41,16872959,473229
1,2941,49.670597584000006,0,76584,42,16310292,445705
1,2942,49.687569917000005,0,77709,42,16978708,459467
1,2943,49.704244833999994,0,68083,0,16718083,445905
1,2944,49.720715084000005,0,67333,41,16493208,459467
1,2945,49.737397083999994,0,67792,42,16593750,445705
1,2946,49.754339666999996,0,92667,42,16992583,459467
1,2947,49.770533166999996,0,69083,83,16191417,445705
1,2948,49.787276792,0,68041,0,16704000,447059
1,2949,49.804163833999993,0,68583,42,16885666,473429
1,2950,49.820550999999995,0,66500,42,16398458,459467
1,2951,49.854565292000004,0,77792,41,16990709,473281
1,2952,49.855892917000006,3815417,16878542,0,18265875,148913
1,2953,49.872206792,0,51584,42,16410958,404419
1,2954,49.888895542,0,68625,0,16605208,431943
1,2955,49.905851917000007,0,73000,41,17002209,445905
1,2956,49.922537833999996,0,72208,0,16693875,431943
1,2957,49.938961209,0,70833,41,16379500,433297
1,2958,49.955844291999995,0,71167,84,16906000,445705
1,2959,49.972559333999996,0,78417,42,16672875,459467
1,2960,49.989043249999995,0,75708,42,16506958,445705
1,2961,50.005841958999994,0,68583,42,16698708,445905
1,2962,50.022230750000006,0,69042,41,16489250,431943
1,2963,50.039046209000006,0,76541,83,16792792,431995
1,2964,50.0557505,0,74708,84,16693750,445705
1,2965,50.072439208999995,0,74000,84,16692458,445705
1,2966,50.1063455,0,71417,41,16790625,419535
1,2967,50.107767417000005,3824167,16855041,42,18352459,149113
1,2968,50.124029209,0,58167,42,16436208,390657
1,2969,50.140826167,0,73875,0,16796334,445705
1,2970,50.158001709000004,0,71334,42,16801208,445705
1,2971,50.173798209,0,84000,42,16193291,404419
1,2972,50.191100375000005,0,69834,0,17095459,459467
1,2973,50.207374375,0,74958,83,16378583,418381
1,2974,50.224303125000006,0,77542,41,16913958,431943
1,2975,50.240733167,0,74791,42,16381875,419587
1,2976,50.257334541999995,0,72334,41,16688875,431943
1,2977,50.274148792000005,0,73292,166,16803000,445705
1,2978,50.2908085,0,71083,0,16593250,431943
1,2979,50.307235834,0,77416,41,16504875,418381
1,2980,50.324050791999994,0,74583,42,16782292,445705
1,2981,50.358300209000006,0,72834,42,16793208,445705
1,2982,50.359704292,3788500,17241125,42,18722417,148913
1,2983,50.375999417,0,50167,84,16382000,418221
1,2984,50.392806000000007,0,74541,0,16769250,433297
1,2985,50.409351541999996,0,72500,0,16608250,432143
1,2986,50.426164375,0,70250,42,16790125,445705
1,2987,50.442873584,0,71333,83,16692917,445757
1,2988,50.459474834000005,0,72459,42,16593333,431943
1,2989,50.476355625,0,71333,41,16940584,445705
1,2990,50.492814709,0,67209,250,16352208,431943
1,2991,50.509627917,0,69958,125,16888792,445905
1,2992,50.526031,0,71459,42,16396417,431943
1,2993,50.542818709,0,71208,42,16787541,433297
1,2994,50.559542792,0,70416,41,16690125,445705
1,2995,50.575955625000006,0,72166,41,16385042,418181
1,2996,50.610815667,0,74500,41,17005166,431943
1,2997,50.612239083999995,3913792,17530958,84,19147333,149663
1,2998,50.628819834,0,51375,84,16550875,418627
1,2999,50.645269666999994,0,78708,83,16595791,432441
1,3000,50.662107375000005,0,75958,166,16795625,446151
1,3001,50.678784417,0,74125,41,16584500,432389
1,3002,50.695191292000004,0,79750,42,16500916,420181
1,3003,50.712195459,0,75334,41,16996042,446151
1,3004,50.728580709,0,78000,83,16400917,432389
1,3005,50.745083709,0,82750,0,16495292,432389
1,3006,50.761879625000006,0,71125,84,16785375,446151
1,3007,50.778886125,0,72209,42,16989792,446151
1,3008,50.795518666999996,0,73458,0,16611667,432589
1,3009,50.812034084000004,0,70458,42,16501125,432389
1,3010,50.828797917,0,91208,41,16780333,446151
2,3012,50.872091084000004,0,0,0,0,0
2,3013,50.873493999999994,62708,2253875,83,11409875,722868
2,3014,50.895604292,0,50834,83,22173875,569881
2,3015,50.912054209000004,0,76292,42,16394625,432461
2,3016,50.928552459,0,83209,0,16605625,432261
2,3017,50.945471459000004,0,74084,250,16881333,446023
2,3018,50.9618165,0,80375,83,16302375,459785
2,3019,50.978621125000004,0,83458,42,16870417,446023
2,3020,50.995246917,0,71750,0,16616167,447577
2,3021,51.011947584,0,75250,41,16683125,459785
2,3022,51.028449209,0,76917,41,16503458,446023
2,3023,51.045237584000006,0,74417,42,16802958,446075
2,3024,51.061877292000005,0,72417,125,16665875,459785
2,3025,51.078521042000006,0,70416,42,16520959,473547
2,3026,51.095023917000006,0,74750,42,16590083,459985
2,3027,51.111849125000006,0,77958,83,16787250,446023
2,3028,51.13209125,0,73500,0,16904166,459785
2,3029,51.145142792,56584,1997416,42,16392166,439849
2,3030,51.161955875000004,0,75917,0,16792708,473675
2,3031,51.178688667,0,71333,0,16685125,459913
2,3032,51.195296125,0,74583,41,16415250,446351
2,3033,51.211809292,0,91791,0,16785458,473675
2,3034,51.228750584,0,70709,42,16888792,487437
2,3035,51.245182875,0,75667,209,16498375,459965
2,3036,51.262015917,0,71083,41,16798917,487437
2,3037,51.278750333999994,0,78167,125,16690500,473675
2,3038,51.295027417,0,72083,42,16294875,461467
2,3039,51.311741834,0,72000,42,16692458,473675
2,3040,51.328635292,0,74292,42,16891625,473675
2,3041,51.345127667,0,67459,42,16400250,459913
2,3042,51.361698333999996,0,82208,0,16693541,459913
2,3043,51.380730125,0,70417,84,16895291,473675
2,3044,51.395149,53916,2004542,42,16491166,383629
2,3045,51.411845041999996,0,99125,0,16685917,446023
2,3046,51.428439999999995,0,74333,42,16603042,446023
2,3047,51.445348292000006,0,78750,83,16898500,461191
2,3048,51.462046125,0,73000,292,16678667,459785
2,3049,51.47882625,0,79292,41,16694208,446023
2,3050,51.495136916999996,0,74500,125,16406500,446223
2,3051,51.511890459,0,73125,41,16694167,446023
2,3052,51.528816250000006,0,95625,42,16892292,459785
2,3053,51.545066292,0,90916,41,16297584,446023
2,3054,51.561872542,0,79750,42,16783833,473547
2,3055,51.578763584,0,78500,42,16905500,473547
2,3056,51.595318250000005,0,69916,83,16593958,461339
2,3057,51.614228709,0,74333,42,16694583,459785
2,3058,51.628662750000004,57083,2117959,84,16579875,384089
2,3059,51.645104708999995,0,72667,42,16486625,432441
2,3060,51.662235792000004,0,72333,42,17004041,459913
2,3061,51.678598417,0,74334,42,16305541,432389
2,3062,51.695409959,0,87084,83,16893500,446351
2,3063,51.712064749999996,0,79583,208,16695625,446151
2,3064,51.729159042000006,0,81292,41,16796916,432389
2,3065,51.745257542000004,0,101167,125,16390333,419981
2,3066,51.761878459,0,71959,42,16586042,446151
2,3067,51.778795292,0,87833,41,16882334,446151
2,3068,51.795376833999995,0,77083,41,16507125,432589
2,3069,51.812063459,0,75083,167,16680333,418627
2,3070,51.828660334000006,0,81875,83,16708583,432389
2,3071,51.845472292,0,73083,125,16689500,446203
2,3072,51.86186975,0,80375,42,16488542,432389
2,3073,51.880902250000005,0,74875,83,16907250,459913
2,3074,51.89524,50875,2063709,41,16495875,372975
2,3075,51.911834459000005,0,72500,84,16600292,446023
2,3076,51.928827291999994,0,79583,125,16888333,487309
2,3077,51.945248334,0,77292,42,16501833,446023
2,3078,51.962007375,0,77750,83,16686458,459785
2,3079,51.978575542,0,76750,292,16579958,487309
2,3080,51.995451417,0,71750,42,16895875,473747
2,3081,52.012193709,0,74209,416,16708083,446023
2,3082,52.028459959,0,76875,41,16279750,459785
2,3083,52.045500167,0,81583,41,17005875,474953
2,3084,52.062027709000006,0,83500,42,16591083,432261
2,3085,52.078737875,0,75750,42,16701666,459785
2,3086,52.095125584,0,70333,125,16386084,446223
2,3087,52.11191375,0,73291,42,16711084,459785
2,3088,52.130652334000004,0,78125,84,16664625,459785
2,3089,52.145588917,58375,2097583,83,17013125,398549
2,3090,52.162117875000007,0,79459,42,16588709,459913
2,3091,52.178842917,0,71375,42,16701666,446151
2,3092,52.195242625000006,0,65917,42,16380083,447705
2,3093,52.211740042,0,71125,42,16511750,459913
2,3094,52.228738750000005,0,76708,42,16994958,487437
2,3095,52.245740084000005,0,71125,42,16888917,459965
2,3096,52.261791208999995,0,81500,42,16096292,432389
2,3097,52.278685167000006,0,73334,84,16787708,432389
2,3098,52.295428083999994,0,78833,84,16801834,446351
2,3099,52.312197417000007,0,73375,83,16788209,432389
2,3100,52.328840125,0,72584,41,16707375,446151
2,3101,52.345120542000004,0,74709,42,16286750,419981
2,3102,52.36186975,0,70459,83,16691958,446151
2,3103,52.380962667000006,0,75458,83,16781334,473675
2,3104,52.395229334000007,53500,2204375,41,16609125,385057
2,3105,52.412189459000004,0,71750,42,16889917,446023
2,3106,52.428858542,0,80250,42,16686125,459785
2,3107,52.445074459,0,75583,84,16209333,446075
2,3108,52.461984625,0,77458,42,16884334,446023
2,3109,52.478555,0,86750,83,16589750,446023
2,3110,52.495472625000005,0,76042,41,16730334,406291
2,3111,52.511928375,0,79042,0,16563375,432261
2,3112,52.528530792,0,82833,83,16693666,446023
2,3113,52.545153041999995,0,69500,125,16598958,473547
2,3114,52.562222209,0,77166,42,16991417,459785
2,3115,52.578498709,0,75875,125,16298959,446023
2,3116,52.595174709000005,0,73709,41,16686917,446223
2,3117,52.61195275,0,76250,0,16803750,459785
2,3118,52.630825709000007,0,74333,42,16792584,446023
2,3119,52.645367834,61042,2123375,83,16681459,455861
2,3120,52.661972417,0,66250,41,16595250,542485
2,3121,52.678475167,0,62584,0,16396667,473675
2,3122,52.695200666999995,0,69000,42,16807834,473875
2,3123,52.7120225,0,70625,83,16601875,446151
2,3124,52.728440500000005,0,95583,125,16572334,459913
2,3125,52.745112375000005,0,72875,42,16719084,446151
2,3126,52.761824209,0,71458,83,16670292,459913
2,3127,52.778514375,0,69791,42,16600458,459913
2,3128,52.795344334000006,0,75791,84,16900583,447705
2,3129,52.811853791999994,0,77583,41,16479833,459913
2,3130,52.828536834000005,0,72875,41,16691959,459913
2,3131,52.845122042,0,82584,42,16611833,459965
2,3132,52.864229042000005,0,68959,83,16798500,473675
2,3133,52.878875875000006,53791,2213958,84,16779375,399125
2,3134,52.895214292000006,0,93500,42,16403500,418699
2,3135,52.911778375,0,82541,42,16681458,473547
2,3136,52.928780458999995,0,70375,41,17001209,542357
2,3137,52.945131667,0,73375,41,16385375,516187
2,3138,52.961908292000004,0,68083,0,16712708,514833
2,3139,52.978850209,0,71500,0,16791333,446023
2,3140,52.995312084000005,0,85625,83,16597250,446223
2,3141,53.011795292,0,72417,42,16501500,459785
2,3142,53.028658667,0,76166,42,16775208,473547
2,3143,53.045337833999994,0,73333,167,16711917,473599
2,3144,53.061878084,0,74459,41,16478625,446023
2,3145,53.078941042,0,84666,42,17006667,459785
2,3146,53.095146791999994,0,81208,84,16284625,433815
2,3147,53.111801,0,74292,42,16686250,459785
2,3148,53.131003500000006,0,72625,42,16699875,446023
2,3149,53.145345417,60625,2237250,42,16804416,388199
2,3150,53.161974666999996,0,71375,41,16592541,459913
2,3151,53.178885250000008,0,71916,83,16698083,446151
2,3152,53.195180750000006,0,90250,42,16486625,432589
2,3153,53.211769792,0,77750,42,16589416,446151
2,3154,53.228528624999996,0,78125,0,16789459,459913
2,3155,53.245192583999994,0,67458,0,16704542,461319
2,3156,53.261910125,0,72959,42,16699208,473675
2,3157,53.278567042000006,0,68042,0,16489625,446151
2,3158,53.295364417,0,82792,42,16891833,446351
2,3159,53.311979084,0,77791,41,16604959,446151
2,3160,53.328645042000005,0,74667,41,16680125,459913
2,3161,53.34548275,0,72792,42,16791958,459913
2,3162,53.361934167,0,75500,125,16407583,418627
2,3163,53.381134375,0,71917,41,16491458,418667
2,3164,53.395473792000004,62458,2494458,0,17085958,360699
2,3165,53.412114417,0,81334,42,16591083,418499
2,3166,53.428532917,0,91042,0,16508875,432261
2,3167,53.445360917,0,77458,41,16789958,446075
2,3168,53.462074666999996,0,78375,83,16691958,459785
2,3169,53.478664500000008,0,78584,83,16589917,446023
2,3170,53.495257834,0,72041,42,16488125,432461
2,3171,53.512047667000004,0,81667,42,16904917,446023
2,3172,53.528722709000007,0,71083,84,16683875,446023
2,3173,53.545377834000007,0,73125,42,16612500,433615
2,3174,53.562178792,0,74542,41,16794875,459785
2,3175,53.57861375,0,79542,83,16383250,432261
2,3176,53.595127084,0,70209,42,16598458,446223
2,3177,53.611741249999994,0,71000,125,16584375,446023
2,3178,53.630902625000004,0,79042,42,16788250,459785
2,3179,53.64516225,61583,2361291,42,16605333,400919
2,3180,53.661876042,0,71875,42,16591416,446151
2,3181,53.678582667,0,110167,41,16799750,459913
2,3182,53.695031916999994,0,72667,42,16495167,433943
2,3183,53.711911416999996,0,76417,41,16894375,459913
2,3184,53.728691166999994,0,70250,42,16778333,459913
2,3185,53.745419542000008,0,65375,42,16607750,446151
2,3186,53.761974625000008,0,70209,83,16589542,446151
2,3187,53.778658209,0,73375,42,16595667,459913
2,3188,53.795079959000006,0,73750,208,16599125,446351
2,3189,53.812079125,0,69542,84,16896208,459913
2,3190,53.82865525,0,77209,0,16589791,459913
2,3191,53.845226042000007,0,74875,125,16492792,447557
2,3192,53.86464825,0,74208,42,16994916,446151
2,3193,53.878831833999996,55167,2363250,42,16594834,387175
2,3194,53.895077042,0,72250,83,16298542,432461
2,3195,53.911741875000004,0,77875,84,16700500,446023
2,3196,53.928571667,0,74709,83,16788291,473547
2,3197,53.945159708999995,0,75500,84,16601792,459785
2,3198,53.962109792000007,0,81125,42,16885084,473547
2,3199,53.978464625,0,76791,41,16367166,446023
2,3200,53.995167625000008,0,79542,42,16696500,461339
2,3201,54.012031542,0,78416,0,16820875,459785
2,3202,54.028894167000004,0,76542,42,16867750,446023
2,3203,54.045302000000007,0,81625,83,16410667,432313
2,3204,54.061870416999994,0,85625,41,16596417,432261
2,3205,54.078758917,0,80958,84,16789417,446023
2,3206,54.095600292,0,81000,42,16893459,459985
2,3207,54.114658000000006,0,72708,0,16499125,432261
2,3208,54.128530792000006,61166,2472708,42,16498667,373849
2,3209,54.145405499999995,0,73750,42,16787000,461267
2,3210,54.162086792,0,79209,41,16703667,446151
2,3211,54.178979625,0,73750,41,16793875,432389
2,3212,54.195599167,0,89167,42,16687500,418827
2,3213,54.211996709000005,0,84667,42,16382541,432389
2,3214,54.2287855,0,77833,83,16804834,432389
2,3215,54.245247500000005,0,72959,42,16490959,432441
2,3216,54.26187,0,79708,42,16663458,473675
2,3217,54.278965834000005,0,68792,42,16912625,459913
2,3218,54.295461875,0,81292,42,16576333,461467
2,3219,54.311722208999996,0,75917,84,16306333,446151
2,3220,54.328543084,0,74958,42,16791750,459913
2,3221,54.345302625,0,74792,42,16810875,473675
2,3222,54.364565375,0,68792,84,16689584,473675
2,3223,54.378904500000004,52916,2445667,42,16793000,401443
2,3224,54.395222833999995,0,80333,42,16402750,446223
2,3225,54.412179209,0,80750,41,16876750,459785
2,3226,54.428854292,0,79458,42,16701875,459785
2,3227,54.445112667000004,0,78458,42,16281083,433667
2,3228,54.462249875,0,83375,42,16909292,446023
2,3229,54.478776834,0,105041,42,16698334,446023
2,3230,54.495271583999994,0,75000,83,16482458,446223
2,3231,54.512072917,0,80500,42,16893625,487309
2,3232,54.528008916999994,0,74084,42,15898292,335927
2,3233,54.545902,0,78625,42,17687291,157021
2,3234,54.561369459000005,0,119000,42,15602083,129497
2,3235,54.576808834000005,0,80166,83,15146875,33163
2,3236,54.595594459,0,91542,42,18937209,447377
2,3237,54.614491666999996,0,81375,41,16595459,473747
2,3238,54.628677499999995,57334,2405833,83,16608625,388725
2,3239,54.645403083999994,0,84459,83,16791916,473727
2,3240,54.661816667,0,73375,125,16377042,459913
2,3241,54.678799,0,73959,42,16912708,446151
2,3242,54.695171,0,75958,42,16308417,432589
2,3243,54.711944792,0,76458,0,16880917,446151
2,3244,54.72863325,0,73375,291,16592042,432389
2,3245,54.745382584,0,83583,84,16793125,447505
2,3246,54.762188124999994,0,76125,42,16795250,459913
2,3247,54.778561334,0,76208,0,16396333,432389
2,3248,54.795014834,0,71458,41,16496209,446351
2,3249,54.811931875,0,72583,42,16792875,459913
2,3250,54.828972792,0,83375,84,17006250,459913
2,3251,54.845289417000004,0,83792,42,16382500,446203
2,3252,54.861906084,0,79166,42,16595291,432389
2,3253,54.881294999999994,0,79667,41,16894292,446151
2,3254,54.895324834000007,52042,2467750,83,16579000,403503
2,3255,54.911884291999996,0,77291,0,16610583,501071
2,3256,54.928721542000005,0,77833,42,16772666,473547
2,3257,54.945291959,0,73625,42,16584834,473547
2,3258,54.961873459,0,80167,0,16510625,446023
2,3259,54.978475875,0,74500,41,16592583,446023
2,3260,54.995249417,0,82250,42,16804334,446223
2,3261,55.011981250000005,0,82084,41,16685542,446023
2,3262,55.028839583999996,0,75875,42,16909417,446023
2,3263,55.045199999999994,0,77666,0,16285500,447429
2,3264,55.061797625,0,87375,41,16595625,446023
2,3265,55.078556375000005,0,88333,42,16797375,446023
2,3266,55.095183667,0,75875,125,16693625,459985
2,3267,55.114510167000006,0,70500,41,16787750,459785
2,3268,55.128537834,63542,2404916,42,16493917,388703
2,3269,55.145380375,0,73084,0,16797500,446151
2,3270,55.162055124999995,0,80959,42,16700125,446151
2,3271,55.178578167,0,75500,42,16486792,446151
2,3272,55.195140249999994,0,72792,42,16600750,447705
2,3273,55.212044834,0,82042,167,16890167,459913
2,3274,55.228714417000006,0,74167,0,16679959,473675
2,3275,55.245317416999995,0,79625,41,16688375,542537
2,3276,55.261663416999994,0,64667,41,16392000,542485
2,3277,55.278719792000004,0,63375,83,16918875,514961
2,3278,55.295382667,0,70958,42,16594834,460113
2,3279,55.312050917000008,0,74292,0,16592291,432389
2,3280,55.328856584000008,0,79834,84,16885959,446151
2,3281,55.345331791999996,0,75333,42,16506083,447505
2,3282,55.361752792000004,0,75834,41,16393833,446151
2,3283,55.381183459,0,73083,0,16793167,446151
2,3284,55.395208,52916,2504334,42,16694792,375131
2,3285,55.411854917,0,74333,83,16584583,446023
2,3286,55.428807834,0,84875,41,16997333,473547
2,3287,55.445113250000006,0,71084,41,16299666,446075
2,3288,55.461840750000007,0,75042,41,16687333,446023
2,3289,55.478755042,0,80916,42,16798333,446023
2,3290,55.495245125,0,91958,0,16590042,420053
2,3291,55.511992584,0,80500,166,16693792,446023
2,3292,55.528807875,0,92291,41,16800792,459785
2,3293,55.545424125,0,72833,41,16692291,446023
2,3294,55.562210625000006,0,70708,83,16696125,473547
2,3295,55.578891166999995,0,80166,42,16690042,446023
2,3296,55.595459375000004,0,75541,41,16597250,446223
2,3297,55.611855000000006,0,79584,42,16395208,446023
2,3298,55.6310225,0,76708,0,16593292,446023
2,3299,55.645388542000006,60708,2509709,83,16897041,390535
2,3300,55.661919749999996,0,68917,41,16595917,446151
2,3301,55.678727959,0,77625,42,16690125,446151
2,3302,55.695547334,0,82958,83,16899667,460113
2,3303,55.7121075,0,74875,42,16476250,446151
2,3304,55.728490084,0,83833,42,16406292,432389
2,3305,55.745169458999996,0,77917,83,16685916,446151
2,3306,55.761839084,0,78709,42,16691000,459913
2,3307,55.778609458999995,0,71333,41,16701917,446151
2,3308,55.795022375,0,82791,41,16502250,433943
2,3309,55.811824542,0,73916,42,16870833,514961
2,3310,55.828396166999994,0,64583,41,16518750,501199
2,3311,55.845348916999995,0,73459,83,16983375,556299
2,3312,55.861765792,0,65083,42,16408083,459913
2,3313,55.881068792000008,0,69041,42,16588708,459913
2,3314,55.895244958999996,55333,2529666,42,16813625,406297
2,3315,55.912016792,0,79625,42,16761750,459785
2,3316,55.928728334,0,78584,42,16704000,473547
2,3317,55.945232792,0,84334,84,16490667,447377
2,3318,55.961875250000006,0,78917,83,16584833,446023
2,3319,55.978888917000006,0,77250,42,16906959,446023
2,3320,55.99560425,0,79250,417,16803917,459985
2,3321,56.011922917000007,0,81375,42,16394000,432261
2,3322,56.028423333999996,0,72000,41,16491792,446023
2,3323,56.045256500000008,0,71792,42,16777875,459837
2,3324,56.061833334,0,76333,42,16612375,446023
2,3325,56.078454167000004,0,76083,84,16588583,432261
2,3326,56.095303417,0,73875,42,16902291,461339
2,3327,56.114613834,0,75625,125,16683500,459785
2,3328,56.128435499999995,63208,2535750,41,16397708,377441
2,3329,56.145264542000007,0,73042,41,16793791,446151
2,3330,56.162147625,0,74167,41,16905625,459913
2,3331,56.178652959000004,0,71167,125,16389500,459913
2,3332,56.195390417,0,85958,42,16796917,446351
2,3333,56.211880625000006,0,78500,42,16491917,432389
2,3334,56.228750250000004,0,76667,42,16888792,473675
2,3335,56.245112709,0,74291,42,16378416,461319
2,3336,56.261966375,0,71333,41,16813917,446151
2,3337,56.2789375,0,79375,42,16801584,446151
2,3338,56.295336959,0,80250,42,16586041,432589
2,3339,56.312141917000005,0,75250,42,16799917,459913
2,3340,56.328719334,0,74959,42,16488042,459913
2,3341,56.345092875000006,0,84625,41,16500625,446151
2,3342,56.364594834,0,71291,0,16883209,459913
2,3343,56.378836209,57167,2470500,83,16700208,405075
2,3344,56.395511959000004,0,83458,42,16693250,433815
2,3345,56.411879875,0,101125,42,16392250,446023
2,3346,56.42882625,0,87000,41,16983167,473547
2,3347,56.445329292,0,71167,42,16401083,446075
2,3348,56.461890167000007,0,92417,83,16688708,446023
2,3349,56.478904541999995,0,76500,42,16791958,459785
2,3350,56.495208459,0,83042,41,16509708,432461
2,3351,56.511861374999995,0,77542,42,16596375,432261
2,3352,56.528969583999995,0,88959,84,17003041,446023
2,3353,56.545232125,0,89500,84,16376791,419853
2,3354,56.561935875,0,75208,83,16698292,446023
2,3355,56.578730917,0,78042,42,16689167,459785
2,3356,56.595617000000004,0,75417,83,16904208,459985
2,3357,56.612003292,0,78875,83,16396917,432261
2,3358,56.631483333999995,0,79167,41,16893500,432261
2,3359,56.645356250000006,62792,2481583,83,16392833,322951
2,3360,56.661870584,0,80125,83,16591417,432389
2,3361,56.678550625,0,74416,42,16573083,432389
2,3362,56.695221375,0,83083,42,16715208,433943
2,3363,56.712040959000007,0,79916,42,16878083,432389
2,3364,56.72867875,0,79750,41,16609584,446151
2,3365,56.745385,0,72250,42,16790458,459913
2,3366,56.762083125000004,0,69333,42,16597333,446151
2,3367,56.778484250000005,0,83750,41,16398417,446151
2,3368,56.795154999999994,0,81333,42,16690000,473875
2,3369,56.811934209,0,73292,42,16782750,459913
2,3370,56.828784,0,80000,83,16803208,473675
2,3371,56.845282874999995,0,77125,83,16492584,447557
2,3372,56.864731667,0,74208,167,16793291,459913
2,3373,56.878914292000005,52041,2573333,42,16788541,378017
2,3374,56.895687209,0,80125,42,16691750,432461
2,3375,56.911914124999996,0,100625,41,16396584,459785
2,3376,56.9284105,0,72917,41,16594542,528595
2,3377,56.945287417,0,65584,42,16893125,556119
2,3378,56.961802500000005,0,63417,166,16391584,501071
2,3379,56.978464167,0,77500,42,16615667,473547
2,3380,56.995149,0,76750,42,16681792,461339
2,3381,57.012120374999995,0,81833,42,16904292,487309
2,3382,57.028839125000005,0,84166,41,16806583,473547
2,3383,57.045587292000008,0,73583,42,16676833,473599
2,3384,57.062158124999996,0,81834,84,16599875,459785
2,3385,57.078597,0,81542,167,16396250,459785
2,3386,57.095251417,0,74417,42,16693833,446223
2,3387,57.114792875000006,0,81666,0,16886000,432261
2,3388,57.128861459000007,63750,2561166,125,16602291,337167
2,3389,57.145179166999995,0,76458,83,16391084,419981
2,3390,57.162056542,0,77000,83,16889792,432389
2,3391,57.178928792000008,0,75875,42,16809625,446151
2,3392,57.195130917,0,77125,84,16286458,432589
2,3393,57.212153125,0,82667,83,16993708,459913
2,3394,57.228658417000005,0,85500,42,16397125,446151
2,3395,57.245627125,0,77625,42,16989250,459965
2,3396,57.262112042,0,94792,84,16480166,446151
2,3397,57.278530792,0,83083,41,16488000,446151
2,3398,57.295226375,0,75959,83,16316625,426913
2,3399,57.312163917000007,0,78458,42,16993500,466943
2,3400,57.328782000000004,0,110917,42,16787541,446151
2,3401,57.345346125000006,0,80292,41,16586875,418627
2,3402,57.361808417000006,0,91416,42,16503291,446151
2,3403,57.381278500000008,0,83500,83,16877917,432389
2,3404,57.3950145,51750,2499167,41,16419667,392485
2,3405,57.412076459000005,0,75250,41,16986958,459785
2,3406,57.428843834000006,0,80541,41,16788667,446023
2,3407,57.445232417,0,74125,41,15992500,426637
2,3408,57.461941417000006,0,84833,333,17102125,453053
2,3409,57.478862209,0,75000,83,16795292,446023
2,3410,57.49529,0,87458,42,16486959,432461
2,3411,57.511879125000007,0,85250,42,16600917,446023
2,3412,57.528614667,0,78500,42,16791209,459785
2,3413,57.545246292,0,75500,125,16697333,514833
2,3414,57.561665250000004,0,71750,83,16465084,487309
2,3415,57.578876667,0,63125,42,17012125,528595
2,3416,57.595594084,0,69625,125,16415833,426785
2,3417,57.614801166999996,0,79500,42,16890042,466815
2,3418,57.628736167,60625,2551709,41,16579417,378959
2,3419,57.645129917000006,0,85167,84,16400458,459965
2,3420,57.661855208999995,0,73000,0,16675000,446151
2,3421,57.678719416999996,0,82875,125,16804875,459913
2,3422,57.695073084,0,82875,83,16395709,446351
2,3423,57.712112334,0,76917,84,17099209,459913
2,3424,57.728794584,0,74041,42,16574250,446151
2,3425,57.746301875,0,73541,42,17100375,440475
2,3426,57.76181375,0,86125,42,15898667,418973
2,3427,57.778767709000007,0,92375,83,16901542,459913
2,3428,57.795200250000008,0,81166,83,16582833,446351
2,3429,57.812006834,0,75208,42,16702042,446151
2,3430,57.828354708999996,0,77375,42,16496875,446151
2,3431,57.845295750000005,0,70875,42,16870208,515013
2,3432,57.861679417000005,0,72459,84,16500500,528723
2,3433,57.881348792,0,62291,42,17014833,511563
2,3434,57.895827292000007,56541,2419292,84,16196916,392991
2,3435,57.911712917,0,81417,0,16690750,472945
2,3436,57.928883125,0,70541,83,17096958,473547
2,3437,57.945366792,0,77583,41,16504583,446023
2,3438,57.961775125,0,78292,41,16378208,447167
2,3439,57.978709917,0,74417,0,16883292,459785
2,3440,57.995056875,0,81375,42,16406083,446223
2,3441,58.012121959,0,78458,42,17085708,459785
2,3442,58.028701041999994,0,77916,42,16612041,446023
2,3443,58.045575166999996,0,80334,41,16380375,432313
2,3444,58.062194042,0,85583,42,16986250,447377
2,3445,58.078877250000005,0,78667,42,16709166,446023
2,3446,58.095176417000005,0,73792,0,16387375,459985
2,3447,58.111719584,0,71167,0,16498625,446023
2,3448,58.1314345,0,72292,125,17040666,459785
2,3449,58.145035667,61333,2560417,42,16254625,379137
2,3450,58.162126084000008,0,74834,291,16992625,459913
2,3451,58.178564917,0,78500,166,16381917,432389
2,3452,58.19594275,0,90083,0,17004000,446351
2,3453,58.211927875,0,72208,42,16481542,447505
2,3454,58.228445417,0,75333,83,16507584,446151
2,3455,58.245266916999995,0,77625,42,16785625,446203
2,3456,58.262186709000005,0,79791,42,16899875,459913
2,3457,58.278794583999996,0,85292,41,16597666,459913
2,3458,58.295307709,0,82291,42,16581625,460113
2,3459,58.311701709000005,0,79208,0,16404166,446151
2,3460,58.328870292000005,0,72375,42,17091333,473675
2,3461,58.345957375,0,90209,42,16609542,459913
2,3462,58.364549374999996,0,72041,41,16582291,461267
2,3463,58.378598042000007,52333,2474584,83,16478208,406411
2,3464,58.395400334,0,81084,42,16812917,446223
2,3465,58.412150584,0,78667,84,16795125,459785
2,3466,58.428763875,0,76667,167,16592042,446023
2,3467,58.445358084000006,0,77041,125,16674042,459837
2,3468,58.462029875,0,73708,125,16616084,459785
2,3469,58.478873459,0,73125,42,16796750,459785
2,3470,58.495265959000008,0,75042,42,16381375,446223
2,3471,58.512011,0,85292,84,16795334,461139
2,3472,58.528740125,0,74750,0,16711792,473547
2,3473,58.545237834000005,0,74292,0,16486791,446023
2,3474,58.562081042,0,75750,41,16794375,487309
2,3475,58.578918791999996,0,83042,83,16794208,446023
2,3476,58.595238959,0,88209,42,16299125,446223
2,3477,58.611784916999994,0,89042,41,16583750,432261
2,3478,58.631057,0,82416,41,16695417,446023
2,3479,58.645289417,61583,2513083,42,16798458,407833
2,3480,58.661929666999995,0,80000,41,16688666,447505
2,3481,58.678625834,0,79000,0,16596000,432389
2,3482,58.695282375000005,0,87625,166,16589583,418827
2,3483,58.711807042000004,0,86667,42,16596250,446151
2,3484,58.728823833999996,0,83125,83,16897916,446151
2,3485,58.745171416999995,0,93791,42,16502542,418627
2,3486,58.762050916999996,0,74167,42,16676291,418627
2,3487,58.778895084,0,111750,41,16800375,432389
2,3488,58.795265541999996,0,96500,42,16604167,432589
2,3489,58.812162709000006,0,77167,41,16890792,461267
2,3490,58.828768834,0,74792,42,16570500,459913
2,3491,58.845022916999994,0,73042,83,16317209,432441
2,3492,58.861797709,0,74833,84,16767667,459913
2,3493,58.881231291999995,0,76417,42,16605209,432389
2,3494,58.895139834000005,53625,2541917,41,16709541,351563
2,3495,58.9123245,0,82583,42,16994542,446023
2,3496,58.928605292,0,96583,42,16396042,418499
2,3497,58.945169667,0,83250,42,16585709,446023
2,3498,58.961982959,0,83625,41,16789792,447377
2,3499,58.978935417,0,78500,83,16798333,432261
2,3500,58.995205334000005,0,98541,41,16401542,418699
2,3501,59.011769541999996,0,93209,0,16592541,446023
2,3502,59.028800000000004,0,77500,42,16997291,473547
2,3503,59.045397167000004,0,75834,0,16489750,432313
2,3504,59.062202459000005,0,95458,0,16886666,446023
2,3505,59.078763584,0,80458,83,16483084,432261
2,3506,59.095288,0,77334,42,16605417,446223
2,3507,59.111912542,0,87917,42,16608000,433615
2,3508,59.131255750000008,0,83667,42,16687166,446023
2,3509,59.145216000000005,60959,2562000,83,16680583,392899
2,3510,59.162136792,0,76542,0,16898584,459913
2,3511,59.178492084,0,67791,42,16291250,446151
2,3512,59.195074958999996,0,73250,41,16681333,460113
2,3513,59.212145709,0,78083,0,17006292,446151
2,3514,59.228876625,0,77292,83,16711750,446151
2,3515,59.245213334,0,78542,41,16390208,446203
2,3516,59.262015542,0,71500,42,16778875,461267
2,3517,59.278910584,0,76375,84,16809209,459913
2,3518,59.295118792,0,78625,84,16290875,446351
2,3519,59.312094083999995,0,75417,42,16900250,459913
2,3520,59.328869084000004,0,80083,41,16794625,432389
2,3521,59.34550475,0,79208,41,16576959,432389
2,3522,59.361854250000007,0,85667,42,16407208,446151
2,3523,59.38125325,0,72250,83,16892708,528723
2,3524,59.395418750000005,54166,2490209,83,16797084,447937
2,3525,59.411905167,0,71916,250,16373375,502425
2,3526,59.428816959,0,77708,42,16718375,459785
2,3527,59.445379917,0,80417,42,16776375,459837
2,3528,59.462045417,0,74542,0,16602750,472006
2,3529,59.478702166999994,0,93333,167,16600583,473547
2,3530,59.49529425,0,80375,42,16595125,459985
2,3531,59.511943584000008,0,80417,42,16599333,459785
2,3532,59.528645874999995,0,76666,42,16673791,459785
2,3533,59.545244999999994,0,87375,83,16583500,432261
2,3534,59.561797334000005,0,79833,83,16606333,433615
2,3535,59.578756,0,91209,42,16902292,446023
2,3536,59.595351167000004,0,79625,42,16595917,432461
2,3537,59.611971249999996,0,94667,84,16592792,253355
2,3538,59.631223000000006,0,89917,41,16791667,143259
2,3539,59.645046584,58000,2446292,0,16191625,131473
2,3540,59.66613875,0,109584,125,20859708,60815
2,3541,59.678592334,0,85500,42,12724250,294769
2,3542,59.695168249999995,0,93500,42,16692208,432589
2,3543,59.712064417000008,0,79833,41,16894250,447505
2,3544,59.728503542,0,88000,42,16404875,432389
2,3545,59.745158333999996,0,85833,83,16680000,432389
2,3546,59.762105958999996,0,72333,84,16711792,446151
2,3547,59.778461584,0,87375,42,16492292,404865
2,3548,59.795357167000006,0,83292,42,16993750,460113
2,3549,59.812060333999995,0,76000,41,16779500,528723
2,3550,59.828348167,0,73083,41,16288916,514961
2,3551,59.845133125000004,0,73167,83,16701750,528775
2,3552,59.861929042,0,77083,42,16702083,461267
2,3553,59.881224458999995,0,76875,42,16900750,459913
2,3554,59.895568167000008,53541,2368542,83,16789250,392849
2,3555,59.911980584000005,0,98667,83,16394750,446023
2,3556,59.928488042,0,78667,41,16484625,432261
2,3557,59.945246459,0,85167,42,16803833,459785
2,3558,59.962098792000006,0,80833,42,16798208,459785
2,3559,59.978849374999996,0,91917,0,16596042,446023
2,3560,59.995308667,0,117250,83,16483667,432461
2,3561,60.012339709,0,83625,333,17093334,447377
2,3562,60.028652209,0,79375,41,16391292,432261
2,3563,60.045521917,0,87916,41,16793125,459837
2,3564,60.062054792,0,79375,42,16583458,446023
2,3565,60.078632625,0,80209,42,16514625,446023
2,3566,60.095375875,0,77541,41,16897083,459985
2,3567,60.114228084000004,0,76708,0,16571458,542357
2,3568,60.128626125,56708,2296541,167,16695875,489233
2,3569,60.145467959,0,60625,41,16727208,473675
2,3570,60.162135459,0,75375,125,16593167,461267
2,3571,60.178727042000006,0,86208,0,16572917,432389
2,3572,60.195205666999996,0,88250,42,16610916,432589
2,3573,60.212003084,0,77084,42,16770208,459913
2,3574,60.228552667,0,80959,83,16517250,446151
2,3575,60.245437959,0,78292,83,16797667,446203
2,3576,60.261801500000004,0,78167,41,16389958,446151
2,3577,60.278616959000004,0,87625,250,16790334,473675
2,3578,60.295291250000005,0,77208,41,16700000,446351
2,3579,60.312175249999996,0,76166,83,16891291,447505
2,3580,60.328692042,0,89625,84,16497375,459913
2,3581,60.345291375,0,73625,42,16581834,446151
2,3582,60.3646885,0,83708,42,16805459,459913
2,3583,60.378629375,58084,2541917,250,16490292,378887
2,3584,60.395445625000008,0,78041,42,16907000,459985
2,3585,60.411827709000008,0,76625,42,16365000,446023
2,3586,60.428700042,0,76375,42,16801667,459785
2,3587,60.445231334,0,77750,42,16511083,432313
2,3588,60.461868667000005,0,85583,42,16689292,433615
2,3589,60.478671917,0,87792,0,16700875,446023
2,3590,60.495250291999994,0,84584,41,16693166,446223
2,3591,60.512044375,0,83709,41,16793208,446023
2,3592,60.528567875000007,0,88750,0,16491834,446023
2,3593,60.545549292000004,0,74625,41,16995500,446023
2,3594,60.561920167,0,84750,42,16390167,459785
2,3595,60.578797084,0,72667,42,16695541,446023
2,3596,60.595115792,0,80416,125,16495917,432461
2,3597,60.614713542000004,0,75708,84,16996209,447377
2,3598,60.628909625000006,55666,2491625,83,16684875,392899
2,3599,60.645348459000004,0,77708,42,16395250,432441
2,3600,60.662176875,0,81541,83,16888125,446151
2,3601,60.678893375,0,75583,42,16711916,459913
2,3602,60.695463958999994,0,84958,84,16589166,432589
2,3603,60.712027000000006,0,83167,42,16492125,446151
2,3604,60.728733334,0,85875,83,16686417,459913
2,3605,60.745439375000004,0,80833,41,16788166,446151
2,3606,60.762186041999996,0,74000,0,16708792,447505
2,3607,60.778865374999995,0,73709,42,16695000,446151
2,3608,60.795208459000008,0,79958,83,16285334,432589
2,3609,60.812166000000005,0,87875,0,16999209,459913
2,3610,60.828606625000006,0,85917,41,16496250,446151
2,3611,60.845368167000004,0,77833,125,16686042,459965
2,3612,60.864513917,0,80750,42,16707792,473675
2,3613,60.878619209000007,51250,2431208,0,16484708,378887
2,3614,60.895474750000005,0,84042,41,16910500,473747
2,3615,60.912001667,0,85875,41,16568500,447377
2,3616,60.928692709,0,74292,0,16612167,459785
2,3617,60.945297334,0,77166,41,16695000,459785
2,3618,60.962134959,0,79750,42,16788167,446023
2,3619,60.978666708999995,0,85583,42,16482708,446023
2,3620,60.995272584000006,0,75583,42,16612708,446223
2,3621,61.012191542,0,75708,42,16895167,473547
2,3622,61.028445042,0,85292,42,16294500,446023
2,3623,61.045571667000004,0,83291,0,16989292,459837
2,3624,61.061782125000008,0,80000,0,16299416,433615
2,3625,61.078775292,0,78334,42,16995791,473547
2,3626,61.095151084000008,0,77833,42,16392792,446223
2,3627,61.111866709,0,82416,83,16594583,446023
2,3628,61.131164166999994,0,87208,83,16892000,459785
2,3629,61.145341791999996,56959,2474917,333,16690292,392899
2,3630,61.161798958999995,0,82750,42,16400750,459913
2,3631,61.178498625,0,85292,375,16678625,446151
2,3632,61.1954135,0,79541,41,16994583,487637
2,3633,61.21218725,0,76875,42,16699959,461267
2,3634,61.228840375000004,0,85625,42,16702125,459913
2,3635,61.245140959,0,81333,42,16197042,446151
2,3636,61.261869917,0,90042,83,16796875,446203
2,3637,61.278754917,0,79041,41,16794333,446151
2,3638,61.29555825,0,84834,83,16889333,432589
2,3639,61.311947792,0,82750,42,16293458,459913
2,3640,61.328854084,0,88958,42,16896583,446151
2,3641,61.345343125,0,95083,83,16594292,459913
2,3642,61.364293625,0,82334,41,16673416,488791
2,3643,61.378542875000008,50000,2304042,42,16500625,447697
2,3644,61.395546667000005,0,73625,42,16917041,473747
2,3645,61.412023833999996,0,93042,0,16585500,459785
2,3646,61.428550959000006,0,73083,0,16497667,459785
2,3647,61.445468500000004,0,81000,41,16892292,446023
2,3648,61.461880875000006,0,79834,208,16298500,432313
2,3649,61.47902875,0,101875,42,17174333,446023
2,3650,61.495357542000008,0,78333,83,16306917,432461
2,3651,61.511975084,0,90708,83,16598250,433615
2,3652,61.528572874999995,0,108667,41,16673292,459785
2,3653,61.545364125000006,0,81375,291,16798875,473547
2,3654,61.5620505,0,77041,42,16709292,459785
2,3655,61.578594042000006,0,92458,42,16495833,459785
2,3656,61.595124417000008,0,74209,42,16593792,446223
2,3657,61.611828792,0,82000,42,16692333,473547
2,3658,61.631210084,0,77500,42,16890417,473547
2,3659,61.645444375,59916,2441750,125,16698541,420423
2,3660,61.662030417,0,89000,0,16593000,461319
2,3661,61.678823625000007,0,78000,125,16681750,473675
2,3662,61.695105834,0,77084,83,16388667,460113
2,3663,61.711962959000005,0,79333,41,16814917,473675
2,3664,61.72856525,0,76750,42,16581791,432389
2,3665,61.74546475,0,80708,41,16904958,446151
2,3666,61.762067167,0,77833,42,16597500,446151
2,3667,61.778833417,0,79167,42,16776459,487437
2,3668,61.795338541999996,0,75125,42,16588958,515161
2,3669,61.812062084000004,0,68292,42,16709291,543839
2,3670,61.828506708999996,0,76458,84,16407250,473675
2,3671,61.84515825,0,71000,41,16581958,473675
2,3672,61.86470625,0,75583,42,17000750,473727
2,3673,61.878655084000016,53000,2492125,83,16407417,378887
2,3674,61.895447833999995,0,84541,41,16891750,473747
2,3675,61.912214209,0,79834,0,16678416,459785
2,3676,61.928545625000012,0,81750,41,16404167,446023
2,3677,61.9453865,0,75792,41,16694042,446023
2,3678,61.961747542,0,80875,84,16495416,406091
2,3679,61.978718084000022,0,77500,0,16795125,446023
2,3680,61.995281042,0,85792,42,16696250,432461
2,3681,62.012037917,0,81958,41,16694667,432261
2,3682,62.029000917000005,0,88417,83,16879667,432261
2,3683,62.045571334,0,99458,42,16703958,446023
2,3684,62.061895292000017,0,79709,42,16196917,432313
2,3685,62.078602709000009,0,83125,83,16688959,432261
2,3686,62.095260084,0,89583,41,16700125,432461
2,3687,62.111872917000014,0,82167,125,16577417,433615
2,3688,62.131423417000022,0,77917,83,17110334,446023
2,3689,62.145632375000005,59500,2498500,41,16696459,365375
2,3690,62.162104875,0,80042,83,16487125,432389
2,3691,62.178481375000004,0,92625,42,16385209,446151
2,3692,62.195310042,0,72625,0,16815500,418827
2,3693,62.212191209000011,0,81625,42,16889750,446151
2,3694,62.228605916999996,0,72750,83,16383666,418627
2,3695,62.245515875000009,0,87167,84,16905584,446151
2,3696,62.26210191700001,0,74000,42,16585000,433795
2,3697,62.278522750000022,0,83250,83,16395666,432389
2,3698,62.295376458999996,0,76458,84,16892750,446351
2,3699,62.311808166999995,0,82250,83,16407292,432389
2,3700,62.328699000000015,0,76125,125,16879541,446151
2,3701,62.345179084000009,0,86375,83,16505333,432389
2,3702,62.361868459000007,0,75917,41,16586917,446151
2,3703,62.381256417000017,0,91000,41,16807583,446151
2,3704,62.395379750000004,54292,2550708,41,16671000,392889
2,3705,62.411878834000007,0,101125,42,16611375,433615
2,3706,62.428750667000017,0,77958,41,16891125,446023
2,3707,62.445044334,0,76167,42,16296375,446023
2,3708,62.461718375000018,0,78583,83,16771584,501123
2,3709,62.478498750000014,0,66084,83,16700250,542357
2,3710,62.495010667000017,0,73375,42,16518375,515033
2,3711,62.512026709000011,0,75208,42,16895875,487309
2,3712,62.528616250000013,0,79541,0,16585416,446023
2,3713,62.545482292000017,0,74791,83,16888959,473547
2,3714,62.562009167,0,74709,41,16498250,447377
2,3715,62.578530084000008,0,80500,83,16494250,446023
2,3716,62.595639084000013,0,73500,42,17088541,446223
2,3717,62.6146705,0,79208,42,16483125,446023
2,3718,62.628609375000011,60000,2539334,42,16499583,365375
2,3719,62.645162750000011,0,86417,0,16608209,446151
2,3720,62.66199437500002,0,74834,41,16790917,446203
2,3721,62.678758709000007,0,78958,83,16692584,446151
2,3722,62.69526225,0,77541,42,16609167,446351
2,3723,62.71217620900002,0,87208,42,16896209,461267
2,3724,62.728551292000006,0,79958,0,16381500,432389
2,3725,62.745287625000017,0,74333,42,16699167,446151
2,3726,62.762009709,0,78875,42,16678458,446151
2,3727,62.778725959,0,85542,125,16786500,459913
2,3728,62.795330792,0,74583,42,16605125,446351
2,3729,62.812045,0,71500,42,16717083,446151
2,3730,62.828642459000022,0,82250,83,16579667,446151
2,3731,62.845321542000008,0,77958,83,16599917,446151
2,3732,62.864909125000011,0,83667,41,16788791,447557
2,3733,62.878672000000009,54000,2593709,83,16485375,365125
2,3734,62.895356292000017,0,77125,41,16889208,487509
2,3735,62.91168795900002,0,73542,42,16392333,542357
2,3736,62.928531209000013,0,65208,41,16713334,528595
2,3737,62.945479042,0,76875,84,16885375,473547
2,3738,62.96172033400002,0,74042,0,16313041,446023
2,3739,62.978810209,0,81417,0,16988042,459785
2,3740,62.995221959000006,0,83917,334,16501875,446223
2,3741,63.011805334000016,0,76917,42,16483666,433615
2,3742,63.028985917000014,0,81416,41,17195416,473547
2,3743,63.045035709000004,0,76541,83,16099708,432261
2,3744,63.062128042,0,80292,41,17089000,473599
2,3745,63.078905667,0,72375,42,16696292,446023
2,3746,63.095251459000011,0,78500,42,16385500,432461
2,3747,63.114676292,0,80125,125,16907708,459785
2,3748,63.128833459000006,60708,2505750,83,16689292,379137
2,3749,63.145439542000005,0,72917,334,16584125,446151
2,3750,63.161745667000005,0,68333,41,16307583,433743
2,3751,63.178663084000007,0,75417,83,16888625,459913
2,3752,63.195406042000016,0,76209,0,16798792,460113
2,3753,63.211863584,0,73833,42,16491334,446151
2,3754,63.228874125000019,0,69500,42,16903333,459913
2,3755,63.245312584000018,0,78542,83,16383125,432389
2,3756,63.261885334000013,0,97916,0,16610000,459965
2,3757,63.27864275,0,81959,41,16684500,446151
2,3758,63.295280417,0,101708,41,16701875,460113
2,3759,63.311934917000016,0,73958,84,16691875,447505
2,3760,63.328800000000015,0,73416,0,16780333,459913
2,3761,63.345120709,0,76167,84,16412291,446151
2,3762,63.361739584000006,0,76792,42,16586625,446151
2,3763,63.381127000000006,0,79167,42,16895500,459913
2,3764,63.395262250000016,68041,2403041,83,16600541,392849
2,3765,63.412016917,0,77125,42,16691333,446023
2,3766,63.428858125000019,0,90000,41,16896875,446023
2,3767,63.445460417000007,0,74875,83,16585666,446023
2,3768,63.462266041999996,0,85209,83,16707416,447429
2,3769,63.478917209000016,0,83250,42,16684708,432261
2,3770,63.495075666999995,0,72792,83,16202375,432461
2,3771,63.511789917,0,76208,42,16686500,459785
2,3772,63.528468000000018,0,86666,42,16692791,473547
2,3773,63.545230708999995,0,81875,42,16792792,446023
2,3774,63.562085959000015,0,73750,83,16779417,459785
2,3775,63.578877167000016,0,76917,42,16788292,446023
2,3776,63.59517475,0,75167,41,16314917,432461
2,3777,63.611781375000007,0,88292,41,16585166,433615
2,3778,63.631289209,0,74333,42,17003208,487309
2,3779,63.645024417000016,57291,2449458,42,16299625,379137
2,3780,63.661920667000018,0,74875,42,16883875,459965
2,3781,63.678595500000014,0,79708,42,16610792,459913
2,3782,63.695507542000016,0,78917,41,16908708,446351
2,3783,63.71184475,0,82667,42,16270750,432389
2,3784,63.728681167000005,0,88708,41,16881208,446151
2,3785,63.745225917000013,0,74250,42,16489708,446151
2,3786,63.761973749999996,0,82834,42,16703250,447505
2,3787,63.778533459,0,90959,41,16594584,432389
2,3788,63.795228667000018,0,75125,41,16796208,432589
2,3789,63.812163750000011,0,77833,83,16610917,432389
2,3790,63.828644167000007,0,122167,83,16683583,446151
2,3791,63.845173917,0,85042,0,16592542,446151
2,3792,63.861916125000008,0,80916,125,16788334,446203
2,3793,63.881371292,0,75583,42,16809167,459913
2,3794,63.89559375,69375,2439916,42,16780709,351563
2,3795,63.911944125000005,0,79666,0,16297750,419853
2,3796,63.928627709,0,83792,83,16689083,446023
2,3797,63.94536087500002,0,77083,42,16875833,473547
2,3798,63.962061667000015,0,73166,42,16714583,542357
2,3799,63.978394250000022,0,71125,42,16378750,542357
2,3800,63.99501904200001,0,61583,42,16520125,515033
2,3801,64.011968834,0,74917,42,16983625,501071
2,3802,64.028769792,0,69375,41,16799291,473547
2,3803,64.045167625000019,0,73666,125,16293000,487309
2,3804,64.06169125000001,0,76875,83,16585666,447429
2,3805,64.078541375,0,75750,84,16803625,473547
2,3806,64.095350417,0,72750,42,16796917,459985
2,3807,64.111901,0,75000,41,16575709,473547
2,3808,64.130992959000011,0,75792,42,16692166,473547
2,3809,64.145386084000009,57958,2381916,0,16715583,406661
2,3810,64.162097584000023,0,76250,42,16599375,446151
2,3811,64.178515917000013,0,82833,42,16485000,432389
2,3812,64.195388709,0,73250,42,16994166,515161
2,3813,64.21180725,0,75541,42,16483917,530077
2,3814,64.228576375,0,67125,41,16693083,556247
2,3815,64.245679542000019,0,67916,42,16906458,501199
2,3816,64.261861959,0,90459,0,16303875,446203
2,3817,64.279119042,0,87125,83,17068459,487437
2,3818,64.295465167000017,0,80208,0,16508042,473875
2,3819,64.311865125000011,0,77292,125,16471417,459913
2,3820,64.328873542000011,0,71959,42,16900000,501199
2,3821,64.345210625,0,73583,42,16392833,473675
2,3822,64.361998875,0,78541,0,16703792,475029
2,3823,64.381166042,0,84208,42,16593542,446151
2,3824,64.395635167000009,51125,2459625,166,17017791,379087
2,3825,64.412046959000023,0,78166,41,16467875,432261
2,3826,64.428851667000018,0,77584,42,16795500,459785
2,3827,64.445399,0,77750,41,16503833,446023
2,3828,64.461753709,0,81291,41,16402000,432313
2,3829,64.478903584000008,0,80416,0,17002916,459785
2,3830,64.495471917000017,0,79333,83,16675875,446223
2,3831,64.51179658400001,0,77958,167,16308667,447377
2,3832,64.528965584,0,76917,42,17197000,473547
2,3833,64.545276500000014,0,82833,42,16288375,459785
2,3834,64.56230275,0,89583,0,16995167,459785
2,3835,64.579036084000009,0,82750,42,16692208,446023
2,3836,64.595094334,0,77375,42,16102041,432461
2,3837,64.612031375,0,88708,42,16890041,459785
2,3838,64.631285375000019,0,76000,41,16687500,418499
2,3839,64.645451959,58459,2494375,0,16806208,379137
2,3840,64.662076792000008,0,73583,83,16587625,420033
2,3841,64.678473750000009,0,81792,42,16465583,501199
2,3842,64.69532975,0,69041,0,16902542,501399
2,3843,64.71532658400001,0,69291,83,19801917,514961
2,3844,64.728139084,0,84083,42,12708791,115863
2,3845,64.745805292000014,0,100000,42,17685084,143387
2,3846,64.771079125000014,0,75708,84,24971416,88339
2,3847,64.779043209000022,0,107708,42,8230791,170911
2,3848,64.795398625,0,89542,42,16469000,418827
2,3849,64.812263542,0,79833,83,16918792,461267
2,3850,64.828583125000009,0,95833,84,16280500,459913
2,3851,64.845338209000019,0,85750,0,16684416,446151
2,3852,64.861958834000021,0,80084,42,16700000,459965
2,3853,64.881310875000011,0,75042,42,16910708,459913
2,3854,64.895545000000013,57584,2405000,41,16681958,392849
2,3855,64.911740542,0,78167,0,16284750,487309
2,3856,64.92865512500002,0,70750,42,16896459,556119
2,3857,64.94500175,0,67875,0,16391791,542357
2,3858,64.961839792000021,0,63583,83,16708292,502425
2,3859,64.978778167000016,0,84083,42,16894000,473547
2,3860,64.995131959,0,81541,292,16397625,473747
2,3861,65.012198334000018,0,76667,41,17087041,473547
2,3862,65.028832959000013,0,78917,84,16496292,459785
2,3863,65.045559417,0,88583,41,16802625,446023
2,3864,65.061963375000019,0,88042,41,16388583,446075
2,3865,65.078924875,0,78750,41,16893208,473547
2,3866,65.095380542,0,79583,84,16495291,446223
2,3867,65.11460525,0,78708,41,16796000,447377
2,3868,65.128864125000021,57209,2408208,0,16679625,406661
2,3869,65.145231459000016,0,73625,83,16402167,446151
2,3870,65.161906334000022,0,78208,84,16781334,514961
2,3871,65.178370834,0,69333,208,16396667,542485
2,3872,65.195149292000011,0,68333,42,16799042,556447
2,3873,65.212031042000021,0,70375,41,16795666,501199
2,3874,65.228964125000019,0,75834,375,16796791,459913
2,3875,65.245131292000011,0,103291,0,16300709,432389
2,3876,65.262070667,0,83083,42,16888709,461319
2,3877,65.278775709000016,0,73167,42,16691500,473675
2,3878,65.295506917,0,79250,41,16812250,460113
2,3879,65.311931334000022,0,74875,83,16376709,446151
2,3880,65.328634792000017,0,83625,42,16703125,459913
2,3881,65.345347834000009,0,73291,42,16696250,473675
2,3882,65.364574625,0,77542,41,16696583,446151
2,3883,65.378923,52917,2493708,42,16792625,392649
2,3884,65.395293084000016,0,76917,42,16493208,460025
2,3885,65.412102917000013,0,75125,0,16692250,447377
2,3886,65.428771042000008,0,87333,0,16697500,446023
2,3887,65.445546334000014,0,72708,41,16796625,473547
2,3888,65.462012292000011,0,77125,0,16501666,432313
2,3889,65.478539292000008,0,76500,84,16375542,459785
2,3890,65.495580334,0,76542,83,17103500,459985
2,3891,65.512142834000016,0,78375,41,16599209,446023
2,3892,65.528660042,0,75500,84,16487250,446023
2,3893,65.545227,0,78334,0,16679625,514833
2,3894,65.561957542,0,73708,42,16695125,516187
2,3895,65.578584125,0,74166,83,16508875,528595
2,3896,65.595114500000008,0,75250,42,16577791,501271
2,3897,65.614542209000021,0,72791,209,16910792,473547
2,3898,65.628421000000017,63166,2430542,166,16379208,406661
2,3899,65.645447292000014,0,74167,209,17013083,473675
2,3900,65.661767459000018,0,85167,42,16288542,459965
2,3901,65.678541959000015,0,87583,42,16684833,459913
2,3902,65.695189500000012,0,84709,42,16793875,460113
2,3903,65.712129959,0,74791,42,16714541,447505
2,3904,65.728647834,0,101333,42,16686791,459913
2,3905,65.745171292,0,79667,41,16503791,459913
2,3906,65.76214825000001,0,79958,42,16993333,459913
2,3907,65.778811584,0,74667,83,16588292,459913
2,3908,65.795098875000022,0,78458,125,16387666,446351
2,3909,65.812128542,0,72125,83,16990583,459913
2,3910,65.828652417000015,0,74917,42,16496542,459913
2,3911,65.845125917,0,76209,42,16477958,459913
2,3912,65.861835292000009,0,77500,41,16694042,461229
2,3913,65.881250917,0,73083,250,16899542,460003
2,3914,65.895435625000019,53334,2405250,42,16604666,379087
2,3915,65.911697917000012,0,90625,42,16395166,459785
2,3916,65.928443709,0,76084,42,16691250,473547
2,3917,65.945446209,0,81584,42,16999958,459785
2,3918,65.962030834,0,78417,83,16593917,459785
2,3919,65.978902209,0,74083,42,16801500,473547
2,3920,65.995332,0,77375,41,16490083,459985
2,3921,66.011922917,0,76584,42,16492000,447287
2,3922,66.028746209,0,102750,41,16797542,459875
2,3923,66.045356042,0,104208,42,16697417,459785
2,3924,66.061947500000016,0,75958,42,16470958,473599
2,3925,66.078682209000007,0,78000,41,16791542,473547
2,3926,66.095116084,0,75542,83,16514583,473747
2,3927,66.114338709,0,75250,41,16871083,473547
2,3928,66.128471917,56833,2317541,42,16413333,392899
2,3929,66.145137959,0,74542,42,16593375,432389
2,3930,66.161958584,0,89792,166,16877458,447415
2,3931,66.17865083400001,0,78667,84,16611291,446241
2,3932,66.195374917,0,94250,83,16782833,446351
2,3933,66.212146125000018,0,85416,42,16799542,446151
2,3934,66.22888166700001,0,85125,41,16694750,446151
2,3935,66.245544500000008,0,83917,41,16598667,432389
2,3936,66.261700084,0,86167,42,16294500,432441
2,3937,66.278646417000019,0,77000,41,16872917,542485
2,3938,66.295214875000013,0,76875,42,16693500,542685
2,3939,66.311778292,0,67792,42,16507667,474939
2,3940,66.328605167000021,0,73542,83,16705708,446241
2,3941,66.34514779200002,0,79833,83,16489875,446151
2,3942,66.364675459,0,74917,42,17076833,446151
2,3943,66.378537500000007,56000,2498542,42,16392209,365125
2,3944,66.395026125,0,76875,83,16523292,446223
2,3945,66.412160625,0,75500,42,17087500,459785
2,3946,66.428608334,0,80292,42,16479000,473547
2,3947,66.445379584000008,0,71750,41,16811834,487309
2,3948,66.462140084000012,0,73500,41,16672417,488625
2,3949,66.47866925000001,0,70958,125,16489666,473637
2,3950,66.495119667,0,77333,41,16510583,459985
2,3951,66.511734584,0,86792,42,16601625,473547
2,3952,66.528699917,0,75250,42,16993667,473547
2,3953,66.545307167000018,0,75417,42,16499667,446023
2,3954,66.561961417,0,99541,41,16674875,459785
2,3955,66.57850258400002,0,84167,84,16505542,432261
2,3956,66.595180542000023,0,83250,42,16774000,446223
2,3957,66.611677042000011,0,72167,42,16518125,502335
2,3958,66.630620917,0,68625,42,16678167,501161
2,3959,66.645335,58375,2292208,42,16911333,463853
2,3960,66.662024625,0,72041,42,16691959,473727
2,3961,66.678685500000014,0,75375,41,16600458,459913
2,3962,66.695199459000023,0,76875,42,16591542,446351
2,3963,66.712119292,0,71875,41,16798584,459913
2,3964,66.728523125,0,75875,42,16469208,446151
2,3965,66.745446209000008,0,72667,42,16894750,459913
2,3966,66.761955209000021,0,77625,42,16509166,433653
2,3967,66.778521834000017,0,107709,0,16598458,460003
2,3968,66.795486625000009,0,72416,41,16894292,446351
2,3969,66.812004750000014,0,81250,42,16491042,432389
2,3970,66.828441792000021,0,80125,42,16485708,432389
2,3971,66.845086542,0,71084,42,16691708,487437
2,3972,66.861792709,0,73292,42,16798292,542537
2,3973,66.880884917000017,0,63917,0,16587000,528723
2,3974,66.895292834000017,50916,2326958,125,16705334,420373
2,3975,66.911778292000022,0,82166,166,16516333,461049
2,3976,66.9284895,0,73958,42,16698166,446113
2,3977,66.945213334,0,87000,41,16686750,473547
2,3978,66.962026834000014,0,83083,41,16888000,473547
2,3979,66.978707875000012,0,75459,83,16576459,459785
2,3980,66.995342625000021,0,75250,42,16612542,459985
2,3981,67.012084334000022,0,83459,125,16796167,459785
2,3982,67.028838084000014,0,76959,167,16790709,446023
2,3983,67.045426375000019,0,77750,83,16506833,432261
2,3984,67.061777625,0,82750,42,16376084,419815
2,3985,67.078696417000018,0,87000,42,16805709,432351
2,3986,67.095090000000013,0,97167,42,16589875,459985
2,3987,67.114661334000019,0,76625,42,16988042,487309
2,3988,67.128468042000023,62000,2465834,42,16300667,379137
2,3989,67.145484959,0,78542,42,16998958,459913
2,3990,67.161782792000011,0,81458,42,16291541,446151
2,3991,67.178560042,0,81458,0,16796166,487437
2,3992,67.195353542,0,80292,41,16868791,542685
2,3993,67.212001667,0,67917,42,16600625,543749
2,3994,67.228576750000016,0,66958,84,16607791,487527
2,3995,67.245215792,0,73125,42,16593375,473675
2,3996,67.262216584,0,79250,0,16899791,487489
2,3997,67.278861459,0,75584,42,16698042,446151
2,3998,67.295444959000022,0,71500,41,16582125,446351
2,3999,67.311764042000007,0,78625,84,16304792,446151
2,4000,67.328768334,0,74333,42,16987334,473675
2,4001,67.345345250000022,0,85417,41,16602209,459913
2,4002,67.364567000000008,0,70708,83,16789250,461177
2,4003,67.378763042000017,50375,2399583,42,16594208,406501
2,4004,67.395218500000013,0,72459,0,16385417,446223
2,4005,67.411770792000013,0,97167,0,16598375,446023
2,4006,67.428954292,0,70917,125,17087916,459785
2,4007,67.445241959,0,93875,42,16310958,418499
2,4008,67.461793542,0,81042,41,16691125,473599
2,4009,67.478678459000022,0,78375,0,16874667,514833
2,4010,67.494961709000009,0,67416,42,16397500,528795
2,4011,67.51188025,0,65750,42,16720333,488573
2,4012,67.52875725,0,76583,84,16888750,459875
2,4013,67.54500225,0,76000,41,16289958,459785
2,4014,67.562059792,0,73666,41,16991167,487309
2,4015,67.578515084000017,0,90084,41,16396458,459785
2,4016,67.595343875000012,0,90333,0,16892167,459985
2,4017,67.611738292,0,81333,0,16390375,446023
2,4018,67.631272459000016,0,78209,42,17088750,459785
2,4019,67.645306459,57833,2437000,83,16408917,406661
2,4020,67.661752584000013,0,80083,41,16490792,447467
2,4021,67.678865375,0,83792,42,17091833,460003
2,4022,67.695301042,0,76875,42,16493750,446351
2,4023,67.711900084000021,0,68333,42,16678333,542485
2,4024,67.728602584,0,64500,41,16688041,556247
2,4025,67.745445,0,65792,41,16711292,542485
2,4026,67.761843917000007,0,71916,0,16392292,459913
2,4027,67.778903209,0,79084,0,17001458,459913
2,4028,67.795429792000007,0,87375,83,16592542,460113
2,4029,67.811958042,0,71708,0,16483625,447415
2,4030,67.828615417,0,68958,83,16688667,487527
2,4031,67.845355584000018,0,70125,41,16717250,459913
2,4032,67.861902334000021,0,74916,41,16572541,473727
2,4033,67.880894292000008,0,75250,41,16493958,459913
2,4034,67.895400500000008,51791,2377917,83,17014125,406611
2,4035,67.911740834000014,0,75209,167,16288584,446023
2,4036,67.92868191700002,0,72834,0,16894291,487309
2,4037,67.945143584000007,0,82000,41,16487625,446023
2,4038,67.962073875,0,74458,42,16881083,461049
2,4039,67.978781709000017,0,82458,0,16718625,459875
2,4040,67.995236209,0,72583,41,16488208,446223
2,4041,68.011890959000013,0,81458,41,16698416,459785
2,4042,68.02873591700002,0,69458,84,16798542,459785
2,4043,68.045307792,0,78708,83,16589541,459785
2,4044,68.06208420900002,0,79709,42,16690542,459837
2,4045,68.078905459000012,0,77875,41,16792959,473547
2,4046,68.095344334000018,0,79083,0,16498042,459985
2,4047,68.11196041700002,0,75209,42,16299084,440257
2,4048,68.131496167000009,0,101916,41,17291500,480667
2,4049,68.145534417000007,56917,2430084,42,16588667,365375
2,4050,68.1618605,0,78167,42,16293458,459913
2,4051,68.178679,0,80583,83,16796917,459913
2,4052,68.195497459000009,0,80000,42,16901166,460113
2,4053,68.211887042000015,0,73667,83,16382500,446151
2,4054,68.228696084000021,0,79250,125,16778917,473675
2,4055,68.245371667000015,0,70000,41,16701375,542485
2,4056,68.262122375,0,76167,0,16800834,543801
2,4057,68.278753625000022,0,60209,41,16487625,542575
2,4058,68.29508945900001,0,70875,42,16386375,460113
2,4059,68.312037709,0,76625,42,16926666,459913
2,4060,68.328748917,0,74291,42,16683708,459913
2,4061,68.345243959,0,80375,41,16482417,459913
2,4062,68.364554125,0,75916,42,16807334,459913
2,4063,68.378490834,51625,2469542,125,16405750,392649
2,4064,68.395281834000016,0,82500,42,16783916,460025
2,4065,68.411954542,0,84458,42,16390709,454019
2,4066,68.428589542000012,0,75125,375,16896041,466905
2,4067,68.445006792,0,89959,0,16495334,446023
2,4068,68.461772625,0,76625,125,16685666,446075
2,4069,68.478774542000011,0,79959,42,17011625,459785
2,4070,68.49511725,0,75250,41,16390208,459985
2,4071,68.512229084,0,80125,83,17092167,487309
2,4072,68.528510042000008,0,76125,83,16293834,459785
2,4073,68.545232084,0,74667,42,16580708,459785
2,4074,68.562063834,0,86292,42,16599792,440257
2,4075,68.57857137500001,0,76041,84,16700334,439381
2,4076,68.595266375000008,0,90625,84,16802125,446223
2,4077,68.611821292000016,0,81042,166,16495208,446023
2,4078,68.631509250000008,0,80791,83,17084750,446023
2,4079,68.645252292,57709,2425084,83,16374709,365375
2,4080,68.662017167,0,76209,41,16707375,446203
2,4081,68.678513,0,85375,0,16499542,432389
2,4082,68.695256875,0,76333,292,16795375,460113
2,4083,68.712280292000017,0,81500,0,16699500,454147
2,4084,68.728533875,0,78292,42,16492875,453271
2,4085,68.745057292,0,77958,42,16590125,446151
2,4086,68.762104834,0,78083,41,17085959,473675
2,4087,68.778405167,0,75459,83,16381000,528723
2,4088,68.795297209,0,60083,250,16802041,542685
2,4089,68.812046334000016,0,71375,167,16690083,514961
2,4090,68.82852666700002,0,79042,83,16512875,473675
2,4091,68.845084667,0,71584,83,16502834,446151
2,4092,68.864845792,0,80458,42,16981667,481723
2,4093,68.878555042,53417,2436084,0,16501834,399769
2,4094,68.895211792000012,0,78292,0,16600000,487509
2,4095,68.912120334000022,0,81833,42,16988875,473547
2,4096,68.928677125000021,0,79917,42,16491084,487309
2,4097,68.945272334,0,82417,84,16591750,473547
2,4098,68.962107500000016,0,83000,84,16904125,473547
2,4099,68.978499625,0,76875,42,16294083,459785
2,4100,68.995323125000013,0,94792,42,16880000,473747
2,4101,69.012628375,0,76709,84,16692000,440257
2,4102,69.028735709,0,83709,41,16688250,425619
2,4103,69.045301792000018,0,78042,41,16589917,459785
2,4104,69.06186375,0,78500,42,16595875,514885
2,4105,69.078434834000021,0,72500,42,16598375,514833
2,4106,69.095269084000009,0,70500,83,16690208,542557
2,4107,69.111806417000011,0,77542,42,16600542,473547
2,4108,69.131084375000015,0,73916,83,16904583,459785
2,4109,69.145515292000013,60459,2330417,42,16699542,406661
2,4110,69.162536667,0,80458,83,16693167,440385
2,4111,69.178857459000014,0,73792,42,16575458,474111
2,4112,69.195347834,0,82334,42,16622167,487637
2,4113,69.211956292000011,0,82041,83,16576834,473675
2,4114,69.228864417,0,77250,0,16901750,459913
2,4115,69.24527379200002,0,76500,83,16383833,432389
2,4116,69.261915,0,79334,83,16608208,446203
2,4117,69.278499584000016,0,81000,41,16591375,446151
2,4118,69.295113167,0,73417,84,16672834,446351
2,4119,69.312521500000017,0,72375,42,17112833,454147
2,4120,69.328627375000011,0,75708,83,16397959,439509
2,4121,69.345362917,0,72000,41,16775334,501199
2,4122,69.361880292000009,0,69000,42,16511208,542485
2,4123,69.381017834000019,0,74625,42,16614667,542485
2,4124,69.395540917000019,65000,2399500,83,16973667,420373
2,4125,69.412049792000019,0,73750,83,16472333,459785
2,4126,69.428610709000012,0,76667,42,16593250,473547
2,4127,69.445069167,0,79167,42,16421166,459785
2,4128,69.462650959000015,0,76083,167,17287500,485553
2,4129,69.478191584000015,0,86542,83,15857042,425619
2,4130,69.495471875,0,78917,41,17232375,459785
2,4131,69.512306459000015,0,75334,42,16698792,446223
2,4132,69.528543625000012,0,98333,0,16387000,446023
2,4133,69.545371417,0,84333,84,16796375,473547
2,4134,69.561763875000011,0,81375,83,16397625,432261
2,4135,69.578496750000014,0,77166,41,16678500,446023
2,4136,69.595186209,0,76875,83,16708041,446223
2,4137,69.612338375000022,0,77083,83,16692458,459785
2,4138,69.631022250000015,0,77584,0,16792292,474901
2,4139,69.645045917000019,59625,2413208,42,16478458,461709
2,4140,69.661890625,0,73042,42,16901417,556299
2,4141,69.678659959,0,65875,209,16602042,514961
2,4142,69.695428667,0,76459,83,16784333,473875
2,4143,69.711976709000012,0,75208,42,16502625,473675
2,4144,69.728924042,0,75875,41,16994875,459913
2,4145,69.744653834,0,78334,41,15504000,294769
2,4146,69.76161125,0,116542,42,16994459,143387
2,4147,69.778335834,0,108208,42,16789583,144741
2,4148,69.795467167000012,0,107291,42,17008250,143387
2,4149,69.812973625,0,105958,41,17478084,143587
2,4150,69.828395000000015,0,115750,41,15491125,129625
2,4151,69.845672417000017,0,96667,42,17298166,143387
2,4152,69.861564875000013,0,89041,42,15793250,129677
2,4153,69.880696584,0,115834,41,16782750,143387
2,4154,69.895229375,47958,2369583,83,16998291,144933
2,4155,69.911687250000014,0,84125,41,16401416,143459
2,4156,69.92940508400001,0,137208,41,17698750,158375
2,4157,69.945621625000015,0,113834,41,16198541,129497
2,4158,69.961744334000016,0,90667,42,16100083,129497
2,4159,69.992241917000015,0,96791,41,30127583,117100
2,4160,69.995630750000018,0,85250,41,3541875,61749
2,4161,70.012225125,0,78583,83,16909917,434667
2,4162,70.028632417,0,78375,42,16482458,518680
2,4163,70.045162375,0,85708,41,16687834,542357
2,4164,70.06198937500001,0,66500,83,16615125,542409
2,4165,70.078533834,0,84250,42,16579375,461139
2,4166,70.095420625000017,0,73459,41,16889708,501271
2,4167,70.114499292000019,0,76667,42,16618000,501071
2,4168,70.12871383400001,56666,2430792,41,16670125,420423
2,4169,70.145253667,0,78000,83,16504708,501199
2,4170,70.162042167,0,81708,84,16800541,459913
2,4171,70.178543625000017,0,85208,84,16470000,473675
2,4172,70.19521862500001,0,79334,42,16708792,473875
2,4173,70.211781292,0,81500,42,16515791,487437
2,4174,70.228857875,0,83417,42,17077000,502553
2,4175,70.245422125000019,0,79375,42,16572250,487437
2,4176,70.261995917000021,0,79542,0,16600083,446203
2,4177,70.278657334000016,0,75625,83,16603750,473675
2,4178,70.295297000000019,0,73125,166,16700875,460113
2,4179,70.311887042000009,0,72584,41,16673875,542485
2,4180,70.328589375000021,0,63250,42,16702542,556247
2,4181,70.34517750000002,0,63000,83,16516166,542485
2,4182,70.364315959,0,66667,0,16774209,501199
2,4183,70.378690500000019,49250,2301917,42,16608125,407765
2,4184,70.395118625,0,73458,42,16490959,459985
2,4185,70.411711000000011,0,83792,42,16590834,459785
2,4186,70.428578375000015,0,75083,41,16795041,473547
2,4187,70.445571917000009,0,91916,41,16999209,473547
2,4188,70.461981667000018,0,86916,42,16498125,459837
2,4189,70.478657125,0,74500,42,16603750,459785
2,4190,70.495218459000014,0,73541,42,16588458,473747
2,4191,70.512009917000015,0,80500,42,16693625,459785
2,4192,70.52863075,0,94333,0,16691583,461139
2,4193,70.545174709000023,0,78459,0,16576916,473547
2,4194,70.562223584000023,0,76333,41,16814500,459785
2,4195,70.578473750000015,0,114542,42,16373166,473547
2,4196,70.595443542000012,0,75792,42,17013375,473747
2,4197,70.614608459,0,80708,42,16689084,459785
2,4198,70.628435209000017,58958,2435791,42,16301291,365375
2,4199,70.645136250000022,0,72959,42,16667708,473675
2,4200,70.66214945900002,0,76042,42,16991958,473727
2,4201,70.67878904200002,0,73500,0,16611625,433743
2,4202,70.695460667,0,74250,41,16692916,446351
2,4203,70.712078125000019,0,79000,125,16600833,459913
2,4204,70.728425834000021,0,80958,42,16377958,446151
2,4205,70.74509925,0,71208,42,16789708,542485
2,4206,70.761923500000009,0,62041,83,16798167,556247
2,4207,70.778646834000014,0,68166,42,16613958,528723
2,4208,70.795325084,0,81416,42,16701375,460113
2,4209,70.812187625000021,0,78709,42,16788125,473675
2,4210,70.828727667,0,76625,41,16593583,461267
2,4211,70.845205834,0,77958,0,16475709,473675
2,4212,70.861954334,0,80250,41,16722000,473727
2,4213,70.881401,0,73875,42,16890000,473675
2,4214,70.895651875000013,51292,2373625,42,16580875,365325
2,4215,70.911803625000019,0,89375,84,16318333,446023
2,4216,70.928480875,0,78417,42,16760666,473547
2,4217,70.94529712500001,0,76542,42,16721959,501071
2,4218,70.961721167000022,0,91458,42,16483125,473547
2,4219,70.978763209000007,0,76041,42,16974583,474901
2,4220,70.995320042000017,0,78958,41,16619167,473747
2,4221,71.011806459,0,80542,42,16389584,432261
2,4222,71.028655417,0,96917,41,16893125,459785
2,4223,71.045274542,0,99833,42,16579250,459785
2,4224,71.062077709000008,0,84500,42,16698709,446075
2,4225,71.078742250000019,0,98625,0,16719750,446023
2,4226,71.095128375000016,0,76917,250,16482083,459985
2,4227,71.114725875000019,0,79125,42,16791833,446023
2,4228,71.128908792000018,69000,2527250,0,16896875,366729
2,4229,71.145261459,0,82041,42,16480875,487437
2,4230,71.161872667,0,71000,0,16601708,542485
2,4231,71.178831750000015,0,69125,41,16589375,473675
2,4232,71.19517233400002,0,99083,0,16602708,446351
2,4233,71.211929292000022,0,81458,167,16693667,446151
2,4234,71.228496750000019,0,87667,41,16582042,446151
2,4235,71.245555750000008,0,82209,42,17108917,473675
2,4236,71.261743417,0,84542,84,16183917,432441
2,4237,71.278872959,0,80958,84,17088125,461267
2,4238,71.295256000000009,0,73625,250,16488958,473875
2,4239,71.312140375,0,71917,42,16826667,487437
2,4240,71.328735584,0,73459,41,16573583,459913
2,4241,71.345452709000014,0,82291,42,16688000,473675
2,4242,71.361911209000013,0,73541,125,16398000,459913
2,4243,71.381263542000013,0,72917,84,16910792,473675
2,4244,71.395083709000019,50333,2442625,334,16369959,392889
2,4245,71.411762875000008,0,81167,41,16606459,459785
2,4246,71.428500875000012,0,80083,0,16691333,447377
2,4247,71.445149667,0,86791,41,16610375,432261
2,4248,71.461933042000013,0,94042,42,16963083,487361
2,4249,71.478573209,0,75875,42,16603834,542357
2,4250,71.495324209,0,67708,41,16797458,542557
2,4251,71.511751500000017,0,72916,41,16316583,473547
2,4252,71.528510875000009,0,83125,84,16777375,487309
2,4253,71.545343875,0,75000,83,16803458,473547
2,4254,71.561973625000022,0,79834,42,16599209,459785
2,4255,71.57887566700002,0,87333,41,16879541,488663
2,4256,71.595453542000016,0,77334,42,16612541,459985
2,4257,71.611916875,0,84750,42,16477541,473547
2,4258,71.631049334,0,75458,42,16636375,459785
2,4259,71.645170625,59042,2451708,41,16565125,406661
2,4260,71.662078125000008,0,80000,125,16790834,459965
2,4261,71.67859975,0,75791,41,16600167,418627
2,4262,71.695284584000021,0,75375,42,16784917,446351
2,4263,71.711869375,0,75875,42,16583250,542485
2,4264,71.728627584000023,0,73375,42,16794833,543839
2,4265,71.745129459000012,0,67750,42,16393750,514961
2,4266,71.761837625000013,0,77333,41,16724625,501199
2,4267,71.778669334000014,0,86458,84,16784125,473675
2,4268,71.795496959,0,77625,42,16900417,473875
2,4269,71.811899959,0,82875,42,16393333,459913
2,4270,71.828626875000012,0,73125,42,16666750,459913
2,4271,71.845424000000023,0,74125,83,16716959,487437
2,4272,71.861954834,0,82833,42,16585083,459965
2,4273,71.881195042000016,0,75833,42,16700833,461267
2,4274,71.895601292,57417,2438083,41,16789917,392849
2,4275,71.911937584,0,77958,0,16501500,446023
2,4276,71.928741459000022,0,80791,41,16778750,432261
2,4277,71.9453085,0,81208,41,16500500,446023
2,4278,71.96183279200001,0,84833,42,16608334,459785
2,4279,71.978769917000008,0,73083,42,16892000,487309
2,4280,71.995458459,0,76417,167,16697750,459985
2,4281,72.01193987500001,0,77208,41,16464375,446023
2,4282,72.028445625,0,73750,41,16503709,447377
2,4283,72.045362042000008,0,76959,41,16988000,542357
2,4284,72.061961459000017,0,72417,84,16592000,528647
2,4285,72.078682,0,72667,42,16596375,556119
2,4286,72.095423917000019,0,71875,41,16818292,459985
2,4287,72.114524167,0,72584,125,16688375,501071
2,4288,72.128750334,64333,2368917,41,16593334,406661
2,4289,72.1452775,0,81875,125,16603000,473675
2,4290,72.16172437500002,0,68959,42,16400458,446151
2,4291,72.178710334,0,80667,42,16889625,461267
2,4292,72.19542570900002,0,76458,42,16787250,460113
2,4293,72.211899042000013,0,76541,42,16493166,446151
2,4294,72.228703917,0,71250,83,16798459,459913
2,4295,72.245343625000018,0,74666,41,16576334,473675
2,4296,72.261922459000019,0,74250,41,16616042,459965
2,4297,72.278547417000013,0,73875,83,16576166,487437
2,4298,72.295088417,0,71958,42,16693833,542685
2,4299,72.311924667000014,0,65291,42,16796666,556247
2,4300,72.328793084,0,65333,41,16714125,461267
2,4301,72.345249667,0,78791,41,16471583,446151
2,4302,72.364444084,0,77583,0,16918334,473675
2,4303,72.378863709000015,50500,2294709,0,16691542,420173
2,4304,72.395046125000007,0,84250,0,16195291,459985
2,4305,72.411927834,0,74708,167,16797584,459785
2,4306,72.428439417,0,80167,0,16589833,473547
2,4307,72.445250584000021,0,75917,42,16794833,473547
2,4308,72.46177816700002,0,87708,0,16493625,473599
2,4309,72.478748709000016,0,80208,0,17069542,529949
2,4310,72.495031125000011,0,67958,42,16304083,542557
2,4311,72.511706042,0,64125,42,16620667,542357
2,4312,72.528808625,0,80959,0,16887292,501071
2,4313,72.545587667000021,0,95333,41,16893500,459785
2,4314,72.562119334,0,78542,83,16570834,459785
2,4315,72.57885075,0,78208,42,16712958,473547
2,4316,72.595221459,0,77083,0,16390291,473747
2,4317,72.611828375,0,78083,0,16577375,473547
2,4318,72.631189292,0,79542,42,16916250,461139
2,4319,72.645187459000013,58708,2377750,84,16471458,406661
2,4320,72.661904667,0,71917,125,16622917,459965
2,4321,72.67874379200002,0,92083,42,16876833,473675
2,4322,72.695162709,0,70583,167,16407708,460113
2,4323,72.712128042,0,73458,42,16989000,459913
2,4324,72.728662917000023,0,79125,42,16491917,473675
2,4325,72.745340417000008,0,78541,42,16597375,459913
2,4326,72.762109625000008,0,78667,41,16880500,459913
2,4327,72.778611959,0,75792,167,16386042,461267
2,4328,72.795539792000014,0,75833,125,17016375,473875
2,4329,72.811751375000014,0,76958,42,16200208,446151
2,4330,72.8289165,0,80375,42,17189250,473675
2,4331,72.845406875000023,0,79625,42,16497250,446151
2,4332,72.861847292000007,0,75041,42,16471458,515013
2,4333,72.880898334000008,0,69917,42,16694042,556247
2,4334,72.895312084,50542,2298041,42,16795833,489183
2,4335,72.91188454200001,0,66917,83,16499166,501071
2,4336,72.928627875,0,69875,42,16703084,488663
2,4337,72.945331750000022,0,74959,0,16703708,459785
2,4338,72.962246542000017,0,73042,41,16902416,473547
2,4339,72.978618334000018,0,79250,42,16295250,459785
2,4340,72.995395584000008,0,92875,83,16869084,473747
2,4341,73.011907500000021,0,74792,83,16493292,473547
2,4342,73.028629417,0,72958,42,16712792,473547
2,4343,73.045028667000011,0,82875,333,16398792,459785
2,4344,73.06191075,0,75000,41,16888500,487361
2,4345,73.078589834,0,77000,42,16597458,461139
2,4346,73.095114375000023,0,72750,42,16593500,459985
2,4347,73.111918125,0,77084,0,16794583,459785
2,4348,73.131104125000022,0,81542,83,16689750,459785
2,4349,73.145373292,63875,2440625,84,16783917,434185
2,4350,73.161834709000019,0,69292,41,16415417,459913
2,4351,73.17853941700001,0,77250,41,16582167,446151
2,4352,73.195023292000016,0,75875,42,16594333,460113
2,4353,73.211866375000014,0,76542,84,16803792,473675
2,4354,73.228780292,0,81083,42,16896166,475029
2,4355,73.245260292,0,74375,125,16484708,459913
2,4356,73.262049917,0,74792,42,16802208,473727
2,4357,73.278636125,0,73542,42,16488792,459913
2,4358,73.295419417000019,0,74125,84,16895125,460113
2,4359,73.312059625,0,76375,208,16578333,459913
2,4360,73.328853834000014,0,83000,84,16811084,473675
2,4361,73.345429625000023,0,80875,42,16600875,473675
2,4362,73.361838042,0,73542,0,16393375,473675
2,4363,73.381126834,0,73000,42,16786834,461267
2,4364,73.395329417000013,51334,2383166,41,16695417,420373
2,4365,73.412154667,0,79375,0,16792750,473547
2,4366,73.428607292,0,80625,292,16391542,473547
2,4367,73.445160917,0,94416,83,16589583,432261
2,4368,73.461955084,0,89250,41,16810750,459837
2,4369,73.478495834000014,0,80125,0,16485709,446023
2,4370,73.495373042,0,77334,84,16882292,459985
2,4371,73.511912625000022,0,84334,83,16606250,459785
2,4372,73.528578959,0,77959,42,16674459,461139
2,4373,73.545346709000015,0,69334,167,16704166,501071
2,4374,73.561827542000017,0,84250,0,16484708,501071
2,4375,73.578740209,0,78667,0,16886000,501071
2,4376,73.595251292000015,0,76334,42,16529458,459985
2,4377,73.614699500000015,0,83958,83,16866583,459785
2,4378,73.628522042,61083,2469667,42,16407500,365375
2,4379,73.645080959,0,76209,42,16508500,446151
2,4380,73.661853084000015,0,74250,41,16768834,473727
2,4381,73.678561875,0,73292,42,16791959,502553
2,4382,73.695332459,0,69041,42,16792834,556447
2,4383,73.711922875000013,0,70250,0,16596250,542485
2,4384,73.728688542,0,63041,0,16691583,514961
2,4385,73.745267667000022,0,73125,42,16502292,528723
2,4386,73.76180075,0,79042,125,16587541,501199
2,4387,73.778412500000016,0,75583,41,16592875,501199
2,4388,73.795221292000022,0,73500,125,16818375,487637
2,4389,73.81175879200002,0,85375,291,16488417,487437
2,4390,73.828636375000016,0,76792,83,16887875,502553
2,4391,73.845509167,0,83833,42,16804208,487437
2,4392,73.861922125000021,0,74417,42,16469333,473727
2,4393,73.88114104200001,0,81583,83,16610208,459913
2,4394,73.895486084000012,57875,2510209,42,16885291,392849
2,4395,73.912011792,0,79917,42,16605792,459785
2,4396,73.92873775,0,81209,166,16773042,542357
2,4397,73.945107250000021,0,83125,83,16393167,542357
2,4398,73.962078334,0,61458,0,16814417,514833
2,4399,73.978582917,0,75166,83,16387000,433615
2,4400,73.995480084000022,0,80333,83,17012208,487509
2,4401,74.01173579200001,0,80333,42,16286000,459785
2,4402,74.028303209000015,0,86750,83,16675666,542357
2,4403,74.045256375000022,0,63417,209,16901041,556119
2,4404,74.062018709000014,0,76667,42,16714875,514885
2,4405,74.078847750000008,0,73750,83,16773042,487309
2,4406,74.095220709,0,77875,42,16389458,459985
2,4407,74.114793625000019,0,77917,0,16808708,487309
2,4408,74.128903375000007,85125,2505209,41,16793709,366729
2,4409,74.14547158400002,0,77750,42,16596833,446151
2,4410,74.161966875,0,76083,167,16483542,446151
2,4411,74.178585750000011,0,81541,83,16610958,446151
2,4412,74.195422875,0,78000,83,16866916,460113
2,4413,74.21176129200002,0,76459,84,16296709,459913
2,4414,74.228878667000018,0,74500,42,17090916,501199
2,4415,74.24524225,0,77000,41,16412666,459913
2,4416,74.261810334,0,79459,42,16403792,225959
2,4417,74.278911042000018,0,104333,41,16794167,144703
2,4418,74.304066875,0,131167,84,25147250,88629
2,4419,74.312189125000017,0,85458,42,8424375,170911
2,4420,74.32861104200002,0,88042,83,16503333,418627
2,4421,74.345685917000012,0,84875,41,16994583,446151
2,4422,74.364600167,0,93625,0,16592375,459913
2,4423,74.378783584,60291,2403042,125,16590417,365125
2,4424,74.395268167,0,76125,84,16394334,446263
2,4425,74.412043792,0,82792,42,16897166,432261
2,4426,74.428530000000009,0,82250,41,16477208,447287
2,4427,74.445269959000015,0,75125,83,16701875,446113
2,4428,74.461903459,0,83875,42,16679041,508512
2,4429,74.478562959,0,76584,83,16521750,459837
2,4430,74.495119334000023,0,82167,41,16590583,446223
2,4431,74.511943625,0,82041,208,16894000,459785
2,4432,74.528792375000009,0,96709,84,16793625,459785
2,4433,74.545172625,0,86875,41,16395917,432261
2,4434,74.562143792000015,0,75709,83,16990083,473547
2,4435,74.578774209,0,78333,83,16594916,447287
2,4436,74.595508334,0,77000,41,16692917,446313
2,4437,74.611801792000009,0,84959,83,16400792,446023
2,4438,74.631336292,0,76125,41,16991875,446023
2,4439,74.645246,57500,2439708,41,16372542,365375
2,4440,74.661823834,0,75584,84,16604166,459913
2,4441,74.678795917000016,0,74417,42,16896583,446203
2,4442,74.695141084000014,0,76417,83,16402333,460113
2,4443,74.712117000000021,0,77042,125,16893625,459913
2,4444,74.728765792,0,89584,83,16691542,447415
2,4445,74.745246959,0,73792,41,16579750,528813
2,4446,74.761827875000009,0,66625,83,16592208,542485
2,4447,74.778631125000018,0,65125,42,16693625,542485
2,4448,74.795467167000012,0,72584,42,16816458,473875
2,4449,74.811860584,0,92084,0,16386834,432389
2,4450,74.828651834000013,0,73667,84,16796583,459913
2,4451,74.845359334000008,0,72375,83,16698666,459913
2,4452,74.864672625000011,0,73250,0,16596458,459913
2,4453,74.878639167,59750,2521167,41,16585375,352679
2,4454,74.895044125000013,0,74917,0,16503042,446313
2,4455,74.911901084000007,0,78417,0,16867875,473547
2,4456,74.928616167000015,0,75375,83,16691041,459785
2,4457,74.945224500000009,0,76750,0,16590000,473547
2,4458,74.962091375000014,0,74833,42,16802542,459785
2,4459,74.97881175000002,0,78792,42,16813125,501071
2,4460,74.99509645900001,0,75833,459,16372541,528795
2,4461,75.011923917,0,64625,125,16792334,556119
2,4462,75.028592209,0,69417,83,16597541,502335
2,4463,75.045320792,0,72208,42,16697667,487399
2,4464,75.062050875,0,74792,41,16711041,487309
2,4465,75.07858666700001,0,75666,0,16479709,459837
2,4466,75.095057625,0,81000,83,16501750,459985
2,4467,75.111800417,0,77250,83,16779208,473547
2,4468,75.130945375,0,72584,125,16615542,459785
2,4469,75.145088959,64250,2457125,166,16672084,406661
2,4470,75.162099209,0,74334,42,16824958,473675
2,4471,75.178472750000012,0,97750,42,16468083,447415
2,4472,75.195129084000015,0,72750,42,16696791,487727
2,4473,75.211761125,0,73792,42,16606083,446151
2,4474,75.228805375000022,0,87583,42,16992000,473675
2,4475,75.245144167000021,0,80292,42,16397208,473675
2,4476,75.261768584000023,0,79042,42,16685417,473675
2,4477,75.278589334000017,0,71333,84,16796791,542537
2,4478,75.29520075,0,72875,42,16674583,542685
2,4479,75.311966792,0,70500,0,16699917,528723
2,4480,75.328489334,0,72583,42,16491583,461177
2,4481,75.345203709000018,0,70750,42,16717125,460003
2,4482,75.361935792000011,0,69000,41,16694709,473675
2,4483,75.381211792,0,76250,41,16696375,473675
2,4484,75.39515575,52583,2439709,42,16571792,392849
2,4485,75.412045167000016,0,75625,41,16834667,473547
2,4486,75.428433917000021,0,79209,125,16377208,459785
2,4487,75.445392125,0,73291,42,16975291,473547
2,4488,75.461935709,0,73292,42,16492542,459785
2,4489,75.478696917000022,0,75125,84,16713542,447339
2,4490,75.495132834000017,0,82250,41,16489417,460075
2,4491,75.512039,0,85916,84,16900250,487309
2,4492,75.528877542000018,0,75666,83,16791417,459785
2,4493,75.545403417,0,75875,42,16595750,459785
2,4494,75.561810750000021,0,75417,42,16376666,446023
2,4495,75.578635209000012,0,75959,0,16710792,487309
2,4496,75.595244459,0,71000,83,16697291,459985
2,4497,75.611957375000017,0,71125,42,16671625,473547
2,4498,75.631151375000016,0,74250,84,16919375,461049
2,4499,75.645049625,55958,2298875,42,16270584,420513
2,4500,75.661743209000022,0,74000,42,16694750,528723
2,4501,75.678682209,0,73750,42,16896583,556299
2,4502,75.695186292,0,64042,0,16495000,515161
2,4503,75.712046375000014,0,73417,42,16801125,487437
2,4504,75.728820167000023,0,70459,83,16806291,473675
2,4505,75.745156417000018,0,67709,42,16295208,459913
2,4506,75.762248375,0,74542,41,17001084,487437
2,4507,75.778564084,0,101750,42,16390208,447415
2,4508,75.795383375000014,0,70875,42,16773583,473965
2,4509,75.811853584000019,0,80458,83,16521625,446151
2,4510,75.82855883400002,0,76750,42,16669459,459913
2,4511,75.845332417000023,0,76666,42,16812208,473675
2,4512,75.861887042000021,0,75791,83,16473959,501199
