phase,unityFrame,seconds,EnvSprites_ns,ZoneRenderer_ns,InputIdle_ns,MainThread_ns,GC_bytes
0,17,0.85666575000000122,0,0,0,0,0
0,18,0.87239625000000132,0,75375,42,16770250,462371
0,19,0.88919475000000148,0,82708,0,16795666,528723
0,20,0.9058077080000011,0,75042,41,16590084,514961
0,21,0.92279875000000189,0,71834,42,16797792,460165
0,22,0.93925116700000189,0,94959,292,16681208,475029
0,23,0.95595487500000331,0,76291,42,16606333,501199
0,24,0.9727102080000023,0,73792,125,16786125,516105
0,25,0.9890910830000017,0,72500,0,16488000,432389
0,26,1.0059112500000005,0,72250,0,16725833,542485
0,27,1.0223931670000006,0,77667,84,16561500,528923
0,28,1.0391028750000011,0,67500,42,16699750,542485
0,29,1.0555550420000017,0,73459,0,16404708,528723
0,30,1.072308458000002,0,69083,42,16791125,528723
0,31,1.089140417000003,0,71542,42,16775792,530077
0,32,1.1056703750000025,0,65167,42,16505125,531821
0,33,1.1223830830000026,0,72292,41,16799916,542737
0,34,1.1391472080000007,0,73208,41,16788333,556247
0,35,1.1555427080000022,0,61458,0,16396750,542485
0,36,1.1721965000000019,0,66792,41,16696416,556247
0,37,1.1891077080000017,0,60042,0,16887875,556247
0,38,1.2058666250000023,0,62333,167,16702125,556247
0,39,1.222368417000002,0,63959,84,16496833,542845
0,40,1.2391010830000013,0,67250,0,16723708,543839
0,41,1.2556255420000006,0,78666,0,16458458,542485
0,42,1.2725547920000011,0,70042,0,16919875,542485
0,43,1.2890730420000018,0,68750,42,16568375,542485
0,44,1.3059152920000017,0,67958,41,16804250,542485
0,45,1.3224368750000011,0,66625,41,16587167,542737
0,46,1.3391358750000002,0,61667,41,16696834,556247
0,47,1.3558672080000029,0,65375,42,16699958,559345
0,48,1.3725995830000031,0,64875,41,16686792,542485
0,49,1.3891292080000035,0,68500,125,16503417,530077
0,50,1.4056142920000028,0,71125,42,16494791,542485
0,51,1.42220425,0,71291,41,16690209,542685
0,52,1.439026958000003,0,63166,0,16797250,556247
0,53,1.4558878750000019,0,63792,42,16796250,556247
0,54,1.4722600830000019,0,68042,42,16396459,542485
0,55,1.4889180420000017,0,66875,42,16590958,542485
0,56,1.5059189580000023,0,75917,0,16997292,556247
0,57,1.5226910420000017,0,64541,41,16796208,528975
0,58,1.5390252920000016,0,65250,84,16279667,530077
0,59,1.5555926250000027,0,76417,0,16602834,542485
0,60,1.5725135420000029,0,69875,0,16901292,556247
0,61,1.5892903750000009,0,68667,42,16685166,542485
0,62,1.6056112920000025,0,75917,83,16388917,531821
0,63,1.6253579580000022,0,66416,0,16900667,556447
0,64,1.639940333000002,0,64625,0,17290042,129625
0,65,1.6531297500000015,0,82375,0,12950708,60815
0,66,1.6722226250000034,0,81042,41,19452834,597533
0,67,1.6890599580000014,0,74958,42,16762125,543839
0,68,1.7059004170000023,0,73458,0,16903541,542485
0,69,1.7222899170000012,0,70000,41,16495334,542737
0,70,1.7388209170000017,0,57041,83,16496750,542485
0,71,1.7557718330000007,0,64084,0,16894375,556247
0,72,1.7723544580000024,0,69167,125,16593584,542485
0,73,1.7889986670000013,0,69708,0,16601709,542485
0,74,1.8058735420000005,0,69042,83,16789500,542485
0,75,1.8224110830000022,0,73875,0,16605292,542685
0,76,1.8389246250000006,0,77583,125,16197583,523047
0,77,1.8555419580000034,0,66542,42,16979959,556593
0,78,1.8723129170000021,0,62792,0,16795208,559345
0,79,1.8890250830000035,0,64791,0,16599167,542485
0,80,1.905905875000002,0,72000,42,16798584,542485
0,81,1.9224155420000031,0,80584,41,16589042,528975
0,82,1.9391851250000016,0,68459,0,16790041,556247
0,83,1.955808667000003,0,63542,41,16688583,556247
0,84,1.9721696670000028,0,58709,84,16304375,542485
0,85,1.9892295000000004,0,64208,41,16690000,550571
0,86,2.0058032920000031,0,67958,41,16807500,549515
0,87,2.0225186670000035,0,76000,42,16792958,542685
0,88,2.0392367500000006,0,79500,42,16691208,542485
0,89,2.0555712080000035,0,69042,0,16389291,542485
0,90,2.0723803750000016,0,68291,42,16799500,556247
0,91,2.0889772080000029,0,66791,42,16595458,542485
0,92,2.1056395830000021,0,74792,0,16597959,528723
0,93,2.1222986250000027,0,69334,0,16598625,518259
0,94,2.1394364170000024,0,71625,42,16887000,523099
0,95,2.1559677500000021,0,75375,0,16801916,425657
0,96,2.1733420420000016,0,71292,41,17291292,363579
0,97,2.1890302920000018,0,76209,42,15695209,322293
0,98,2.2051415830000032,0,75125,83,16096458,336055
0,99,2.223357625000002,0,71125,41,18092417,405065
0,100,2.2392771670000009,0,76500,41,15983750,391103
0,101,2.2556425420000004,0,80875,42,16498500,391103
0,102,2.2724870830000015,0,69834,42,16798416,391103
0,103,2.2921079170000027,0,76167,42,18085583,385427
0,104,2.3062231250000025,0,138834,83,15404250,411895
0,105,2.3223962500000006,0,96792,125,16370417,487637
0,106,2.3390631250000027,0,80834,41,16687250,528775
0,107,2.3557480420000019,0,88958,0,16694166,514961
0,108,2.3722279580000034,0,76542,42,16498167,487597
0,109,2.389099875000003,0,76166,458,16799000,518059
0,110,2.4057935000000015,0,83291,125,16695084,514961
0,111,2.4226832500000022,0,71917,42,16885542,542685
0,112,2.4396681670000007,0,71292,42,16693750,522957
0,113,2.4560237920000034,0,76791,42,16594541,480795
0,114,2.4725284580000029,0,79042,41,16601667,528723
0,115,2.4892204170000021,0,74000,84,16685000,542485
0,116,2.5059252500000007,0,74875,0,16701667,528723
0,117,2.5226688750000008,0,64250,166,16710250,542685
0,118,2.5389871670000019,0,81542,41,16370667,515013
0,119,2.5557651670000006,0,67625,42,16700916,542485
0,120,2.5721859170000023,0,71625,42,16496500,528723
0,121,2.5897434580000009,0,66333,42,17295000,564243
0,122,2.6055828750000032,0,75958,42,16095750,522081
0,123,2.622176833000001,0,64792,84,16598083,542685
0,124,2.6388635830000027,0,68375,0,16690167,559345
0,125,2.6559226250000023,0,64750,42,16994458,556247
0,126,2.6724007920000012,0,73917,84,16491459,542485
0,127,2.689004875000002,0,73084,0,16593750,542485
0,128,2.705861833,0,74417,83,16797667,556247
0,129,2.722444792000001,0,71875,84,16694000,542685
0,130,2.7398971670000023,0,70833,41,17096000,564295
0,131,2.7558818330000037,0,77000,41,16296334,529159
0,132,2.7723867500000026,0,73375,42,16403500,528723
0,133,2.7889921250000036,0,89625,41,16682500,528723
0,134,2.8056859580000015,0,68833,42,16596125,528723
0,135,2.8225425830000006,0,68125,42,16990584,556447
0,136,2.8390785420000029,0,65125,41,16496125,542485
0,137,2.8557023330000035,0,68375,42,16694917,556247
0,138,2.8725853750000034,0,61583,42,16798583,556247
0,139,2.8892350000000029,0,72875,42,16280166,545583
0,140,2.9060177080000003,0,60667,0,17012709,557601
0,141,2.9225756670000003,0,72500,0,16609541,528923
0,142,2.9388975830000028,0,72542,41,16381834,528775
0,143,2.9558777920000026,0,74334,41,16985291,556247
0,144,2.9724290830000015,0,70208,41,16600334,542485
0,145,2.9890965000000023,0,64042,42,16692417,556247
0,146,3.0057875830000036,0,60875,83,16499542,542485
0,147,3.0222319580000025,0,80541,0,16501167,515161
0,148,3.0393203330000027,0,66959,42,16693375,542485
0,149,3.0557042080000016,0,82792,0,16787625,530077
0,150,3.0725427920000037,0,69750,0,16800917,528723
0,151,3.0891419580000026,0,73583,42,16585875,528723
0,152,3.1055600000000005,0,79209,42,16494292,542485
0,153,3.1221139170000036,0,62375,41,16592333,542685
0,154,3.138949,0,61667,41,16794458,556299
0,155,3.1557990420000017,0,60875,167,16896667,559345
0,156,3.1720660000000009,0,61500,41,16300250,542485
0,157,3.1893473330000006,0,56667,42,16688750,556247
0,158,3.2060027080000033,0,66792,42,16999541,516315
0,159,3.2224090420000024,0,72875,0,16500500,528923
0,160,3.2388629170000023,0,70167,41,16491416,528723
0,161,3.2558405420000014,0,70084,41,16992792,556247
0,162,3.2721234580000029,0,65125,83,16295666,542485
0,163,3.289099,0,61083,83,16799459,556247
0,164,3.3058246670000031,0,83584,42,16703541,528723
0,165,3.3225670420000029,0,72792,83,16771375,542685
0,166,3.3396510830000032,0,80584,41,16706375,542537
0,167,3.3556997920000029,0,66791,0,16491125,516315
0,168,3.3724365000000027,0,71750,84,16798292,556247
0,169,3.3889775000000029,0,61667,0,16398083,542485
0,170,3.4058615420000002,0,75667,42,16890292,545583
0,171,3.4225090830000013,0,68375,83,16684500,542685
0,172,3.4391821250000021,0,73083,42,16705084,542485
0,173,3.4558138330000006,0,68291,41,16592167,542485
0,174,3.4722845830000004,0,72708,42,16479292,528723
0,175,3.489169083,0,70000,42,16908416,556247
0,176,3.5059230420000027,0,67291,42,16691834,543839
0,177,3.5223667080000034,0,67250,83,16493917,542685
0,178,3.5391135420000026,0,70208,42,16706083,556299
0,179,3.5559233330000026,0,69834,0,16794375,556247
0,180,3.5725035000000034,0,77292,0,16581333,542485
0,181,3.5889648330000021,0,71958,0,16490125,542485
0,182,3.6058112920000021,0,63625,42,16798291,556247
0,183,3.6224510830000014,0,69458,42,16598625,542685
0,184,3.6392382920000017,0,68791,125,16790709,556247
0,185,3.6557151670000003,0,71708,41,16505417,530077
0,186,3.6721382920000032,0,66417,41,16485042,545583
0,187,3.6888815420000007,0,65625,125,16693959,556247
0,188,3.7057855000000011,0,59583,41,16897542,556247
0,189,3.7221971670000009,0,64417,125,16403042,542685
0,190,3.7392209170000008,0,70375,0,16996625,556299
0,191,3.755706208000003,0,68291,84,16493166,542485
0,192,3.7725704170000007,0,67625,0,16892375,556247
0,193,3.7891663330000007,0,66167,42,16591750,542485
0,194,3.805864875000001,0,59958,84,16691584,543839
0,195,3.8222945830000015,0,81166,0,16394500,542685
0,196,3.8389504170000031,0,72875,42,16591250,542485
0,197,3.8557643750000032,0,70042,42,16807375,542485
0,198,3.8723671250000002,0,69916,42,16681042,542485
0,199,3.8890264580000036,0,70792,42,16694292,556247
0,200,3.9057880830000009,0,69417,42,16695958,556247
0,201,3.9225185830000022,0,68459,42,16706709,545783
0,202,3.9388763750000031,0,67167,0,16377208,528775
0,203,3.955704917000002,0,67917,42,16797083,530077
0,204,3.9724252920000005,0,70125,42,16805042,542485
0,205,3.9891161670000024,0,63542,41,16689750,556247
0,206,4.0056108330000022,0,63208,41,16389292,542485
0,207,4.0225154580000009,0,69125,41,16911625,556447
0,208,4.038925583000001,0,66750,41,16385084,542485
0,209,4.0556206250000031,0,70000,42,16698750,542485
0,210,4.0724325000000015,0,71250,42,16886292,556247
0,211,4.089147833000002,0,61458,41,16699667,556247
0,212,4.1059416250000034,0,57417,0,16696667,543839
0,213,4.1224998750000026,0,72000,0,16597250,542685
0,214,4.1391360000000006,0,71625,41,16586375,542537
0,215,4.1558810420000007,0,74291,42,16796000,556247
0,216,4.1723606670000031,0,66834,42,16495375,542485
0,217,4.189038208000003,0,65125,42,16693542,559345
0,218,4.2059185000000028,0,57875,42,16797625,556247
0,219,4.2226078750000013,0,68167,42,16689917,515161
0,220,4.2389266670000012,0,72041,0,16291791,528723
0,221,4.2557909170000023,0,71167,208,16899250,543839
0,222,4.2723917500000006,0,71500,42,16694625,556247
0,223,4.2890357920000035,0,61500,42,16596625,556247
0,224,4.3058927920000016,0,63792,42,16788708,556247
0,225,4.3225681670000036,0,65917,42,16702583,542685
0,226,4.3392415830000033,0,65917,41,16595834,542537
0,227,4.3556849580000012,0,73417,42,16493750,542485
0,228,4.3722456250000015,0,60709,41,16496417,542485
0,229,4.389074208,0,71167,84,16897042,556247
0,230,4.4059781250000007,0,74542,0,16793584,543839
0,231,4.4222291250000012,0,72000,42,16300541,515161
0,232,4.4390940000000008,0,71708,42,16889125,545583
0,233,4.4558466250000031,0,68583,41,16787459,556247
0,234,4.4725511250000025,0,68167,41,16698625,556247
0,235,4.4888367080000009,0,63667,41,16300500,542485
0,236,4.5057650830000036,0,60416,166,16832917,556247
0,237,4.5223464170000014,0,73167,42,16552375,542685
0,238,4.5389538330000008,0,66000,0,16601333,542537
0,239,4.5558851250000032,0,68000,0,16985708,543839
0,240,4.5724121250000032,0,69541,42,16491000,542485
0,241,4.589079875000003,0,72208,41,16698000,542485
0,242,4.6056773750000026,0,74084,42,16597375,542485
0,243,4.6221308330000035,0,61458,0,16492583,542685
0,244,4.6388726250000012,0,57375,42,16699917,556247
0,245,4.6555210830000036,0,65708,84,16597417,528723
0,246,4.67251375,0,75666,42,16992042,556247
0,247,4.6890666250000024,0,72833,42,16596500,545583
0,248,4.7058155420000034,0,72334,125,16692459,543839
0,249,4.7220952500000024,0,64708,42,16395458,542685
0,250,4.7392530420000014,0,62542,0,16995958,556299
0,251,4.7559191670000018,0,70375,41,16686833,514961
0,252,4.7724779580000032,0,79083,0,16607292,528723
0,253,4.7890597080000035,0,71000,42,16590500,542485
0,254,4.8057075830000038,0,64834,42,16600208,542485
0,255,4.8221039170000033,0,66958,42,16491209,542685
0,256,4.8389686250000032,0,65000,41,16694500,542485
0,257,4.8556917500000019,0,79000,0,16697084,530077
0,258,4.8724371250000011,0,78792,42,16892375,556247
0,259,4.8890967920000037,0,68833,0,16511750,542485
0,260,4.9061071670000018,0,68541,42,16982125,528723
0,261,4.9222067500000009,0,73083,0,16196625,501399
0,262,4.9390831250000033,0,67084,0,16786833,542537
0,263,4.9556831670000037,0,76375,42,16692709,514961
0,264,4.9723279170000012,0,68834,0,16594542,528723
0,265,4.9888434580000016,0,73042,42,16590916,542485
0,266,5.0056127920000009,0,62459,125,16697208,543839
0,267,5.0223979580000027,0,63042,41,16894500,556447
0,268,5.0389512500000038,0,63625,42,16493667,542485
0,269,5.0557253330000016,0,68083,0,16799834,556247
0,270,5.0726263750000022,0,65917,42,16791167,556247
0,271,5.0889566250000016,0,67833,42,16298583,501199
0,272,5.1059816670000018,0,90042,0,16993833,542485
0,273,5.1224953330000034,0,74500,41,16418625,528923
0,274,5.1391513330000009,0,78084,42,16571584,528775
0,275,5.155790875000001,0,100875,41,16799000,516315
0,276,5.1722892500000022,0,79833,42,16589958,528723
0,277,5.189001667000003,0,75042,0,16688791,542485
0,278,5.205802000000002,0,65667,0,16788084,556247
0,279,5.2224200000000032,0,68125,41,16701041,542685
0,280,5.2389683750000025,0,63416,42,16497542,542485
0,281,5.2558712080000021,0,69875,41,16893917,556247
0,282,5.2722857500000018,0,66583,0,16402875,542485
0,283,5.2889076670000037,0,70125,83,16584709,542485
0,284,5.3058726250000028,0,106583,42,16897375,543839
0,285,5.3222585000000038,0,72500,41,16410083,528923
0,286,5.3388749170000018,0,71792,41,16672917,542537
0,287,5.355742750000001,0,65250,83,16899291,542485
0,288,5.372231333000002,0,70292,0,16509250,542525
0,289,5.3890419580000035,0,65208,42,16784166,556247
0,290,5.4056126250000034,0,61750,42,16491333,542485
0,291,5.4223660420000037,0,61875,0,16798709,542685
0,292,5.4391788750000032,0,66500,42,16694167,542485
0,293,5.4559077920000014,0,75375,41,16796833,530077
0,294,5.4724245000000025,0,70708,41,16589875,542485
0,295,5.4891294580000007,0,62917,0,16696334,556247
0,296,5.5058354170000037,0,64167,42,16689292,556247
0,297,5.5221405000000026,0,62958,41,16309125,542685
0,298,5.5385210000000029,0,58791,0,16380167,239773
0,299,5.5630157500000017,0,63583,42,24043166,115863
0,300,5.5727020420000031,0,73792,41,9950417,253483
0,301,5.5945985000000036,0,84084,0,21436208,308531
0,302,5.6101289170000008,0,71542,42,16047583,186227
0,303,5.6259330420000033,0,65875,42,12106083,212197
0,304,5.6439523750000014,0,55750,0,21683333,267245
0,305,5.6607147920000038,0,71000,0,16600666,170911
0,306,5.6772863750000013,0,77167,42,16679708,184673
0,307,5.694176125000002,0,72750,42,16706000,198435
0,308,5.70973425,0,73416,83,11808250,171111
0,309,5.7275829580000028,0,74000,42,21592042,170911
0,310,5.7448448330000019,0,76792,42,16663167,170963
0,311,5.7609380830000028,0,75416,42,16569542,172265
0,312,5.7775897500000006,0,85333,84,16722125,157149
0,313,5.7926343330000023,0,80292,41,11623083,157149
0,314,5.8106645000000015,0,77833,42,21463500,212197
0,315,5.8264375420000007,0,80000,42,11817083,171111
0,316,5.8429695000000024,0,72667,125,16697500,198435
0,317,5.8606056670000015,0,76583,42,21489416,198435
0,318,5.8774904170000006,0,76875,83,16844417,184673
0,319,5.894408667,0,75125,42,16797208,170911
0,320,5.9106046250000013,0,80959,84,16375750,172465
0,321,5.9275491250000023,0,77000,0,16804167,184673
0,322,5.9442894170000038,0,81375,41,16677208,143439
0,323,5.9608549170000025,0,80166,0,16586667,170911
0,324,5.9700572920000035,0,99833,42,9082292,74577
0,325,5.994578083,0,81666,42,24339833,239721
0,326,6.0109813330000037,0,81875,42,16670667,129825
0,327,6.0276102920000021,0,86667,42,16681333,157149
0,328,6.0442767080000017,0,81416,42,16543625,170911
0,329,6.0608296670000037,0,90791,41,16604042,158503
0,330,6.0777010000000011,0,104375,42,16805875,157149
0,331,6.0944181670000006,0,82458,42,16747167,157149
0,332,6.1110417500000018,0,79250,41,16582083,143587
0,333,6.1261742080000019,0,127458,42,11369292,143387
0,334,6.142706,0,75667,41,16792375,184725
0,335,6.1603092920000009,0,76750,41,21222791,184673
0,336,6.1776212920000013,0,76083,42,17191792,184673
0,337,6.1940279170000032,0,80584,0,16497750,170911
0,338,6.2107394170000028,0,75584,83,16590500,186227
0,339,6.2277853330000035,0,121250,84,17124333,170911
0,340,6.2427785000000036,0,80084,42,11340208,157149
0,341,6.2604385830000027,0,74125,41,21383000,184673
0,342,6.2774790000000031,0,78166,42,17057958,184673
0,343,6.2942165830000008,0,86916,0,16653042,170911
0,344,6.3105547080000015,0,76750,42,16430458,184873
0,345,6.327564792,0,96500,41,17035000,170911
0,346,6.3444137080000012,0,70333,42,16546000,170963
0,347,6.3607909580000026,0,87292,41,16518000,172265
0,348,6.3775450420000013,0,79792,41,16688625,157149
0,349,6.3939269170000017,0,115958,0,16529333,170911
0,350,6.4105935420000009,0,79708,84,16706458,171111
0,351,6.4272733330000023,0,78459,42,16642209,170911
0,352,6.4441672500000031,0,80416,42,16823250,184673
0,353,6.4606265000000036,0,92542,0,16470959,143387
0,354,6.4775449580000029,0,80500,42,16988000,170911
0,355,6.4943358750000009,0,72500,42,16639917,157149
0,356,6.5106753750000017,0,96042,83,16387625,158703
0,357,6.5276190420000013,0,77792,0,16939417,157149
0,358,6.5439807079999994,0,79666,0,16351583,157201
0,359,6.5606910830000018,0,106209,41,16735500,157149
0,360,6.5772938749999952,0,78083,0,16596375,157149
0,361,6.5945951670000014,0,77833,41,17004375,157149
0,362,6.610572458,0,106625,42,16337750,143587
0,363,6.6275955830000015,0,74417,41,16916084,157149
0,364,6.6443267499999976,0,83500,42,16674792,157149
0,365,6.660782583,0,87292,0,16524542,158503
0,366,6.677614833,0,80875,83,16805208,157149
0,367,6.6943194579999954,0,109791,42,16666500,157149
0,368,6.710454958,0,75625,41,16183666,143587
0,369,6.7275368749999984,0,78834,41,17096000,157149
0,370,6.7441915829999957,0,84125,42,16680333,157201
0,371,6.7606963329999985,0,74583,0,16378917,157149
0,372,6.777272791999998,0,112208,42,16643292,157149
0,373,6.794482207999998,0,95375,0,16964666,157149
0,374,6.8107037079999984,0,80167,0,16403583,131179
0,375,6.8277738749999983,0,104834,125,17033334,143387
0,376,6.8442477919999973,0,82041,42,16527083,143387
0,377,6.8611149999999981,0,74125,42,16703667,157149
0,378,6.8776677919999969,0,85333,42,16635709,157149
0,379,6.8942769999999953,0,73042,42,16659500,157149
0,380,6.9106654579999969,0,72750,0,16346625,157349
0,381,6.9276198330000014,0,85125,208,16987583,157149
0,382,6.9443043329999981,0,76750,83,16652209,157201
0,383,6.9606115419999952,0,81625,0,16328042,158503
0,384,6.9776441249999976,0,89417,42,16956500,170911
0,385,6.9942555419999977,0,82125,42,16646584,143387
0,386,7.0106103329999954,0,88333,0,16315250,157349
0,387,7.0276256669999952,0,106167,84,16990708,157149
0,388,7.0442516669999975,0,82958,42,16673958,157149
0,389,7.060498875,0,114250,41,16311583,157149
0,390,7.0776461669999975,0,81000,83,17014167,157149
0,391,7.0943137499999978,0,79167,42,16680083,157149
0,392,7.1097189999999983,0,90125,167,11798583,144941
0,393,7.127587124999998,0,74083,0,21483000,170911
0,394,7.1442279999999982,0,117000,41,16739041,157201
0,395,7.1605212919999985,0,75750,0,16239792,157149
0,396,7.1776760420000016,0,80166,42,17052209,170911
0,397,7.194351417,0,131166,42,16670125,157149
0,398,7.2104457080000017,0,100792,0,16193125,157349
0,399,7.2276224169999992,0,80666,42,17107042,170911
0,400,7.2442498329999978,0,76958,0,16609708,157149
0,401,7.2597963750000005,0,78125,41,11744625,130979
0,402,7.277882667,0,73917,125,21733834,157149
0,403,7.2943343749999983,0,83833,42,16554959,143387
0,404,7.3106065420000022,0,83792,0,16320875,157349
0,405,7.3277093749999977,0,127333,41,17014208,170911
0,406,7.3444162079999984,0,77167,42,16679459,157201
0,407,7.3605736250000007,0,81041,41,16284875,157149
0,408,7.3776511669999962,0,80000,42,16954208,157149
0,409,7.3943037499999988,0,80208,42,16639542,157149
0,410,7.4096571669999989,0,97834,42,12159500,144941
0,411,7.4278803750000009,0,87416,42,21365125,157149
0,412,7.4442347079999962,0,83542,0,16458875,143387
0,413,7.4606716249999963,0,116083,0,16391584,157149
0,414,7.477606625,0,84500,42,16912917,157149
0,415,7.4943624169999978,0,86333,41,16704583,157149
0,416,7.5107430830000013,0,104167,41,16348916,143587
0,417,7.5276046250000022,0,115625,41,16905500,157149
0,418,7.544470292,0,80750,84,16867791,143439
0,419,7.5613397500000019,0,77916,83,16801959,144651
0,420,7.5778056249999963,0,77083,41,16354917,143477
0,421,7.5943095829999976,0,99042,84,16626792,157149
0,422,7.6107700419999986,0,83833,42,16488583,157349
0,423,7.6276883749999982,0,99708,41,16836375,157149
0,424,7.6442529169999958,0,81250,0,16649792,157149
0,425,7.6606845419999985,0,80042,166,16508583,157149
0,426,7.677657167,0,75708,42,16892291,157149
0,427,7.6943662500000016,0,80166,291,16558875,157149
0,428,7.710224042,0,93833,83,11906708,151583
0,429,7.7276850829999972,0,72125,0,21472792,164269
0,430,7.7443368329999984,0,79167,42,16703125,157201
0,431,7.7606363749999971,0,113166,42,16351875,143387
0,432,7.7775170419999995,0,98666,41,16959125,157149
0,433,7.7945261670000008,0,74875,41,16662750,157149
0,434,7.8105572919999986,0,80125,83,16390125,157349
0,435,7.8275249169999981,0,76625,41,16941584,170911
0,436,7.8443685000000016,0,75041,84,16643291,157149
0,437,7.8614952080000009,0,78583,41,16948917,151383
0,438,7.877589,0,76500,42,16269208,150507
0,439,7.8942909169999993,0,90416,83,16787917,157149
0,440,7.910900458,0,79000,0,16304792,157349
0,441,7.928203083,0,88208,42,17149542,157149
0,442,7.9443107079999962,0,91209,42,16523833,143439
0,443,7.9606071249999957,0,77500,0,16311958,157149
0,444,7.9777258330000009,0,81333,42,16876125,157149
0,445,7.9942546249999964,0,80709,83,16721667,143387
0,446,8.0114804999999976,0,82375,41,16963333,165345
0,447,8.0278080419999966,0,79625,41,16442541,150507
0,448,8.0443429580000014,0,88291,42,16553875,129625
0,449,8.0606731669999974,0,91750,83,16430875,157149
0,450,8.0776448749999972,0,88375,42,16918667,157149
0,451,8.0942497499999959,0,123166,42,16599209,143387
0,452,8.110490917,0,86291,42,16388250,157349
0,453,8.127617917000002,0,76875,125,16968250,157149
0,454,8.144701708,0,78375,41,16684250,143439
0,455,8.1610951249999957,0,97375,42,16363833,143387
0,456,8.1777516669999955,0,79500,41,16965250,158503
0,457,8.1944040420000022,0,77292,0,16692250,157149
0,458,8.210792708,0,100791,0,16392666,157349
0,459,8.2277248329999964,0,81708,0,16918084,157149
0,460,8.2443244580000012,0,74583,0,16540458,170911
0,461,8.261005083,0,92375,41,16766208,157149
0,462,8.277660167,0,109416,0,16695791,157149
0,463,8.2942474170000011,0,75333,41,16673250,157149
0,464,8.3117138329999989,0,74958,42,16477208,157349
0,465,8.3276275830000017,0,101250,41,16812542,144741
0,466,8.344496417000002,0,79750,42,16782042,143387
0,467,8.360690458,0,81042,0,16269666,157201
0,468,8.3776320420000019,0,117208,41,16919291,157189
0,469,8.39421875,0,77875,41,16641084,157149
0,470,8.4106698749999964,0,80375,0,16252500,157349
0,471,8.427589624999996,0,90042,41,17061667,157149
0,472,8.4444523749999973,0,78458,41,16696750,157149
0,473,8.4606637919999983,0,77208,41,16435250,143387
0,474,8.4776795419999971,0,77167,41,16876250,158503
0,475,8.4943457919999972,0,89000,42,16650875,157149
0,476,8.510667458,0,84416,0,16371458,157349
0,477,8.5280841669999958,0,82250,84,16935417,157149
0,478,8.5442013329999966,0,100750,0,16623458,143387
0,479,8.5607670420000019,0,78958,42,16451083,157201
0,480,8.5775630830000011,0,95333,41,16876500,157149
0,481,8.594253375000001,0,79875,0,16717292,157149
0,482,8.6105702500000021,0,75083,41,16133000,157349
0,483,8.6276984169999977,0,82333,125,17181292,172265
0,484,8.6443584999999956,0,116417,42,16651625,143387
0,485,8.6602791669999988,0,100792,42,16023667,143387
0,486,8.6775778749999972,0,94625,83,17319625,170911
0,487,8.6942969999999988,0,79500,42,16658458,157149
0,488,8.710472916999997,0,96042,42,16335084,157349
0,489,8.727635833,0,75292,42,16971291,157149
0,490,8.744232249999996,0,116875,0,16675541,157149
0,491,8.7605644169999977,0,80000,42,16311416,157201
0,492,8.7775456669999983,0,78709,0,16919541,144741
0,493,8.7942501249999978,0,90084,42,16722250,157149
0,494,8.8108319170000016,0,91542,0,16446042,157349
0,495,8.8276045829999958,0,88375,41,16879583,157149
0,496,8.844413083,0,76209,83,16825958,143387
0,497,8.860653708000001,0,77250,0,16268708,157149
0,498,8.8777218329999954,0,75375,83,16988084,143387
0,499,8.894300375,0,81500,83,16533667,157149
0,500,8.9106856669999956,0,76417,0,16409583,157349
0,501,8.9200512079999967,0,87542,42,8977459,68811
0,502,8.9442266249999989,0,81000,42,24559334,219317
0,503,8.9605442080000017,0,112083,41,16396250,157201
0,504,8.9776933750000012,0,77541,42,17075750,143387
0,505,8.9943492499999991,0,74750,0,16511166,157149
0,506,9.010563417,0,78167,41,16419417,157349
0,507,9.027561958,0,81167,42,16953833,157149
0,508,9.0442932499999955,0,100375,42,16652458,157149
0,509,9.0605037079999988,0,79875,42,16325041,157149
0,510,9.076281250000001,0,78708,0,11884083,158503
0,511,9.0943556249999986,0,67958,42,21773167,184673
0,512,9.1105429169999965,0,95583,0,16314500,143587
0,513,9.127610333,0,80208,42,17082458,157149
0,514,9.1442924999999988,0,76292,83,16621084,157149
0,515,9.160732042,0,78209,83,16415291,143439
0,516,9.1775506669999984,0,74333,42,16847042,157149
0,517,9.194258208,0,84584,83,16600750,157149
0,518,9.2103261250000017,0,91917,42,16205250,157349
0,519,9.2274830829999956,0,88292,42,17099250,158503
0,520,9.244290417000002,0,86000,42,16701666,157149
0,521,9.260535583,0,77709,42,16358167,157149
0,522,9.2776086669999955,0,77458,167,17023209,157149
0,523,9.2943008330000012,0,83083,42,16649625,157149
0,524,9.3104061669999965,0,117459,41,16218750,157349
0,525,9.327575083,0,79167,42,17153166,170911
0,526,9.3442990829999957,0,72917,250,16639458,157149
0,527,9.360780708,0,81125,42,16476417,157201
0,528,9.3775614999999988,0,78417,42,16723709,158413
0,529,9.3942980829999954,0,82583,42,16721667,157239
0,530,9.4109417079999957,0,111583,0,16665084,143587
0,531,9.4276224580000019,0,84041,0,16686250,157149
0,532,9.4442765,0,90583,0,16680459,157149
0,533,9.460908167,0,85375,42,16527042,183507
0,534,9.477577208,0,109667,42,16678083,157149
0,535,9.494229875000002,0,87875,83,16708208,157149
0,536,9.5102548750000011,0,83625,42,16047167,157349
0,537,9.5262871249999961,0,119625,0,12532166,158413
0,538,9.544197417,0,71500,41,21419458,171001
0,539,9.5606673750000013,0,92541,41,16471000,157201
0,540,9.5775349999999975,0,88375,42,16884584,157149
0,541,9.594198083000002,0,78333,0,16576708,157149
0,542,9.6106053330000023,0,77250,42,16487042,157349
0,543,9.6275999169999977,0,76792,0,16914666,157149
0,544,9.6442404169999989,0,84042,0,16684625,157149
0,545,9.6605664579999981,0,75833,42,16342334,157149
0,546,9.676446542,0,79209,83,12051375,144651
0,547,9.6943054580000023,0,67167,84,21537291,171001
0,548,9.710777,0,80708,42,16431000,157349
0,549,9.7275456670000011,0,121125,41,16908459,157149
0,550,9.7443260829999971,0,77666,41,16674583,157149
0,551,9.7606376669999975,0,85625,42,16398167,157201
0,552,9.777613625,0,80250,42,16892417,157149
0,553,9.7943392079999967,0,83458,0,16676167,157149
0,554,9.810392,0,85125,84,16003084,157349
0,555,9.8263455829999984,0,88708,42,12610000,158413
0,556,9.8444966249999979,0,79750,42,21340166,171001
0,557,9.861071250000002,0,85167,125,16734083,143387
0,558,9.8777599169999988,0,79667,42,16667959,157149
0,559,9.894411833,0,87333,41,16623708,143387
0,560,9.9107577079999984,0,87375,42,16394708,143587
0,561,9.9276293750000022,0,114125,41,16860459,157149
0,562,9.9442492499999986,0,86958,42,16702000,157149
0,563,9.9607037919999968,0,79208,41,16380000,157201
0,564,9.9778111669999987,0,115625,83,17072250,158413
0,565,9.9942845829999953,0,77167,0,16416833,143477
0,566,10.011187333000002,0,113458,83,16793000,157349
0,567,10.027652332999999,0,79583,0,16577709,143387
0,568,10.044543667,0,87125,84,16627917,157149
0,569,10.060649999999995,0,95209,42,16511958,143387
0,570,10.077617666999998,0,79667,125,16811000,129625
0,571,10.094219832999997,0,82292,42,16714958,143387
0,572,10.110863125000002,0,73625,0,16519500,143587
0,573,10.126622792,0,133916,42,12151958,151383
0,574,10.144452582999996,0,82083,83,21435542,178031
0,575,10.160747541999996,0,84167,42,16253959,143439
0,576,10.177756666999997,0,75792,0,16933916,157149
0,577,10.194551916999998,0,132250,0,16720708,129625
0,578,10.210649541999999,0,71125,41,16380625,157349
0,579,10.227570749999998,0,110083,42,16956208,157149
0,580,10.244225792000002,0,72708,42,16674958,157149
0,581,10.260531499999999,0,73667,0,16287625,157149
0,582,10.278088791999998,0,74833,42,17164625,165145
0,583,10.294273333,0,89708,42,16549500,150507
0,584,10.310520458,0,79417,42,16321500,157349
0,585,10.327647374999998,0,69917,83,16954208,170911
0,586,10.344205207999998,0,74833,84,16662250,157149
0,587,10.360629083,0,73875,41,16362167,157201
0,588,10.377581458000002,0,113709,41,16924291,157149
0,589,10.394317666999996,0,82500,41,16676458,157149
0,590,10.410588791999999,0,76333,250,16298750,157349
0,591,10.428180042000001,0,114125,83,17307459,165145
0,592,10.444352125000002,0,74083,42,16276458,122983
0,593,10.460851749999996,0,80667,42,16495083,157149
0,594,10.477672249999998,0,74791,42,16899542,157149
0,595,10.494328083,0,81750,0,16691667,157149
0,596,10.510599249999999,0,76583,42,16304083,157349
0,597,10.5275715,0,110584,42,16996625,157149
0,598,10.544157083000002,0,79167,0,16609166,157149
0,599,10.560669832999999,0,78084,167,16408417,157201
0,600,10.578036916999999,0,76083,42,17114791,165145
0,601,10.594283417,0,75250,0,16494416,150507
0,602,10.610827291999996,0,77166,0,16479458,157349
0,603,10.627684375000001,0,99125,42,16808916,157149
0,604,10.644293458,0,82542,41,16625167,143387
0,605,10.661310125,0,83708,42,16839208,157149
0,606,10.677756957999996,0,81417,41,16497250,143387
0,607,10.694367125,0,82959,41,16644291,143387
0,608,10.711093208000001,0,93375,42,16756458,157349
0,609,10.728314042000001,0,80333,41,16944916,165145
0,610,10.744322292,0,75875,42,16309083,136745
0,611,10.760798707999996,0,84250,42,16507709,143439
0,612,10.777629374999997,0,81833,41,16842375,157149
0,613,10.794286374999999,0,78000,42,16640750,157149
0,614,10.810757000000002,0,79584,41,16384000,157349
0,615,10.827620416999999,0,114416,84,16873542,157149
0,616,10.844156667,0,94417,42,16603500,143387
0,617,10.861196041999996,0,82708,0,16498416,157149
0,618,10.878222707999996,0,132750,41,17069042,143387
0,619,10.893149332999997,0,79625,42,11457000,144741
0,620,10.910809917000002,0,68583,42,21520375,157149
0,621,10.927605,0,79708,41,16851291,157349
0,622,10.944085999999999,0,74416,83,16673750,157149
0,623,10.960734207999998,0,80333,42,16389375,157201
0,624,10.977536457999996,0,90750,42,16961708,157149
0,625,10.994273166999996,0,78042,42,16612542,143387
0,626,11.010705375,0,80042,41,16482000,166033
0,627,11.028367582999998,0,102125,42,16941458,157149
0,628,11.044231124999996,0,79792,41,16555542,144741
0,629,11.060548083,0,83083,0,16375958,157149
0,630,11.077605042000002,0,75584,125,16978292,157149
0,631,11.094311124999997,0,87667,84,16679875,157149
0,632,11.110599207999996,0,86000,0,16317542,157349
0,633,11.126307916999998,0,123959,0,11906041,157149
0,634,11.144082875000002,0,72250,0,21577875,184673
0,635,11.160640457999996,0,101833,42,16590500,157201
0,636,11.177569958,0,80625,0,16770875,184673
0,637,11.194241667,0,78291,41,16819625,158503
0,638,11.210609708,0,77542,0,16294417,157349
0,639,11.227653124999996,0,80416,42,17041375,170911
0,640,11.244024249999995,0,80583,42,16466375,170911
0,641,11.260888125000001,0,79791,42,16655417,170911
0,642,11.276402875000002,0,78542,0,11808500,157149
0,643,11.294178332999998,0,74917,42,21569791,170911
0,644,11.310682,0,79875,0,16551791,171111
0,645,11.326240999999996,0,97333,42,11671708,170911
0,646,11.344245457999996,0,64833,42,21760625,186027
0,647,11.360559291999998,0,82875,42,16387125,157201
0,648,11.377570749999997,0,78416,42,16980042,157189
0,649,11.394072375,0,82917,0,16556333,170911
0,650,11.410553166999996,0,77708,42,16456791,157349
0,651,11.427704917,0,99875,42,16953625,170911
0,652,11.444146124999996,0,114959,42,16648667,129625
0,653,11.460713708,0,79917,42,16597625,157149
0,654,11.477680374999998,0,75125,0,16748708,157149
0,655,11.494500791999997,0,78667,42,16814500,144741
0,656,11.509567042,0,84833,83,11331625,157349
0,657,11.527555874999997,0,74875,83,21891917,184673
0,658,11.544218833000002,0,86542,0,16655459,157149
0,659,11.560767999999996,0,86125,41,16458750,157201
0,660,11.577674957999996,0,81875,42,16846000,157149
0,661,11.594246042000002,0,77417,41,16652000,157149
0,662,11.610427207999997,0,108792,42,16249125,171111
0,663,11.627620375,0,78417,42,17102083,170911
0,664,11.6441825,0,92042,42,16625792,172265
0,665,11.660457999999998,0,91625,0,16329917,157149
0,666,11.677475082999997,0,74500,0,16973833,170911
0,667,11.694263082999996,0,93041,0,16708583,157149
0,668,11.710614499999998,0,77542,0,16340083,157349
0,669,11.727471125000001,0,119292,42,16994250,170911
0,670,11.744145957999997,0,71958,41,16536167,157149
0,671,11.760442333,0,82459,250,16413959,157201
0,672,11.777425207999997,0,71333,42,16891541,157149
0,673,11.794203957999997,0,85584,42,16702042,158503
0,674,11.810495416999998,0,79250,0,16392166,157349
0,675,11.827523458000002,0,80208,42,17017666,170911
0,676,11.844197541999996,0,76292,41,16640875,157149
0,677,11.860556125000002,0,92542,42,16324291,157149
0,678,11.877603749999999,0,117333,41,16982042,157149
0,679,11.894240249999996,0,80167,41,16691875,157149
0,680,11.910462416999998,0,75458,41,16315084,157349
0,681,11.927544417,0,78125,42,16973833,170911
0,682,11.944198041999996,0,76417,0,16578917,158503
0,683,11.960476458000002,0,112542,41,16426750,157201
0,684,11.977573667000001,0,81250,0,16979375,157149
0,685,11.994250999999998,0,88833,42,16712750,157149
0,686,12.010527541999998,0,71875,42,16284042,143587
0,687,12.027529916999995,0,104417,208,17020166,170911
0,688,12.044159624999999,0,73833,41,16602666,157149
0,689,12.060621749999996,0,83500,42,16516375,157149
0,690,12.077491332999998,0,71917,42,16810834,157149
0,691,12.094344166999996,0,101542,42,16743958,144651
0,692,12.110469332999998,0,77750,166,16243083,157439
0,693,12.127616291999999,0,87500,0,16994750,157149
0,694,12.144176166999998,0,79500,83,16529500,170911
0,695,12.160818833,0,91917,41,16637291,157149
0,696,12.177594167000002,0,120833,41,16826500,157201
0,697,12.194377416999998,0,84334,0,16773708,143387
0,698,12.210590625000002,0,78167,0,16241709,157349
0,699,12.227592375,0,104084,41,16970958,170911
0,700,12.244162666999998,0,114958,125,16547917,158413
0,701,12.260597583,0,79167,41,16520084,157239
0,702,12.277818791999998,0,80833,42,16895250,157149
0,703,12.294332957999998,0,107833,83,16664583,143387
0,704,12.310859041999997,0,102833,0,16516667,157349
0,705,12.327945,0,105792,83,16921250,143387
0,706,12.345983124999997,0,99833,42,18301042,143387
0,707,12.360473333000002,0,72417,41,14611208,102101
0,708,12.377586082999997,0,71625,42,16915792,157201
0,709,12.394192666999999,0,84166,83,16567708,144651
0,710,12.41103175,0,84916,41,16675834,129915
0,711,12.427646916999997,0,127834,42,16783875,115863
0,712,12.444425957999997,0,84458,42,16627166,129625
0,713,12.460010167,0,80375,84,11576458,129625
0,714,12.477758916999996,0,87792,0,21822292,157149
0,715,12.494472000000002,0,93750,42,16603459,129625
0,716,12.510817207999999,0,83208,41,16291416,116063
0,717,12.527621916999998,0,85291,41,16933291,157149
0,718,12.544280082999997,0,84750,0,16730083,130889
0,719,12.561226208,0,76042,83,16645042,129715
0,720,12.577543792,0,99500,0,16736625,143439
0,721,12.594244582999998,0,68916,42,16567333,157149
0,722,12.611132542,0,123625,42,16790916,129825
0,723,12.627924207999996,0,96916,83,16683542,129625
0,724,12.644301292000002,0,80250,41,16516084,115863
0,725,12.660883458,0,83959,41,16524375,129625
0,726,12.677631208000001,0,106750,0,16773875,143387
0,727,12.693034667,0,92083,125,11889334,130889
0,728,12.710729375,0,82250,42,21184959,157239
0,729,12.727856957999997,0,83208,42,17066750,143587
0,730,12.74414925,0,85250,83,16453459,143387
0,731,12.760382499999999,0,77417,0,16408542,157149
0,732,12.777487625,0,77167,42,17035125,170963
0,733,12.794372125000002,0,74250,83,16612667,157149
0,734,12.810668041999996,0,79459,42,16454084,143587
0,735,12.827633958,0,115666,42,16905917,157149
0,736,12.842951292000002,0,79042,0,11720041,130889
0,737,12.860518208000002,0,76250,41,21259083,171001
0,738,12.877639957999996,0,79792,42,16959000,157149
0,739,12.894390541999996,0,78375,42,16578542,143387
0,740,12.910612667000002,0,85834,42,16470333,143587
0,741,12.927829166999999,0,81375,42,17050334,143387
0,742,12.944164416999996,0,79625,42,16494291,143387
0,743,12.960596582999997,0,122958,42,16454750,157149
0,744,12.977687167,0,81375,42,16957417,157201
0,745,12.994616874999998,0,81083,41,16977375,158413
0,746,13.010740708,0,76334,41,16090042,116153
0,747,13.027582832999997,0,101750,0,16877042,157149
0,748,13.044375375000001,0,80084,42,16778708,143387
0,749,13.060769291999996,0,98375,42,16445625,143387
0,750,13.077561791999997,0,80333,83,16733000,143387
0,751,13.094216625000001,0,79709,42,16668791,157149
0,752,13.110525875,0,75708,0,16288167,157349
0,753,13.127554042,0,81416,41,16974209,143387
0,754,13.144497999999999,0,81833,41,16913750,158413
0,755,13.160368124999998,0,80708,41,15862125,143477
0,756,13.177600667,0,104625,42,17153500,143439
0,757,13.194345333000001,0,82416,0,16724458,157149
0,758,13.21074075,0,94041,0,16468542,143587
0,759,13.227525207999996,0,97292,42,16908542,157149
0,760,13.244239499999999,0,73833,0,16667833,157149
0,761,13.260700792000002,0,80250,41,16429583,157149
0,762,13.277642667000002,0,114375,84,16881791,157149
0,763,13.294327791999997,0,77167,41,16729625,144651
0,764,13.31071,0,76084,42,16399625,143677
0,765,13.327611124999997,0,87417,83,16823583,157149
0,766,13.344392333000002,0,79500,42,16809208,143387
0,767,13.360634583,0,83459,41,16253334,115863
0,768,13.37759475,0,84166,42,17018333,143439
0,769,13.386882,0,79042,41,9010833,74577
0,770,13.410822541999998,0,81000,167,23961750,198435
0,771,13.427570207999999,0,121334,42,16993334,129825
0,772,13.445274542,0,80500,42,17261250,137621
0,773,13.460728957999997,0,80125,42,15768292,109221
0,774,13.477518916999998,0,86458,42,16888625,157149
0,775,13.494415167,0,75667,42,16780250,143387
0,776,13.509780374999998,0,89458,42,11573250,116063
0,777,13.527577041999997,0,75833,41,21582125,157149
0,778,13.544130666999997,0,86417,0,16670750,157149
0,779,13.560476707999996,0,80584,83,16407500,157149
0,780,13.577573166999997,0,76042,167,16952833,157201
0,781,13.593397332999999,0,88583,42,11655125,151383
0,782,13.610640541999999,0,76209,42,21399000,178031
0,783,13.626273333,0,80042,167,11887500,157349
0,784,13.644235082999998,0,75208,125,21741875,184673
0,785,13.660408875000002,0,87833,42,16062458,170911
0,786,13.6774195,0,80125,84,17138875,184673
0,787,13.694023041999998,0,111709,42,16626958,170911
0,788,13.710477499999996,0,75333,41,16424083,171111
0,789,13.727372250000002,0,124291,0,16881292,170911
0,790,13.743403291999996,0,91625,0,12090584,165145
0,791,13.760597167,0,73792,42,21143959,205555
0,792,13.777677791999999,0,85291,83,16855083,157201
0,793,13.792852500000002,0,85333,42,11678625,143387
0,794,13.810628958000002,0,73916,41,21363667,184673
0,795,13.827471291999998,0,129750,41,16880125,184873
0,796,13.842962874999998,0,133167,0,11738500,157149
0,797,13.860662749999996,0,74667,42,21410416,198435
0,798,13.877328708,0,127583,0,16806084,170911
0,799,13.894949791999998,0,76291,42,17099333,178907
0,800,13.910620832999996,0,79291,42,16057875,157785
0,801,13.927396166999998,0,81875,84,16852625,184673
0,802,13.94415,0,75667,166,16660541,170911
0,803,13.960607083,0,76666,42,16469834,170911
0,804,13.977266624999999,0,99042,0,16799833,170963
0,805,13.994103207999999,0,72625,42,16700500,184673
0,806,14.010426625000001,0,75375,42,16372750,171111
0,807,14.027366082999997,0,129125,0,16952834,184673
0,808,14.044509083000001,0,109375,0,16678167,184673
0,809,14.0605665,0,80250,42,16540625,172265
0,810,14.077561791999997,0,75958,42,16771834,184673
0,811,14.094064332999999,0,76083,41,16645666,170911
0,812,14.110389792,0,76750,0,16405750,171111
0,813,14.127269333000001,0,89166,42,16896542,184673
0,814,14.144063082999999,0,70916,41,16610083,157149
0,815,14.160438124999999,0,130417,84,16569917,184673
0,816,14.177551082999997,0,74542,0,16957750,170963
0,817,14.194804167000001,0,80375,41,16628709,157149
0,818,14.210733417,0,81125,41,16631542,144941
0,819,14.227662500000001,0,75541,42,16699875,157149
0,820,14.244162125000003,0,75875,42,16659250,143387
0,821,14.260536541999997,0,74333,0,16347791,157149
0,822,14.277531167,0,109083,42,16941500,157149
0,823,14.294303999999997,0,93583,42,16714125,157149
0,824,14.310460624999997,0,76542,41,16261542,157349
0,825,14.327527208,0,101334,41,17040167,170911
0,826,14.344124166999997,0,88500,41,16610333,157149
0,827,14.360536249999996,0,105458,42,16447208,158503
0,828,14.377538791999996,0,77333,42,16964584,157241
0,829,14.402339374999997,0,81958,0,24625250,157149
0,830,14.410375707999997,0,78500,42,8256458,74777
0,831,14.427559250000002,0,73958,84,17024500,170911
0,832,14.444305874999998,0,76792,83,16659292,157149
0,833,14.460627582999997,0,80250,83,16426833,163731
0,834,14.477500708,0,79000,83,16890792,157149
0,835,14.494133583,0,110792,84,16652833,157149
0,836,14.510647458000001,0,74750,42,16513583,144851
0,837,14.527735082999996,0,77208,42,16893209,143477
0,838,14.544134874999997,0,79333,41,16579500,157149
0,839,14.560423458000002,0,77833,41,16387583,157149
0,840,14.577479083,0,74458,41,16942750,170963
0,841,14.594145124999997,0,75042,41,16627458,157149
0,842,14.610615791999997,0,77334,42,16490542,157349
0,843,14.627430875000002,0,95833,41,16887792,170911
0,844,14.642922374999998,0,72334,83,11446000,157149
0,845,14.661167249999998,0,71750,83,22034375,199699
0,846,14.677533707999999,0,103666,0,16472875,143477
0,847,14.694329500000002,0,90792,0,16819542,143387
0,848,14.710534207999999,0,79791,0,16214083,157349
0,849,14.727429416999996,0,77458,42,16940083,157149
0,850,14.744199082999998,0,76167,0,16578917,157149
0,851,14.760798125,0,97250,0,16596792,143387
0,852,14.777505792,0,116417,0,16804833,157201
0,853,14.794152458,0,120500,0,16628209,157149
0,854,14.811221750000001,0,119000,0,16814125,158613
0,855,14.827564082999999,0,79500,0,16525417,143477
0,856,14.844031125,0,82166,42,16642333,157149
0,857,14.860706,0,80375,42,16500375,157149
0,858,14.877644625000002,0,119208,0,16957500,143387
0,859,14.894199874999998,0,101167,41,16546917,157149
0,860,14.910701083,0,79291,42,16388459,157349
0,861,14.927538042000002,0,97917,0,16867708,157149
0,862,14.944264249999996,0,85375,42,16641917,157149
0,863,14.96069825,0,77708,83,16407458,172175
0,864,14.977532333,0,101916,41,16963417,157291
0,865,14.994685916999998,0,88709,0,16765375,157149
0,866,15.010710375000002,0,97083,42,16382458,143587
0,867,15.027604124999996,0,86875,83,16870666,143387
0,868,15.044011957999999,0,76125,41,16526916,157149
0,869,15.060812374999998,0,110625,0,16678834,143387
0,870,15.077685000000002,0,88834,41,16903667,143387
0,871,15.094528083,0,81292,0,16652417,143387
0,872,15.110946667,0,83958,84,16469083,144851
0,873,15.127489499999996,0,112042,42,16652666,143477
0,874,15.143976250000001,0,120750,0,16568667,170911
0,875,15.160609291999997,0,84416,0,16577959,157149
0,876,15.177640500000003,0,104542,42,17035625,143439
0,877,15.194331624999997,0,77792,42,16525333,157149
0,878,15.210399207999998,0,79000,42,16302958,157349
0,879,15.227351083000002,0,80416,42,17032375,157149
0,880,15.244312082999997,0,71958,0,16646875,157149
0,881,15.260622499999997,0,79042,42,16481583,144651
0,882,15.27748725,0,78875,42,16840500,157239
0,883,15.294243332999997,0,79459,42,16677042,157149
0,884,15.310533208000003,0,80292,42,16329750,157349
0,885,15.327388,0,118709,41,16900375,143387
0,886,15.344302999999996,0,84917,42,16732208,157149
0,887,15.359684457999997,0,80500,166,11621916,143387
0,888,15.37767325,0,81541,0,21710000,170963
0,889,15.394216917000001,0,89417,83,16548500,129625
0,890,15.410690041999999,0,82000,0,16561708,158613
0,891,15.427628374999998,0,113000,41,16877083,171001
0,892,15.444268917000002,0,123875,0,16617250,143387
0,893,15.460649791999998,0,79417,41,16449375,157149
0,894,15.47756125,0,97292,0,16925333,157149
0,895,15.494249416999999,0,78334,42,16646750,157149
0,896,15.5107425,0,79958,0,16479833,157349
0,897,15.527532416999996,0,118042,42,16834167,157149
0,898,15.544284292,0,77375,83,16663084,157149
0,899,15.55962375,0,96667,0,11611000,144651
0,900,15.577967416999996,0,72959,0,21740709,171053
0,901,15.594388416999998,0,93042,84,16579583,143387
0,902,15.610802374999999,0,79791,41,16514833,157349
0,903,15.627575499999999,0,84542,42,16773250,157149
0,904,15.644062458,0,99375,167,16663167,157149
0,905,15.660735500000001,0,74375,41,16519792,157149
0,906,15.677572083000001,0,81584,83,16873917,157149
0,907,15.694273707999997,0,78834,41,16657208,157149
0,908,15.709569875,0,78750,0,11497083,144851
0,909,15.727525917000001,0,71042,42,21803666,184763
0,910,15.7442895,0,96458,41,16706583,157149
0,911,15.760558541999998,0,77666,0,16341375,157149
0,912,15.777520375000002,0,110209,0,16812667,157201
0,913,15.794308125,0,96167,42,16799500,157149
0,914,15.810881541999997,0,87708,42,16696083,143587
0,915,15.828024833,0,81625,42,16995583,157149
0,916,15.844288499999998,0,82250,83,16286708,143387
0,917,15.859640167000002,0,79375,42,11508792,144651
0,918,15.877751332999999,0,88583,41,22056833,157239
0,919,15.894271791999998,0,80416,42,16368583,143387
0,920,15.910427292000001,0,86916,42,16366041,157349
0,921,15.927609707999999,0,77625,41,16989208,157149
0,922,15.944219541999999,0,117458,42,16677333,157149
0,923,15.960702916999999,0,78333,42,16484833,157149
0,924,15.977490207999999,0,111667,42,16785666,157201
0,925,15.994155417000002,0,92416,125,16699667,157149
0,926,16.010920958,0,75250,125,16792375,158613
0,927,16.027564874999996,0,74833,42,16519750,157239
0,928,16.044184375,0,79042,0,16673500,157149
0,929,16.060578166999996,0,77958,0,16439583,157149
0,930,16.077500291999996,0,81750,42,16889125,157149
0,931,16.094155207999997,0,76959,42,16665542,143387
0,932,16.110427832999996,0,72833,42,16320250,171111
0,933,16.12745425,0,73458,42,16977542,157149
0,934,16.144052375,0,78792,0,16640542,157149
0,935,16.159939917000003,0,76000,0,11836583,151383
0,936,16.177461917000002,0,73542,41,21465250,164269
0,937,16.194320458,0,100542,0,16800667,143439
0,938,16.210764667,0,81167,42,16355291,143587
0,939,16.2274665,0,87375,42,16823708,157149
0,940,16.24417475,0,121333,42,16736417,157149
0,941,16.260685083,0,75917,42,16502083,157149
0,942,16.27749825,0,80667,42,16803458,157149
0,943,16.294127167,0,82959,41,16556125,157149
0,944,16.311398957999998,0,75500,42,16924125,165345
0,945,16.327416125,0,77208,41,16448625,143823
0,946,16.344185042,0,72625,83,16678667,157149
0,947,16.360497582999997,0,81041,41,16383542,157149
0,948,16.377414291999997,0,95625,0,16952459,157149
0,949,16.394274333,0,71791,0,16637708,157201
0,950,16.410462957999997,0,106167,0,16373542,157349
0,951,16.427412708,0,91083,42,16919958,170911
0,952,16.444197208,0,79792,42,16675416,129625
0,953,16.461158042,0,81334,42,16539208,143387
0,954,16.477592541999996,0,96000,42,16865459,158503
0,955,16.494197583000002,0,73334,0,16595750,157149
0,956,16.510244708000002,0,71458,41,16265375,157349
0,957,16.52743625,0,74125,41,17071000,170911
0,958,16.544124708,0,69791,42,16712375,157149
0,959,16.560452333,0,72667,42,16343375,157149
0,960,16.577304917,0,77208,42,16876291,157149
0,961,16.594101166999998,0,75750,0,16739375,157201
0,962,16.610434417,0,93375,0,16302042,157349
0,963,16.626971917,0,111833,0,16665458,158503
0,964,16.644054667,0,70708,0,17000042,170911
0,965,16.659549499999997,0,73625,41,11507625,143387
0,966,16.677477916999997,0,69708,41,21794416,170911
0,967,16.694182833,0,120542,125,16680167,157149
0,968,16.710401792,0,108000,0,16359791,157349
0,969,16.727436042,0,75667,42,16943250,157149
0,970,16.744121999999997,0,78667,0,16686667,157149
0,971,16.760296792,0,73875,0,16169208,157149
0,972,16.777483167,0,75542,41,17123667,172265
0,973,16.794160458,0,105417,42,16680667,157201
0,974,16.81040875,0,79125,42,16340250,143587
0,975,16.827451957999997,0,82666,0,16956541,157149
0,976,16.844069708,0,73291,42,16654042,157149
0,977,16.860680832999996,0,73583,42,16529667,157149
0,978,16.877536125,0,100166,42,16828666,157149
0,979,16.894243957999997,0,78375,83,16651250,157149
0,980,16.910495042,0,76708,333,16397750,143587
0,981,16.927387042,0,78416,0,16835250,158503
0,982,16.944184375,0,78125,83,16754750,157149
0,983,16.960480458,0,74000,83,16300958,157149
0,984,16.977501875,0,80666,42,17021708,170911
0,985,16.994746667,0,78500,41,16658750,157201
0,986,17.01042175,0,78250,167,16286292,129905
0,987,17.027666292,0,77541,42,17009000,170911
0,988,17.044083207999996,0,78541,42,16674209,157149
0,989,17.060366082999998,0,104875,42,16283708,157149
0,990,17.077481,0,78541,209,16996459,172265
0,991,17.094200207999997,0,94625,0,16683541,157149
0,992,17.110652875,0,76333,42,16501459,157349
0,993,17.127501416999998,0,100167,42,16819875,157149
0,994,17.144100207999998,0,77458,41,16605833,157149
0,995,17.160617042,0,76166,42,16568500,157149
0,996,17.177603124999997,0,75125,167,16810584,157149
0,997,17.194198417000003,0,89125,83,16651417,157201
0,998,17.210445625,0,78917,0,16344083,143587
0,999,17.227458333,0,98417,0,16836917,172265
0,1000,17.244322167,0,107583,42,16775917,157149
0,1001,17.263303082999997,0,80334,41,19231292,143387
0,1002,17.272419999999997,0,72084,41,9028833,157149
0,1003,17.2889075,0,73375,83,16689917,322293
0,1004,17.305860208,0,79750,42,16996583,501199
0,1005,17.322195375,0,69458,42,16396208,515161
0,1006,17.339107999999996,0,67541,41,16882209,542485
0,1007,17.355537374999997,0,69500,41,16395833,514961
0,1008,17.372530167,0,81125,41,17006791,530117
0,1009,17.389209875,0,70167,41,16584458,528775
0,1010,17.4056735,0,73916,41,16503583,514961
0,1011,17.422310333,0,77000,417,16686209,542685
0,1012,17.439117541999998,0,78458,42,16789792,542485
0,1013,17.455949292,0,70167,41,16788083,514961
0,1014,17.472642708000002,0,74666,41,16708084,528723
0,1015,17.489016041999996,0,75792,42,16379667,528723
0,1016,17.505683417,0,72584,83,16597375,528723
0,1017,17.522197,0,75042,42,16605000,516515
0,1018,17.538967292000002,0,71875,41,16772916,542485
0,1019,17.555603333,0,70166,41,16604917,542485
0,1020,17.572382417,0,72250,42,16797834,542485
0,1021,17.589316583,0,71959,84,16801750,542537
0,1022,17.605651457999997,0,94125,42,16376750,514961
0,1023,17.622441042,0,65750,84,16795208,542685
0,1024,17.639110875,0,74750,42,16703167,542485
0,1025,17.655659917,0,71500,41,16589000,542485
0,1026,17.672209832999997,0,70375,42,16502833,530077
0,1027,17.688560457999998,0,67042,0,16286041,198435
0,1028,17.714894833000002,0,76875,42,25991291,129625
0,1029,17.722355999999998,0,81334,125,7787583,184873
0,1030,17.739181791999997,0,80375,42,16805792,514961
0,1031,17.755709541999998,0,78250,42,16591333,528723
0,1032,17.772539375,0,75958,41,16804875,542485
0,1033,17.789074499999998,0,68959,41,16506041,542537
0,1034,17.805954375,0,74791,42,16879041,542485
0,1035,17.822541,0,73125,0,16613167,530277
0,1036,17.838922832999998,0,81792,42,16369417,528723
0,1037,17.855592541999997,0,82333,41,16696083,542485
0,1038,17.87227,0,70083,42,16703458,542485
0,1039,17.889212917000002,0,71916,42,16894834,556247
0,1040,17.905715625,0,66083,125,16397333,528723
0,1041,17.922337167000002,0,70875,42,16674917,515161
0,1042,17.938957541999997,0,72959,42,16603583,528723
0,1043,17.955929708,0,71917,0,17002500,542485
0,1044,17.97252175,0,74459,42,16591167,516315
0,1045,17.988993917000002,0,70583,42,16489750,528775
0,1046,18.00582575,0,69500,41,16792916,542485
0,1047,18.022471957999997,0,65375,0,16596875,528923
0,1048,18.038919458000002,0,72584,42,16486583,528723
0,1049,18.055717875,0,71500,42,16813542,542485
0,1050,18.072612624999998,0,65542,41,16886208,542485
0,1051,18.089129667,0,70250,0,16479500,528723
0,1052,18.105766875,0,75167,0,16608375,528723
0,1053,18.122366458000002,0,70125,41,16595833,530187
0,1054,18.139213208,0,75750,41,16884875,528813
0,1055,18.156100832999996,0,73417,41,16710791,542485
0,1056,18.172337917,0,89000,41,16383667,514961
0,1057,18.18891875,0,71416,42,16588625,542537
0,1058,18.205848707999998,0,68666,42,16884542,542485
0,1059,18.222333624999997,0,71875,42,16505292,528923
0,1060,18.239213375,0,70541,0,16889791,542485
0,1061,18.255629833,0,75833,41,16389708,528723
0,1062,18.272709125,0,77833,42,17001041,543749
0,1063,18.289166582999997,0,79500,42,16499917,542575
0,1064,18.305973541999997,0,85042,167,16792417,542485
0,1065,18.322391083,0,76417,41,16487791,528923
0,1066,18.339308250000002,0,72125,41,16811041,542485
0,1067,18.355890457999998,0,85000,42,16585958,528723
0,1068,18.372433708000003,0,70584,42,16593917,542485
0,1069,18.388943417,0,82375,0,16489708,542537
0,1070,18.405916042,0,74417,42,16895000,556247
0,1071,18.422505166999997,0,76917,0,16687833,530187
0,1072,18.439222917000002,0,71500,42,16699208,542575
0,1073,18.45561025,0,71042,0,16390833,528723
0,1074,18.472590249999996,0,73041,83,16992708,542485
0,1075,18.488935458,0,71292,42,16297042,528723
0,1076,18.505752416999997,0,69708,42,16799000,542485
0,1077,18.522535333,0,72041,42,16789625,542685
0,1078,18.539008666999997,0,79625,42,16390791,528723
0,1079,18.555947707999998,0,80833,0,16996042,556247
0,1080,18.572187458000002,0,82000,42,16307250,529987
0,1081,18.589212124999996,0,69209,42,16981542,556389
0,1082,18.605770082999996,0,72708,84,16497083,528723
0,1083,18.622398083,0,72708,41,16690000,542685
0,1084,18.639115167,0,74625,42,16704666,542485
0,1085,18.655854458,0,71625,0,16692791,542485
0,1086,18.672455042000003,0,81375,0,16597333,542485
0,1087,18.689017749999998,0,72375,42,16589833,542485
0,1088,18.705868541999997,0,75958,42,16792500,542485
0,1089,18.722292250000002,0,70417,0,16485333,516425
0,1090,18.738988208000002,0,72708,42,16699916,542575
0,1091,18.755772667000002,0,66542,125,16702417,556247
0,1092,18.772397917,0,77750,0,16683125,542485
0,1093,18.788967917,0,68167,83,16499625,542537
0,1094,18.805756125000002,0,77584,42,16797875,542485
0,1095,18.822303708,0,80625,41,16594500,542685
0,1096,18.839091791999998,0,73250,0,16785084,542485
0,1097,18.855826833000002,0,68167,167,16696500,542485
0,1098,18.8725285,0,67875,42,16596958,529987
0,1099,18.889082457999997,0,97959,42,16603667,542575
0,1100,18.905885917,0,74541,41,16792042,542485
0,1101,18.922550625,0,98375,41,16691292,542685
0,1102,18.939121417000003,0,69625,42,16604500,542485
0,1103,18.9557735,0,68292,125,16672500,542485
0,1104,18.972526832999996,0,72042,41,16709083,542485
0,1105,18.989147832999997,0,68542,0,16583291,542537
0,1106,19.005902499999998,0,70708,42,16794042,542485
0,1107,19.022468625000002,0,71542,0,16488833,530187
0,1108,19.039008666999997,0,66333,42,16602875,528813
0,1109,19.055658833000003,0,72542,42,16599208,542485
0,1110,19.072482375,0,73042,0,16891042,556247
0,1111,19.089011458,0,65583,41,16502416,542485
0,1112,19.10568475,0,72166,0,16601375,542485
0,1113,19.122320332999998,0,80417,0,16679125,542685
0,1114,19.138977292,0,75917,0,16688416,542485
0,1115,19.155763166999996,0,70667,41,16789625,556247
0,1116,19.172333332999997,0,69167,42,16505000,529987
0,1117,19.188921625,0,75834,125,16588167,542627
0,1118,19.205665083,0,77458,83,16688291,542485
0,1119,19.222314958,0,75250,41,16708208,542685
0,1120,19.238918667,0,80958,41,16589292,542485
0,1121,19.255793792,0,70125,42,16887334,556247
0,1122,19.272255125,0,76708,0,16498166,528723
0,1123,19.289220874999998,0,69875,42,16901500,556247
0,1124,19.305647583000002,0,68125,42,16382542,542485
0,1125,19.322365708,0,70166,42,16789375,543949
0,1126,19.339137125,0,74917,0,16695292,542575
0,1127,19.355752707999997,0,79042,0,16641917,542485
0,1128,19.372616207999997,0,83000,42,16851250,542485
0,1129,19.389218458000002,0,76667,42,16587334,542537
0,1130,19.40587025,0,75542,41,16603750,542485
0,1131,19.422323249999998,0,71292,41,16487167,528923
0,1132,19.438942625000003,0,72584,42,16596208,542485
0,1133,19.455672917,0,78375,0,16697334,542485
0,1134,19.472265333000003,0,70125,0,16677666,547875
0,1135,19.489159041999997,0,74041,41,16802542,528813
0,1136,19.505957541999997,0,76000,0,16809667,528723
0,1137,19.522472917,0,70083,41,16487917,528923
0,1138,19.539257167000002,0,83625,41,16788625,528723
0,1139,19.555740792,0,79458,42,16496083,528723
0,1140,19.572488749999998,0,83042,125,16801750,542485
0,1141,19.589021625,0,73458,0,16480542,528775
0,1142,19.605879041999998,0,75250,42,16804416,528723
0,1143,19.622401707999998,0,74750,0,16585167,516425
0,1144,19.638984041999997,0,76667,84,16598625,528813
0,1145,19.655693292000002,0,71041,0,16591042,542485
0,1146,19.672413374999998,0,79209,42,16805250,542485
0,1147,19.689055375000002,0,68166,125,16683625,528723
0,1148,19.706012041999998,0,68875,42,16786500,528723
0,1149,19.722322417,0,76334,83,16409125,528923
0,1150,19.739012957999996,0,74042,42,16594375,542485
0,1151,19.755642291999997,0,83417,42,16685041,528723
0,1152,19.772888541999997,0,80292,42,16801416,529987
0,1153,19.789349041999998,0,488791,42,16687833,405007
0,1154,19.805683207999998,0,81125,0,16491917,514961
0,1155,19.822306083,0,74500,41,16690375,542685
0,1156,19.839113167,0,68792,42,16799000,556247
0,1157,19.855674708000002,0,74625,42,16594708,542485
0,1158,19.872122333,0,72625,333,16497000,542485
0,1159,19.888931,0,63833,42,16696916,556247
0,1160,19.905950917,0,68500,0,17006791,542485
0,1161,19.922490375000002,0,69417,167,16572167,530187
0,1162,19.938997542000003,0,77042,42,16506875,528813
0,1163,19.955743542,0,72458,42,16685958,542485
0,1164,19.972328333,0,71209,41,16605042,528723
0,1165,19.989050374999998,0,75958,42,16689583,542537
0,1166,20.005759542,0,76042,83,16694708,528723
0,1167,20.022459749999996,0,70542,42,16693833,528923
0,1168,20.039044292,0,82917,41,16494416,501199
0,1169,20.055791417000002,0,87333,0,16807417,528723
0,1170,20.072515625,0,75042,0,16780292,529987
0,1171,20.088902292,0,80750,42,16397625,528813
0,1172,20.105740542,0,75083,0,16792209,556247
0,1173,20.122153667,0,77417,125,16496542,542685
0,1174,20.139257416999996,0,64625,0,17001916,556247
0,1175,20.155934166999998,0,82375,41,16684584,542485
0,1176,20.172424417000002,0,72166,125,16493250,528723
0,1177,20.189034125,0,69209,42,16588667,528775
0,1178,20.205749625000003,0,70416,0,16705167,542485
0,1179,20.222605917000003,0,71041,42,16886958,530187
0,1180,20.238994708,0,74500,125,16400167,542575
0,1181,20.255879917,0,65958,42,16889916,556247
0,1182,20.272355958,0,63125,42,16496000,542485
0,1183,20.289182708,0,63542,0,16698000,528723
0,1184,20.305755749999996,0,71625,41,16499375,528723
0,1185,20.322662125,0,72625,41,16989000,528923
0,1186,20.339023792,0,74875,42,16396625,528723
0,1187,20.355815667,0,73917,208,16892459,556247
0,1188,20.372536625000002,0,67958,42,16609792,543789
0,1189,20.388913125000002,0,67083,0,16375708,528865
0,1190,20.40594275,0,72583,0,17006791,556247
0,1191,20.422524625,0,71916,0,16588792,542685
0,1192,20.439078166999998,0,70334,42,16593042,542485
0,1193,20.455792457999998,0,67459,167,16792625,556247
0,1194,20.472708499999996,0,59375,0,16806625,556247
0,1195,20.489219917,0,77000,0,16479958,528723
0,1196,20.505620833000002,0,67750,0,16400209,528723
0,1197,20.522504374999997,0,67708,41,16897625,543949
0,1198,20.538885416999996,0,64584,41,16391250,542575
0,1199,20.555569333,0,67167,84,16647208,528723
0,1200,20.572510582999996,0,71458,0,16945208,556247
0,1201,20.589247667000002,0,73291,83,16691750,528775
0,1202,20.605915666999998,0,71917,167,16688458,528723
0,1203,20.622362083,0,69208,42,16396000,528923
0,1204,20.638977792,0,80834,0,16690875,528723
0,1205,20.655656375,0,72417,42,16602250,542485
0,1206,20.672208333,0,71875,42,16597250,529987
0,1207,20.688891208,0,74834,42,16691125,542575
0,1208,20.705920958,0,70708,41,16984834,556247
0,1209,20.722349708000003,0,69958,83,16400500,528923
0,1210,20.739233583,0,75583,0,16891166,556247
0,1211,20.755597832999996,0,74125,84,16399833,528723
0,1212,20.772372249999997,0,70333,41,16794792,542485
0,1213,20.789037125,0,68375,375,16693584,556299
0,1214,20.805950417,0,62291,0,16796334,556247
0,1215,20.822463667,0,68959,84,16494667,516425
0,1216,20.839153250000003,0,75875,0,16686333,542575
0,1217,20.855751083,0,75792,42,16604375,542485
0,1218,20.872249542,0,71333,166,16593000,542485
0,1219,20.889037666999997,0,62500,84,16794375,556247
0,1220,20.905884041999997,0,68416,0,16792167,556247
0,1221,20.922444292,0,63042,42,16502708,542685
0,1222,20.939009999999996,0,71333,0,16589458,542485
0,1223,20.955629666999997,0,72500,0,16594417,542485
0,1224,20.972502708,0,70667,125,16896333,543749
0,1225,20.988814249999997,0,70167,42,16387917,542627
0,1226,21.005870207999997,0,63166,42,16904125,556247
0,1227,21.02230875,0,68334,0,16490959,542685
0,1228,21.039142208,0,70583,42,16799959,542485
0,1229,21.055620417,0,70959,41,16485250,542485
0,1230,21.072403125,0,70708,0,16799958,528723
0,1231,21.089070624999998,0,67750,42,16690209,542485
0,1232,21.105626041999997,0,66250,0,16492416,542485
0,1233,21.122473417000002,0,65000,42,16896166,543949
0,1234,21.13896975,0,69000,84,16494083,542575
0,1235,21.1556225,0,64417,42,16697208,556247
0,1236,21.172208917,0,63500,41,16596542,542485
0,1237,21.188933083000002,0,62666,0,16692125,556299
0,1238,21.205863166999997,0,59958,83,16808834,556247
0,1239,21.222425457999996,0,76583,83,16577959,542685
0,1240,21.238983875000002,0,70292,41,16509291,528723
0,1241,21.255626417000002,0,72833,42,16686000,542485
0,1242,21.272243582999998,0,69875,42,16590041,529987
0,1243,21.289005916999997,0,75917,42,16795875,542575
0,1244,21.305868292,0,66041,42,16895166,556247
0,1245,21.322263624999998,0,64166,42,16390167,542685
0,1246,21.338937582999996,0,64834,83,16700416,556247
0,1247,21.355767792,0,73458,42,16700708,556247
0,1248,21.372575583,0,71667,42,16894791,556247
0,1249,21.388971958,0,66583,42,16294208,542537
0,1250,21.405652625000002,0,78959,41,16781875,556247
0,1251,21.422272874999997,0,63916,0,16604541,543949
0,1252,21.439190500000002,0,70791,42,16893834,556337
0,1253,21.455673042,0,71000,42,16496042,528723
0,1254,21.472404042,0,70709,42,16701667,542485
0,1255,21.489117458000003,0,72125,42,16688917,542485
0,1256,21.505863792,0,68458,42,16780625,542485
0,1257,21.522234542,0,61917,0,16408542,542685
0,1258,21.539141708000002,0,63834,42,16795292,556247
0,1259,21.555726708,0,70375,42,16601041,542485
0,1260,21.572869083,0,79042,0,17003292,433653
0,1261,21.589074333,0,136916,0,16189375,143529
0,1262,21.608480333000003,0,126333,42,19219833,74577
0,1263,21.622602375,0,75458,0,14465833,418827
0,1264,21.639097874999997,0,73083,42,16480417,528723
0,1265,21.655687792000002,0,74875,0,16608125,542485
0,1266,21.672228583,0,66834,0,16588625,542485
0,1267,21.688942417,0,68000,42,16690208,556247
0,1268,21.705710124999996,0,64959,41,16697208,556247
0,1269,21.722489625,0,63708,0,16792667,543949
0,1270,21.738905292,0,65083,42,16407375,528813
0,1271,21.755566917000003,0,71041,41,16682916,542485
0,1272,21.772175958,0,65875,0,16600500,542485
0,1273,21.78907325,0,70250,0,16902458,556299
0,1274,21.805888208,0,67916,0,16698417,542485
0,1275,21.822392999999998,0,69333,0,16578209,542685
0,1276,21.839128416999998,0,66208,0,16791625,556247
0,1277,21.855681957999998,0,63667,41,16501709,542485
0,1278,21.872361833,0,70166,125,16591250,543749
0,1279,21.888886624999998,0,66583,42,16595959,542575
0,1280,21.905717375000002,0,74792,42,16800208,556247
0,1281,21.92217275,0,78541,0,16488708,542685
0,1282,21.93880325,0,63959,42,16694708,556247
0,1283,21.955571708,0,61958,0,16688458,556247
0,1284,21.972403792,0,63542,42,16809292,556247
0,1285,21.988920166999996,0,70875,0,16493708,528775
0,1286,22.005935375,0,80875,0,16789208,542485
0,1287,22.02236175,0,80417,41,16595084,530187
0,1288,22.03905975,0,68667,42,16698834,542575
0,1289,22.055704792,0,79417,0,16685167,542485
0,1290,22.072609542000002,0,66750,166,16897166,542485
0,1291,22.089139707999998,0,73625,83,16511792,542485
0,1292,22.105840416999996,0,94334,125,16683500,542485
0,1293,22.122490333000002,0,69792,41,16590667,528923
0,1294,22.139176083000002,0,72833,42,16282042,446151
0,1295,22.155614125,0,96917,41,16902625,514961
0,1296,22.172579167000002,0,68083,0,16991250,543749
0,1297,22.189238625,0,73334,42,16591667,542627
0,1298,22.205737458,0,74125,42,16501375,542485
0,1299,22.222175792,0,68833,166,16495292,542685
0,1300,22.238936875,0,62750,42,16789958,556247
0,1301,22.255617583000003,0,69416,42,16607625,528723
0,1302,22.272585083000003,0,78666,42,16893834,514961
0,1303,22.289132541999997,0,87583,0,16598625,514961
0,1304,22.305867833,0,75917,0,16688792,542485
0,1305,22.3225385,0,76334,0,16685250,516425
0,1306,22.339176791999996,0,74084,84,16606833,515051
0,1307,22.355643207999996,0,80917,42,16490083,528723
0,1308,22.372438291999998,0,74292,42,16893000,556247
0,1309,22.388821833,0,66208,0,16391042,542537
0,1310,22.405831917,0,64292,42,16902833,556247
0,1311,22.422289,0,72000,0,16490208,542685
0,1312,22.439180125,0,73334,42,16902875,542485
0,1313,22.4557115,0,73667,83,16487958,542485
0,1314,22.472439625,0,69875,84,16795667,543749
0,1315,22.48888075,0,62917,83,16490625,542575
0,1316,22.505818292,0,62666,0,16815708,556247
0,1317,22.522494207999998,0,69791,41,16680042,542685
0,1318,22.539100792,0,71875,41,16591875,542485
0,1319,22.555651917,0,70875,42,16499125,528723
0,1320,22.572479833000003,0,68750,0,16891916,542485
0,1321,22.589036417000003,0,70375,42,16594625,528775
0,1322,22.605695792,0,62959,83,16592958,542485
0,1323,22.622114458,0,65583,0,16496209,543949
0,1324,22.638877792000002,0,65208,42,16693041,556337
0,1325,22.655745042,0,70791,42,16807833,542485
0,1326,22.672314542000002,0,76667,0,16597833,528723
0,1327,22.689172125,0,71000,0,16877208,542485
0,1328,22.705555542,0,67958,125,16393291,542485
0,1329,22.722206417000002,0,65167,42,16701875,556447
0,1330,22.738977499999997,0,61667,41,16692625,556247
0,1331,22.755704,0,70542,0,16696958,542485
0,1332,22.772341500000003,0,65125,42,16587875,529987
0,1333,22.789185625,0,69500,0,16903917,556389
0,1334,22.805552333,0,66000,167,16393667,542485
0,1335,22.8222465,0,62083,41,16690833,556447
0,1336,22.839188749999998,0,62417,42,16904166,556247
0,1337,22.855910166999998,0,71416,42,16580500,514961
0,1338,22.872508957999997,0,71625,0,16693292,514961
0,1339,22.889156041999996,0,77625,0,16706875,542485
0,1340,22.905572167000003,0,67500,42,16394042,542485
0,1341,22.922465208,0,61792,42,16894875,557711
0,1342,22.938975458,0,64125,41,16496167,542575
0,1343,22.955626375,0,70208,42,16687750,556247
0,1344,22.972344833,0,61959,42,16711042,556247
0,1345,22.989195207999998,0,62209,0,16787333,556299
0,1346,23.005928374999996,0,67375,0,16705333,542485
0,1347,23.022257083,0,73958,0,16296041,528923
0,1348,23.039129832999997,0,71375,250,16873042,542485
0,1349,23.055738333,0,68959,41,16603625,542485
0,1350,23.072406291999997,0,68125,0,16699458,529987
0,1351,23.088923625,0,76167,41,16487792,542575
0,1352,23.105754499999996,0,63292,84,16797542,556247
0,1353,23.122151666999997,0,70750,83,16496125,542685
0,1354,23.139144416999997,0,68333,41,16995416,542485
0,1355,23.155852707999998,0,66917,0,16691333,556247
0,1356,23.172287625000003,0,65875,41,16403875,542485
0,1357,23.189114875,0,68083,0,16805208,528775
0,1358,23.205785667,0,68834,41,16570333,542485
0,1359,23.222429833,0,69375,0,16406709,509395
0,1360,23.239501292,0,78792,42,17294083,535843
0,1361,23.255955417000003,0,70584,83,16481583,473675
0,1362,23.272553666999997,0,79291,0,16604416,542485
0,1363,23.288918666999997,0,72500,42,16490875,542485
0,1364,23.305678708000002,0,66875,42,16692458,556247
0,1365,23.322603291999997,0,62458,167,16904792,556447
0,1366,23.338929125,0,68792,42,16288584,528723
0,1367,23.355820291999997,0,72125,0,16895541,556247
0,1368,23.372511167,0,69375,42,16396375,536759
0,1369,23.388855999999997,0,68083,0,16691708,542973
0,1370,23.405596541999998,0,62542,41,16705375,556247
0,1371,23.422275708,0,61625,42,16694500,542685
0,1372,23.43890125,0,71417,42,16584500,542485
0,1373,23.455842458,0,73958,42,16909625,528723
0,1374,23.472286750000002,0,77833,0,16476459,528723
0,1375,23.488879249999997,0,71708,42,16594583,542485
0,1376,23.5056455,0,73625,42,16700167,542485
0,1377,23.522608417,0,70000,42,16793917,550681
0,1378,23.538927207999997,0,69125,42,16600292,542921
0,1379,23.555926,0,65000,0,16890833,556247
0,1380,23.572596542,0,75000,41,16616958,459913
0,1381,23.58890325,0,71250,42,16363584,515013
0,1382,23.605938000000002,0,72625,42,17003791,556247
0,1383,23.622426958,0,70125,42,16584917,542685
0,1384,23.638781332999997,0,63875,42,16401042,542485
0,1385,23.655749874999998,0,59334,42,16715292,514961
0,1386,23.672720624999997,0,80500,0,16776125,522957
0,1387,23.688963541999996,0,79417,0,16492375,522081
0,1388,23.705602749999997,0,82541,42,16699000,528723
0,1389,23.722314374999996,0,60125,41,16792625,556447
0,1390,23.739112999999996,0,64208,0,16800917,556247
0,1391,23.755960875,0,64500,42,16694625,556247
0,1392,23.772328207999998,0,72500,42,16398958,528723
0,1393,23.789192749999998,0,74333,41,16836875,528775
0,1394,23.805799166999996,0,78334,42,16543708,528723
0,1395,23.822706542,0,80083,42,16693334,536919
0,1396,23.838947083,0,72208,42,16498167,529159
0,1397,23.855832874999997,0,76291,42,16893500,542485
0,1398,23.872637958,0,72416,0,16814458,542485
0,1399,23.888946875000002,0,82666,0,16271500,528723
0,1400,23.905657499999997,0,65917,0,16795375,556247
0,1401,23.92240075,0,62333,0,16795167,556447
0,1402,23.939316417,0,59875,0,16727250,556247
0,1403,23.955797916999998,0,80167,0,16565542,542485
0,1404,23.972751000000002,0,73750,41,16697833,536719
0,1405,23.989163167,0,77292,41,16689541,549657
0,1406,24.005539042000002,0,69875,0,16397750,542485
0,1407,24.022197,0,59083,42,16691541,556447
0,1408,24.039023542000002,0,62500,41,16700917,556247
0,1409,24.055801582999997,0,70625,42,16793208,542485
0,1410,24.072631833000003,0,73250,42,16805292,542485
0,1411,24.089293292,0,72625,0,16690583,542485
0,1412,24.106005333,0,69458,42,16584625,528723
0,1413,24.123042249999997,0,75500,0,16799542,536919
0,1414,24.138974667,0,78333,83,16293834,535843
0,1415,24.155663124999997,0,74583,84,16694167,556247
0,1416,24.172230125,0,63750,42,16591750,542485
0,1417,24.188932291999997,0,66292,42,16604958,542537
0,1418,24.205872958,0,76500,0,16890584,542485
0,1419,24.222222707999997,0,71709,125,16392083,528923
0,1420,24.23918475,0,72458,0,16906209,542485
0,1421,24.255604875000003,0,87250,125,16482959,528723
0,1422,24.273110125000002,0,67292,42,17295542,564243
0,1423,24.2888625,0,69834,41,15985375,522081
0,1424,24.305749542,0,73041,0,16902333,556247
0,1425,24.32229125,0,63125,41,16488875,542685
0,1426,24.339049375000002,0,73166,42,16704916,542485
0,1427,24.355688332999996,0,75625,0,16688625,542485
0,1428,24.372397458000002,0,68125,166,16599875,528723
0,1429,24.388912708,0,97083,41,16596208,542537
0,1430,24.405762250000002,0,70125,0,16694541,542485
0,1431,24.423166666999997,0,77917,42,17294666,550681
0,1432,24.439141499999998,0,73791,42,16285583,535843
0,1433,24.455943792,0,66083,0,16698167,556247
0,1434,24.472366583000003,0,70250,41,16497375,542485
0,1435,24.489035125,0,73125,83,16602042,528723
0,1436,24.505805832999997,0,70292,41,16680292,528723
0,1437,24.522325957999996,0,76958,42,16600334,515161
0,1438,24.538972667000003,0,72500,42,16596084,542485
0,1439,24.555811958,0,73292,41,16698375,528723
0,1440,24.572897208,0,77334,42,16893959,542485
0,1441,24.588890792,0,69959,42,16387834,530129
0,1442,24.605636500000003,0,63125,0,16698750,542485
0,1443,24.622475833000003,0,73583,42,16795708,542685
0,1444,24.638946167,0,83333,41,16496625,514961
0,1445,24.656004541999998,0,68333,41,17096917,514961
0,1446,24.6723085,0,70375,42,16287041,501199
0,1447,24.689291667,0,76417,42,16898459,459913
0,1448,24.705806000000003,0,72125,42,16592166,514961
0,1449,24.722297917,0,70542,42,16493166,542685
0,1450,24.738961916999997,0,69292,42,16597292,530077
0,1451,24.755661458,0,73333,84,16793667,556247
0,1452,24.772407291999997,0,68792,83,16799250,556247
0,1453,24.789123458,0,60875,0,16690958,556299
0,1454,24.805911875,0,64666,42,16706916,556247
0,1455,24.822486083,0,68500,0,16486334,528923
0,1456,24.839236333000002,0,84667,42,16791125,528723
0,1457,24.855831375,0,82458,0,16593042,542485
0,1458,24.872404417,0,78125,42,16597458,528723
0,1459,24.889250249999996,0,65750,42,16782667,502553
0,1460,24.905941667,0,74416,42,16708625,528723
0,1461,24.922494292000003,0,73625,42,16587666,542685
0,1462,24.938800041999997,0,65334,42,16398041,542485
0,1463,24.955843958000003,0,61709,83,16889917,528723
0,1464,24.972339249999997,0,72542,42,16515125,528723
0,1465,24.989079500000003,0,83917,42,16672750,528775
0,1466,25.005737167,0,79292,41,16696125,528723
0,1467,25.022324667,0,76125,41,16597375,542685
0,1468,25.038895916999998,0,74667,42,16513750,502553
0,1469,25.055743999999997,0,81000,0,16880125,556247
0,1470,25.072325333000002,0,77708,0,16590875,542485
0,1471,25.088902833,0,77500,42,16600625,528723
0,1472,25.105653708,0,72542,41,16690000,542485
0,1473,25.122417,0,72250,0,16506334,460113
0,1474,25.139470457999998,0,88500,42,17192583,487437
0,1475,25.155888542,0,101583,41,16507917,459913
0,1476,25.172360917,0,75208,42,16465667,501199
0,1477,25.189116292,0,79875,41,16603208,447557
0,1478,25.205959375,0,93542,0,16876541,514961
0,1479,25.222467125,0,79958,42,16594416,473875
0,1480,25.23924925,0,73917,42,16798000,528723
0,1481,25.255562499999996,0,76750,42,16392792,542485
0,1482,25.272190125,0,71416,125,16595458,542485
0,1483,25.289189917,0,63750,41,17002042,556247
0,1484,25.305916083,0,69125,41,16693458,542485
0,1485,25.322439417,0,72959,41,16590292,542685
0,1486,25.339309417000003,0,65041,42,16719917,530077
0,1487,25.355548292,0,74459,42,16288834,514961
0,1488,25.372728791999997,0,76875,41,17194666,528723
0,1489,25.388959041999996,0,71750,42,16176000,515013
0,1490,25.405687458000003,0,74958,0,16696167,542485
0,1491,25.42241775,0,78000,0,16788500,542685
0,1492,25.438949416999996,0,68958,0,16496083,514961
0,1493,25.4559165,0,73750,0,16895708,514961
0,1494,25.472329791999996,0,71250,42,16502042,501199
0,1495,25.489087083,0,79834,0,16786583,543839
0,1496,25.505573458,0,72417,84,16489208,542485
0,1497,25.522273874999996,0,64584,42,16500875,322493
0,1498,25.539200375,0,91833,0,16896208,143387
0,1499,25.559092417000002,0,90750,250,19624166,60815
0,1500,25.572643792,0,76000,0,13883209,349817
0,1501,25.588914083,0,77375,0,16381417,515013
0,1502,25.605806332999997,0,65541,41,16895250,556247
0,1503,25.622290999999997,0,68666,42,16484083,528923
0,1504,25.639207917,0,74791,42,16904125,543839
0,1505,25.655835208,0,80334,0,16598875,528723
0,1506,25.672177708,0,75458,0,16388083,514961
0,1507,25.688931583,0,66500,42,16786708,556247
0,1508,25.705690458,0,67125,41,16703541,556247
0,1509,25.722300542,0,70375,41,16588458,542685
0,1510,25.739039374999997,0,74166,0,16704708,487437
0,1511,25.755912332999998,0,74833,0,16885417,514961
0,1512,25.772408833,0,74000,42,16500208,528723
0,1513,25.789181792,0,73417,0,16796709,543891
0,1514,25.805632333,0,73750,0,16390584,542485
0,1515,25.822598333000002,0,64666,42,16999083,556447
0,1516,25.83911775,0,73791,42,16487834,487437
0,1517,25.855575,0,75792,42,16414958,514961
1,1519,25.910088000000002,0,0,0,0,0
1,1520,25.911618249999997,4185083,18179750,41,22115042,153847
1,1521,25.927904292,0,49875,41,16489916,433407
1,1522,25.944411875,0,65666,42,16592000,445795
1,1523,25.9610845,0,59458,0,16600208,445705
1,1524,25.977911583,0,71500,41,16799542,445705
1,1525,25.994455791999997,0,70458,84,16485125,431995
1,1526,26.011253125000003,0,69000,41,16897875,445905
1,1527,26.027983749999997,0,69666,42,16696375,445705
1,1528,26.044342417000003,0,71709,42,16392292,431943
1,1529,26.061025917000002,0,70417,42,16683333,473229
1,1530,26.077605624999997,0,64666,42,16605541,474493
1,1531,26.094524083000003,0,66083,42,16800834,500843
1,1532,26.111256249999997,0,75667,41,16769625,487191
1,1533,26.127927708,0,72833,0,16604125,459467
1,1534,26.160913082999997,0,71375,42,16698667,431943
1,1535,26.162293042,3603375,16091208,42,17635500,148913
1,1536,26.178955291999998,0,53375,42,16743666,445705
1,1537,26.195390292,0,67875,0,16410917,473281
1,1538,26.2124855,0,67750,125,16973875,487191
1,1539,26.228715207999997,0,76292,0,16398750,474493
1,1540,26.245541457999998,0,66958,42,16794458,528367
1,1541,26.262215750000003,0,67667,42,16690583,542039
1,1542,26.278877708000003,0,67208,42,16697125,542039
1,1543,26.295565707999998,0,61583,41,16616750,542039
1,1544,26.312094582999997,0,68583,42,16580000,514715
1,1545,26.328653167,0,65208,41,16504084,514515
1,1546,26.345326458000002,0,70250,84,16678834,500753
1,1547,26.362099917000002,0,66583,42,16785750,528277
1,1548,26.378725208,0,71708,0,16602458,515819
1,1549,26.410870541999998,0,67625,42,16694416,528419
1,1550,26.41210375,3441583,15241208,42,16677542,149113
1,1551,26.428678458,0,46875,42,16528375,486991
1,1552,26.44559375,0,71000,42,16984042,542039
1,1553,26.462187417000003,0,69084,0,16684375,542039
1,1554,26.478672083,0,61458,42,16503000,542039
1,1555,26.495759874999997,0,56542,0,16888083,555801
1,1556,26.512289541999998,0,72625,42,16597167,542239
1,1557,26.528879333,0,61792,42,16498834,529541
1,1558,26.545515291999997,0,71542,42,16698333,514605
1,1559,26.561996917000002,0,67250,42,16500083,542039
1,1560,26.578925667,0,68167,0,16900791,542039
1,1561,26.595349292,0,71041,42,16480250,542091
1,1562,26.612231792000003,0,60333,0,16892166,556001
1,1563,26.628906708000002,0,62875,0,16597875,542039
1,1564,26.663058458000002,0,67375,42,16684750,514515
1,1565,26.664462125,3454875,17166084,209,18686542,148913
1,1566,26.680840292,0,52125,42,16509416,474493
1,1567,26.697757208,0,75500,0,16892625,528367
1,1568,26.714380124999998,0,68291,0,16599042,528477
1,1569,26.730786000000002,0,75125,42,16379334,528277
1,1570,26.747840250000003,0,77209,83,17000666,528277
1,1571,26.764193458,0,83459,0,16395208,500753
1,1572,26.780931541999998,0,75250,42,16800584,514515
1,1573,26.797495792,0,66417,42,16589083,542091
1,1574,26.814363583000002,0,58750,42,16893417,556001
1,1575,26.831001917000002,0,63792,167,16595667,529541
1,1576,26.847607167,0,71000,42,16599125,528367
1,1577,26.864083207999997,0,66333,42,16490875,528277
1,1578,26.880746125,0,68458,0,16608208,542039
1,1579,26.912714082999997,0,75916,0,16974542,555801
1,1580,26.914029874999997,3336458,14748542,0,16229042,149113
1,1581,26.930806167,0,46041,0,16863583,542039
1,1582,26.947446667,0,67458,41,16596583,542039
1,1583,26.964101792,0,73375,0,16692542,542039
1,1584,26.980903374999997,0,74250,0,16792208,543303
1,1585,26.997493874999996,0,64459,0,16588458,542181
1,1586,27.014336082999996,0,57500,41,16898125,556001
1,1587,27.030773957999997,0,68417,125,16408583,542039
1,1588,27.047569625,0,64625,42,16682750,542039
1,1589,27.064411542000002,0,78000,0,16888250,528277
1,1590,27.080750707999997,0,70167,42,16291750,528277
1,1591,27.097562916999998,0,64333,0,16804875,542039
1,1592,27.114416833,0,67292,42,16889916,528477
1,1593,27.130996875,0,71500,0,16596500,529541
1,1594,27.162481624999998,0,67916,167,16494958,542129
1,1595,27.163820708000003,3424417,14779291,0,16188042,148913
1,1596,27.180918875000003,0,50791,84,17212042,555801
1,1597,27.197600207999997,0,68042,0,16595208,542091
1,1598,27.214567582999997,0,61750,42,16982250,528477
1,1599,27.230888874999998,0,68917,0,16103167,500753
1,1600,27.247539000000003,0,80834,0,16878000,500753
1,1601,27.264411582999998,0,72708,0,16808916,500753
1,1602,27.280988082999997,0,78083,42,16587167,474493
1,1603,27.297867167,0,69959,42,16789292,514605
1,1604,27.314304375,0,81625,42,16593083,514715
1,1605,27.330781707999996,0,63333,42,16493042,528277
1,1606,27.347581374999997,0,67375,42,16800000,555801
1,1607,27.364150832999997,0,64875,125,16489959,514515
1,1608,27.380897417,0,71541,41,16715333,500753
1,1609,27.415445708,0,84334,42,16666167,487043
1,1610,27.416810249999997,4603750,17460000,167,19161208,149113
1,1611,27.433300707999997,0,49708,0,16553542,433207
1,1612,27.44999775,0,69667,0,16690166,445795
1,1613,27.466982708000003,0,70875,42,16791708,445705
1,1614,27.483500917,0,91375,166,16685500,431943
1,1615,27.500138083000003,0,69417,42,16608208,473229
1,1616,27.516869542000002,0,74292,41,16792792,459667
1,1617,27.533564792,0,69334,42,16688833,473229
1,1618,27.550046457999997,0,68625,42,16478875,500753
1,1619,27.5667635,0,73000,41,16694625,473229
1,1620,27.583580833,0,79500,41,16802500,502017
1,1621,27.600073917000003,0,70584,42,16482125,514657
1,1622,27.616962041999997,0,70583,42,16905000,500953
1,1623,27.633216249999997,0,71208,0,16286542,514515
1,1624,27.665719625,0,69250,292,16796208,528277
1,1625,27.667015083000003,3464833,15462334,41,16959666,148913
1,1626,27.683811208,0,45500,0,16836917,514515
1,1627,27.700429167000003,0,68250,84,16592875,542039
1,1628,27.717128332999998,0,65958,42,16789875,556001
1,1629,27.733598542000003,0,60208,83,16399167,529541
1,1630,27.750258000000002,0,68416,42,16624042,500843
1,1631,27.766960083,0,69709,42,16680125,528277
1,1632,27.783827916999996,0,78834,0,16883791,528277
1,1633,27.800280041999997,0,71833,42,16486041,542091
1,1634,27.817088708,0,59834,41,16804459,556001
1,1635,27.833783500000003,0,66250,41,16700250,555801
1,1636,27.850381333,0,62208,0,16504792,514515
1,1637,27.867230375,0,69792,41,16875458,521740
1,1638,27.883535042,0,68125,42,16305583,513823
1,1639,27.917739750000003,0,66750,0,16683250,514605
1,1640,27.919058167000003,4268250,17218000,0,18760625,149113
1,1641,27.935943457999997,0,48042,42,16935083,514515
1,1642,27.95254275,0,68292,41,16605250,500753
1,1643,27.969424500000002,0,68125,42,16803125,486991
1,1644,27.985855041999997,0,71584,42,16484750,459467
1,1645,28.002668958,0,68125,42,16795625,500805
1,1646,28.019253292000002,0,67875,42,16289833,473429
1,1647,28.0358285,0,82625,41,16881208,515779
1,1648,28.05240775,0,68625,42,16598917,542129
1,1649,28.069249499999998,0,66667,42,16883584,555801
1,1650,28.085716542,0,60750,83,16400916,528277
1,1651,28.102669833,0,66208,41,16800458,528277
1,1652,28.119322417,0,69334,84,16799000,514715
1,1653,28.135838792,0,69625,42,16487542,500753
1,1654,28.167520582999998,0,69291,42,16584791,500753
1,1655,28.168780417,3407667,14855958,42,16331958,148913
1,1656,28.185806333000002,0,47959,0,17072167,529541
1,1657,28.202464749999997,0,62666,41,16692333,542181
1,1658,28.218967583,0,57417,0,16503709,542239
1,1659,28.235632292,0,65791,0,16606042,486991
1,1660,28.252412,0,68334,0,16770708,528277
1,1661,28.269386333,0,69625,42,16898417,514515
1,1662,28.285948417,0,81084,0,16585916,542039
1,1663,28.302606542,0,64125,0,16596333,514515
1,1664,28.319098292,0,69875,42,16590833,528477
1,1665,28.335745333,0,67875,0,16599416,502017
1,1666,28.352744457999997,0,70000,42,17007959,528367
1,1667,28.368980041999997,0,86917,41,16274208,486991
1,1668,28.385808792,0,67375,0,16902167,555801
1,1669,28.417436332999998,0,60333,83,16492916,542091
1,1670,28.418724083,3329791,14738292,41,16222375,149113
1,1671,28.435817583000002,0,48958,83,17162417,542039
1,1672,28.452286833000002,0,66125,41,16497250,528277
1,1673,28.469286167,0,68791,41,16999166,555801
1,1674,28.485609250000003,0,62542,42,16391000,529541
1,1675,28.502405458,0,61125,83,16698834,555891
1,1676,28.519192542,0,61250,41,16822542,542239
1,1677,28.535890917000003,0,63292,84,16562709,542039
1,1678,28.552371958000002,0,67208,42,16587333,528277
1,1679,28.569123042,0,61500,0,16701500,542039
1,1680,28.585912833000002,0,70792,0,16792541,542039
1,1681,28.602457792000003,0,65209,166,16490000,528329
1,1682,28.619192167,0,66166,42,16899291,556001
1,1683,28.635842957999998,0,55208,0,16598542,543303
1,1684,28.670741708,0,60333,42,16801208,500843
1,1685,28.672325875,3783333,17634708,42,19266250,150057
1,1686,28.688737375000002,0,52250,42,16624250,431943
1,1687,28.705230625,0,77333,0,16496667,431943
1,1688,28.721860333000002,0,66750,167,16594667,473429
1,1689,28.738400374999998,0,74083,42,16578375,473229
1,1690,28.755114583,0,65417,125,16689041,486991
1,1691,28.771818042,0,69333,42,16715667,459467
1,1692,28.788486917,0,68291,0,16598500,433207
1,1693,28.805216082999998,0,76917,42,16667958,404561
1,1694,28.821887417,0,75458,0,16714625,432143
1,1695,28.838633833000003,0,77875,42,16787791,431943
1,1696,28.855141375000002,0,73042,41,16492500,445705
1,1697,28.871714249999997,0,72792,42,16578833,459467
1,1698,28.888689292000002,0,72166,42,17010958,500753
1,1699,28.92058575,0,65459,84,16385584,514515
1,1700,28.92211725,3467125,15228541,0,16803875,149113
1,1701,28.938779125000003,0,54209,83,16898041,488255
1,1702,28.955257042,0,71208,41,16480083,514605
1,1703,28.97183675,0,70208,41,16590084,514515
1,1704,28.989042208,0,72333,42,16902250,528277
1,1705,29.005429624999998,0,98791,42,16586125,487043
1,1706,29.02202725,0,69333,0,16601250,500953
1,1707,29.038735083,0,64125,42,16788459,542039
1,1708,29.05520575,0,68250,42,16498250,514515
1,1709,29.071803208,0,62333,0,16582625,528277
1,1710,29.088428125,0,69833,41,16603166,502017
1,1711,29.105106458,0,72167,42,16605708,542129
1,1712,29.122076749999998,0,64375,0,16879750,528477
1,1713,29.138381375,0,75500,42,16493458,528277
1,1714,29.171227291999998,0,65042,0,16995542,555801
1,1715,29.172244083000002,3416792,15719500,167,16933000,148913
1,1716,29.188811166999997,0,41291,0,16459125,528277
1,1717,29.205409333,0,64750,42,16499500,514567
1,1718,29.222024750000003,0,67125,0,16698708,514715
1,1719,29.238938208,0,70167,41,16887542,515779
1,1720,29.255549625,0,75333,42,16590708,528367
1,1721,29.272059958,0,69666,41,16518791,500753
1,1722,29.288838499999997,0,63167,41,16677333,528277
1,1723,29.305746499999998,0,90166,0,16920709,542039
1,1724,29.322241708,0,68375,41,16554584,528477
1,1725,29.339018916999997,0,67458,41,16795041,542039
1,1726,29.355507832999997,0,69625,41,16495667,528277
1,1727,29.372275207999998,0,71041,42,16794667,542079
1,1728,29.388774542,0,66125,0,16502750,529541
1,1729,29.42226325,0,58917,83,16793125,555943
1,1730,29.423350749999997,3498916,16523291,41,17788250,149113
1,1731,29.440134417000003,0,41959,42,16701750,500753
1,1732,29.456630167,0,69166,42,16498708,495160
1,1733,29.473297291999998,0,66500,167,16603208,502853
1,1734,29.4897865,0,70083,42,16580750,528277
1,1735,29.506803458,0,66333,42,16895458,528277
1,1736,29.523144707999997,0,73250,41,16414292,500953
1,1737,29.540009083,0,68917,84,16874167,515779
1,1738,29.556659666999998,0,68666,0,16606958,528367
1,1739,29.573336417,0,70000,42,16673584,528277
1,1740,29.590002167,0,68875,84,16693875,528277
1,1741,29.606788708000003,0,66833,41,16696542,528329
1,1742,29.623443291999997,0,67917,42,16693500,528477
1,1743,29.660467750000002,0,67000,42,16395417,514515
1,1744,29.661991583000002,4338541,20251708,41,21893083,148913
1,1745,29.678698500000003,0,58667,42,16913500,431943
1,1746,29.695523875,0,69500,42,16692125,433297
1,1747,29.712111542000002,0,72791,42,16687375,432143
1,1748,29.728702167,0,66875,42,16602750,431943
1,1749,29.745295749999997,0,71417,42,16586708,473229
1,1750,29.761878083,0,69416,84,16595459,445705
1,1751,29.778956291999997,0,70708,41,16799458,445705
1,1752,29.795262875,0,69083,42,16480334,473281
1,1753,29.812026000000003,0,70083,42,16788583,473429
1,1754,29.828792125,0,74292,41,16812958,459467
1,1755,29.845196708000003,0,71208,41,16393500,460821
1,1756,29.86202925,0,69750,0,16878167,486991
1,1757,29.878635125000002,0,62792,0,16609584,528277
1,1758,29.910732707999998,0,64542,42,16475875,514515
1,1759,29.911992625000003,3459958,15311375,42,16841125,149113
1,1760,29.930469958000003,0,48250,83,18160750,431943
1,1761,29.945193292,0,87833,42,14814084,129179
1,1762,29.975642583000003,0,97167,42,30294625,142941
1,1763,29.978671624999997,0,72083,0,3273500,60369
1,1764,29.995602374999997,0,72208,84,16988625,433349
1,1765,30.012115416999997,0,72459,42,16593959,528477
1,1766,30.028546458,0,68125,42,16493250,542039
1,1767,30.045159249999998,0,59833,42,16596875,542039
1,1768,30.06187525,0,64667,0,16705250,542039
1,1769,30.078645207999998,0,64167,0,16703666,542039
1,1770,30.09538725,0,69167,42,16675500,528277
1,1771,30.112138166999998,0,77666,0,16815875,528477
1,1772,30.128611333000002,0,69875,42,16471125,514515
1,1773,30.162665124999997,0,65500,0,16700667,529631
1,1774,30.163952375,3434000,17109833,0,18563625,148913
1,1775,30.180843167,0,43583,0,16923166,514515
1,1776,30.197458500000003,0,73584,0,16597000,514567
1,1777,30.214099958,0,70833,42,16692333,542239
1,1778,30.230668667000003,0,70458,0,16596875,542039
1,1779,30.247371667000003,0,69292,42,16587958,542039
1,1780,30.264072042000002,0,73708,42,16597375,514515
1,1781,30.280745125000003,0,72333,84,16785292,514515
1,1782,30.297135875000002,0,70875,41,16388375,502107
1,1783,30.313804167,0,67834,42,16701792,528477
1,1784,30.33072025,0,72958,42,16901500,542039
1,1785,30.347308042,0,65542,42,16591500,542039
1,1786,30.364018792000003,0,67125,41,16794875,542039
1,1787,30.380370208000002,0,61792,42,16389834,542039
1,1788,30.412223708,0,60125,0,16606417,542091
1,1789,30.413523667,3370542,14855708,41,16309542,149113
1,1790,30.430968583000002,0,47083,41,17472917,542039
1,1791,30.447355416999997,0,72042,42,16399209,460821
1,1792,30.463811792,0,69458,42,16397250,500753
1,1793,30.480853875,0,71833,0,16987625,528277
1,1794,30.497451917,0,74041,42,16694375,528277
1,1795,30.513884667,0,76333,42,16494750,542239
1,1796,30.530771875,0,63417,42,16897708,555801
1,1797,30.547425833,0,67167,42,16301541,514515
1,1798,30.563984917,0,77083,42,16796750,459467
1,1799,30.580601416999997,0,72375,42,16601000,486991
1,1800,30.597511833,0,71125,42,16873792,488397
1,1801,30.613942875,0,67375,41,16407791,473429
1,1802,30.630677624999997,0,103583,41,16797583,514515
1,1803,30.66298975,0,72167,42,16695750,486991
1,1804,30.664314708,3450125,15381000,42,16883792,149463
1,1805,30.680769833,0,52708,83,16511292,501199
1,1806,30.697778874999997,0,73291,42,16984542,514961
1,1807,30.714022208000003,0,81000,42,16278125,528923
1,1808,30.731098292,0,64208,41,16809667,528723
1,1809,30.747323082999998,0,85375,42,16491791,475029
1,1810,30.764362875000003,0,72875,0,16971750,528723
1,1811,30.780749083000003,0,87833,0,16403083,473675
1,1812,30.797760542,0,71959,42,16911833,515013
1,1813,30.814439125,0,74542,42,16791041,487637
1,1814,30.830876583,0,76291,42,16374042,487437
1,1815,30.847719333,0,77709,0,16825083,501199
1,1816,30.864203583,0,80334,0,16558292,514961
1,1817,30.880799791999998,0,69166,42,16593334,542485
1,1818,30.913661124999997,0,73292,125,16703750,543839
1,1819,30.914775833,3404291,15983083,41,17268875,149113
1,1820,30.931631292,0,47500,83,16818083,500753
1,1821,30.947981083000002,0,69375,41,16306542,500753
1,1822,30.964664125,0,70167,42,16680125,500753
1,1823,30.981427791999998,0,75208,41,16790292,528277
1,1824,30.998193417000003,0,66167,0,16701333,528329
1,1825,31.014575333000003,0,75333,42,16490167,528477
1,1826,31.0312945,0,67500,41,16797666,555801
1,1827,31.048113667000003,0,58292,83,16791792,543393
1,1828,31.064766917,0,63833,41,16596333,542039
1,1829,31.081381958,0,62334,42,16542208,528277
1,1830,31.098420292,0,69500,41,16949750,542039
1,1831,31.114916917000002,0,74541,83,16494667,487191
1,1832,31.131434167000002,0,70209,0,16513250,445705
1,1833,31.1640365,0,79458,41,16679708,445705
1,1834,31.165263916999997,3543834,15775125,42,17218000,148913
1,1835,31.182115957999997,0,41834,42,16855417,542039
1,1836,31.198514042,0,63959,83,16395417,515921
1,1837,31.215452083000002,0,65709,42,16907209,500953
1,1838,31.232167333,0,70750,41,16681417,486991
1,1839,31.248579208000002,0,74083,41,16398083,500753
1,1840,31.265428874999998,0,69917,42,16811416,486991
1,1841,31.282008208,0,75375,0,16673125,514515
1,1842,31.298962625,0,66292,42,16912334,542039
1,1843,31.315423375,0,67625,41,16501917,514715
1,1844,31.331987542,0,72500,84,16564000,514515
1,1845,31.348637832999998,0,68333,42,16611167,515869
1,1846,31.365526375,0,68334,42,16884541,542039
1,1847,31.3820385,0,71125,42,16500291,528277
1,1848,31.414054417000003,0,71334,42,16795250,542091
1,1849,31.415155792,3392167,15106417,42,16447875,149113
1,1850,31.432066708,0,38834,42,16841375,555801
1,1851,31.448497957999997,0,65417,83,16398458,528277
1,1852,31.465526875000002,0,66042,125,16993000,528277
1,1853,31.482090917,0,68917,42,16586875,528277
1,1854,31.498879707999997,0,65500,0,16738375,529631
1,1855,31.515658625,0,66834,42,16782000,514715
1,1856,31.532196542,0,71083,42,16569583,514515
1,1857,31.548879667,0,66750,42,16603375,528277
1,1858,31.565611750000002,0,69375,0,16697292,486991
1,1859,31.581911958,0,83708,42,16379875,514515
1,1860,31.598825208,0,64917,83,16900416,542091
1,1861,31.615216292,0,64208,41,16488125,542239
1,1862,31.632164832999997,0,58291,84,16898791,555801
1,1863,31.665081833000002,0,61875,83,16503416,515869
1,1864,31.666370458000003,3691167,16101250,41,17590917,148913
1,1865,31.683147124999998,0,47750,125,16783750,500753
1,1866,31.699798082999997,0,65667,0,16613000,486991
1,1867,31.716356583,0,70916,42,16582584,473429
1,1868,31.733159875,0,66125,41,16794292,486991
1,1869,31.749468208000003,0,73709,41,16299333,486991
1,1870,31.766251042,0,68208,42,16783750,528277
1,1871,31.782944458000003,0,66750,41,16694834,528277
1,1872,31.799791499999998,0,67334,42,16792500,515921
1,1873,31.816133125,0,70000,42,16394292,514715
1,1874,31.833126125,0,69459,42,16998500,542039
1,1875,31.849514083000003,0,71208,42,16393666,528277
1,1876,31.866117582999998,0,69375,41,16595083,514515
1,1877,31.882818333000003,0,79708,0,16698041,542039
1,1878,31.914734125000003,0,65875,84,16690792,542039
1,1879,31.915752792,3388125,15105708,42,16345000,149113
1,1880,31.933003999999997,0,39542,42,17152334,569563
1,1881,31.94984575,0,70083,0,16796667,529631
1,1882,31.966272250000003,0,77458,41,16381583,514515
1,1883,31.982975916999997,0,71500,42,16716875,514515
1,1884,31.999813333,0,70166,83,16784791,514567
1,1885,32.016497833,0,72500,125,16688458,528477
1,1886,32.033129,0,79625,125,16687292,528277
1,1887,32.049586792,0,70375,41,16414625,514515
1,1888,32.066525542,0,75083,42,16991375,528277
1,1889,32.083009375,0,68584,42,16481667,528277
1,1890,32.09980025,0,64958,83,16690792,515869
1,1891,32.116403958,0,68833,0,16600083,487191
1,1892,32.132858917,0,80250,42,16592667,542039
1,1893,32.165439708,0,65833,42,16698334,542039
1,1894,32.166489292,3491625,15636833,42,16947916,148913
1,1895,32.183218667,0,39833,125,16647292,528277
1,1896,32.200188875,0,68625,42,16893417,528329
1,1897,32.216556583,0,70167,42,16390542,487191
1,1898,32.2333545,0,71250,42,16798583,486991
1,1899,32.25014775,0,71584,41,16689000,474583
1,1900,32.266725458,0,81042,83,16594084,500753
1,1901,32.283276,0,75125,42,16607416,459467
1,1902,32.299978,0,70166,0,16596584,486991
1,1903,32.316729292,0,69834,42,16871500,528477
1,1904,32.333119917,0,67167,42,16494375,542039
1,1905,32.349733583,0,62042,0,16599167,542039
1,1906,32.366591708,0,61917,0,16788125,514515
1,1907,32.383160708,0,68833,42,16500209,514555
1,1908,32.416388875,0,70167,42,16719541,488397
1,1909,32.417746625,3565000,16190125,42,17791750,149113
1,1910,32.434604042000004,0,51625,42,16806375,459467
1,1911,32.451319292,0,70417,42,16693459,459467
1,1912,32.467903083,0,78792,42,16606292,473229
1,1913,32.484511708,0,68917,83,16526042,473229
1,1914,32.50112275,0,70959,84,16710167,473229
1,1915,32.517629292,0,69084,0,16604500,500953
1,1916,32.534571708,0,66125,41,16898917,555801
1,1917,32.551106250000004,0,65042,42,16575833,529631
1,1918,32.567771292,0,64625,42,16587417,528277
1,1919,32.5845325,0,68084,42,16593792,500753
1,1920,32.601102167,0,70083,42,16686708,514567
1,1921,32.618241958,0,70000,41,17132416,514715
1,1922,32.634590667,0,135750,42,16382083,500753
1,1923,32.667128708,0,67500,41,16712250,486991
1,1924,32.668441958,3576125,15631542,0,17111791,148913
1,1925,32.684889875,0,48792,0,16464958,500753
1,1926,32.701518417,0,112208,42,16519542,460821
1,1927,32.71855775,0,73667,41,17011041,487191
1,1928,32.734691625,0,86833,42,16234625,459467
1,1929,32.751556083,0,70791,41,16917084,500753
1,1930,32.768153417,0,67833,83,16599292,528277
1,1931,32.784738667,0,65959,42,16590292,542039
1,1932,32.80167875,0,62042,42,16878375,542091
1,1933,32.818167333,0,67916,125,16504834,473429
1,1934,32.835016167,0,72042,41,16786625,500753
1,1935,32.851559542,0,125834,41,16513000,460821
1,1936,32.868231375,0,68542,125,16691375,514515
1,1937,32.884747375,0,70167,42,16489041,473229
1,1938,32.917993875,0,68750,42,16759042,486991
1,1939,32.919335125,3618834,16195166,0,17790583,149113
1,1940,32.935939167,0,48583,42,16738792,445705
1,1941,32.952853417,0,67084,41,16876541,486991
1,1942,32.969183958,0,68042,42,16321167,445705
1,1943,32.986099542,0,73791,42,16971208,486991
1,1944,33.0028215,0,68167,41,16700167,529683
1,1945,33.019338708,0,64584,42,16595083,542239
1,1946,33.035782083,0,60542,42,16387209,542039
1,1947,33.052705167,0,63708,0,16815459,500753
1,1948,33.069271042,0,68041,42,16574708,500753
1,1949,33.086065125,0,72625,42,16792375,486991
1,1950,33.102829708,0,71125,83,16701542,500753
1,1951,33.119472417,0,67834,83,16692875,473429
1,1952,33.135775583,0,73125,42,16317625,473229
1,1953,33.169057333,0,69542,42,16987959,460821
1,1954,33.170506125,3605541,15963416,42,17573042,148913
1,1955,33.186838375,0,57875,167,16503500,431943
1,1956,33.203701875,0,69125,42,16692333,487043
1,1957,33.2200735,0,76042,42,16510791,459667
1,1958,33.236921125,0,69750,84,16876709,514515
1,1959,33.253422833,0,68500,41,16411333,445705
1,1960,33.270268625,0,69042,42,16876084,486991
1,1961,33.286893417,0,66625,84,16624125,459467
1,1962,33.3036665,0,68208,42,16777417,460821
1,1963,33.32051,0,68750,84,16780875,459667
1,1964,33.336895292,0,76250,42,16491708,514515
1,1965,33.353488167,0,68209,42,16599000,542039
1,1966,33.370378,0,65375,41,16895292,555801
1,1967,33.386881375,0,64292,41,16493583,486991
1,1968,33.420323917,0,63667,41,16614458,487043
1,1969,33.421800167,3781625,16401542,0,18022667,149113
1,1970,33.438572167000004,0,55625,42,16466208,459467
1,1971,33.455091458,0,68000,0,16982875,474583
1,1972,33.471483583,0,77250,83,16386667,486991
1,1973,33.488123042,0,70292,41,16692375,500753
1,1974,33.505354708,0,70917,291,17112459,500753
1,1975,33.521428583,0,70042,42,16179750,473429
1,1976,33.538111542,0,68583,42,16688083,486991
1,1977,33.554851542,0,65500,42,16699417,473229
1,1978,33.571814708,0,68417,42,16906208,459467
1,1979,33.588977417,0,70917,83,16704166,445705
1,1980,33.604972708,0,68291,84,16392125,474635
1,1981,33.621674167,0,71084,42,16808667,487191
1,1982,33.638050417,0,77750,42,16462459,542039
1,1983,33.67123525,0,60291,0,16692958,542039
1,1984,33.672678125,3620709,16161208,125,17622584,148913
1,1985,33.689089417,0,49417,42,16592916,473229
1,1986,33.706178208,0,70792,292,16983584,486991
1,1987,33.722739458,0,73958,42,16678000,500953
1,1988,33.740098833,0,67667,42,17018875,481225
1,1989,33.756008875,0,68167,42,16188333,459903
1,1990,33.772897375,0,74666,42,16794959,473229
1,1991,33.789607458,0,92250,0,16805833,473229
1,1992,33.805990417,0,74958,42,16282375,459519
1,1993,33.822388333,0,70375,0,16485500,459667
1,1994,33.839081583,0,69167,0,16683333,473229
1,1995,33.856272792,0,65792,0,17109709,473229
1,1996,33.872668458,0,99458,41,16496625,445705
1,1997,33.906257583,0,72083,83,16584000,500753
1,1998,33.9081485,3572625,16174209,0,18240667,156909
1,1999,33.924114875,0,56000,42,16654917,446341
1,2000,33.940666125,0,74208,42,16492791,459467
1,2001,33.957907042,0,75292,0,16993167,486991
1,2002,33.974340542,0,103291,42,16694459,473229
1,2003,33.990946625,0,66459,42,16594500,459467
1,2004,34.007340375,0,67708,42,16380791,459519
1,2005,34.02391875,0,67041,125,16609750,487191
1,2006,34.041088292,0,65875,41,17073542,488255
1,2007,34.057328708,0,69292,42,16217959,445705
1,2008,34.074193417000004,0,69042,41,16871125,473319
1,2009,34.091035500000004,0,74834,42,16916375,473229
1,2010,34.107414708,0,67834,41,16374834,514515
1,2011,34.124055208,0,60125,0,16694875,542239
1,2012,34.157796708,0,62459,83,16798083,555801
1,2013,34.159162792000004,3801875,16541042,42,18133583,148913
1,2014,34.175970042,0,45000,42,16785625,486991
1,2015,34.192103417,0,71833,42,16264041,460731
1,2016,34.209124542,0,68041,41,16907167,487133
1,2017,34.225569125,0,67917,84,16480375,459667
1,2018,34.242165083,0,77792,83,16616417,473229
1,2019,34.258835208,0,66834,0,16680709,473229
1,2020,34.275728625,0,70791,42,16913167,500753
1,2021,34.292268125,0,65125,41,16485000,500753
1,2022,34.30914775,0,71208,41,16797375,486991
1,2023,34.325788333,0,73625,41,16695666,500953
1,2024,34.342177042,0,68500,42,16388125,460731
1,2025,34.359005958,0,72792,83,16802375,473229
1,2026,34.375817458,0,74958,42,16778375,500843
1,2027,34.408795708,0,80084,42,16384375,486991
1,2028,34.410271333,3646500,16410541,42,17914542,148913
1,2029,34.427046375,0,50750,42,16779875,478163
1,2030,34.443647333,0,90500,209,16693166,459467
1,2031,34.459905708,0,75333,41,16243334,266799
1,2032,34.476747875,0,70041,83,16859875,142941
1,2033,34.501010542,0,106333,41,23402416,87893
1,2034,34.510212083,0,76459,0,9978166,227067
1,2035,34.526886917,0,77750,42,16693000,431943
1,2036,34.5433535,0,72167,41,16503292,459467
1,2037,34.5605575,0,70375,41,17194792,473229
1,2038,34.576882208,0,70666,42,16294917,431943
1,2039,34.593850375,0,76042,41,17017333,459467
1,2040,34.610077083,0,74750,42,16266459,487191
1,2041,34.62688675,0,68708,0,16789167,528329
1,2042,34.659922917,0,81375,42,16803583,500753
1,2043,34.661789958,3802458,15996375,41,17529625,148913
1,2044,34.677888125,0,51875,83,16653708,447059
1,2045,34.69475875,0,70291,41,16796417,459467
1,2046,34.711353375,0,74084,42,16592958,445905
1,2047,34.727933417,0,81792,42,16675625,486991
1,2048,34.744285417,0,72333,42,16310375,445705
1,2049,34.761019125,0,69416,41,16700708,473229
1,2050,34.777653208000004,0,72625,41,16675250,459467
1,2051,34.794806708,0,72708,42,17014959,473229
1,2052,34.811292958,0,77083,83,16587917,445905
1,2053,34.82777675,0,72542,41,16481833,460873
1,2054,34.844370542,0,70875,42,16614666,486991
1,2055,34.861245042,0,68750,42,16800250,486991
1,2056,34.877842125,0,72083,42,16587791,445705
1,2057,34.912238542,0,75292,41,16892375,445705
1,2058,34.913631833000004,3846125,17248125,209,18855833,149113
1,2059,34.929898375,0,49916,0,16427875,473229
1,2060,34.946438,0,69334,41,16588833,542039
1,2061,34.963697125,0,63333,42,16907333,550125
1,2062,34.979865042,0,67792,42,16387500,466497
1,2063,34.996676833,0,73167,42,16804625,514515
1,2064,35.013187042,0,68875,42,16498084,501005
1,2065,35.029822792,0,90083,41,16673083,528277
1,2066,35.046609333,0,65167,42,16697958,486991
1,2067,35.063483500000004,0,72959,42,16900333,500753
1,2068,35.080082542,0,69083,42,16601584,473229
1,2069,35.096815833,0,73875,42,16675209,500753
1,2070,35.113872417,0,66541,41,16813125,467753
1,2071,35.129997333,0,69709,42,16399000,480259
1,2072,35.164634917,0,70333,42,16590375,473229
1,2073,35.16597825,4240167,17755791,42,19341791,148913
1,2074,35.182578917,0,51083,0,16632291,459467
1,2075,35.199483167000004,0,66708,0,16811333,459467
1,2076,35.216091375,0,78459,83,16695958,459719
1,2077,35.232907375,0,74500,42,16788625,473229
1,2078,35.249559333,0,74625,42,16692708,473229
1,2079,35.265754167,0,70208,42,16190042,460821
1,2080,35.282887625,0,69792,42,17111958,473229
1,2081,35.2993295,0,68875,0,16362875,431943
1,2082,35.316052583,0,72250,41,16794458,487191
1,2083,35.332531875,0,74542,0,16499625,500753
1,2084,35.349305125,0,69958,41,16691791,486991
1,2085,35.366112917,0,74584,41,16714167,445705
1,2086,35.382859542,0,76375,0,16796250,445745
1,2087,35.415185875,0,87875,42,16472583,459467
1,2088,35.416880875000004,3530208,15736167,41,17179625,149113
1,2089,35.433109,0,51917,0,16709625,515921
1,2090,35.449891375,0,67167,41,16704500,500753
1,2091,35.466698875,0,69042,84,16795667,500753
1,2092,35.483297667,0,69750,42,16597708,473229
1,2093,35.500020875,0,74000,41,16699583,486991
1,2094,35.516516083,0,71417,42,16494084,473429
1,2095,35.533084292,0,72917,41,16579667,486991
1,2096,35.549777125,0,72417,0,16703458,459467
1,2097,35.567078167,0,71417,41,16798708,486991
1,2098,35.583326875,0,77208,84,16693500,447059
1,2099,35.600086042,0,76209,0,16699250,459467
1,2100,35.61672,0,79708,41,16597667,459667
1,2101,35.633187708,0,73875,41,16566750,445757
1,2102,35.666136708,0,83417,125,16915791,459467
1,2103,35.667471958,3474708,15783833,42,17317958,149463
1,2104,35.683817333,0,54500,42,16377417,459913
1,2105,35.700431083,0,75250,42,16582958,459913
1,2106,35.717518542,0,76542,0,16593833,446351
1,2107,35.73384775,0,78375,41,16872375,447505
1,2108,35.750380875,0,75333,41,16512667,446151
1,2109,35.766966208,0,76458,42,16606542,459913
1,2110,35.783681583,0,72791,83,16685500,487437
1,2111,35.800371958,0,73791,0,16672750,487437
1,2112,35.81733475,0,73125,42,16927417,487689
1,2113,35.8337245,0,75209,250,16462625,459913
1,2114,35.850311958,0,71125,41,16597833,542485
1,2115,35.867680625,0,70792,42,16893416,556247
1,2116,35.884025583,0,73458,42,16801041,516315
1,2117,35.917387875,0,72167,0,16414125,501199
1,2118,35.91869275,4027708,16649583,42,18183500,149113
1,2119,35.93530475,0,47375,0,16680292,500753
1,2120,35.951983375,0,68458,41,16607583,473229
1,2121,35.969007375000004,0,73791,41,16993542,486991
1,2122,35.985634417,0,72333,42,16586584,473229
1,2123,36.001945875,0,71083,125,16305250,445705
1,2124,36.018858417,0,73208,42,16526417,426519
1,2125,36.035567583,0,75792,42,17151458,466497
1,2126,36.052071458,0,70625,42,16494208,473229
1,2127,36.068972792000004,0,69083,42,16901333,473229
1,2128,36.085252125000004,0,69833,42,16297000,445705
1,2129,36.102329375000004,0,65292,42,16989542,473229
1,2130,36.118537667,0,69083,83,16218125,432143
1,2131,36.135576958,0,75917,42,17065791,459467
1,2132,36.1692485,0,67500,0,16576208,473229
1,2133,36.171053125,3753500,16846917,0,18293875,148913
1,2134,36.186792417,0,49000,0,16313208,419535
1,2135,36.203815,0,75709,42,16991083,486991
1,2136,36.220472375,0,68084,42,16689291,473481
1,2137,36.236840292000004,0,67375,125,16379125,473229
1,2138,36.253776333,0,71125,83,16804709,459467
1,2139,36.270555292,0,71916,42,16881917,459467
1,2140,36.286904333,0,72708,42,16315917,459467
1,2141,36.303543375000004,0,66666,42,16670708,473229
1,2142,36.320407917,0,68167,42,16907500,500953
1,2143,36.336960167,0,64542,41,16583708,515869
1,2144,36.353434417,0,59167,0,16508125,542039
1,2145,36.37017425,0,57459,0,16687083,528277
1,2146,36.387036333,0,66584,0,16792792,500753
1,2147,36.420288667,0,69125,0,16516792,445705
1,2148,36.42170475,3785000,16360416,42,17981166,149113
1,2149,36.438467,0,53166,42,16910709,473281
1,2150,36.455003542,0,66084,42,16490125,459467
1,2151,36.471444958,0,70583,42,16497875,459467
1,2152,36.488495333,0,71583,42,16979500,474583
1,2153,36.50515375,0,66458,167,16610833,486991
1,2154,36.521845458,0,68375,42,16694334,459667
1,2155,36.538173917,0,71125,41,16384833,459467
1,2156,36.554921458,0,73834,0,16692708,459467
1,2157,36.5716315,0,73666,0,16803583,473229
1,2158,36.588314375,0,68208,41,16692250,473229
1,2159,36.605216417,0,63083,42,16700083,486991
1,2160,36.621768458,0,70084,42,16674542,473429
1,2161,36.638421417,0,65666,42,16710583,447111
1,2162,36.67180725,0,65084,42,16685166,459467
1,2163,36.67312075,3606375,16360084,41,17858125,148913
1,2164,36.689723417,0,48875,0,16647000,459467
1,2165,36.70616825,0,75333,42,16381125,459467
1,2166,36.722700417,0,77083,41,16603625,487191
1,2167,36.739605042,0,78083,42,16889000,486991
1,2168,36.75597175,0,77917,42,16392250,486991
1,2169,36.772742958,0,66875,41,16797750,459467
1,2170,36.789462333,0,66208,41,16700209,474583
1,2171,36.806477583,0,72584,0,16984166,500753
1,2172,36.822686708,0,66166,42,16186542,459719
1,2173,36.839605375,0,68000,42,16893958,473229
1,2174,36.856185333,0,71000,42,16588500,486991
1,2175,36.872847417,0,75916,0,16711666,459467
1,2176,36.906576542,0,70125,42,16602708,445705
1,2177,36.908041,3790500,16792416,42,18365167,148913
1,2178,36.924927625,0,53375,167,16512292,459667
1,2179,36.9411555,0,77500,41,16698042,447059
1,2180,36.957726292000004,0,71834,0,16596416,459467
1,2181,36.974732083,0,74333,42,16990791,445705
1,2182,36.991289042,0,79541,42,16482459,418181
1,2183,37.007997042,0,74208,84,16698834,445705
1,2184,37.024797958,0,74750,42,16900083,445957
1,2185,37.041414583,0,78292,0,16571167,445705
1,2186,37.058040667,0,77792,42,16603459,459467
1,2187,37.074922042,0,75625,0,16510791,473229
1,2188,37.091528208,0,72084,41,16991916,460821
1,2189,37.107865958,0,84875,41,16292417,431943
1,2190,37.124849167,0,73666,42,16993167,445905
1,2191,37.159372875,0,76000,42,16591959,431943
1,2192,37.160832083,3942416,17617667,41,19267875,148913
1,2193,37.177342833,0,53000,0,16516959,404419
1,2194,37.194279083,0,80125,41,16898625,431943
1,2195,37.210642625,0,76166,41,16492375,432143
1,2196,37.227328458,0,78125,0,16695667,460873
1,2197,37.244188792,0,70000,0,16782375,445705
1,2198,37.260415542,0,72750,42,16304917,418181
1,2199,37.277308333,0,76459,41,16697666,431943
1,2200,37.294083917,0,85666,0,16891375,431943
1,2201,37.310858292,0,74375,0,16782041,459667
1,2202,37.327014708,0,70958,42,16198750,445705
1,2203,37.343743375,0,72000,41,16698875,459467
1,2204,37.360583333,0,77584,42,16793791,445705
1,2205,37.377177583,0,73209,41,16481625,405773
1,2206,37.411889458,0,86125,42,17099000,445705
1,2207,37.413360375,3835458,17445292,42,19141083,149113
1,2208,37.429660875,0,56459,41,16457417,418233
1,2209,37.446315042,0,67416,42,16584042,459467
1,2210,37.463219458,0,73084,83,16899375,473229
1,2211,37.47972025,0,75834,166,16578792,473229
1,2212,37.496354083,0,66083,42,16497417,486991
1,2213,37.5130535,0,68625,41,16809959,473429
1,2214,37.529670875,0,70958,41,16593208,460821
1,2215,37.546435958,0,72083,42,16687917,473229
1,2216,37.56304025,0,75334,41,16595792,473229
1,2217,37.579712833,0,67875,41,16702416,486991
1,2218,37.596322833,0,75291,41,16593833,445705
1,2219,37.613118,0,69459,42,16693542,459667
1,2220,37.62983125,0,96375,42,16708583,431995
1,2221,37.663255917,0,81958,42,16579583,431943
1,2222,37.664537958000004,3660875,16720208,42,18234417,148913
1,2223,37.681373458,0,45834,83,16830042,460821
1,2224,37.698019125,0,76916,167,16616959,473229
1,2225,37.714656500000004,0,74875,42,16584417,459667
1,2226,37.731443458,0,76958,42,16902708,459467
1,2227,37.747983417,0,75125,42,16495500,459467
1,2228,37.764872625,0,69333,0,16782958,459467
1,2229,37.7812595,0,82291,0,16482959,486991
1,2230,37.797978375,0,74083,42,16612625,459467
1,2231,37.814647542,0,79041,0,16771833,473429
1,2232,37.831667458,0,68709,42,16617500,433349
1,2233,37.848029792,0,105666,42,16582292,431943
1,2234,37.864633500000004,0,95542,42,16707209,431943
1,2235,37.881558708,0,72084,42,16694584,445705
1,2236,37.915605,0,88042,42,16886834,445705
1,2237,37.91715225,3680458,17015750,416,18797250,149113
1,2238,37.933539542,0,56792,42,16474708,431943
1,2239,37.950301417,0,68750,42,16808375,445705
1,2240,37.96689625,0,72042,42,16592625,445705
1,2241,37.983507375,0,72375,42,16596625,447059
1,2242,38.000039792,0,74833,83,16496333,445705
1,2243,38.017071333000004,0,72250,42,16989375,459667
1,2244,38.0336485,0,76417,83,16300125,445757
1,2245,38.050104542,0,116875,42,16785625,431943
1,2246,38.066943208,0,69209,41,16791959,459467
1,2247,38.083658083,0,73291,42,16679875,445705
1,2248,38.10004875,0,72958,41,16418375,431943
1,2249,38.116900542,0,73750,42,16895875,445905
1,2250,38.133384833,0,76458,0,16494250,447059
1,2251,38.167507208,0,73542,41,16686916,459467
1,2252,38.168992375,3943042,17114875,42,18732084,148913
1,2253,38.185837917,0,56333,41,16949208,445705
1,2254,38.202433625,0,70834,42,16490916,445705
1,2255,38.21869275,0,82708,84,16393875,418381
1,2256,38.235601333,0,73125,42,16902750,459519
1,2257,38.252273208,0,72292,42,16697375,459467
1,2258,38.268910792,0,70791,0,16591250,445705
1,2259,38.285678667,0,74042,41,16794792,460821
1,2260,38.30238825,0,68125,41,16586583,473229
1,2261,38.318713292,0,71875,41,16406625,445905
1,2262,38.335604208,0,73125,41,16889208,459467
1,2263,38.352155708,0,73500,125,16508666,459467
1,2264,38.368706875,0,79500,42,16572875,445705
1,2265,38.3854235,0,69916,84,16769959,445745
1,2266,38.419349167,0,69042,41,16516417,459467
1,2267,38.420751708,3844167,16990167,42,18657500,149113
1,2268,38.437364417,0,49333,0,16735333,447111
1,2269,38.454367375000004,0,67666,42,16872750,459467
1,2270,38.470827208,0,75583,42,16549875,431943
1,2271,38.487559625,0,71667,41,16755667,445705
1,2272,38.504310792,0,68083,42,16679167,445705
1,2273,38.520800708,0,71625,0,16517208,459667
1,2274,38.537466333000005,0,75125,42,16689708,445705
1,2275,38.554097750000004,0,68667,125,16587458,445705
1,2276,38.570902125000011,0,74833,42,16797375,445705
1,2277,38.587622333000006,0,70250,0,16680792,447059
1,2278,38.604110333,0,70459,0,16507125,445705
1,2279,38.620894542000009,0,70042,42,16779625,445905
1,2280,38.637425167000011,0,66958,42,16500667,445757
1,2281,38.671154250000008,0,70958,0,16805250,445705
1,2282,38.672509500000011,3572958,16719166,41,18253500,148913
1,2283,38.689250333000011,0,51958,42,16828875,486991
1,2284,38.705662208000014,0,67958,42,16393375,459467
1,2285,38.722384708000014,0,66500,42,16680250,459667
1,2286,38.739136792000004,0,71958,42,16701292,447059
1,2287,38.755854917,0,68834,41,16798625,473229
1,2288,38.772558167000007,0,67667,41,16677584,473229
1,2289,38.788905583000009,0,71500,0,16315917,473229
1,2290,38.805631625000011,0,71042,42,16697042,459467
1,2291,38.822554583000006,0,73417,41,16990083,473429
1,2292,38.838969917000007,0,68416,0,16394583,459519
1,2293,38.855651833,0,66208,0,16695208,445705
1,2294,38.872290667000009,0,68750,42,16602209,459467
1,2295,38.889073833000005,0,74667,0,16683958,460821
1,2296,38.922099250000009,0,115333,42,16594292,445705
1,2297,38.923164500000006,3702625,16396708,0,17755917,149113
1,2298,38.940080458000004,0,38542,83,16817167,542039
1,2299,38.956903917000012,0,66833,41,16794125,542039
1,2300,38.973302917000005,0,64667,41,16327000,459467
1,2301,38.990168333000007,0,79125,42,16879583,486991
1,2302,39.006743125000007,0,75791,42,16577375,486991
1,2303,39.023553500000013,0,67000,41,16814708,487191
1,2304,39.040266667000004,0,66292,166,16696042,460873
1,2305,39.056694333,0,76167,41,16377875,459467
1,2306,39.073359417000013,0,70125,0,16707000,459467
1,2307,39.090358708000004,0,67792,0,16996750,500753
1,2308,39.106989417,0,69625,42,16584875,459467
1,2309,39.12335966700001,0,67292,41,16410792,445905
1,2310,39.157912333000006,0,67584,41,16978417,473229
1,2311,39.159325417000012,3811083,17259500,0,18820083,148913
1,2312,39.175715167000014,0,58333,0,16462458,473229
1,2313,39.192393875000015,0,72958,42,16706667,447059
1,2314,39.20901258300001,0,69584,41,16573792,486991
1,2315,39.225540167000013,0,69625,41,16612333,459719
1,2316,39.242391833000006,0,68417,0,16679208,445705
1,2317,39.258750750000011,0,72250,42,16465333,431943
1,2318,39.275673208000008,0,69042,42,16939167,500753
1,2319,39.292783375000006,0,70292,42,16795625,459467
1,2320,39.309121000000012,0,70792,83,16582375,459467
1,2321,39.325551833000013,0,70084,42,16497500,459667
1,2322,39.342835167000011,0,69375,42,16883916,460821
1,2323,39.359069292000008,0,76041,41,16602375,445705
1,2324,39.375687500000005,0,68667,41,16501375,445705
1,2325,39.409784042000005,0,74292,42,16893792,445705
1,2326,39.411091458000008,3654709,16915875,83,18508000,148913
1,2327,39.428103042000011,0,47791,41,16982750,170717
1,2328,39.460668708000007,0,77042,42,32154875,60369
1,2329,39.471281167000008,0,85042,84,10923125,265747
1,2330,39.487638667000006,0,87667,41,16500417,419535
1,2331,39.504489125000013,0,79917,41,16884000,486991
1,2332,39.52099625,0,70292,0,16491125,500953
1,2333,39.537985000000013,0,72250,42,16999209,486991
1,2334,39.554477667000008,0,73000,41,16497000,486991
1,2335,39.571250083,0,68292,0,16796084,459467
1,2336,39.587567875000012,0,72208,42,16287583,459467
1,2337,39.604593167000012,0,72208,42,16906459,459467
1,2338,39.620890708000012,0,68917,42,16403625,432143
1,2339,39.63806850000001,0,71583,42,17072875,474635
1,2340,39.671226292000007,0,85083,0,16215667,431943
1,2341,39.672545000000007,3725166,16724625,42,18252542,148913
1,2342,39.689485792000006,0,49542,42,16930375,445705
1,2343,39.706196833000014,0,99708,42,16697167,445705
1,2344,39.722634000000006,0,76792,41,16388750,445905
1,2345,39.739151792000008,0,98375,41,16593333,459467
1,2346,39.756208625000006,0,75375,42,17096291,459467
1,2347,39.773006125,0,77125,0,16698875,445705
1,2348,39.789516542000008,0,75167,42,16493959,419535
1,2349,39.806157792000015,0,97167,41,16589542,445705
1,2350,39.822889208000014,0,80084,42,16892209,432143
1,2351,39.839233667000009,0,72208,0,16297583,431995
1,2352,39.856206500000006,0,78500,41,16989875,486991
1,2353,39.873027458,0,71208,42,16690208,459467
1,2354,39.88917883300001,0,79834,42,16203417,431943
1,2355,39.923206500000013,0,72000,42,16998416,473229
1,2356,39.924628125000005,3594917,16775750,84,18396917,149113
1,2357,39.941178583,0,55375,0,16689292,447059
1,2358,39.95768179200001,0,68459,0,16483709,445705
1,2359,39.974200458000006,0,72042,166,16497292,445705
1,2360,39.990875583000012,0,69542,84,16675375,500753
1,2361,40.007674042000012,0,72250,41,16716542,473229
1,2362,40.024472958000011,0,70750,0,16878125,473429
1,2363,40.041241250000006,0,76250,41,16708375,431995
1,2364,40.057742458000014,0,72833,0,16497250,445705
1,2365,40.074265958000005,0,76875,42,16596834,445705
1,2366,40.091115417000005,0,74791,42,16769375,474583
1,2367,40.107756,0,70084,166,16613667,445705
1,2368,40.124628542,0,74709,42,16881625,459667
1,2369,40.157751458000014,0,70208,41,16283792,445705
1,2370,40.159175292000008,3832084,16581458,41,18195875,148913
1,2371,40.176015500000013,0,53000,42,16901542,445705
1,2372,40.192993375000007,0,72709,41,16928875,473229
1,2373,40.209559458000008,0,74625,42,16497250,445705
1,2374,40.226068042,0,73541,0,16559709,432143
1,2375,40.242652917000008,0,70125,0,16628583,460873
1,2376,40.259384542000014,0,73542,125,16604959,431943
1,2377,40.276171583000014,0,74875,83,16869041,431943
1,2378,40.292439417000004,0,73000,42,16284125,418181
1,2379,40.309458833,0,75583,41,16684500,431943
1,2380,40.326161333000009,0,75083,0,16945875,432143
1,2381,40.342808917000006,0,71625,41,16690583,431943
1,2382,40.35923166700001,0,74416,42,16538791,473229
1,2383,40.375748333000011,0,71208,0,16491250,528277
1,2384,40.409104167,0,65209,41,16773834,529631
1,2385,40.410710875000014,3734375,16429583,208,18076833,148913
1,2386,40.427264333000004,0,59500,41,16632292,487191
1,2387,40.444169708000011,0,70417,0,16914542,473281
1,2388,40.460594125000007,0,70041,0,16380334,486991
1,2389,40.477187208000011,0,74708,42,16609958,459467
1,2390,40.493865792,0,71875,41,16573833,431943
1,2391,40.510773125000007,0,69417,83,17008709,473429
1,2392,40.527482750000011,0,73375,167,16694583,431943
1,2393,40.544172167000006,0,74291,42,16690708,447059
1,2394,40.560607708000013,0,69583,42,16310500,431943
1,2395,40.577499375000009,0,126167,42,16969875,473229
1,2396,40.594261750000008,0,74041,41,16691625,459467
1,2397,40.610745500000014,0,80708,0,16610875,432143
1,2398,40.627615958000014,0,73458,42,16794917,431943
1,2399,40.661863333000007,0,78416,0,16477292,445757
1,2400,40.663350750000014,4011500,17442417,0,19097292,149463
1,2401,40.679894250000011,0,56667,0,16689250,432389
1,2402,40.696621458,0,74750,84,16712708,447505
1,2403,40.713338875000012,0,71750,42,16694916,446351
1,2404,40.729849250000008,0,75000,0,16491667,432389
1,2405,40.746201667,0,73834,42,16392041,459913
1,2406,40.7634035,0,75917,42,17186000,459913
1,2407,40.77965587500001,0,70584,41,16202167,432389
1,2408,40.796444917000009,0,75917,167,16791042,446151
1,2409,40.812920000000013,0,71958,41,16581125,446351
1,2410,40.829684417,0,74084,42,16712958,459965
1,2411,40.846299375000008,0,72584,0,16584542,433743
1,2412,40.862946125000015,0,72792,42,16684458,446151
1,2413,40.880054167000004,0,74625,41,17025292,459913
1,2414,40.913829542000009,0,73916,42,16290042,459913
1,2415,40.915166167,3850000,17171625,42,18769333,149113
1,2416,40.931717667000008,0,51417,0,16607500,431943
1,2417,40.948479208,0,74166,41,16781167,445705
1,2418,40.965226375000007,0,67500,42,16610834,445705
1,2419,40.982270000000007,0,71833,42,16694834,431943
1,2420,40.998837583000004,0,70042,41,16999667,433297
1,2421,41.015080167000015,0,71500,42,16290375,432143
1,2422,41.03199525,0,69584,42,16896750,473281
1,2423,41.048707042000011,0,70625,42,16693250,459467
1,2424,41.064974708,0,71208,0,16293667,431943
1,2425,41.081985333000013,0,69667,42,16990792,459467
1,2426,41.098547375,0,69000,83,16496667,486991
1,2427,41.115298083000006,0,74958,42,16786792,459667
1,2428,41.132464208000009,0,74458,83,16695625,445705
1,2429,41.165855958,0,69875,42,16699584,460821
1,2430,41.167205333000005,3718625,16922292,0,18448042,148913
1,2431,41.183968458,0,52042,125,16832083,459467
1,2432,41.200215500000006,0,67709,41,16197625,431943
1,2433,41.217119000000004,0,71958,42,16890250,459667
1,2434,41.233730083000005,0,71291,167,16609458,445757
1,2435,41.250133500000011,0,73250,83,16476333,445705
1,2436,41.266868083000013,0,67250,42,16711000,473229
1,2437,41.283820875000011,0,70042,42,16893125,460821
1,2438,41.300762500000012,0,71125,42,16799166,445705
1,2439,41.316979833000012,0,76958,0,16374583,432143
1,2440,41.333751667000008,0,69291,42,16784083,445705
1,2441,41.350222500000008,0,71208,0,16517208,445705
1,2442,41.366778833000005,0,65875,0,16491083,445705
1,2443,41.383899417,0,71583,41,17101875,473269
1,2444,41.418168458000004,0,74625,41,16392042,459467
1,2445,41.419419792000006,4037667,17591583,42,19103291,149113
1,2446,41.436154125000009,0,44291,42,16766291,447111
1,2447,41.452747750000007,0,69208,41,16609750,473229
1,2448,41.469262083000011,0,66417,41,16505500,500753
1,2449,41.486416958000014,0,72667,42,17080291,459467
1,2450,41.502631,0,69917,42,16211416,431943
1,2451,41.519324125000004,0,67833,42,16783084,459667
1,2452,41.536274833000014,0,64542,42,16900542,473229
1,2453,41.552783708000014,0,69917,42,16470916,473229
1,2454,41.569501667000004,0,72292,0,16718625,459467
1,2455,41.585892667,0,70541,41,16391542,433297
1,2456,41.603049042,0,72167,42,17093750,459467
1,2457,41.619432375000009,0,69333,41,16495625,459667
1,2458,41.636146875,0,67583,0,16690125,473281
1,2459,41.670638333000007,0,66750,42,16685250,473229
1,2460,41.672046583000004,4185416,17573709,42,19040792,148913
1,2461,41.688643917000014,0,47500,208,16745292,473229
1,2462,41.705056417,0,67791,83,16311375,459467
1,2463,41.721823250000007,0,68791,41,16794291,459667
1,2464,41.738376625000008,0,70209,42,16603167,447059
1,2465,41.755038875000004,0,70833,42,16574416,445705
1,2466,41.771815917000005,0,77416,41,16787208,459467
1,2467,41.788771625,0,73459,42,16909958,473229
1,2468,41.805058417000005,0,85250,42,16295208,445705
1,2469,41.821759083000011,0,75583,42,16696583,459667
1,2470,41.838287167000011,0,68459,84,16595875,445757
1,2471,41.855120167,0,70666,42,16771417,473229
1,2472,41.87181179200001,0,69375,42,16710375,473229
1,2473,41.888481958000007,0,65834,41,16607291,447059
1,2474,41.922388125000005,0,69833,41,16785334,459467
1,2475,41.923853625000014,3748042,16800833,42,18493959,149113
1,2476,41.940051625,0,59666,42,16398916,431943
1,2477,41.956808875000014,0,68333,125,16689459,445705
1,2478,41.973652750000007,0,71500,42,16883167,459467
1,2479,41.99022212500001,0,66583,83,16508750,486991
1,2480,42.007229458000005,0,76791,42,16995000,459467
1,2481,42.023650458000013,0,68125,167,16396875,445905
1,2482,42.040269333000005,0,74167,41,16607750,447111
1,2483,42.056840917000009,0,76500,41,16568875,431943
1,2484,42.073785792,0,74417,41,16890250,459467
1,2485,42.090268583000004,0,68750,42,16501584,431943
1,2486,42.106871708000007,0,74625,83,16598750,459467
1,2487,42.123749833000012,0,73000,42,16893667,445905
1,2488,42.158739417000014,0,74583,41,16492500,431943
1,2489,42.160267708000013,4326208,18174167,41,19814541,148913
1,2490,42.177051292000009,0,61292,125,16977709,431943
1,2491,42.193454667000005,0,83708,42,16395000,447059
1,2492,42.210079917000009,0,76792,0,16494166,459467
1,2493,42.227088042000013,0,108416,42,17076042,459667
1,2494,42.243647667000012,0,77500,84,16607458,431995
1,2495,42.260353583000004,0,76958,42,16681666,431943
1,2496,42.277005375000009,0,73291,0,16706625,445705
1,2497,42.293421042000013,0,67958,125,16380125,431943
1,2498,42.310169083000012,0,73291,41,16605084,459467
1,2499,42.326790667000004,0,79625,42,16774083,459667
1,2500,42.343547375000007,0,71875,42,16808417,447059
1,2501,42.360210875000014,0,67625,42,16671625,486991
1,2502,42.376830583000007,0,68333,42,16606417,459467
1,2503,42.410712125000011,0,66334,0,16302625,473229
1,2504,42.412112083000004,4050875,17277125,42,18817625,148913
1,2505,42.42936708300001,0,51833,42,17271000,459667
1,2506,42.445643167000007,0,96000,42,16298084,445757
1,2507,42.462422625000009,0,75417,208,16780459,459467
1,2508,42.478913417000008,0,69834,0,16506958,431943
1,2509,42.495996208,0,73333,0,16882417,447059
1,2510,42.512309292000005,0,81333,41,16512625,418381
1,2511,42.528983542000013,0,69416,42,16588375,445705
1,2512,42.545591750000007,0,70125,0,16673917,459467
1,2513,42.562288292000012,0,67417,41,16699958,459467
1,2514,42.579203333,0,70292,41,16906583,445705
1,2515,42.595686750000006,0,68583,83,16492042,445705
1,2516,42.61230758300001,0,67125,42,16599500,432143
1,2517,42.629027583,0,79041,42,16691292,431943
1,2518,42.662804375000015,0,71583,42,16694959,474635
1,2519,42.664141167000004,3849250,16861334,42,18401083,148913
1,2520,42.680785542,0,48833,42,16572042,473229
1,2521,42.698056333000004,0,71666,42,16900625,445705
1,2522,42.71423595800001,0,92041,42,16611042,418381
1,2523,42.730653750000009,0,80125,42,16374792,418181
1,2524,42.747264125000008,0,75708,0,16586458,431943
1,2525,42.764387958000007,0,81375,41,17099500,445705
1,2526,42.780961792000006,0,72583,41,16594959,431943
1,2527,42.797518667000013,0,80667,0,16594500,433297
1,2528,42.814297875,0,69750,0,16799666,459667
1,2529,42.830604583,0,77667,42,16283458,431943
1,2530,42.847319833000007,0,71458,42,16715167,473281
1,2531,42.86406945800001,0,78125,42,16693958,445705
1,2532,42.88071308300001,0,78417,41,16595875,431943
1,2533,42.914840250000005,0,88459,41,16585750,445705
1,2534,42.916355917000011,3877709,17277667,42,18962792,149113
1,2535,42.93279458300001,0,51958,42,16629417,445705
1,2536,42.949883583000009,0,74875,42,16991042,419535
1,2537,42.966311458000014,0,72792,41,16499666,431943
1,2538,42.982921333000014,0,75625,0,16603166,431943
1,2539,42.99987379200001,0,67750,42,16876500,486991
1,2540,43.016541750000009,0,75291,42,16700500,459667
1,2541,43.032931125000012,0,70750,42,16386583,445757
1,2542,43.049510708000007,0,73333,0,16609500,431943
1,2543,43.066539167000009,0,72333,84,16987000,473229
1,2544,43.083121500000011,0,72125,42,16601417,431943
1,2545,43.099791792000012,0,71125,42,16573041,474583
1,2546,43.116443333000014,0,77625,42,16708750,459667
1,2547,43.132900208,0,72167,41,16493250,445705
1,2548,43.166886042000009,0,74458,125,16897416,445705
1,2549,43.168383500000012,3618833,16767000,84,18391125,148913
1,2550,43.184770833000009,0,58458,83,16479417,445705
1,2551,43.201676917000007,0,69375,41,16884041,445705
1,2552,43.218293625000008,0,76500,0,16719042,459667
1,2553,43.235176750000015,0,110459,42,16478167,514567
1,2554,43.251550708,0,63333,42,16717084,488345
1,2555,43.267966042000005,0,72958,42,16394083,445705
1,2556,43.284905583000004,0,68958,42,16876333,459467
1,2557,43.30185095800001,0,77667,41,16706291,445705
1,2558,43.318328125000015,0,109334,42,16793375,459667
1,2559,43.334987708000007,0,76167,0,16593167,445705
1,2560,43.351630375000006,0,80541,42,16593208,431943
1,2561,43.367964875000006,0,98000,41,16431875,431943
1,2562,43.385357125000006,0,72334,41,16841250,473229
1,2563,43.419078583000008,0,78458,83,16420708,433297
1,2564,43.420421042000008,4077250,17516417,41,19167125,149113
1,2565,43.437495375000005,0,51792,0,17005833,445757
1,2566,43.453892042000014,0,72083,42,16500709,445705
1,2567,43.470674750000008,0,67958,41,16809917,459467
1,2568,43.487183208000012,0,74708,41,16483333,431943
1,2569,43.503930792000013,0,69041,42,16694750,459467
1,2570,43.520453292000006,0,72167,0,16599917,445905
1,2571,43.537212917000012,0,72333,83,16688125,447059
1,2572,43.554055458000015,0,72125,0,16781542,445705
1,2573,43.570465000000006,0,72875,42,16496625,445705
1,2574,43.587282667000004,0,71625,42,16804292,445705
1,2575,43.603930417000008,0,69167,42,16594416,445705
1,2576,43.620614750000009,0,72000,42,16703250,445905
1,2577,43.637164500000004,0,72250,41,16585083,431995
1,2578,43.67067366700001,0,67500,42,16591500,445705
1,2579,43.672235042000004,3811250,16604292,0,18193708,148913
1,2580,43.688635542000007,0,58167,42,16594833,447059
1,2581,43.705433250000006,0,67916,41,16800375,459467
1,2582,43.722131875000009,0,71208,83,16694667,445905
1,2583,43.738896083000007,0,71000,41,16795416,445705
1,2584,43.755725667000014,0,72500,42,16786959,445705
1,2585,43.77197995800001,0,71667,42,16305625,431943
1,2586,43.788911625000004,0,67417,42,16888875,459467
1,2587,43.805661208000011,0,69667,42,16693917,459467
1,2588,43.822024417,0,68792,42,16394167,445905
1,2589,43.838972292,0,70791,0,16902958,447111
1,2590,43.855298250000011,0,83292,42,16367958,445705
1,2591,43.872187000000004,0,64250,42,16904167,445705
1,2592,43.888661292,0,71625,42,16502125,459467
1,2593,43.923036958000004,0,66083,41,16693750,459467
1,2594,43.924379208000012,3813959,17397041,42,18951125,149113
1,2595,43.941178625000013,0,48000,209,16842250,473229
1,2596,43.957887500000005,0,71333,84,16693459,459467
1,2597,43.974426625000014,0,70708,42,16496375,445705
1,2598,43.991179500000008,0,71167,42,16791875,460821
1,2599,44.00792816700001,0,71125,42,16687125,445705
1,2600,44.024179208000014,0,69583,42,16303750,432143
1,2601,44.04129441700001,0,67084,0,17070541,487043
1,2602,44.057563750000007,0,70166,42,16316500,431943
1,2603,44.074317167000011,0,70791,208,16694833,445705
1,2604,44.090923833000012,0,73958,41,16673875,486991
1,2605,44.107778125,0,67625,41,16708167,445705
1,2606,44.124389583,0,73375,42,16698833,445905
1,2607,44.158704500000006,0,69500,42,16587000,447059
1,2608,44.160171667000007,4069709,17405625,42,19023375,148913
1,2609,44.176968750000007,0,59083,41,16965500,459467
1,2610,44.193448083000014,0,68833,41,16500667,445705
1,2611,44.210331167000014,0,68542,42,16795875,500753
1,2612,44.226753375000008,0,68125,83,16382042,445905
1,2613,44.24336691700001,0,79500,83,16640083,459519
1,2614,44.260296792000013,0,75375,42,16950667,459467
1,2615,44.276895125,0,67834,0,16583167,473229
1,2616,44.293675083000004,0,69666,42,16719875,460821
1,2617,44.310079083000012,0,75750,41,16370667,431943
1,2618,44.32659729200001,0,71708,42,16610333,432143
1,2619,44.343459875000015,0,71583,0,16877167,459467
1,2620,44.360478417,0,64208,42,16902750,459467
1,2621,44.376942750000005,0,80333,41,16495625,445705
1,2622,44.410961958000009,0,73208,0,16689917,459507
1,2623,44.412380833000007,3818834,17070209,0,18663041,148913
1,2624,44.428792292000004,0,56083,41,16408625,432143
1,2625,44.445376542000012,0,76833,41,16693375,447111
1,2626,44.462018125000007,0,68250,41,16616709,467562
1,2627,44.478843000000005,0,70875,41,16790917,445705
1,2628,44.495686667000008,0,77167,0,16798250,431943
1,2629,44.512320917000004,0,71625,42,16590042,432143
1,2630,44.528730625,0,73250,0,16486500,431943
1,2631,44.545469792000013,0,83709,0,16594500,445705
1,2632,44.562275333000009,0,90416,42,16906541,225513
1,2633,44.578204875000004,0,77666,41,15774041,129179
1,2634,44.606045042000012,0,89333,42,27302583,116771
1,2635,44.61236983300001,0,127500,0,6993667,143141
1,2636,44.628964417000013,0,83334,42,16701375,418181
1,2637,44.663121708000013,0,66750,42,16589917,459519
1,2638,44.664648375000006,3869875,17143375,41,18846291,148913
1,2639,44.680899333000006,0,56583,83,16435000,418181
1,2640,44.697642542000004,0,74250,41,16600417,431943
1,2641,44.714505458000012,0,83833,42,16975166,445905
1,2642,44.730860000000014,0,77917,0,16401583,445705
1,2643,44.747658000000008,0,70375,0,16702042,433297
1,2644,44.764401333,0,76458,42,16803708,459467
1,2645,44.781205667,0,75208,42,16793542,473229
1,2646,44.797711208,0,85250,42,16391958,445705
1,2647,44.814327583000015,0,76500,42,16699167,459667
1,2648,44.830896083000006,0,83625,41,16477458,445705
1,2649,44.847684042000004,0,72042,41,16901458,459519
1,2650,44.864570917,0,71750,42,16801583,459467
1,2651,44.880812708000015,0,73333,83,16282208,431943
1,2652,44.914997000000007,0,76292,41,16711250,460821
1,2653,44.91662812500001,4076167,17076417,42,18804333,149113
1,2654,44.933141208,0,67375,208,16766583,418181
1,2655,44.949915292000007,0,69542,42,16691792,431943
1,2656,44.966321708,0,72625,41,16499792,431943
1,2657,44.983252625000013,0,76792,42,16890791,445705
1,2658,44.999756667000007,0,77291,42,16473792,431943
1,2659,45.016302333000006,0,76875,0,16621500,432143
1,2660,45.032942167000009,0,77417,42,16686708,445705
1,2661,45.050081542000008,0,71709,42,17086958,447111
1,2662,45.066712833000004,0,69083,42,16603292,445705
1,2663,45.083114875000014,0,75042,0,16396250,431943
1,2664,45.099627292000015,0,71125,41,16494667,445705
1,2665,45.116360000000007,0,71708,41,16676417,432143
1,2666,45.133399125000004,0,76292,83,17098000,459467
1,2667,45.167330667000009,0,70084,0,16292917,445705
1,2668,45.16885700000001,3764291,17346916,0,18928916,148913
1,2669,45.185702125000013,0,63917,208,16965208,431943
1,2670,45.202346917000007,0,78291,167,16698875,419535
1,2671,45.218499125,0,73916,42,16196292,418381
1,2672,45.235218417000006,0,73375,41,16793708,514567
1,2673,45.252104500000009,0,68416,42,16885500,528277
1,2674,45.268753167000007,0,63333,42,16598417,514515
1,2675,45.285253542000014,0,68583,42,16477625,473229
1,2676,45.302096000000013,0,73208,42,16699875,459467
1,2677,45.318606833000011,0,69959,41,16610334,445905
1,2678,45.335263917000013,0,73875,41,16680084,459467
1,2679,45.35248462500001,0,71250,42,17092542,474583
1,2680,45.368624208000007,0,79375,42,16206459,431943
1,2681,45.38539045800001,0,71959,42,16794333,459467
1,2682,45.419807500000012,0,73250,42,16586875,445705
1,2683,45.421808917000014,3867375,17402833,0,19454333,149113
1,2684,45.438254167000004,0,61292,0,16532959,404471
1,2685,45.454775583000007,0,119542,0,16810917,445705
1,2686,45.471577542000013,0,72792,42,16682125,459467
1,2687,45.488099792000007,0,78417,42,16604166,445705
1,2688,45.505180333000006,0,72667,83,16990375,460821
1,2689,45.521821833000011,0,77250,42,16686417,445905
1,2690,45.538415042000004,0,75709,42,16588417,445705
1,2691,45.554974500000007,0,78125,0,16497541,432319
1,2692,45.571473625,0,73000,41,16602417,445705
1,2693,45.588433125,0,69625,42,16878500,445705
1,2694,45.604734375000014,0,71708,42,16312084,431943
1,2695,45.621675625,0,74084,0,16893542,459667
1,2696,45.638539417000011,0,72875,42,16786792,445757
1,2697,45.672677708,0,82375,42,16587166,433297
1,2698,45.673966917000008,3910375,17425083,42,18948250,149463
1,2699,45.690388833000007,0,50917,83,16429458,446151
1,2700,45.707127958000008,0,75500,42,16720875,446151
1,2701,45.724057875000007,0,74041,42,16882083,460113
1,2702,45.740491083,0,77917,42,16400417,432389
1,2703,45.757367167000005,0,85625,42,16994417,446151
1,2704,45.773776167,0,75375,42,16396458,432389
1,2705,45.791385958000014,0,72083,0,16998458,459913
1,2706,45.807477833000014,0,87000,42,16581375,419981
1,2707,45.824079958000006,0,76833,42,16601916,432589
1,2708,45.840325500000013,0,81458,42,16286583,432441
1,2709,45.856997208,0,74167,42,16702875,446151
1,2710,45.874173250000005,0,75792,42,16987833,446151
1,2711,45.908043292000009,0,105833,41,16496792,432389
1,2712,45.909489792000009,3751958,17243625,41,18849875,148913
1,2713,45.92599725,0,61417,125,16467500,432143
1,2714,45.942678542,0,70459,42,16450833,426267
1,2715,45.959615417,0,73792,42,17213375,452735
1,2716,45.976096708000007,0,73583,42,16450791,431943
1,2717,45.992815875000012,0,71750,42,16824333,459467
1,2718,46.00935483300001,0,69875,41,16407458,459467
1,2719,46.026156292,0,71500,42,16844375,445905
1,2720,46.042508042,0,76500,42,16422666,445757
1,2721,46.059504458000013,0,67625,42,16916666,445705
1,2722,46.07596250000001,0,74208,0,16468791,445705
1,2723,46.093003167000013,0,73250,42,16731834,440029
1,2724,46.109402833000011,0,67209,42,16635917,446051
1,2725,46.126190750000013,0,73500,84,16846041,445905
1,2726,46.159443625,0,72709,0,16395750,431943
1,2727,46.160769792,3934417,16706791,41,18217792,148913
1,2728,46.177724917000013,0,44917,0,17054333,459467
1,2729,46.194585667000005,0,62584,41,16701000,445705
1,2730,46.210965125000008,0,74709,0,16493666,432143
1,2731,46.22734791700001,0,67625,42,16391792,431943
1,2732,46.244307667000008,0,66000,42,16973625,460873
1,2733,46.261070208000014,0,63125,0,16704791,459467
1,2734,46.277795375000004,0,68500,41,16712375,473229
1,2735,46.294149333000014,0,68167,42,16278959,431943
1,2736,46.311029833000013,0,72958,42,16891333,445905
1,2737,46.32768354200001,0,70375,41,16702042,459467
1,2738,46.344435000000011,0,67834,41,16798750,459467
1,2739,46.360864583,0,71000,42,16391791,459467
1,2740,46.377590917000013,0,65625,250,16693959,459467
1,2741,46.411809458000015,0,66500,42,16896541,447059
1,2742,46.413062625,3771750,17067541,0,18584417,149113
1,2743,46.429677792000014,0,45375,42,16597333,459467
1,2744,46.446167417000005,0,65792,0,16302834,445757
1,2745,46.462744250000007,0,80291,42,16793666,459467
1,2746,46.479582333,0,69084,84,16704250,445705
1,2747,46.496171083000014,0,72584,41,16589542,445705
1,2748,46.512599750000014,0,73875,83,16495541,445905
1,2749,46.529341042000006,0,83750,83,16692500,445705
1,2750,46.546198167000007,0,88334,125,16889250,460821
1,2751,46.562927583000011,0,69291,209,16695791,459467
1,2752,46.579454625000004,0,73000,83,16592333,459467
1,2753,46.596148750000005,0,67416,42,16590792,445705
1,2754,46.612984833000006,0,71167,0,16803208,459667
1,2755,46.629469375000006,0,80667,42,16589458,445705
1,2756,46.66355070800001,0,67083,42,16694292,445757
1,2757,46.664802542000011,3906750,17117834,41,18614250,148913
1,2758,46.681395,0,48875,41,16459333,445705
1,2759,46.698283917000005,0,78708,42,16904708,433297
1,2760,46.714826833000011,0,83500,42,16598875,445905
1,2761,46.731672208000013,0,78125,42,16875667,459467
1,2762,46.747924875,0,68375,83,16208667,445705
1,2763,46.764677583000015,0,72291,42,16792834,473229
1,2764,46.781673917000013,0,70500,41,16995542,445705
1,2765,46.798018958000007,0,71584,41,16189958,445705
1,2766,46.814945958,0,78500,41,16997083,473429
1,2767,46.831270875000008,0,77083,42,16384334,431943
1,2768,46.848307417000008,0,71583,41,16984625,447111
1,2769,46.865082417,0,78541,42,16815625,473229
1,2770,46.881668292000008,0,80500,41,16581458,459467
1,2771,46.914878917,0,70042,42,16583334,473229
1,2772,46.916298375000004,3708000,16240375,42,17870917,149113
1,2773,46.932969375000006,0,52250,41,16734375,431943
1,2774,46.949178208000014,0,74708,42,16195458,431943
1,2775,46.966202917000011,0,74125,84,17103792,445705
1,2776,46.982974625000004,0,68916,42,16685083,445705
1,2777,46.999728250000011,0,84000,42,16693291,419535
1,2778,47.016218167000012,0,76917,0,16598333,432143
1,2779,47.032546833000005,0,77542,0,16276541,431943
1,2780,47.049416042000011,0,71292,84,16702708,431995
1,2781,47.065975958,0,91916,42,16795292,418181
1,2782,47.082817167000009,0,68542,83,16786750,459467
1,2783,47.099194958000005,0,72167,42,16309500,445705
1,2784,47.116035542000013,0,75709,42,16895500,445905
1,2785,47.132746000000004,0,76291,42,16674292,418181
1,2786,47.167125083000009,0,72750,42,16688208,433297
1,2787,47.168567708000005,3881666,17367959,42,19050208,148913
1,2788,47.18504487500001,0,54833,42,16445875,418181
1,2789,47.201833208000004,0,80791,42,16900416,445705
1,2790,47.218619333000014,0,70625,42,16799792,432143
1,2791,47.235199875000013,0,73667,42,16605584,445705
1,2792,47.25174216700001,0,72250,41,16558584,431995
1,2793,47.268554042000012,0,69875,42,16715833,445705
1,2794,47.284993167,0,71625,42,16486500,431943
1,2795,47.301608042000005,0,73000,41,16495250,433297
1,2796,47.318380583000014,0,102833,0,16685834,445905
1,2797,47.335000333,0,85750,42,16793125,459467
1,2798,47.351646958000011,0,72416,42,16588834,431943
1,2799,47.368368125000011,0,72833,0,16704334,445705
1,2800,47.385340625000005,0,73625,41,16909584,445745
1,2801,47.420074333000009,0,81541,42,16571959,431943
1,2802,47.421571083000011,4155959,17875291,42,19609583,149113
1,2803,47.438322542,0,50917,0,16864292,431995
1,2804,47.454710125000013,0,75125,41,16412584,433297
1,2805,47.471447333000008,0,67666,167,16695083,431943
1,2806,47.487807000000011,0,72500,83,16401666,418181
1,2807,47.504951125000012,0,72875,42,17075917,445705
1,2808,47.521313208,0,75292,41,16404542,432143
1,2809,47.537910792000012,0,68250,42,16495833,431943
1,2810,47.554951708000011,0,92291,42,17077834,445705
1,2811,47.571532208000015,0,80375,41,16603958,445705
1,2812,47.58825120800001,0,80750,0,16698791,459467
1,2813,47.604828542000014,0,74583,125,16591583,447059
1,2814,47.621687875000013,0,70333,41,16776084,418381
1,2815,47.638329958000007,0,71458,83,16695209,431943
1,2816,47.673169458000011,0,81875,42,16302625,418233
1,2817,47.674879167000007,4181333,18055125,84,19921375,148913
1,2818,47.691313583,0,73417,42,16780500,418181
1,2819,47.707893917000014,0,73125,41,16480875,431943
1,2820,47.724539042000011,0,81959,83,16704375,432143
1,2821,47.741561875000009,0,72458,42,16989875,445705
1,2822,47.757857375000007,0,78625,0,16284083,419535
1,2823,47.774688125000004,0,70583,42,16903333,445705
1,2824,47.791226667000011,0,73041,41,16488625,431943
1,2825,47.80820829200001,0,70834,0,16895500,431943
1,2826,47.824650667000007,0,77458,42,16479459,432143
1,2827,47.84143825,0,76833,41,16807375,431995
1,2828,47.858048542000013,0,82458,41,16493042,431943
1,2829,47.874679167000004,0,86625,42,16697667,431943
1,2830,47.908523542000005,0,78334,42,16685750,431943
1,2831,47.910685917,3837458,16883083,83,18545834,148913
1,2832,47.926653333000012,0,63375,42,16746791,405973
1,2833,47.943053583000015,0,73125,41,16385917,418181
1,2834,47.959746417000012,0,74458,41,16602000,431943
1,2835,47.976446417000012,0,80375,0,16795125,431943
1,2836,47.993285042000004,0,73792,41,16792209,445705
1,2837,48.00997704200001,0,71750,41,16586959,431943
1,2838,48.026502333,0,77125,42,16609667,418381
1,2839,48.043175042000009,0,74875,42,16674166,431995
1,2840,48.05979870800001,0,73875,83,16595875,431943
1,2841,48.076639375000006,0,72208,41,16803583,433297
1,2842,48.093409500000014,0,93292,84,16800958,431943
1,2843,48.109889583000005,0,75083,42,16383542,418181
1,2844,48.126439083000015,0,80542,84,16598167,432143
1,2845,48.161438917000005,0,70959,41,16690041,431943
1,2846,48.162843875000014,4102000,18080375,42,19748375,148913
1,2847,48.179586292,0,53875,42,16844458,431943
1,2848,48.196440333000005,0,69833,42,16712917,445705
1,2849,48.213311417000007,0,78292,42,16868916,433497
1,2850,48.229846125,0,78250,42,16598125,431943
1,2851,48.24630100000001,0,70375,42,16410500,431995
1,2852,48.262793583000011,0,95084,41,16582250,431943
1,2853,48.279729583000012,0,69917,42,16886625,445705
1,2854,48.296186458000015,0,76375,0,16406125,431943
1,2855,48.312680875000005,0,74375,41,16592583,432143
1,2856,48.329591708,0,69583,167,16891083,445705
1,2857,48.346149375,0,68042,41,16490584,431943
1,2858,48.362922458000007,0,74875,42,16503208,426267
1,2859,48.379520875000004,0,71625,42,16886417,438973
1,2860,48.414843542000007,0,72083,41,16890042,445705
1,2861,48.416339500000014,4189166,18144875,41,19772125,149113
1,2862,48.432909667000011,0,50833,125,16730167,418181
1,2863,48.449396458,0,75083,0,16488125,431995
1,2864,48.466229583000008,0,69500,41,16784750,445705
1,2865,48.482966458000014,0,72917,42,16696250,431943
1,2866,48.499582333000014,0,79875,83,16503417,431943
1,2867,48.516162958,0,79458,0,16584000,419735
1,2868,48.532580292000013,0,79791,41,16517250,418181
1,2869,48.549257583000006,0,72750,42,16674458,431943
1,2870,48.56579150000001,0,69250,167,16608500,431943
1,2871,48.582888375,0,69792,41,17089042,459467
1,2872,48.59969262500001,0,72875,41,16691625,431943
1,2873,48.616317875000014,0,70291,0,16699750,432143
1,2874,48.63268041700001,0,74208,42,16293250,431943
1,2875,48.666629958000009,0,73583,125,16691208,445757
1,2876,48.668563792000008,3834542,17032917,0,18626458,148913
1,2877,48.684961250000008,0,49542,42,16954292,460821
1,2878,48.701396875000007,0,81375,42,16386583,431943
1,2879,48.718002500000004,0,71917,42,16535208,432143
1,2880,48.734930125000012,0,89458,0,17087333,473229
1,2881,48.751337542000009,0,73292,42,16367667,445705
1,2882,48.768084750000007,0,71209,42,16695459,445705
1,2883,48.784812042000006,0,73209,0,16792000,445705
1,2884,48.80168062500001,0,71041,0,16820708,445705
1,2885,48.818723333,0,72625,0,16570041,445905
1,2886,48.83467550000001,0,73416,167,16488083,447059
1,2887,48.851666875000014,0,67458,41,16938500,445757
1,2888,48.868011917000011,0,73000,41,16351750,431943
1,2889,48.884846125,0,72042,41,16779458,459467
1,2890,48.919258167,0,126458,42,16697083,445705
1,2891,48.920671833000007,3812625,17418291,42,19085833,149113
1,2892,48.937304417000014,0,52166,41,16715000,445705
1,2893,48.953767000000006,0,68042,0,16480500,445705
1,2894,48.970296208000015,0,68000,41,16508666,447059
1,2895,48.987217458000011,0,69250,42,16889167,445705
1,2896,49.003892875000012,0,72791,41,16697417,459467
1,2897,49.020716750000012,0,68875,0,16796541,445905
1,2898,49.037119208000014,0,80917,42,16397125,431943
1,2899,49.053880667000008,0,68417,41,16791584,473281
1,2900,49.070157958,0,68667,208,16297958,445705
1,2901,49.087178667000011,0,66500,209,16990542,459467
1,2902,49.103620208,0,71792,42,16393250,473229
1,2903,49.120581125000008,0,67500,83,16995500,461021
1,2904,49.137215083000008,0,67792,42,16607916,459467
1,2905,49.171682583000013,0,70125,83,16783875,459467
1,2906,49.173053333000006,4089291,17392959,42,18989583,148913
1,2907,49.189435958000011,0,48041,83,16480125,445705
1,2908,49.206048708000004,0,67833,42,16508333,445705
1,2909,49.222805833,0,71917,42,16792708,445905
1,2910,49.239321125000011,0,76417,0,16502166,459467
1,2911,49.256296208,0,85084,83,16992500,473281
1,2912,49.273073625,0,73250,41,16699917,447059
1,2913,49.289632000000005,0,76000,42,16581125,459467
1,2914,49.306253042,0,76750,83,16603000,459467
1,2915,49.323045708,0,74000,0,16792541,459667
1,2916,49.339668958000011,0,82125,42,16594250,445705
1,2917,49.3562645,0,77542,42,16695375,431943
1,2918,49.372662792000007,0,73542,41,16402875,473229
1,2919,49.406712875000004,0,71542,42,16677000,486991
1,2920,49.408099625000013,3942375,17076500,41,18546292,148913
1,2921,49.424786458000007,0,49083,166,16832333,447259
1,2922,49.441139792000008,0,82583,41,16310333,459519
1,2923,49.458142542000012,0,79042,41,16991416,473229
1,2924,49.474472375000012,0,72041,42,16290083,444133
1,2925,49.491529125000007,0,71500,41,17081584,431943
1,2926,49.508133667,0,72292,42,16513959,418181
1,2927,49.524832792000005,0,80208,41,16685917,432143
1,2928,49.541332292000014,0,75375,0,16601333,431943
1,2929,49.55793533300001,0,72917,42,16498000,431943
1,2930,49.574554917000007,0,70334,0,16688667,419535
1,2931,49.591118750000014,0,74250,42,16600500,431943
1,2932,49.608073792000006,0,71541,42,16889708,445705
1,2933,49.624664750000015,0,76167,41,16484833,432143
1,2934,49.659573875000014,0,86542,0,16891792,431995
1,2935,49.661057583000009,4102584,17812458,41,19490417,148913
1,2936,49.677326875000013,0,51416,125,16406291,418181
1,2937,49.694148542000015,0,70500,84,16788958,445705
1,2938,49.710560417,0,67041,42,16495209,432143
1,2939,49.727314500000013,0,67958,42,16698416,433297
1,2940,49.744069542000013,0,71417,42,16796583,459467
1,2941,49.760595917000011,0,67750,41,16494209,459467
1,2942,49.777335750000013,0,73458,84,16691042,445705
1,2943,49.794055375000006,0,77084,42,16693375,431943
1,2944,49.810787417000007,0,70375,42,16796833,445905
1,2945,49.827595500000008,0,70875,41,16795583,445705
1,2946,49.8440385,0,71917,0,16494125,445757
1,2947,49.860716708000005,0,68667,42,16597333,308085
1,2948,49.876986708000011,0,67292,125,16032792,144295
1,2949,49.929978625000011,0,83833,42,31549959,129179
1,2950,49.931655167000009,5029041,20858375,41,23011833,149113
1,2951,49.933727208000015,0,63042,41,2354709,32845
1,2952,49.950483250000012,0,60833,125,16822250,431943
1,2953,49.967215083000006,0,74833,42,16691000,431943
1,2954,49.984025583000012,0,78500,0,16701875,431943
1,2955,50.000651167000008,0,81125,84,16680000,431943
1,2956,50.017120208,0,70125,42,16497542,432143
1,2957,50.033834583000008,0,75625,83,16690250,433297
1,2958,50.050483542,0,76166,41,16702209,431995
1,2959,50.067723792,0,73041,42,16931667,445705
1,2960,50.084141042000006,0,74917,42,16671750,431943
1,2961,50.100693875000012,0,73459,0,16487917,431943
1,2962,50.117098417000015,0,77792,83,16476833,432143
1,2963,50.133891125000012,0,70000,83,16804584,445705
1,2964,50.168649042000006,0,69541,0,16574083,431943
1,2965,50.170088708,4068333,17933375,41,19440417,148913
1,2966,50.186630625000014,0,56208,42,16567167,392011
1,2967,50.203533917000009,0,76542,41,16890875,431943
1,2968,50.220002708,0,79333,41,16594708,418381
1,2969,50.236838292000009,0,74250,42,16695083,431943
1,2970,50.253522583000013,0,74584,41,16789167,418233
1,2971,50.270259833000004,0,75167,250,16688000,431943
1,2972,50.286626958000006,0,72917,0,16299875,418181
1,2973,50.303752833000011,0,77958,0,16893500,431943
1,2974,50.320105958000006,0,86666,83,16590541,418381
1,2975,50.336864917000007,0,79167,0,16795917,433297
1,2976,50.353490167000011,0,76708,83,16699375,431943
1,2977,50.370369917000012,0,70833,42,16780958,445705
1,2978,50.386727667000009,0,77083,84,16403459,418221
1,2979,50.422123917000015,0,73709,42,16993375,445705
1,2980,50.423609500000005,4145333,18006959,42,19762959,149113
1,2981,50.440181042000013,0,57792,125,16529500,418181
1,2982,50.456558042000005,0,76958,42,16481250,431995
1,2983,50.473654708000005,0,72958,42,16705167,398743
1,2984,50.490025917000004,0,85875,42,16796542,432289
1,2985,50.507021208000005,0,74500,83,16699250,431943
1,2986,50.523468333000004,0,95791,42,16774000,445905
1,2987,50.539880792000012,0,67375,42,16390458,431943
1,2988,50.556546958000006,0,72375,166,16609583,431943
1,2989,50.573294667000006,0,77958,42,16785709,431943
1,2990,50.589826042000006,0,69834,41,16400917,431943
1,2991,50.606733750000011,0,74167,42,16980125,431943
1,2992,50.623794750000009,0,72334,41,16693458,426467
1,2993,50.658320333000013,0,68875,42,16702792,432289
1,2994,50.659891208000012,4104166,17819084,41,19550292,149463
1,2995,50.676548208000007,0,62875,42,16717333,418679
1,2996,50.693107000000005,0,93500,42,16618166,432389
1,2997,50.709759583000015,0,76708,42,16580667,446151
1,2998,50.726221,0,75250,84,16499083,432589
1,2999,50.742690667000012,0,82667,42,16483584,432389
1,3000,50.759458208000005,0,79541,84,16712792,432389
1,3001,50.776495417000014,0,77167,42,17083584,433743
1,3002,50.792805250000008,0,77500,42,16358250,432389
1,3003,50.809397000000011,0,74167,42,16509959,432389
1,3004,50.825916375000013,0,79375,42,16588583,432589
1,3005,50.842857167000012,0,78625,83,16923250,446151
1,3006,50.859739708000014,0,77500,41,16888542,432389
1,3007,50.876101500000011,0,79209,42,16250917,432441
2,3009,50.919561583000011,0,0,0,0,0
2,3010,50.920952958000008,59167,2054625,0,11374625,723068
2,3011,50.94291362500001,0,60667,83,21889333,557473
2,3012,50.959729333000006,0,86917,41,16830583,432261
2,3013,50.976082792000007,0,82542,41,16420584,432261
2,3014,50.993271083,0,83584,42,17072291,446023
2,3015,51.009728167000013,0,83625,42,16483250,432261
2,3016,51.025964417000004,0,76375,83,16297834,432461
2,3017,51.042778917000014,0,74084,0,16819208,446023
2,3018,51.059673917000005,0,75917,0,16867333,446023
2,3019,51.075930125000006,0,79375,41,16248834,419905
2,3020,51.092997417000014,0,76291,42,17041333,446023
2,3021,51.109740083000013,0,107125,0,16698250,446023
2,3022,51.126023958000012,0,115125,41,16308291,432461
2,3023,51.142932167000005,0,77834,41,16981750,446023
2,3024,51.159552958000013,0,72167,42,16596000,446023
2,3025,51.179541875000005,0,77834,41,16410917,432261
2,3026,51.193107250000004,63209,2000583,42,17087334,483893
2,3027,51.209406667,0,96250,42,16257125,432389
2,3028,51.226235375000009,0,71083,0,16894875,433943
2,3029,51.242995750000013,0,78500,42,16724417,446151
2,3030,51.259436000000015,0,104000,125,16430958,432389
2,3031,51.276107,0,76083,0,16689833,459965
2,3032,51.292627875000015,0,76000,42,16582000,459913
2,3033,51.309373708,0,75083,42,16648667,446151
2,3034,51.326242750000013,0,75500,41,16866500,460113
2,3035,51.342774208,0,77083,41,16569292,432389
2,3036,51.35974120800001,0,78750,42,16861333,446151
2,3037,51.375917417000004,0,119042,42,16263833,433743
2,3038,51.3928105,0,75583,42,16889917,459913
2,3039,51.411843167000008,0,75291,42,16829500,446151
2,3040,51.425937667000007,58208,2048833,42,16299000,369867
2,3041,51.442957917000008,0,75250,41,16998125,446023
2,3042,51.459496375000008,0,82500,42,16512167,432261
2,3043,51.47635433300001,0,79500,41,16868375,446075
2,3044,51.492635875000012,0,78291,41,16304834,446023
2,3045,51.509453375000014,0,75416,167,16723417,459785
2,3046,51.525969958000012,0,73584,84,16531250,433815
2,3047,51.542747333000015,0,76333,42,16816791,446023
2,3048,51.559753500000006,0,77375,41,16892417,459785
2,3049,51.576184083000008,0,85875,41,16502917,473547
2,3050,51.592926208,0,80291,42,16784666,459785
2,3051,51.609662500000006,0,71292,84,16699458,473547
2,3052,51.626145958,0,74667,83,16494375,446223
2,3053,51.642976583000014,0,73250,42,16784416,459785
2,3054,51.661827167000006,0,105417,42,16689083,473547
2,3055,51.676184083,68917,2153042,42,16539792,385495
2,3056,51.692763708000008,0,73334,42,16569959,446151
2,3057,51.709500833000014,0,75750,41,16692541,446151
2,3058,51.72593220800001,0,76417,41,16508167,446351
2,3059,51.742910458000004,0,72291,42,16960209,487437
2,3060,51.759559458000005,0,77667,41,16574084,446151
2,3061,51.776033542000015,0,80042,41,16487042,446151
2,3062,51.792938083,0,82000,42,16928333,446151
2,3063,51.809528292,0,111375,42,16537833,432389
2,3064,51.826037042,0,80709,42,16168166,454437
2,3065,51.842783208000007,0,72792,42,17142875,453181
2,3066,51.859725417000014,0,75667,42,16820750,459913
2,3067,51.875925917000011,0,143667,0,16288666,432441
2,3068,51.892686708000006,0,75416,41,16748167,446151
2,3069,51.912248292000008,0,78458,42,17299084,459913
2,3070,51.926281917000004,58584,2156042,42,16252541,399145
2,3071,51.943038500000007,0,81875,41,16804167,473547
2,3072,51.959641167000008,0,92792,41,16587500,473547
2,3073,51.976255333000005,0,79959,42,16376333,426585
2,3074,51.992999958000006,0,76250,0,16900417,466815
2,3075,52.00961116700001,0,82708,42,16577458,432261
2,3076,52.026220625000015,0,78458,0,16640375,432461
2,3077,52.042823708000007,0,84500,42,16462125,432261
2,3078,52.059558625000015,0,90292,0,16724500,432261
2,3079,52.076254208,0,98667,0,16822709,432313
2,3080,52.092728333000004,0,87333,41,16503958,432261
2,3081,52.109929292000011,0,82000,42,16748666,432261
2,3082,52.126481958000007,0,96833,41,16586917,413023
2,3083,52.142952167000011,0,81083,0,16882500,446369
2,3084,52.159531000000008,0,79625,41,16480000,432261
2,3085,52.178751375000012,0,81917,0,16993250,432261
2,3086,52.192878917000009,67791,2158084,41,16382958,357263
2,3087,52.209605833000005,0,78000,41,16697083,432389
2,3088,52.226234042000009,0,82417,83,16659000,432589
2,3089,52.242772583000011,0,78083,41,16601542,432389
2,3090,52.259699333000007,0,76292,0,16841292,446151
2,3091,52.276334417000008,0,98542,83,16413625,426765
2,3092,52.292790292000014,0,81958,83,16683709,466943
2,3093,52.309719000000008,0,78959,84,16894083,473675
2,3094,52.326139167000015,0,78667,83,16497541,432589
2,3095,52.342592958000004,0,82583,83,16411125,432389
2,3096,52.359397750000007,0,75084,42,16798834,446151
2,3097,52.376180083000015,0,79625,41,16784042,446151
2,3098,52.392547500000013,0,77250,125,16378708,432389
2,3099,52.409581708000012,0,74250,0,16900500,446151
2,3100,52.429149542000012,0,89208,41,16978458,440675
2,3101,52.443171125000013,53958,2288625,83,16605459,378125
2,3102,52.459354250000011,0,96417,0,16170708,418499
2,3103,52.476564333000006,0,84625,83,17200167,432313
2,3104,52.492682083000012,0,91291,0,16114875,418499
2,3105,52.509454000000012,0,83834,84,16771625,446023
2,3106,52.526101875,0,82334,41,16701208,432461
2,3107,52.543076167,0,80500,42,17006208,432261
2,3108,52.559400958000005,0,82000,42,16318250,432261
2,3109,52.577108792000011,0,77917,41,17465209,467871
2,3110,52.592968750000004,0,78625,0,16090250,411767
2,3111,52.609392167,0,78417,42,16332083,418499
2,3112,52.626383208000014,0,76250,42,17062834,446223
2,3113,52.642630583000006,0,89666,42,16278500,432261
2,3114,52.662719792000011,0,76500,42,17112125,446023
2,3115,52.676250958000004,79625,2610292,41,16470583,371935
2,3116,52.692708125,0,77167,41,16399208,418627
2,3117,52.709432500000013,0,79167,0,16691417,432389
2,3118,52.726898583000015,0,76583,0,17002917,446351
2,3119,52.742619958000013,0,83042,41,16188292,419981
2,3120,52.759517917000004,0,81375,41,16887291,446151
2,3121,52.776021625000006,0,80292,41,16542000,432389
2,3122,52.792933333000015,0,80875,42,16951125,459913
2,3123,52.809389333000006,0,92542,41,16337750,446151
2,3124,52.82642975000001,0,80625,84,17175375,460113
2,3125,52.842944208000013,0,76042,42,16479333,432389
2,3126,52.859703667000012,0,76166,41,16466125,446151
2,3127,52.876909417000014,0,95125,42,16928750,432441
2,3128,52.893109083000006,0,84250,0,16677500,433743
2,3129,52.909495083,0,127167,42,16413333,432389
2,3130,52.928697708000009,0,77459,41,16881083,432589
2,3131,52.942898042,52792,2289166,42,16498083,385363
2,3132,52.959770208,0,82542,42,16897875,446023
2,3133,52.976134417000004,0,78416,42,16334625,432261
2,3134,52.993063708000015,0,80958,41,16955083,432261
2,3135,53.009533500000011,0,84542,42,16386458,432261
2,3136,53.026274792,0,82458,42,16780458,432461
2,3137,53.043049292000013,0,78625,42,16705291,433615
2,3138,53.059434292000013,0,82166,41,16402375,432261
2,3139,53.076003667,0,81750,0,16581125,446075
2,3140,53.092695417000009,0,78125,42,16741459,446023
2,3141,53.10950900000001,0,81458,41,16753250,459785
2,3142,53.126067250000013,0,77667,42,16545000,432461
2,3143,53.142963167000012,0,78416,41,16935916,446023
2,3144,53.159388208,0,77542,0,16408875,432261
2,3145,53.178851292000012,0,80167,41,16874791,459785
2,3146,53.192962292000011,75667,2327542,0,16704292,375791
2,3147,53.209519250000007,0,76250,42,16493583,446151
2,3148,53.226083417000005,0,74125,42,16613041,446351
2,3149,53.243081292000006,0,78083,41,16977625,446151
2,3150,53.259717292000012,0,88416,41,16601583,446151
2,3151,53.275917875000012,0,89500,42,16241875,432441
2,3152,53.292708167000008,0,76166,125,16841875,446151
2,3153,53.309837667000004,0,75708,42,16898792,432389
2,3154,53.326291333000007,0,126500,42,16577666,432589
2,3155,53.342826208000012,0,101625,0,16582750,433743
2,3156,53.359631167000011,0,76167,42,16696708,446151
2,3157,53.37625962500001,0,87750,83,16695333,432389
2,3158,53.393140708000011,0,77084,41,16799542,432429
2,3159,53.412064375000007,0,82416,42,16600750,432389
2,3160,53.426575125000006,60833,2263125,42,16798917,400631
2,3161,53.442975583000013,0,125917,0,16492500,432261
2,3162,53.45939400000001,0,78750,42,16397833,432261
2,3163,53.476407667000011,0,79708,41,16994584,446075
2,3164,53.493090667000011,0,98584,42,16698833,447377
2,3165,53.509497958000004,0,78125,0,16386625,432261
2,3166,53.526151750000004,0,81000,83,16666125,432461
2,3167,53.542923625000007,0,81458,83,16829417,446023
2,3168,53.559319792000004,0,72208,42,16321917,432261
2,3169,53.576078292000012,0,79875,42,16769083,446023
2,3170,53.592785667000008,0,79333,42,16723042,446023
2,3171,53.609510958000008,0,78000,41,16684292,459785
2,3172,53.626031583000007,0,81292,42,16527709,446223
2,3173,53.642962583000006,0,79292,42,16934541,447377
2,3174,53.662049167000013,0,78459,42,16691416,446023
2,3175,53.676259625000007,94542,2395750,41,16584875,387157
2,3176,53.692652375,0,76291,42,16420375,432389
2,3177,53.709492708000006,0,77042,0,16788125,446151
2,3178,53.726381708000012,0,78375,42,16892708,446351
2,3179,53.743071625000006,0,129708,0,16693750,446151
2,3180,53.75938870800001,0,129875,42,16277291,432389
2,3181,53.776429375000014,0,72334,0,17012083,446151
2,3182,53.792723625000015,0,83750,42,16405459,419981
2,3183,53.809527417000005,0,75583,0,16670833,473675
2,3184,53.826258292000013,0,75750,42,16791584,432589
2,3185,53.842796958000015,0,73959,42,16517125,432389
2,3186,53.859279500000007,0,91917,41,16503166,432389
2,3187,53.876048458000007,0,74750,41,16784750,446203
2,3188,53.892733333,0,78292,42,16679667,446151
2,3189,53.909477083000006,0,77750,41,16706000,446151
2,3190,53.92845387500001,0,74750,0,16596125,432589
2,3191,53.942736667000013,56333,2383583,42,16695458,374767
2,3192,53.959694542000015,0,79375,42,16887459,459785
2,3193,53.976031917000007,0,76417,42,16351084,432261
2,3194,53.993105250000006,0,78709,41,17025292,446023
2,3195,54.009557000000008,0,104625,42,16398250,432261
2,3196,54.026027917000015,0,77875,42,16535291,446223
2,3197,54.043044458000004,0,81834,42,17053833,446023
2,3198,54.059409458000012,0,117541,42,16327209,446023
2,3199,54.076017125000014,0,80417,42,16558500,446075
2,3200,54.092736000000009,0,75666,0,16797458,433615
2,3201,54.109301375000008,0,74917,0,16512792,459785
2,3202,54.12607545800001,0,70000,41,16800167,446223
2,3203,54.143021125000011,0,81959,42,16864667,459785
2,3204,54.15939108300001,0,114000,41,16399250,432261
2,3205,54.17881725,0,80334,42,16889041,446023
2,3206,54.19270108300001,62500,2400209,42,16421750,373849
2,3207,54.20954745800001,0,80167,42,16779208,459913
2,3208,54.226268333000014,0,81917,42,16779709,432589
2,3209,54.243023625000014,0,78500,42,16810334,433743
2,3210,54.259424958000004,0,75291,42,16278000,446151
2,3211,54.276119167000012,0,84167,42,16719208,432441
2,3212,54.292956750000009,0,79417,42,16859166,459913
2,3213,54.309399458000009,0,138875,0,16432500,446151
2,3214,54.326175000000013,0,79333,41,16743250,446351
2,3215,54.342911542,0,78834,0,16805208,446151
2,3216,54.3596415,0,82542,42,16712000,459913
2,3217,54.376293542000006,0,81166,42,16691084,459913
2,3218,54.393183625000013,0,76750,42,16711166,461267
2,3219,54.409519458000013,0,85166,125,16469084,446151
2,3220,54.428618375000006,0,78292,42,16686375,460113
2,3221,54.443030167000011,51792,2305333,42,16810209,373919
2,3222,54.459295083000008,0,79334,42,16222583,418499
2,3223,54.476233042000011,0,81833,83,16829417,446075
2,3224,54.492797375,0,98208,83,16699208,432261
2,3225,54.509476583000016,0,79709,0,16653458,432261
2,3226,54.526301917000005,0,80167,0,16864459,446223
2,3227,54.542927375000012,0,76166,41,16590583,433615
2,3228,54.559457792000011,0,79666,0,16553041,432261
2,3229,54.575959625,0,81666,0,16389625,459785
2,3230,54.592967125000008,0,77334,42,17034542,446023
2,3231,54.609502000000013,0,80666,0,16464167,418499
2,3232,54.626198333000012,0,80709,0,16663208,432461
2,3233,54.643214667,0,81333,42,16961959,432261
2,3234,54.662177583000009,0,119416,42,16598333,432261
2,3235,54.676332083000013,89459,2514292,83,16592917,375015
2,3236,54.693095750000005,0,123375,84,16691083,433743
2,3237,54.709381917000009,0,137667,41,16346250,432389
2,3238,54.726038958000011,0,78292,42,16737625,446351
2,3239,54.743062083000005,0,73791,0,16897750,446151
2,3240,54.759454125000012,0,72709,42,16505834,446151
2,3241,54.776299167000012,0,78500,41,16798667,446151
2,3242,54.792759083000014,0,77500,42,16493459,432389
2,3243,54.809700125000013,0,78541,0,16892833,446151
2,3244,54.826375875000004,0,142291,41,16689750,446351
2,3245,54.842988917000007,0,78833,83,16593250,433743
2,3246,54.859403250000007,0,101209,41,16423625,432389
2,3247,54.876363292000015,0,76416,42,16972333,446203
2,3248,54.893081708000004,0,77084,41,16499791,432389
2,3249,54.912435042000006,0,105458,83,16782458,418627
2,3250,54.926500333000014,55667,2607042,42,16702250,374625
2,3251,54.943003833000013,0,110958,0,16570709,432261
2,3252,54.959711542000015,0,135125,0,16703667,446023
2,3253,54.976287708000008,0,141208,42,16591041,432261
2,3254,54.992929792000005,0,84000,41,16702750,433615
2,3255,55.009777000000007,0,79666,83,16694250,446023
2,3256,55.026352875000008,0,79334,42,16691167,432461
2,3257,55.042938750000012,0,114458,42,16604458,432261
2,3258,55.058919917000004,0,83083,83,15886875,170783
2,3259,55.076475750000007,0,90083,41,17407916,143311
2,3260,55.101089083000012,0,102875,41,24329917,74449
2,3261,55.109703458000006,0,116875,0,8895167,184745
2,3262,55.126252125000015,0,92500,0,16735125,404737
2,3263,55.143103542000013,0,77167,0,16800500,433615
2,3264,55.159424167000005,0,80000,42,16292292,418499
2,3265,55.179108833000008,0,79667,83,17099458,432261
2,3266,55.19280662500001,61750,2617250,41,16308541,347417
2,3267,55.209796000000004,0,78958,84,16876250,432389
2,3268,55.226580333000008,0,81791,41,16800458,418827
2,3269,55.243067292000013,0,93834,42,16484417,418627
2,3270,55.259530417000015,0,84583,0,16580208,432389
2,3271,55.27619316700001,0,82833,41,16578250,432441
2,3272,55.292922375000011,0,79792,41,16682333,419981
2,3273,55.309605042000008,0,88292,42,16715375,432389
2,3274,55.326160208000012,0,80709,0,16581709,432589
2,3275,55.343040833000011,0,81084,41,16913125,432389
2,3276,55.359443917000014,0,83709,42,16342084,418627
2,3277,55.376441958000008,0,82292,84,16989750,446151
2,3278,55.393120292000013,0,79208,208,16565708,418627
2,3279,55.409836292000016,0,98000,42,16534958,418627
2,3280,55.428732042000014,0,107500,42,16863459,432589
2,3281,55.443066500000008,56417,2419084,41,16664875,403809
2,3282,55.459598750000005,0,92000,83,16504208,446023
2,3283,55.476060292000007,0,84125,42,16450542,432313
2,3284,55.4927075,0,87125,84,16670708,446023
2,3285,55.509714667000004,0,80334,0,16875083,446023
2,3286,55.526191000000004,0,84458,0,16565125,432461
2,3287,55.543056375000013,0,85042,83,16915917,446023
2,3288,55.55942325,0,82291,42,16357625,432261
2,3289,55.576266292000007,0,78000,41,16829833,446023
2,3290,55.592748083000011,0,80250,83,16431334,433615
2,3291,55.609804625,0,80292,42,16961209,446023
2,3292,55.626471208000005,0,86542,42,16683625,432461
2,3293,55.642672042000008,0,137500,41,16331834,432261
2,3294,55.659370542000012,0,80708,0,16654500,446023
2,3295,55.678731625000005,0,79792,41,16994583,446075
2,3296,55.692970042000006,62291,2352375,0,16580333,389129
2,3297,55.709759083000016,0,139708,42,16702500,446151
2,3298,55.726364542000006,0,94584,41,16692292,446351
2,3299,55.742947667,0,127500,42,16606792,433743
2,3300,55.759724917000007,0,80042,42,16683208,459913
2,3301,55.77646033300001,0,124208,42,16694167,432389
2,3302,55.793055875000015,0,121375,42,16693833,432389
2,3303,55.809789958,0,110917,0,16608667,446151
2,3304,55.826099667000015,0,78083,0,16370042,432589
2,3305,55.842785917000008,0,82542,42,16655583,446151
2,3306,55.859649208000015,0,80417,0,16957917,446151
2,3307,55.876270125000012,0,78167,0,16574667,446203
2,3308,55.893025625000014,0,80166,42,16705291,433743
2,3309,55.909540500000013,0,115166,41,16496458,432389
2,3310,55.928748000000006,0,77125,41,16881125,446351
2,3311,55.942721500000012,75333,2411375,42,16359292,378573
2,3312,55.959731667000007,0,81125,41,16940167,446023
2,3313,55.976097667000012,0,91833,42,16426500,432261
2,3314,55.993015958000008,0,85708,0,16974667,446023
2,3315,56.009602792,0,87000,0,16476125,432261
2,3316,56.026083875000005,0,82083,83,16522250,432461
2,3317,56.042883375000009,0,81875,42,16746709,433615
2,3318,56.059482250000009,0,89958,0,16597084,432261
2,3319,56.076064125000009,0,83792,42,16653208,446075
2,3320,56.093022792000006,0,81250,41,16939125,459785
2,3321,56.109392417,0,83375,41,16332125,432261
2,3322,56.126375167000013,0,84000,41,16962625,446223
2,3323,56.142806917000009,0,76750,0,16495000,446023
2,3324,56.159579083000004,0,77000,42,16696875,459785
2,3325,56.178689000000013,0,79458,42,16540333,446023
2,3326,56.192952500000011,63250,2560458,41,16851084,378795
2,3327,56.209656417000012,0,77875,0,16594250,432389
2,3328,56.226417625,0,80875,41,16908875,446351
2,3329,56.243108542000009,0,88333,42,16596125,446151
2,3330,56.259524417000016,0,82750,84,16479000,432389
2,3331,56.27630687500001,0,77917,42,16707375,459965
2,3332,56.292819417000011,0,116917,42,16525500,432389
2,3333,56.309488208000012,0,79459,42,16582083,446151
2,3334,56.326024958000012,0,85917,41,16598875,446351
2,3335,56.342809958000011,0,79250,41,16844625,447505
2,3336,56.359426250000006,0,77583,0,16557750,432389
2,3337,56.376400167000007,0,76000,84,16939917,459913
2,3338,56.392932208000012,0,107166,42,16594458,459953
2,3339,56.412444292000011,0,79209,41,16809084,446151
2,3340,56.426512917000004,60792,2538250,0,16689833,377711
2,3341,56.442962500000014,0,97208,42,16485792,446023
2,3342,56.459548292000015,0,82084,42,16593667,446023
2,3343,56.476337792,0,73291,42,16781209,446075
2,3344,56.493068625000014,0,84209,83,16716583,447377
2,3345,56.509637292000015,0,82917,0,16480500,432261
2,3346,56.526096625000015,0,76833,42,16553125,446223
2,3347,56.542943417000011,0,78292,83,16850916,446023
2,3348,56.559356458,0,78167,41,16411584,459785
2,3349,56.576365417000012,0,77917,41,16969625,446023
2,3350,56.592720875000005,0,79375,42,16395416,432261
2,3351,56.609625875000013,0,82917,41,16799875,446023
2,3352,56.626038250000015,0,143375,41,16516875,432461
2,3353,56.642866833000006,0,81042,42,16707459,447377
2,3354,56.662167208000007,0,78333,42,16834375,432261
2,3355,56.676454250000013,57791,2491459,42,16710500,391761
2,3356,56.692959542000004,0,84541,0,16578792,446151
2,3357,56.709397542000012,0,93459,41,16438709,446151
2,3358,56.726001542000013,0,75417,42,16662375,460113
2,3359,56.742824500000005,0,76833,42,16736041,446151
2,3360,56.759409083000016,0,79125,42,16593291,446151
2,3361,56.776556708000008,0,77500,0,17070042,446151
2,3362,56.792863875,0,140375,42,16313000,433743
2,3363,56.809659333000006,0,86875,0,16750666,459913
2,3364,56.826025125000008,0,80166,125,16495292,446351
2,3365,56.843065167000013,0,73000,42,16995959,501199
2,3366,56.859673792,0,82917,125,16613042,446151
2,3367,56.876260167000005,0,80959,83,16588250,487489
2,3368,56.893075292000013,0,83833,42,16785459,459913
2,3369,56.912363792000015,0,85625,42,16699417,459913
2,3370,56.926599167000013,60667,2461791,42,16697167,364455
2,3371,56.943020042000008,0,110583,42,16492500,419853
2,3372,56.959399500000011,0,77458,0,16349334,418499
2,3373,56.976389292000015,0,87292,42,17025083,446023
2,3374,56.992973083,0,117209,42,16608667,432261
2,3375,57.009453375000014,0,82959,42,16365375,432261
2,3376,57.026272375000012,0,83833,42,16916250,432461
2,3377,57.042990667000005,0,77167,41,16693083,446023
2,3378,57.059790625000012,0,83208,42,16808083,473547
2,3379,57.076102250000012,0,83417,0,16324458,432313
2,3380,57.09300441700001,0,83334,42,16862625,433615
2,3381,57.109643125000012,0,84333,41,16568292,432261
2,3382,57.126380292000015,0,86584,42,16803708,432461
2,3383,57.143104250000015,0,98250,83,16701291,446023
2,3384,57.162244167000004,0,93416,42,16587458,432261
2,3385,57.176473208000012,61416,2562292,42,16802542,405977
2,3386,57.192814083000009,0,88458,41,16372666,432389
2,3387,57.209592417,0,81625,166,16709042,459913
2,3388,57.226369417000008,0,134458,0,16806125,487637
2,3389,57.242906667000007,0,77083,42,16487791,433743
2,3390,57.259650917000009,0,80000,0,16800208,446151
2,3391,57.276239667000006,0,103000,0,16578083,459965
2,3392,57.292769333,0,79416,291,16539000,446151
2,3393,57.309556208000011,0,83458,83,16769084,459913
2,3394,57.326481292000004,0,81292,42,16890417,460113
2,3395,57.342796000000014,0,89708,42,16323417,432389
2,3396,57.359718042000004,0,105167,42,16861666,459913
2,3397,57.37617954200001,0,86000,0,16383291,432389
2,3398,57.392876917,0,98875,42,16906125,447505
2,3399,57.412316958000012,0,78375,42,16687958,446151
2,3400,57.426034417000004,54041,2538208,125,16322583,378723
2,3401,57.442880958000011,0,83667,0,16874667,432261
2,3402,57.459739792000015,0,103667,42,16894750,459785
2,3403,57.476386708000014,0,85791,41,16594167,446075
2,3404,57.492855000000013,0,83167,41,16474000,432261
2,3405,57.50945633300001,0,79542,41,16522292,432261
2,3406,57.526515458000013,0,80583,42,17085500,446223
2,3407,57.542681500000008,0,88625,42,16195584,433615
2,3408,57.559560333000015,0,80333,42,16879083,459785
2,3409,57.576130875000011,0,76459,42,16510375,432261
2,3410,57.593143583000007,0,83959,41,16988042,432261
2,3411,57.609551375,0,124875,0,16431458,432261
2,3412,57.626491167000005,0,84292,0,16845333,432461
2,3413,57.642987625000011,0,152333,0,16606208,418499
2,3414,57.662392000000004,0,86583,41,16800166,432261
2,3415,57.67602475,60208,2517166,42,16218667,365249
2,3416,57.692964750000009,0,76375,41,16944208,447505
2,3417,57.709752500000015,0,81625,41,16713916,446151
2,3418,57.726275667,0,146958,42,16583209,446351
2,3419,57.742718333000006,0,135750,0,16383375,432389
2,3420,57.759371917,0,83375,42,16713750,446151
2,3421,57.776430208000015,0,83459,83,16997834,446151
2,3422,57.793210167000005,0,85291,0,16412958,418627
2,3423,57.80957475,0,110208,42,16759708,432389
2,3424,57.826447500000008,0,73959,0,16804500,432589
2,3425,57.842960500000011,0,83541,42,16591834,433743
2,3426,57.859745417000006,0,77750,42,16795833,456515
2,3427,57.876302958000004,0,82250,42,16569458,459965
2,3428,57.892776125000005,0,78542,125,16348875,459913
2,3429,57.909478958000015,0,85375,0,16671541,432389
2,3430,57.928779667000008,0,81875,42,16631375,432589
2,3431,57.942937208000011,56250,2687416,41,16833666,379029
2,3432,57.959385083000008,0,86250,84,16461875,446023
2,3433,57.976320667,0,82541,84,17013709,459785
2,3434,57.992736583,0,106125,42,16317916,445421
2,3435,58.009486750000015,0,80000,0,16723833,446023
2,3436,58.026321708000005,0,85959,42,16854542,446223
2,3437,58.042944083,0,118084,0,16696542,432261
2,3438,58.059376708000009,0,78125,42,16350625,432261
2,3439,58.076462458000016,0,82459,84,17145625,459837
2,3440,58.092637667000012,0,80667,0,16206000,446023
2,3441,58.109399625000016,0,86833,41,16662375,446023
2,3442,58.126311000000008,0,76042,0,17016541,446223
2,3443,58.142970458000015,0,84292,41,16586459,433615
2,3444,58.162480583000011,0,80292,42,16791000,446023
2,3445,58.176343375000009,90375,2692125,166,16599000,379137
2,3446,58.193076958000013,0,78625,42,16697875,459913
2,3447,58.209933542000009,0,109417,42,16693292,446151
2,3448,58.22639679200001,0,89958,42,16582583,418827
2,3449,58.242674125000015,0,82666,41,16314833,446151
2,3450,58.25967725,0,77209,0,16866791,446151
2,3451,58.276397458000012,0,139584,42,16813250,446203
2,3452,58.29279154200001,0,81416,42,16303000,419981
2,3453,58.309423792000011,0,81042,42,16666500,432389
2,3454,58.326084542000011,0,78875,41,16735333,446351
2,3455,58.34294241700001,0,79875,84,16870125,473675
2,3456,58.359372458,0,106708,42,16377792,459913
2,3457,58.376169167000008,0,79292,41,16886750,446151
2,3458,58.392702833000008,0,79708,0,16458625,432389
2,3459,58.409565083000011,0,83042,42,16841500,446151
2,3460,58.429084708000012,0,80792,83,16903625,460113
2,3461,58.442660083000014,59291,2477792,42,16254042,366479
2,3462,58.459570583000009,0,77042,42,16823375,446023
2,3463,58.476392958000012,0,83125,42,16789708,446075
2,3464,58.492880958000008,0,120458,0,16502958,447167
2,3465,58.509717250000016,0,83042,42,16793583,446023
2,3466,58.526027792000015,0,118959,42,16360750,432461
2,3467,58.542961958000014,0,81583,42,16916667,459785
2,3468,58.559708750000006,0,134958,41,16706875,446023
2,3469,58.576041458000013,0,86417,0,16403917,432261
2,3470,58.592855250000007,0,79291,42,16791417,433615
2,3471,58.609843208000008,0,76875,42,16894375,446023
2,3472,58.62606970800001,0,82291,42,16255042,418699
2,3473,58.642849458000008,0,80625,42,16819833,432261
2,3474,58.662318375000005,0,151333,0,16900167,473547
2,3475,58.676330625000013,86625,2552709,42,16601750,394071
2,3476,58.69317654200001,0,85042,0,16797042,446151
2,3477,58.709737667000006,0,81208,0,16487000,432389
2,3478,58.72633612500001,0,84459,41,16681292,446351
2,3479,58.742894750000012,0,81292,42,16496458,447505
2,3480,58.759517958000011,0,145959,0,16691291,473675
2,3481,58.776226625000014,0,78750,42,16708042,446151
2,3482,58.793259750000011,0,76709,0,16810875,473675
2,3483,58.809687833000005,0,109167,41,16476875,432389
2,3484,58.826293375000013,0,136292,0,16772458,446351
2,3485,58.843141292000006,0,107250,42,16821625,459913
2,3486,58.859338417000011,0,79292,0,16131250,446151
2,3487,58.876257333000005,0,77125,167,16955958,459965
2,3488,58.892727292000011,0,104750,41,16473500,433743
2,3489,58.90964445800001,0,79375,42,16809042,459913
2,3490,58.92890829200001,0,94458,41,16790250,446351
2,3491,58.942881125000007,56083,2461167,42,16490209,378887
2,3492,58.959530625000006,0,130458,42,16703875,446023
2,3493,58.976094167000007,0,80083,83,16545917,446023
2,3494,58.992809000000015,0,78375,41,16736500,459785
2,3495,59.009371792,0,78667,125,16451959,446023
2,3496,59.026331500000005,0,78500,0,16943500,446223
2,3497,59.042993500000016,0,92167,42,16692541,461139
2,3498,59.059805000000004,0,93125,41,16787375,446023
2,3499,59.07634275,0,80875,41,16595000,446075
2,3500,59.093078083000016,0,131875,42,16613917,446023
2,3501,59.109664417000012,0,139250,0,16673541,446023
2,3502,59.126131042000004,0,81708,83,16462250,432461
2,3503,59.14296658300001,0,81333,42,16825416,446023
2,3504,59.159407125000008,0,80583,42,16467625,446023
2,3505,59.178734625000011,0,80167,42,16577292,446023
2,3506,59.192857417000006,64333,2605666,0,16834333,380491
2,3507,59.209851042000004,0,81334,42,16910625,459913
2,3508,59.226128292000006,0,84167,0,16370750,432589
2,3509,59.242856667000005,0,79417,41,16703834,446151
2,3510,59.25983079200001,0,86375,42,16897959,459913
2,3511,59.276393125000006,0,100958,0,16595959,459965
2,3512,59.293004625000016,0,79583,42,16699250,487437
2,3513,59.309449375000007,0,81792,42,16346375,446151
2,3514,59.326364000000005,0,79208,42,16942708,501399
2,3515,59.343150750000014,0,82959,0,16687875,447505
2,3516,59.359550792000014,0,86542,42,16497833,432389
2,3517,59.376461583000015,0,83000,41,16805250,418627
2,3518,59.393132042000012,0,95958,83,16685708,432429
2,3519,59.412347542000013,0,92542,42,16584167,432389
2,3520,59.426467750000008,88541,2533834,83,16694459,379087
2,3521,59.442883750000014,0,110500,41,16505250,432261
2,3522,59.459585667000006,0,84583,42,16474791,439392
2,3523,59.47636866700001,0,103375,0,17006458,472171
2,3524,59.492859083000006,0,82334,42,16494000,419763
2,3525,59.509491958000005,0,81125,42,16531250,446113
2,3526,59.526408000000011,0,81541,42,16963875,459985
2,3527,59.54296895800001,0,143500,41,16386916,432261
2,3528,59.55958179200001,0,100084,0,16791750,432261
2,3529,59.57611008300001,0,83292,42,16515750,432261
2,3530,59.592768000000014,0,81250,42,16616208,432261
2,3531,59.609389333,0,87875,42,16675291,459785
2,3532,59.626256625,0,86625,42,16858833,446223
2,3533,59.643148208000007,0,124542,0,16926333,447287
2,3534,59.662286292000012,0,88709,0,16574084,446113
2,3535,59.676133500000013,63708,2476708,42,16384084,392951
2,3536,59.692819167,0,79583,42,16695917,446151
2,3537,59.709621667000015,0,82916,83,16701791,446151
2,3538,59.726503708,0,143125,42,16900292,446351
2,3539,59.742660167000004,0,117375,42,16205125,459913
2,3540,59.759605375000014,0,77083,41,16868625,459913
2,3541,59.776405875000016,0,87417,41,16807833,432389
2,3542,59.793091917000005,0,85750,42,16481750,433653
2,3543,59.809872375000005,0,99750,83,16693750,460003
2,3544,59.826328750000009,0,106042,84,16711000,418827
2,3545,59.842943417000008,0,85834,0,16689042,432389
2,3546,59.859615333000015,0,79208,42,16588375,446151
2,3547,59.876040333000013,0,80875,84,16474750,446203
2,3548,59.892887875000007,0,78416,83,16809959,446151
2,3549,59.909434083000015,0,141583,42,16515750,432389
2,3550,59.929018917000015,0,80416,41,16879042,446351
2,3551,59.942938792000014,61209,2635125,84,16581833,366389
2,3552,59.959346667000013,0,92167,41,16497916,432351
2,3553,59.976275958000009,0,79750,41,16907917,446023
2,3554,59.992835458000009,0,80875,167,16506250,432261
2,3555,60.009590250000009,0,88791,41,16776666,446023
2,3556,60.026304667000012,0,129709,42,16689542,432461
2,3557,60.042986667000015,0,125583,41,16565708,418499
2,3558,60.059644375000012,0,93792,42,16702000,432261
2,3559,60.076412583000014,0,94416,41,16823333,432313
2,3560,60.092856167000015,0,138750,42,16247709,419763
2,3561,60.109775083000009,0,99958,0,16930708,432351
2,3562,60.126367917,0,87917,84,16681708,432461
2,3563,60.143139833000014,0,132042,41,16802542,446023
2,3564,60.159651292000014,0,112541,0,16491083,446023
2,3565,60.178866125000006,0,108083,42,16689125,432261
2,3566,60.192925708000011,74334,2531208,41,16711917,379137
2,3567,60.209568833000013,0,117833,208,16589375,432389
2,3568,60.226045625000005,0,84625,167,16441083,432589
2,3569,60.244326750000006,0,78833,42,17929375,178907
2,3570,60.260194250000005,0,83666,0,16027667,136745
2,3571,60.284536458000012,0,105667,41,24118042,74577
2,3572,60.293351125000008,0,87958,41,9065417,198487
2,3573,60.309509250000012,0,122000,42,16206666,404865
2,3574,60.326283542000006,0,90708,42,16871666,432589
2,3575,60.34300429200001,0,82208,42,16693333,459913
2,3576,60.359664125000016,0,126000,83,16684917,432389
2,3577,60.376336500000015,0,82833,83,16593417,446151
2,3578,60.393489583000012,0,142625,0,16891750,440385
2,3579,60.412304792000008,0,83667,208,16500959,439509
2,3580,60.426222500000016,55500,2470917,0,16484709,379087
2,3581,60.443057583000005,0,83375,41,16798500,446023
2,3582,60.459403667000011,0,147417,42,16463875,432261
2,3583,60.476285125000011,0,77916,42,16825959,446023
2,3584,60.4932195,0,98375,42,16903583,459837
2,3585,60.509789333000008,0,87416,41,16594750,432261
2,3586,60.526378167000011,0,80667,0,16597959,432461
2,3587,60.543635208000005,0,142125,42,16993250,454019
2,3588,60.559561250000009,0,87125,42,16186292,439381
2,3589,60.576026375000005,0,81542,42,16486583,446023
2,3590,60.59267229200001,0,79083,42,16620541,446023
2,3591,60.609396042000007,0,79833,42,16622167,432261
2,3592,60.626150375000016,0,82625,42,16839583,459985
2,3593,60.642854375000006,0,81958,41,16705292,459785
2,3594,60.659418667000004,0,130917,42,16507833,446023
2,3595,60.679203292000004,0,93000,42,16974291,446023
2,3596,60.693352708000013,66542,2646000,0,16595292,365427
2,3597,60.709455958000014,0,83084,41,16400458,433743
2,3598,60.726152792000015,0,83083,42,16778875,446351
2,3599,60.742744000000009,0,79833,84,16558542,432389
2,3600,60.759540417000004,0,82250,41,16692167,432389
2,3601,60.776180917000012,0,91583,42,16727958,432389
2,3602,60.792685583000015,0,86625,42,16537959,446151
2,3603,60.809835917000008,0,79917,42,17051083,446151
2,3604,60.82614837500001,0,84333,42,16396250,446351
2,3605,60.842651417000006,0,76458,83,16516208,432389
2,3606,60.859557500000015,0,76542,167,16673750,433743
2,3607,60.876326708000015,0,90750,42,16897709,432389
2,3608,60.893125875,0,114042,42,16807292,446203
2,3609,60.909672250000007,0,125541,83,16490125,432389
2,3610,60.928987708000015,0,146125,0,16788458,446351
2,3611,60.942644417000004,64833,2498917,83,16313167,378887
2,3612,60.959627083000008,0,80584,41,16776875,446023
2,3613,60.976010708000011,0,99792,42,16583875,446023
2,3614,60.993001792000008,0,78000,83,16898500,446023
2,3615,61.009780875000011,0,84750,167,16703375,433615
2,3616,61.026224667000015,0,92125,292,16490292,432461
2,3617,61.043053250000007,0,130083,42,16898959,446023
2,3618,61.059401500000014,0,87250,0,16313583,432261
2,3619,61.076309250000016,0,80708,0,16867583,446023
2,3620,61.09309170800001,0,89583,42,16684125,432313
2,3621,61.10964545800001,0,93958,42,16611666,432261
2,3622,61.126381083000005,0,129834,84,16790292,459985
2,3623,61.142956583000007,0,117083,42,16577667,446023
2,3624,61.159608375000012,0,118125,41,16609792,447377
2,3625,61.178992958,0,80375,42,16798791,446023
2,3626,61.192933625,66167,2565291,42,16569500,379137
2,3627,61.209850708000012,0,120542,83,16808334,446151
2,3628,61.226126333,0,87416,42,16389750,446351
2,3629,61.242859583000005,0,87750,42,16699875,459913
2,3630,61.259621750000015,0,88875,167,16785792,459913
2,3631,61.276104458000013,0,112250,42,16504833,446151
2,3632,61.292658417000005,0,77458,42,16519166,432441
2,3633,61.309523625000004,0,84417,0,16768583,447505
2,3634,61.326192333000016,0,81583,0,16692500,460113
2,3635,61.342680458000011,0,128208,42,16518583,432389
2,3636,61.359302417,0,89459,42,16691458,446151
2,3637,61.376322708000011,0,79167,42,16883833,446151
2,3638,61.39324270800001,0,89125,42,16899500,432389
2,3639,61.409516667000013,0,94292,0,16243334,418627
2,3640,61.429144833,0,85250,84,17034542,432589
2,3641,61.442973667000011,58000,2541709,42,16494250,378887
2,3642,61.459595250000014,0,115625,0,16489875,419853
2,3643,61.476011833000008,0,87209,41,16530083,432261
2,3644,61.492940458000014,0,85209,84,16958625,446075
2,3645,61.509579292000005,0,83209,125,16590500,446023
2,3646,61.526185667000014,0,86458,42,16607750,432461
2,3647,61.54324779200001,0,79375,83,16891917,446023
2,3648,61.559616833000014,0,90459,84,16493875,432261
2,3649,61.576170417000007,0,119542,41,16588958,432261
2,3650,61.592618208000012,0,82542,41,16514375,432261
2,3651,61.60937675,0,80084,41,16696916,447377
2,3652,61.626011292000008,0,80916,42,16615875,432461
2,3653,61.642621625000011,0,82458,42,16666042,446023
2,3654,61.65952879200001,0,80167,42,16870166,459785
2,3655,61.678782917000014,0,83750,42,16698583,446023
2,3656,61.693006875000016,61791,2499750,42,16698042,392951
2,3657,61.709494333,0,82041,42,16445459,432389
2,3658,61.726435208000005,0,82334,42,16936541,446351
2,3659,61.743288833000015,0,84708,0,16908708,446151
2,3660,61.759724958000014,0,92333,42,16493625,461267
2,3661,61.776314000000006,0,82625,0,16485834,459913
2,3662,61.793103292000005,0,131625,42,16802583,459913
2,3663,61.809671417000011,0,113750,42,16470917,459913
2,3664,61.826299542000008,0,85333,84,16794125,487637
2,3665,61.843158417000005,0,85667,42,16692959,446151
2,3666,61.859462292000011,0,92250,0,16487333,418627
2,3667,61.87644391700001,0,82291,42,16824708,446151
2,3668,61.892858458000013,0,88083,42,16472500,432441
2,3669,61.909655375000007,0,85042,41,16688834,433743
2,3670,61.929614000000008,0,82875,41,16828625,446351
2,3671,61.943111000000009,66208,2885250,42,16585666,351363
2,3672,61.959803167000011,0,89583,42,16779000,432261
2,3673,61.976407667000011,0,83834,83,16590500,459785
2,3674,61.993020625000007,0,136125,42,16501375,446023
2,3675,62.009702583000013,0,87625,42,16585292,432261
2,3676,62.026027458000009,0,100417,41,16499833,404937
2,3677,62.043022333,0,85958,41,16992291,446023
2,3678,62.059677208000004,0,88625,0,16691333,433615
2,3679,62.076185833000004,0,98166,42,16493917,432261
2,3680,62.09300708300001,0,80459,42,16906209,446075
2,3681,62.109865583000008,0,82375,0,16487750,432261
2,3682,62.126497417,0,154041,41,16892500,432461
2,3683,62.142988292000005,0,96125,42,16483792,432261
2,3684,62.162391667000016,0,83875,0,16718291,459785
2,3685,62.176372792,73875,2545625,41,16690083,392899
2,3686,62.193063083000006,0,85334,0,16690125,446151
2,3687,62.209530375000007,0,81917,42,16421750,419981
2,3688,62.226023667000014,0,78500,42,16509500,432589
2,3689,62.242772208000012,0,82042,42,16694625,446151
2,3690,62.25940412500001,0,77542,0,16649250,487437
2,3691,62.276587000000013,0,78542,42,16907500,432389
2,3692,62.292787917000005,0,115750,41,16383167,418679
2,3693,62.309776292,0,86250,83,17098417,446151
2,3694,62.326236292000011,0,80750,41,16479667,446351
2,3695,62.342813375000013,0,80834,42,16582708,446151
2,3696,62.359361333,0,80667,41,16490917,419981
2,3697,62.376354125000013,0,79750,0,17024208,446151
2,3698,62.393017750000006,0,80125,125,16692208,446191
2,3699,62.409519667000005,0,84416,42,16396958,446151
2,3700,62.428829750000013,0,81125,84,16782167,446351
2,3701,62.443040417000013,53875,2453625,0,16793500,378887
2,3702,62.459657833000016,0,82708,41,16603709,432261
2,3703,62.47627291700001,0,83291,0,16575084,432261
2,3704,62.492867583000013,0,143959,42,16594042,432313
2,3705,62.509559917000011,0,79167,41,16591958,419853
2,3706,62.526513708,0,84666,42,16908791,432461
2,3707,62.54293950000001,0,143875,0,16487750,432261
2,3708,62.559615250000014,0,88833,42,16702167,432261
2,3709,62.576401000000011,0,86458,42,16791917,432261
2,3710,62.592816292000016,0,86125,83,16455792,432261
2,3711,62.609653333000004,0,78167,0,16731416,446023
2,3712,62.626307333000007,0,89125,42,16699041,432461
2,3713,62.642662542000004,0,114291,0,16414416,432261
2,3714,62.662518167000009,0,82791,42,17064208,447377
2,3715,62.676329792000011,81334,2582084,42,16492375,365375
2,3716,62.693142417000011,0,121167,42,16698208,432441
2,3717,62.709876417000011,0,159500,41,16537292,418627
2,3718,62.72648825000001,0,96750,0,16951584,446351
2,3719,62.742985833000013,0,79625,42,16523292,432389
2,3720,62.759696167000008,0,82125,42,16670333,418627
2,3721,62.776487750000008,0,124334,42,16697417,418627
2,3722,62.792861458000012,0,95500,0,16525542,459913
2,3723,62.809838625000005,0,74042,41,16854041,447505
2,3724,62.826261792000004,0,77959,41,16496791,432589
2,3725,62.842686875000005,0,82583,41,16423083,432389
2,3726,62.859393292000014,0,81333,42,16706875,432389
2,3727,62.876654542000004,0,80041,42,16935500,459913
2,3728,62.892766875000014,0,156916,42,16353625,418679
2,3729,62.909369458000008,0,78458,41,16620459,432389
2,3730,62.928920042000009,0,83875,0,17014792,473875
2,3731,62.942970542000005,55416,2489167,41,16505000,378887
2,3732,62.959563375000009,0,112750,0,16679708,433615
2,3733,62.976475792000009,0,82875,42,16902542,446023
2,3734,62.992611833000005,0,86917,83,16223917,432261
2,3735,63.009541208000009,0,78833,0,16756375,446023
2,3736,63.026193708000015,0,137709,42,16699167,446223
2,3737,63.042713250000013,0,84833,42,16581583,446023
2,3738,63.059319333000012,0,77083,0,16575084,432261
2,3739,63.076168167000013,0,80458,41,16834750,446023
2,3740,63.092940750000004,0,125208,42,16686833,446075
2,3741,63.109697208000007,0,123667,41,16689750,447377
2,3742,63.126179875000012,0,99625,0,16509208,418699
2,3743,63.143244458000005,0,88167,250,17086083,446023
2,3744,63.15957966700001,0,87125,0,16378084,432261
2,3745,63.178821125000006,0,100125,42,16710625,459785
2,3746,63.192656292,91667,2555708,41,16401250,379137
2,3747,63.209735250000016,0,78625,42,16962875,446151
2,3748,63.226273625000012,0,83500,42,16597583,432589
2,3749,63.243014542000004,0,110417,42,16806833,446151
2,3750,63.259533042000008,0,80166,0,16488750,433743
2,3751,63.276412458,0,81791,42,16803125,446151
2,3752,63.293022375000014,0,110541,83,16713250,446203
2,3753,63.309713333000012,0,82584,41,16548083,446151
2,3754,63.326479333000016,0,83959,42,16818875,446351
2,3755,63.342858333,0,78083,41,16365000,432389
2,3756,63.359353583000008,0,109084,125,16494042,432389
2,3757,63.376247250000013,0,78000,84,16907917,446151
2,3758,63.393040167,0,80792,0,16802708,446151
2,3759,63.409413167000004,0,83084,42,16290375,433743
2,3760,63.428904042000006,0,82833,42,17001250,432589
2,3761,63.4428825,54333,2516791,42,16482334,392649
2,3762,63.45976575000001,0,94333,292,16911625,446023
2,3763,63.476510583000014,0,96750,41,16689500,446023
2,3764,63.492921500000016,0,84542,0,16474083,446075
2,3765,63.510073708000014,0,76208,41,16800709,446023
2,3766,63.526375167000005,0,139667,0,16586458,432461
2,3767,63.543167542000013,0,87833,42,16707000,459785
2,3768,63.559694708000016,0,89834,41,16592000,433615
2,3769,63.576289333000013,0,80750,83,16592500,446023
2,3770,63.592819417000008,0,129667,42,16597875,446023
2,3771,63.609875542000005,0,80209,42,16710542,446023
2,3772,63.62630058300001,0,172542,0,16673166,418699
2,3773,63.642665333000004,0,128625,0,16416750,432261
2,3774,63.662199500000007,0,82833,42,16966250,459785
2,3775,63.676153417000016,60750,2528833,42,16497916,392899
2,3776,63.692890583000015,0,118875,84,16706041,446203
2,3777,63.709631750000007,0,110000,0,16781709,447505
2,3778,63.726510958000013,0,76500,0,16796458,460113
2,3779,63.743035417000009,0,84708,42,16504333,446151
2,3780,63.759398792000006,0,85000,41,16476875,432389
2,3781,63.776421750000004,0,74750,208,17022375,459913
2,3782,63.793015917000012,0,79709,42,16463792,446151
2,3783,63.809663542,0,141958,42,16689750,459913
2,3784,63.826382833000004,0,79459,42,16692458,473875
2,3785,63.842967208000012,0,82000,0,16507375,446151
2,3786,63.859543250000009,0,110916,42,16697209,433743
2,3787,63.876327083000014,0,74667,83,16793125,459913
2,3788,63.892766417000011,0,112125,42,16386125,446203
2,3789,63.909455833,0,80000,42,16684917,459913
2,3790,63.929003458000004,0,78667,0,17013084,446351
2,3791,63.942864167,56375,2451542,42,16375834,378887
2,3792,63.959552833000011,0,81500,41,16696084,446023
2,3793,63.976355042000016,0,83167,83,16798917,446023
2,3794,63.992870958000005,0,82834,84,16500375,446023
2,3795,64.009529792000023,0,92250,0,16586583,447377
2,3796,64.026431667,0,88625,84,17011416,446223
2,3797,64.04288975,0,82000,42,16379416,432261
2,3798,64.059347833,0,136084,42,16466709,432261
2,3799,64.076172208,0,81041,42,16813167,473547
2,3800,64.092894917,0,128583,42,16708167,459837
2,3801,64.109669625000009,0,84209,84,16589583,446023
2,3802,64.126041042,0,101541,42,16526750,446223
2,3803,64.142880917000014,0,87250,42,16864584,446023
2,3804,64.159647,0,83042,83,16692875,433615
2,3805,64.178846792,0,125459,42,16579042,459785
2,3806,64.192933417,61541,2636708,83,16811709,406661
2,3807,64.209656708000011,0,77250,42,16696875,459913
2,3808,64.226153917,0,85417,42,16489000,473875
2,3809,64.24306337500002,0,82875,42,16900666,459913
2,3810,64.259532958000023,0,81209,42,16485542,446151
2,3811,64.276264083,0,77291,41,16597667,459913
2,3812,64.292679833000022,0,124916,42,16468500,418679
2,3813,64.309910292000012,0,81833,42,17122667,447505
2,3814,64.326295875,0,108083,41,16488792,418827
2,3815,64.342863958000009,0,82417,83,16488542,432389
2,3816,64.359779333,0,86750,42,16997000,446151
2,3817,64.376322500000015,0,89625,41,16592875,432389
2,3818,64.393102958000014,0,81792,42,16695166,391103
2,3819,64.409622458,0,84084,42,16498875,432389
2,3820,64.429028667000011,0,86167,84,16890166,446351
2,3821,64.443098958000007,55167,2521375,41,16590125,378887
2,3822,64.459426667,0,82458,42,16403834,419853
2,3823,64.476281667000023,0,84458,41,16775417,432261
2,3824,64.493169125000009,0,86584,0,16813584,446075
2,3825,64.509404417000013,0,84667,42,16263500,418499
2,3826,64.526334833000021,0,86209,83,16913958,432461
2,3827,64.54303841700002,0,78250,41,16717958,446023
2,3828,64.559475792,0,83125,83,16455291,446023
2,3829,64.576099208000016,0,82584,0,16554458,459785
2,3830,64.592827375000013,0,87250,42,16849000,446023
2,3831,64.6096,0,136125,0,16578541,447377
2,3832,64.626259125000018,0,89750,0,16814666,432461
2,3833,64.643023667000023,0,77875,42,16686292,446023
2,3834,64.659457792000012,0,93000,42,16486209,432261
2,3835,64.679052750000011,0,96875,41,17116917,487309
2,3836,64.692777583000009,60167,2480958,0,16177959,365427
2,3837,64.709477375,0,82583,41,16696291,432389
2,3838,64.726433708,0,78542,83,16906209,446351
2,3839,64.742668792000018,0,88167,42,16297791,418627
2,3840,64.759496250000012,0,77583,0,16728083,419981
2,3841,64.776028542,0,86125,42,16575500,432389
2,3842,64.793152667000015,0,81167,84,17062292,446151
2,3843,64.809946583,0,92542,0,16693167,432389
2,3844,64.826289167,0,127041,42,16509209,418827
2,3845,64.842930208000013,0,80250,41,16581833,432389
2,3846,64.85938545800002,0,114958,42,16490166,432389
2,3847,64.876082083,0,80333,41,16646666,446151
2,3848,64.893174000000016,0,83709,42,17045708,446203
2,3849,64.909537167,0,92959,42,16389250,419981
2,3850,64.928701958,0,81959,41,16543542,432589
2,3851,64.94303675,58292,2628000,41,16952167,392649
2,3852,64.959592125,0,121250,42,16568333,432261
2,3853,64.976282708000014,0,91125,42,16722458,432261
2,3854,64.992908833,0,84500,0,16595917,418499
2,3855,65.009865958,0,85875,42,16793875,432261
2,3856,65.026245625,0,105875,41,16469375,418699
2,3857,65.042931708,0,94083,42,16715208,432261
2,3858,65.059367417,0,106667,42,16467500,419853
2,3859,65.0763775,0,83166,41,17019209,446023
2,3860,65.092929208000015,0,82875,41,16498916,432313
2,3861,65.109835958000019,0,84667,0,16879208,446023
2,3862,65.126468000000017,0,83625,42,16702250,459985
2,3863,65.142884917,0,91000,42,16393250,418499
2,3864,65.162334833000017,0,83208,42,16895416,446023
2,3865,65.176494667000014,92125,2557958,41,16697916,379137
2,3866,65.192714500000022,0,93750,42,16286583,432389
2,3867,65.209581583000016,0,77875,42,16796083,433743
2,3868,65.226343708,0,81625,42,16793708,432589
2,3869,65.242915958,0,77250,83,16491042,418627
2,3870,65.259350333000015,0,94875,42,16599834,432389
2,3871,65.276346792,0,73292,0,16777167,459913
2,3872,65.29276775,0,111375,42,16516125,432441
2,3873,65.309474333,0,78584,42,16685375,432389
2,3874,65.326084333000011,0,81000,41,16696583,446351
2,3875,65.343039167,0,75875,41,16786250,459913
2,3876,65.35981883300002,0,90834,41,16700208,433743
2,3877,65.376120583000016,0,136833,42,16492625,459913
2,3878,65.393043333000008,0,94000,41,16790000,446191
2,3879,65.412488500000023,0,106250,42,16718917,446151
2,3880,65.426211458000012,60584,2620833,42,16578917,379087
2,3881,65.442795458,0,78042,41,16488958,432261
2,3882,65.459696208,0,83167,42,16897417,446023
2,3883,65.476068583,0,94917,0,16479458,446023
2,3884,65.492890167000013,0,81458,41,16701292,170835
2,3885,65.509210875000008,0,81708,0,16216791,144613
2,3886,65.533160500000008,0,100792,41,23734292,74649
2,3887,65.543245792000022,0,90334,42,10243041,239593
2,3888,65.559675208000016,0,147083,41,16584750,418499
2,3889,65.576325292,0,112792,0,16588791,446023
2,3890,65.592942167000018,0,126792,0,16607083,432261
2,3891,65.609502667000015,0,132792,41,16597708,432261
2,3892,65.626465,0,82000,42,16992041,446223
2,3893,65.643010417,0,84875,0,16497166,446023
2,3894,65.659619542,0,87333,0,16575833,447377
2,3895,65.678881458,0,83333,0,16715292,432261
2,3896,65.692770917000018,65375,2501292,333,16476875,379189
2,3897,65.709634625,0,86125,41,16796958,446151
2,3898,65.726444792,0,82541,42,16923666,446351
2,3899,65.742826958000023,0,85542,42,16264500,432389
2,3900,65.759399125000016,0,103708,84,16690500,446151
2,3901,65.776226792000017,0,78708,0,16798708,459913
2,3902,65.792745292,0,83167,42,16486542,473675
2,3903,65.809390708000024,0,80417,0,16598708,433743
2,3904,65.826366917,0,82041,0,17009667,446351
2,3905,65.843072167,0,86792,41,16691750,446151
2,3906,65.859338042000019,0,83291,0,16271333,432389
2,3907,65.876339458000018,0,78667,125,17020083,459913
2,3908,65.89277100000001,0,76625,0,16378541,432441
2,3909,65.909495750000019,0,78625,41,16686708,446151
2,3910,65.928940125,0,82125,0,17012292,446351
2,3911,65.942950750000023,56000,2438375,0,16479958,392649
2,3912,65.959430958000013,0,85708,83,16509792,447377
2,3913,65.97629841700001,0,78000,41,16776958,446023
2,3914,65.993126875,0,81167,42,16815417,446023
2,3915,66.009581167000022,0,141583,41,16383292,432261
2,3916,66.026406625000021,0,83417,41,16996708,446223
2,3917,66.042786875000019,0,83000,42,16297250,446023
2,3918,66.059617417,0,135416,42,16775125,446023
2,3919,66.076377375000021,0,83167,0,16812041,459785
2,3920,66.092997042000007,0,86333,42,16700417,446075
2,3921,66.109457167000016,0,89250,41,16393167,419853
2,3922,66.126001542000012,0,79583,42,16582500,446223
2,3923,66.142770000000013,0,79708,83,16695584,459785
2,3924,66.159449083,0,81125,41,16689542,459785
2,3925,66.178723250000019,0,80166,41,16693209,446023
2,3926,66.192748292,63166,2557041,42,16605042,392899
2,3927,66.2096555,0,89958,0,16798417,459913
2,3928,66.226145125000016,0,85875,42,16578667,446351
2,3929,66.242699625,0,91958,42,16589083,473675
2,3930,66.259679667,0,80250,41,16913042,447505
2,3931,66.276335875,0,88625,0,16597584,459913
2,3932,66.292720583,0,83250,0,16475375,446203
2,3933,66.309627167,0,76458,41,16809541,446151
2,3934,66.326284583000017,0,79916,42,16692625,460113
2,3935,66.343074125000015,0,145959,41,16783042,446151
2,3936,66.359791083,0,89042,0,16621166,446151
2,3937,66.376264375,0,120000,42,16573166,446151
2,3938,66.393040958,0,81125,42,16792125,446151
2,3939,66.409634417,0,87458,42,16497750,433743
2,3940,66.429013417000021,0,136417,0,16918375,446351
2,3941,66.442755042000016,56375,2476875,42,16261250,378887
2,3942,66.459614708,0,81416,42,16800250,432261
2,3943,66.476468417,0,87083,125,16805166,418499
2,3944,66.493077958000015,0,138375,42,16489375,432313
2,3945,66.509786875,0,116291,84,16695583,418499
2,3946,66.526406708,0,143292,0,16686208,418699
2,3947,66.542925167000021,0,122625,0,16597583,432261
2,3948,66.559718667,0,145875,42,16792500,433615
2,3949,66.57613025,0,87334,0,16493417,432261
2,3950,66.593080917000009,0,80375,42,16801292,446023
2,3951,66.609687667,0,118250,0,16586042,446023
2,3952,66.626181833,0,103459,42,16585666,446223
2,3953,66.643099667,0,83250,84,16902750,446023
2,3954,66.659489208,0,88083,0,16377458,432261
2,3955,66.678743167000022,0,86208,84,16804750,459785
2,3956,66.693045292000022,62250,2459000,0,16808500,395095
2,3957,66.709517333000008,0,94375,42,16370375,475029
2,3958,66.726217125,0,83458,41,16799333,473875
2,3959,66.742984208,0,96500,0,16689542,459913
2,3960,66.759469375000009,0,84083,0,16510417,446151
2,3961,66.77617491700002,0,80292,42,16698208,432389
2,3962,66.792826000000019,0,83042,42,16689542,446151
2,3963,66.809652708000016,0,118708,42,16587917,432389
2,3964,66.826472708000011,0,88625,41,16784667,432589
2,3965,66.842870333000008,0,95541,41,16586166,432389
2,3966,66.859857,0,83875,41,16806916,433743
2,3967,66.876443542,0,111083,42,16391625,418627
2,3968,66.892820917000023,0,108834,42,16706917,432389
2,3969,66.909551208000011,0,85292,0,16683333,446203
2,3970,66.928729792000013,0,81542,41,16701917,446351
2,3971,66.94318825000002,54791,2558750,42,16799750,378887
2,3972,66.959941625,0,110583,0,16896125,432261
2,3973,66.976376500000015,0,101208,0,16383959,418499
2,3974,66.993152750000007,0,92375,41,16781959,446023
2,3975,67.009816875000013,0,101917,84,16699209,433615
2,3976,67.026347708,0,83959,41,16489875,446223
2,3977,67.043159708000019,0,90042,41,16802916,446023
2,3978,67.059491958,0,104792,84,16396750,418499
2,3979,67.076328083000021,0,86375,41,16876833,487309
2,3980,67.093030333,0,81208,41,16611291,446023
2,3981,67.109540708,0,95000,42,16502000,446075
2,3982,67.126218125000008,0,108541,84,16680708,446223
2,3983,67.143016167000013,0,98125,84,16903167,459785
2,3984,67.159430125,0,84833,0,16391584,447377
2,3985,67.178520083000024,0,77625,0,16697625,446023
2,3986,67.192846875000015,62584,2368958,0,16682459,420423
2,3987,67.209836542,0,118833,0,16801375,446151
2,3988,67.226264458,0,85875,42,16540125,432589
2,3989,67.242874875000012,0,97000,41,16651417,432389
2,3990,67.259519208,0,80875,42,16590250,446151
2,3991,67.27608125,0,87375,42,16593125,432389
2,3992,67.293032417,0,105042,84,17004708,446151
2,3993,67.309532708,0,87667,125,16366833,420033
2,3994,67.326163708,0,77000,0,16719916,460113
2,3995,67.342764375,0,78250,41,16595041,459913
2,3996,67.359557333,0,80375,42,16769292,446151
2,3997,67.376291583000011,0,85458,41,16708000,446151
2,3998,67.392918125000023,0,104709,42,16597792,432389
2,3999,67.409597167000015,0,82334,84,16594709,432389
2,4000,67.42893225,0,114375,84,16785166,446351
2,4001,67.442889125000022,57084,2504083,41,16591834,365125
2,4002,67.459508542000009,0,81916,42,16602333,419763
2,4003,67.476230250000015,0,81291,42,16695875,432351
2,4004,67.492904417,0,85291,42,16687375,432261
2,4005,67.509574042,0,85000,41,16700458,446075
2,4006,67.526110875,0,82667,333,16488416,432461
2,4007,67.542924292000009,0,89167,42,16798042,459785
2,4008,67.5594805,0,104167,41,16586958,446023
2,4009,67.576039375000022,0,109833,41,16601375,446023
2,4010,67.59295175,0,78667,209,16897958,473547
2,4011,67.60970045800002,0,114250,0,16601916,447287
2,4012,67.626451292000013,0,105458,41,16778583,446313
2,4013,67.642909083,0,110833,83,16493459,432261
2,4014,67.659387542000019,0,85709,0,16602458,432261
2,4015,67.678814167000013,0,80667,42,16811417,459785
2,4016,67.69292575,60959,2439708,0,16656084,392899
2,4017,67.709698958000018,0,110208,42,16602833,432441
2,4018,67.72621475,0,91500,0,16691208,460113
2,4019,67.7427605,0,74083,42,16497833,459913
2,4020,67.759402792,0,82750,41,16709875,447415
2,4021,67.776244792,0,75583,0,16680541,446241
2,4022,67.792669542,0,87708,41,16493542,446151
2,4023,67.8095155,0,80625,42,16798917,459913
2,4024,67.826022708000011,0,79334,42,16586375,432589
2,4025,67.84305075,0,80000,0,16900625,459913
2,4026,67.85940075000002,0,134125,0,16395333,432389
2,4027,67.876305167,0,86209,42,16988666,446151
2,4028,67.892979833,0,77250,41,16598834,446151
2,4029,67.9096065,0,90834,167,16599667,433705
2,4030,67.928645750000015,0,78208,42,16482917,432679
2,4031,67.942740958,60625,2548167,125,16690583,392649
2,4032,67.95974025000001,0,79208,42,16991292,459785
2,4033,67.976028875,0,93208,41,16303875,446023
2,4034,67.992992333000018,0,79667,41,17002250,459785
2,4035,68.009405042,0,83125,41,16279958,432261
2,4036,68.026261167,0,75917,0,16908959,459985
2,4037,68.042723375000008,0,115417,125,16473500,459785
2,4038,68.05975087500002,0,75958,42,16904584,433525
2,4039,68.076068667000015,0,116625,42,16405959,418589
2,4040,68.092867250000012,0,77791,84,16896833,446023
2,4041,68.109874875,0,76333,42,16917125,459837
2,4042,68.126358958,0,81417,41,16466542,432461
2,4043,68.143029000000013,0,82334,0,16592000,446023
2,4044,68.16214208300002,0,82417,41,16695583,446023
2,4045,68.176068625,60542,2509250,42,16385958,392899
2,4046,68.192773792,0,74791,42,16698209,446151
2,4047,68.209542125000013,0,81125,166,16683708,433653
2,4048,68.226233708000024,0,96083,0,16797917,446441
2,4049,68.243010542000007,0,77583,84,16696208,473675
2,4050,68.2597155,0,84375,0,16785583,459913
2,4051,68.276289833000021,0,81500,84,16499833,446151
2,4052,68.292888125000019,0,97125,0,16607583,432389
2,4053,68.309869417000016,0,78625,209,17003625,459965
2,4054,68.326035167000015,0,79417,125,16175209,446351
2,4055,68.342766083000015,0,81250,41,16568583,473675
2,4056,68.359760000000023,0,89708,42,17108833,447415
2,4057,68.376426917,0,115167,0,16598583,446241
2,4058,68.392681833000012,0,92250,0,16384041,432429
2,4059,68.412165375,0,104458,42,16809667,459913
2,4060,68.426215958,53791,2476000,42,16602083,392849
2,4061,68.442974750000019,0,109834,417,16779167,459785
2,4062,68.459822292000013,0,87250,0,16906000,473547
2,4063,68.47600729200002,0,78000,0,16175458,432261
2,4064,68.492978583,0,83750,42,16917208,473547
2,4065,68.509500083,0,87042,42,16487208,433577
2,4066,68.526271458,0,76000,125,16782917,446313
2,4067,68.542859125,0,144042,42,16608708,446023
2,4068,68.559861917,0,79417,0,16997000,446023
2,4069,68.576355,0,84208,41,16490625,432261
2,4070,68.592857375000023,0,82458,41,16493916,432261
2,4071,68.609624958000012,0,103292,41,16790000,459785
2,4072,68.626319333,0,124750,42,16707750,446223
2,4073,68.642934417000021,0,83167,41,16586000,432261
2,4074,68.662153458,0,81458,42,16697083,447287
2,4075,68.67606570800001,62458,2482542,0,16395958,379227
2,4076,68.692933667,0,78792,42,16888583,446151
2,4077,68.709594208,0,141416,42,16496250,432441
2,4078,68.726364042,0,97625,41,16892416,460113
2,4079,68.742881125,0,84917,0,16491208,432389
2,4080,68.759342083,0,80458,42,16506125,446151
2,4081,68.776342417000023,0,82417,0,16889792,459913
2,4082,68.7928685,0,152167,42,16593500,432389
2,4083,68.809731167,0,85333,41,16799959,447415
2,4084,68.826329292,0,84500,0,16490709,460203
2,4085,68.843032667000017,0,105250,42,16798666,446151
2,4086,68.859530417,0,91958,0,16490042,432389
2,4087,68.876156500000008,0,135709,0,16684292,446151
2,4088,68.893040958,0,80000,41,16887250,459913
2,4089,68.909559,0,82834,42,16401917,432441
2,4090,68.92901125,0,82583,41,16904542,446351
2,4091,68.942924542000014,54833,2576291,42,16587791,378887
2,4092,68.959698292000013,0,79250,0,16679959,433525
2,4093,68.976101917000022,0,125666,42,16414583,446113
2,4094,68.992895667,0,86083,41,16795959,459785
2,4095,69.00972975000002,0,83792,41,16792916,446023
2,4096,69.026192542000018,0,84834,83,16479417,432461
2,4097,69.042788,0,115375,42,16603084,446023
2,4098,69.059790875,0,80208,41,16977667,459785
2,4099,69.076220292000016,0,113791,42,16416083,446023
2,4100,69.092969833000012,0,130750,42,16681709,446023
2,4101,69.109518667,0,121333,42,16605500,447339
2,4102,69.126103417,0,80333,41,16679000,460075
2,4103,69.142696708000017,0,80583,42,16589375,473547
2,4104,69.159499458,0,78375,83,16721541,446023
2,4105,69.17882075,0,85959,0,16890083,459785
2,4106,69.192982208000018,64416,2443583,0,16576792,406661
2,4107,69.210030250000017,0,149917,42,16918917,459913
2,4108,69.226353292,0,82375,0,16277666,418827
2,4109,69.242996667,0,127208,42,16703208,432389
2,4110,69.259780875000018,0,85125,0,16795125,433653
2,4111,69.2762305,0,144458,41,16380167,432479
2,4112,69.293185042,0,110791,42,17007417,446151
2,4113,69.309934083,0,128167,84,16583625,432441
2,4114,69.326180542,0,108500,42,16495417,418827
2,4115,69.34300058300002,0,82417,42,16883500,446151
2,4116,69.359703375000009,0,77625,83,16594291,446151
2,4117,69.376308167000019,0,105208,0,16607792,446151
2,4118,69.39314275000001,0,84166,84,16689375,446151
2,4119,69.412231208000009,0,105292,0,16697583,419891
2,4120,69.426391792,55792,2452166,0,16590625,365415
2,4121,69.442992833,0,139458,41,16697125,432261
2,4122,69.459676208000019,0,140708,42,16671917,446023
2,4123,69.476124125000013,0,89959,0,16418125,449821
2,4124,69.492870875000023,0,131375,0,16788333,459785
2,4125,69.50970004200002,0,78834,0,16796125,446075
2,4126,69.526125542000017,0,115083,0,16491333,459985
2,4127,69.54296770800002,0,79291,42,16687583,446023
2,4128,69.559679125,0,84042,0,16815000,461049
2,4129,69.576387333000014,0,86458,42,16684875,446113
2,4130,69.592874583,0,95333,41,16482667,459785
2,4131,69.609896958000007,0,151417,125,16908833,459785
2,4132,69.626255542,0,86125,42,16385625,459985
2,4133,69.642763958000018,0,127250,42,16572584,432261
2,4134,69.659490458000022,0,86250,41,16544166,446023
2,4135,69.679007250000012,0,113000,42,16854750,432261
2,4136,69.692730125,65667,2743584,42,16592791,365375
2,4137,69.709410417000015,0,79750,42,16612208,433705
2,4138,69.726356750000008,0,81125,41,16872875,446441
2,4139,69.742695208000015,0,122625,83,16503791,432389
2,4140,69.759491458000014,0,77208,84,16692125,446151
2,4141,69.776213250000012,0,78375,42,16683250,459913
2,4142,69.793063750000016,0,83458,42,16889250,446151
2,4143,69.809665417000019,0,86292,42,16613833,446151
2,4144,69.826224792,0,82250,0,16494959,446351
2,4145,69.843048083000014,0,80583,42,16877000,459913
2,4146,69.859593000000018,0,90041,42,16476167,447415
2,4147,69.876243833000018,0,114458,42,16630917,432479
2,4148,69.89303587500001,0,83083,83,16771417,432389
2,4149,69.909427083,0,145250,42,16411542,418679
2,4150,69.928805167000007,0,89875,42,16685292,432589
2,4151,69.942670542,58000,2587375,83,16592375,365125
2,4152,69.95943087500001,0,83208,41,16699250,432261
2,4153,69.97629412500001,0,82166,83,16791125,459785
2,4154,69.992832292,0,118958,84,16589791,432261
2,4155,70.009757917,0,80917,42,16894416,461049
2,4156,70.026143667000014,0,134500,0,16500584,446313
2,4157,70.042727042,0,80750,83,16494709,446023
2,4158,70.059718042000014,0,81667,0,16998875,446023
2,4159,70.0763455,0,104959,42,16707916,446023
2,4160,70.093084167,0,87750,125,16583167,432261
2,4161,70.109743167,0,88708,83,16602500,446075
2,4162,70.126080667,0,99583,42,16470208,404937
2,4163,70.143080667000021,0,82000,41,16989917,459785
2,4164,70.162255875,0,118583,250,16705583,419763
2,4165,70.1763415,60667,2518708,42,16590666,392989
2,4166,70.192894833,0,77334,83,16490417,446151
2,4167,70.209514833000014,0,80792,42,16608833,432389
2,4168,70.2261785,0,82500,0,16568500,432589
2,4169,70.242838917,0,95041,84,16812542,432389
2,4170,70.259744917,0,83959,42,16777625,446151
2,4171,70.276186708000012,0,119667,42,16492666,432389
2,4172,70.293043375,0,84042,42,16926792,446151
2,4173,70.309618917000023,0,89625,167,16076375,426675
2,4174,70.326365625000022,0,84291,42,17187292,446787
2,4175,70.343048750000008,0,84000,0,16588833,446151
2,4176,70.359574333000012,0,107667,42,16586875,446151
2,4177,70.376073625,0,86958,42,16502084,432389
2,4178,70.39298795800002,0,81292,84,16892583,446151
2,4179,70.409511292000019,0,83041,0,16490292,432389
2,4180,70.428696417,0,80583,42,16705458,460113
2,4181,70.442787417,55917,2540000,41,16586916,392649
2,4182,70.459902333,0,80500,42,16696834,440257
2,4183,70.476102333,0,83167,42,16597750,432697
2,4184,70.49306425,0,94875,41,16995417,459785
2,4185,70.509863208000013,0,85167,42,16685000,446075
2,4186,70.526331,0,85583,42,16401375,418699
2,4187,70.54288975,0,87750,41,16704208,432261
2,4188,70.559771000000012,0,98709,42,16877250,446023
2,4189,70.576147458000008,0,83208,41,16403000,446023
2,4190,70.593071458,0,80250,42,16889333,446023
2,4191,70.610296167,0,81500,83,16690166,426495
2,4192,70.626334917000008,0,125209,41,16593000,432897
2,4193,70.642888333,0,83208,42,16506916,432261
2,4194,70.659346333,0,127292,84,16493750,446023
2,4195,70.678703708,0,133875,83,16792916,446023
2,4196,70.692806875,64000,2494625,167,16594667,392899
2,4197,70.70946075,0,139250,0,16539458,446203
2,4198,70.726202292000011,0,82917,84,16846833,460113
2,4199,70.74514675,0,84667,42,18877583,391103
2,4200,70.760136708,0,92250,0,14605916,129625
2,4201,70.776153583,0,91042,84,16275625,144741
2,4202,70.796570458000019,0,78250,42,20157875,47053
2,4203,70.809545583000016,0,97167,0,13338167,294969
2,4204,70.82620458300002,0,89166,41,16702916,418627
2,4205,70.84264625,0,85750,0,16503209,432389
2,4206,70.859361833000008,0,77250,0,16695083,446151
2,4207,70.8761605,0,102292,42,16796208,446151
2,4208,70.892888583,0,111959,42,16677333,473675
2,4209,70.90942237500002,0,101875,42,16504000,446203
2,4210,70.928807875000018,0,118417,41,16894709,447705
2,4211,70.942861167000018,55250,2468833,0,16584375,392649
2,4212,70.959424167000009,0,139250,84,16606291,432261
2,4213,70.976190792000011,0,86583,42,16793584,487309
2,4214,70.992697792,0,82875,42,16387750,432261
2,4215,71.009790208,0,123416,42,17092541,459785
2,4216,71.026044750000011,0,84666,0,16304750,432461
2,4217,71.043001542000013,0,81334,42,16908916,446023
2,4218,71.0593805,0,130250,42,16385083,446023
2,4219,71.07618208300002,0,135708,42,16780750,461139
2,4220,71.092788458,0,110500,42,16609792,459785
2,4221,71.109608583000011,0,136000,42,16791042,446075
2,4222,71.126317,0,92500,42,16700666,459985
2,4223,71.142759417000008,0,84917,42,16471958,432261
2,4224,71.159611083000016,0,141709,41,16795125,459785
2,4225,71.178746042,0,133375,41,16802958,459785
2,4226,71.192985583000024,60666,2352917,0,16593083,392899
2,4227,71.209489125,0,85833,41,16498583,432389
2,4228,71.226300583000011,0,137458,125,16694000,461467
2,4229,71.242786458000012,0,153834,42,16589500,432389
2,4230,71.259692333,0,134792,84,16895750,459913
2,4231,71.276279792,0,89500,42,16587542,473675
2,4232,71.29276520800002,0,116875,167,16495625,459913
2,4233,71.309588333000022,0,146375,0,16793667,487489
2,4234,71.326334375000016,0,81375,0,16792917,446351
2,4235,71.342712667,0,79375,42,16300709,432389
2,4236,71.35934225,0,81625,0,16696792,446151
2,4237,71.376252125000008,0,84541,83,16876875,461267
2,4238,71.39301475000002,0,80250,125,16609292,446191
2,4239,71.409536875000015,0,128875,0,16606500,446151
2,4240,71.428807875000018,0,98042,0,16792166,446351
2,4241,71.442842333000016,58250,2463625,83,16486166,406411
2,4242,71.459567667000016,0,137584,0,16788459,473547
2,4243,71.476138708000008,0,83041,42,16598625,446023
2,4244,71.493194667000012,0,82833,41,17003417,459785
2,4245,71.509429958,0,88292,41,16182333,418551
2,4246,71.526154125,0,84167,41,16798500,461339
2,4247,71.542895000000016,0,92583,42,16687166,446023
2,4248,71.559726458,0,122167,0,16911875,473547
2,4249,71.575977167000019,0,85417,42,16271083,473547
2,4250,71.592754708,0,81042,42,16697041,459785
2,4251,71.60978187500001,0,83375,42,17018833,473547
2,4252,71.626308375000008,0,88250,42,16372125,432461
2,4253,71.642750667,0,147000,83,16588083,446023
2,4254,71.662479375,0,84375,167,17035708,446023
2,4255,71.676193625,66875,2534833,42,16356334,366729
2,4256,71.692762667000011,0,84584,84,16593333,432389
2,4257,71.709382458000022,0,76667,0,16596500,432441
2,4258,71.72631825000002,0,84375,84,16881000,446351
2,4259,71.743146583,0,116375,41,16815625,446151
2,4260,71.759476333000009,0,137375,0,16376416,432389
2,4261,71.776172583,0,79333,42,16702500,432389
2,4262,71.792984792,0,82417,41,16794958,446151
2,4263,71.80947929200002,0,85583,42,16472125,432389
2,4264,71.826316042,0,87292,42,16820666,433943
2,4265,71.842999500000019,0,86958,42,16594917,418627
2,4266,71.85943716700001,0,108666,42,16584167,418627
2,4267,71.876537208,0,79208,84,16994917,446151
2,4268,71.892807208000022,0,96375,42,16303166,418627
2,4269,71.912309208000011,0,78334,41,16880417,446203
2,4270,71.926126583000013,54875,2516459,83,16489375,379087
2,4271,71.943084583,0,102291,250,17004458,473547
2,4272,71.959316958000016,0,80334,42,16190000,432261
2,4273,71.976296167000015,0,78541,41,16889834,461139
2,4274,71.992729125000011,0,95125,41,16388709,432261
2,4275,72.009748333,0,92834,0,17002292,459785
2,4276,72.026238333000009,0,84042,41,16496167,432461
2,4277,72.042886375000023,0,148458,0,16694459,446023
2,4278,72.059324042000014,0,130834,42,16486208,459785
2,4279,72.07617775,0,76000,42,16791750,459785
2,4280,72.092888625,0,79917,42,16611958,418499
2,4281,72.109529667,0,85167,167,16677583,432313
2,4282,72.126167542000019,0,82125,42,16709167,433815
2,4283,72.142700208000008,0,81042,42,16500541,432261
2,4284,72.162365250000022,0,81208,42,17177750,473547
2,4285,72.17646429200002,59500,2468041,0,16494084,379137
2,4286,72.192900708,0,92417,41,16492917,432389
2,4287,72.209518708000019,0,81208,41,16582625,459913
2,4288,72.226250417000017,0,118000,42,16813834,446351
2,4289,72.242807292000009,0,82334,42,16595416,446151
2,4290,72.259360167000011,0,77458,83,16486500,446151
2,4291,72.276421375000012,0,76458,42,16980584,461267
2,4292,72.29309441700002,0,89292,0,16693458,446151
2,4293,72.309790875,0,90625,42,16607291,446203
2,4294,72.326479625000019,0,119209,42,16791833,432589
2,4295,72.342779375000021,0,80917,41,16290125,418627
2,4296,72.359491833000021,0,79500,41,16693333,446151
2,4297,72.376424875,0,81459,41,16895334,459913
2,4298,72.392841375000017,0,86250,0,16491083,432389
2,4299,72.40960425,0,82917,41,16707667,432389
2,4300,72.428929083000014,0,81667,41,16774292,461467
2,4301,72.442864625,50916,2577875,41,16517250,365125
2,4302,72.459545583000022,0,81875,41,16685875,446023
2,4303,72.476162833000018,0,81375,125,16593375,446023
2,4304,72.493021083,0,92000,41,16896416,473547
2,4305,72.509371875,0,87625,83,16284625,432313
2,4306,72.526135292000021,0,79334,42,16803667,432461
2,4307,72.542953083000015,0,79625,42,16693834,446023
2,4308,72.559466708,0,85375,41,16616542,418499
2,4309,72.576204708,0,83750,0,16668583,461139
2,4310,72.592684250000019,0,84417,41,16480709,432261
2,4311,72.609551875000022,0,82542,41,16905375,446023
2,4312,72.626433333000023,0,129709,41,16789291,459985
2,4313,72.642928125,0,92834,42,16500250,432261
2,4314,72.66237525,0,132375,41,16991167,446023
2,4315,72.67612945800002,61041,2435750,42,16191417,379137
2,4316,72.693008958000007,0,83875,42,16902208,446151
2,4317,72.709669042,0,87666,41,16575041,432441
2,4318,72.726397417000015,0,86125,41,16805417,447705
2,4319,72.74317775,0,144208,42,16805375,459913
2,4320,72.759825,0,81459,0,16531250,446151
2,4321,72.77611970800001,0,101083,209,16347375,446151
2,4322,72.79314675,0,81667,41,17089083,459913
2,4323,72.809694958000023,0,88542,0,16493292,432389
2,4324,72.826223583,0,89125,42,16590000,446351
2,4325,72.842662667000013,0,78667,42,16397542,432389
2,4326,72.859641833000012,0,76000,42,16896583,446151
2,4327,72.876399542,0,131000,84,16799458,433743
2,4328,72.893138125000007,0,83250,0,16802917,446151
2,4329,72.909652583,0,82833,0,16284083,432441
2,4330,72.928629083,0,87375,125,16588167,432589
2,4331,72.943161167,54375,2548042,42,17001334,378887
2,4332,72.95974750000002,0,89708,41,16587167,432261
2,4333,72.976184542,0,89000,0,16493166,432261
2,4334,72.992961958000024,0,128083,41,16803584,446023
2,4335,73.009735708000022,0,86417,0,16697042,446023
2,4336,73.026474125000021,0,86333,0,16685666,433815
2,4337,73.042803792,0,99500,166,16384166,432261
2,4338,73.059580917,0,81750,42,16805125,459785
2,4339,73.075925625,0,90541,41,16396542,446023
2,4340,73.092880042000019,0,78500,41,16897083,446023
2,4341,73.10967825,0,87167,41,16792791,446075
2,4342,73.126005333000023,0,78500,42,16284000,432461
2,4343,73.142946458000011,0,105791,84,17001834,459785
2,4344,73.15941354200001,0,86791,41,16488542,446023
2,4345,73.178662,0,78916,0,16586000,433615
2,4346,73.19288225,64666,2573500,42,16904042,392899
2,4347,73.2093965,0,80584,42,16393292,459913
2,4348,73.226429458000013,0,113833,42,16900834,460113
2,4349,73.24305050000001,0,113791,42,16693625,459913
2,4350,73.259587583000013,0,89709,0,16583334,432389
2,4351,73.276465125000016,0,93083,41,16917084,459913
2,4352,73.292924667000023,0,79583,41,16453875,446151
2,4353,73.309510125,0,80708,42,16504792,459965
2,4354,73.326012458000008,0,123917,42,16583709,433943
2,4355,73.343153583,0,78833,41,17118125,459913
2,4356,73.359534333,0,78791,42,16287375,446151
2,4357,73.376305333,0,88833,42,16782459,446151
2,4358,73.3927075,0,83292,42,16510417,459913
2,4359,73.4123975,0,118541,0,17089417,459913
2,4360,73.426069458,56125,2445417,42,16183459,379087
2,4361,73.442868333,0,79084,125,16799167,446023
2,4362,73.459543458000013,0,85708,0,16690750,446023
2,4363,73.476385042,0,81666,41,16787459,461139
2,4364,73.492713708,0,119917,208,16406125,446023
2,4365,73.509570958000012,0,84667,42,16805916,446075
2,4366,73.526181000000008,0,79750,83,16586208,459985
2,4367,73.542629583000007,0,80000,42,16502792,459785
2,4368,73.559560208000022,0,79875,41,16880958,459785
2,4369,73.576161708,0,130625,0,16608208,459785
2,4370,73.59281475,0,107000,0,16695875,459785
2,4371,73.609391833000018,0,77708,41,16482542,446023
2,4372,73.626082,0,80625,42,16706167,447577
2,4373,73.64296525,0,75459,42,16885083,459785
2,4374,73.659506583000024,0,83083,0,16495167,459785
2,4375,73.678677792,0,136167,42,16694583,446023
2,4376,73.692711083,67292,2459542,0,16503375,392899
2,4377,73.709432458000009,0,82875,83,16787250,459965
2,4378,73.726163750000012,0,77542,125,16694208,473875
2,4379,73.742913833000017,0,81458,42,16794375,446151
2,4380,73.759489375000015,0,79708,42,16502833,432389
2,4381,73.775963708,0,140625,42,16575792,433743
2,4382,73.792831333000009,0,75417,41,16795583,459913
2,4383,73.809577917000013,0,78834,0,16595000,459913
2,4384,73.826236667000018,0,91083,42,16694000,446351
2,4385,73.843078750000018,0,151291,41,16889417,446151
2,4386,73.85983575,0,82125,42,16801917,459913
2,4387,73.876139750000021,0,84458,83,16188416,446151
2,4388,73.892850208,0,109667,42,16792292,446151
2,4389,73.912173875000008,0,84292,42,16708000,446203
2,4390,73.926057667000009,60709,2482958,41,16486916,380441
2,4391,73.942838625000007,0,80542,0,16788000,459785
2,4392,73.959474625000013,0,77167,83,16587458,473547
2,4393,73.976171792,0,87250,83,16709958,446023
2,4394,73.992711000000014,0,163792,0,16597083,446023
2,4395,74.009401792,0,80750,42,16595666,459785
2,4396,74.026008875,0,83000,42,16695458,432461
2,4397,74.042589375,0,80000,84,16599250,446023
2,4398,74.0594695,0,83000,42,16786917,473547
2,4399,74.075980125,0,84084,42,16485333,433615
2,4400,74.0928275,0,80458,41,16793333,432261
2,4401,74.109665167,0,85458,41,16795542,446075
2,4402,74.126248042000014,0,82875,42,16491667,432461
2,4403,74.142979167000021,0,101542,42,16791459,446023
2,4404,74.162415250000009,0,95000,42,16919542,432261
2,4405,74.17626820800001,66208,2519250,0,16268917,379137
2,4406,74.193103708000024,0,115041,42,16705708,418627
2,4407,74.209536917000008,0,110042,41,16687500,432389
2,4408,74.226144083000008,0,84000,41,16684458,433943
2,4409,74.24289679200001,0,80750,42,16714959,432389
2,4410,74.259648417000022,0,80209,42,16686833,432389
2,4411,74.276132625,0,97750,41,16494792,432389
2,4412,74.293125042000014,0,82667,42,17104291,446151
2,4413,74.309625333000014,0,81042,0,16371542,432441
2,4414,74.326194625,0,138083,0,16599833,446351
2,4415,74.343204125,0,120625,0,16996750,446151
2,4416,74.359460167000009,0,84833,0,16286875,432389
2,4417,74.376136792000011,0,100958,42,16791833,475029
2,4418,74.392691625,0,75917,42,16504083,432429
2,4419,74.409511125000023,0,77917,42,16685959,446151
2,4420,74.428319000000016,0,76875,42,16498875,432589
2,4421,74.443202542000023,52583,2369167,0,17198333,406411
2,4422,74.459417375000015,0,79834,42,16299334,453248
2,4423,74.476161708,0,78709,41,16795625,459785
2,4424,74.49286025,0,78792,83,16583500,459785
2,4425,74.509323833,0,80167,41,16496375,459837
2,4426,74.52682425,0,79833,41,17106916,447577
2,4427,74.543006750000018,0,125125,42,16588208,418499
2,4428,74.559626208,0,82792,41,16583417,432261
2,4429,74.576464958,0,81250,42,16699750,446023
2,4430,74.592723625000019,0,106167,125,16381625,446023
2,4431,74.609290042,0,101583,42,16513042,432261
2,4432,74.626278833000015,0,84167,84,16892416,459985
2,4433,74.642957667000019,0,82250,42,16676750,432261
2,4434,74.662223333000014,0,143333,41,16778750,446023
2,4435,74.676079417000011,62416,2504709,0,16418416,366729
2,4436,74.692800375000019,0,78917,0,16688000,432389
2,4437,74.709596042000015,0,78666,42,16703583,446203
2,4438,74.726499875,0,140250,42,16978084,460113
2,4439,74.74308454200002,0,86834,41,16612625,432389
2,4440,74.759662958,0,84958,42,16592792,432389
2,4441,74.776056958,0,79916,42,16393000,418627
2,4442,74.792950875,0,81292,41,16893250,446151
2,4443,74.809536125000022,0,83333,167,16485208,418627
2,4444,74.826099833,0,86959,41,16601291,420181
2,4445,74.842853417000015,0,82917,42,16778291,459913
2,4446,74.859681542,0,76791,42,16806667,459913
2,4447,74.876424917000008,0,93500,83,16821041,459913
2,4448,74.892820875000012,0,81667,0,16260791,446151
2,4449,74.912298958000008,0,139292,0,16788541,459965
2,4450,74.926325833000021,55916,2490916,42,16790667,379087
2,4451,74.943017333,0,79791,0,16612125,446023
2,4452,74.959768125000011,0,92583,42,16683583,446023
2,4453,74.976194167000017,0,82791,42,16490583,433615
2,4454,74.993185750000009,0,109458,42,17010042,446023
2,4455,75.009412208000015,0,80250,41,16196333,418499
2,4456,75.026466417000023,0,81334,42,16996959,459985
2,4457,75.042633583,0,96500,42,16288041,432261
2,4458,75.059834458000012,0,78834,42,17077792,487309
2,4459,75.076419625,0,90791,42,16500041,432261
2,4460,75.093071125000023,0,122792,42,16688500,446023
2,4461,75.109656958000016,0,118750,83,16606834,432313
2,4462,75.126217208000014,0,85166,0,16501750,433815
2,4463,75.142742083,0,88500,0,16693667,432261
2,4464,75.159528000000023,0,80709,42,16691875,446023
2,4465,75.178972750000014,0,104334,42,16985542,459785
2,4466,75.19306020800002,64667,2503917,42,16488917,379137
2,4467,75.209426042000018,0,85542,42,16399916,432389
2,4468,75.226139750000016,0,78667,0,16781791,460113
2,4469,75.243079750000021,0,84583,84,16812625,446151
2,4470,75.25948925,0,88625,41,16490500,432389
2,4471,75.276314583000016,0,85417,42,16785083,447505
2,4472,75.293119000000019,0,124417,791,16920500,446151
2,4473,75.309644833000021,0,84333,0,16371917,432441
2,4474,75.32630904200002,0,81167,41,16796333,446351
2,4475,75.343089375,0,81792,41,16794500,446151
2,4476,75.359586125000021,0,76125,83,16384459,446151
2,4477,75.376492333000016,0,83667,42,16895042,446151
2,4478,75.392710208000011,0,86375,42,16290916,418627
2,4479,75.409361042,0,74708,375,16604750,459913
2,4480,75.428693958,0,77833,42,16791916,461467
2,4481,75.443057958,62000,2478041,0,16883209,406411
2,4482,75.459445333000019,0,85083,41,16395458,432261
2,4483,75.476217667000014,0,81750,42,16800458,446023
2,4484,75.493021417000023,0,84042,42,16807167,473547
2,4485,75.509576500000009,0,83500,42,16472000,446075
2,4486,75.526353167,0,81625,42,16783875,459985
2,4487,75.542715042,0,93333,0,16407958,432261
2,4488,75.559612167000012,0,81375,42,16797625,459785
2,4489,75.576139958,0,108833,42,16592208,447377
2,4490,75.592967708,0,78584,83,16796584,459785
2,4491,75.609633625000015,0,113084,0,16685083,446023
2,4492,75.626228042000008,0,79750,42,16596333,459985
2,4493,75.642871958,0,83458,42,16599458,446023
2,4494,75.659348250000022,0,81375,41,16490916,432261
2,4495,75.678786625000015,0,81292,83,16886750,446023
2,4496,75.692769792,61833,2477042,42,16501833,379137
2,4497,75.709432375,0,139583,42,16594333,459965
2,4498,75.72640375,0,115709,42,17115209,461467
2,4499,75.742828708000019,0,78584,0,16361792,446151
2,4500,75.759446292,0,80250,0,16515334,459913
2,4501,75.776438125,0,107250,0,17083875,473675
2,4502,75.793133625,0,81459,41,16699875,459913
2,4503,75.809422625,0,82250,41,16193542,432389
2,4504,75.826215167000015,0,105708,167,16893583,473875
2,4505,75.843159583000016,0,77875,42,16903459,459913
2,4506,75.859348167000007,0,80000,41,16178042,446151
2,4507,75.876056625000018,0,81000,0,16672250,461267
2,4508,75.892754958000012,0,129625,0,16717083,459913
2,4509,75.909438208000012,0,128000,41,16693958,459965
