phase,unityFrame,seconds,EnvSprites_ns,ZoneRenderer_ns,InputIdle_ns,MainThread_ns,GC_bytes
0,17,0.81710579099999947,0,0,0,0,0
0,18,0.8330465000000018,0,80542,125,16955292,479231
0,19,0.84944516599999886,0,73917,0,16202084,487437
0,20,0.86621929100000017,0,82416,83,16997625,501199
0,21,0.88259166599999972,0,74209,42,16385750,515013
0,22,0.89933279099999908,0,71833,0,16305209,481761
0,23,0.91668308299999879,0,74958,42,17678500,487983
0,24,0.93287504099999907,0,78916,0,16117042,446151
0,25,0.94956758300000033,0,86792,125,16791125,487437
0,26,0.96590695800000148,0,75042,41,16379708,501199
0,27,0.98294154099999886,0,74083,41,16883166,514961
0,28,0.99948745800000083,0,91416,42,16701792,528723
0,29,1.0160286660000004,0,68292,42,16493041,501399
0,30,1.0329238750000016,0,76666,41,16904292,528723
0,31,1.0494368750000014,0,73916,42,16304333,509285
0,32,1.0659546659999997,0,69416,41,16779792,549515
0,33,1.0826340829999985,0,70792,0,16685041,542537
0,34,1.0992967080000007,0,71875,41,16591917,545583
0,35,1.1161432910000002,0,68292,41,16907083,556447
0,36,1.1325487910000014,0,70209,83,16383291,542485
0,37,1.1494152080000006,0,67542,42,16898625,542485
0,38,1.1660265410000008,0,66666,0,16598583,542485
0,39,1.1827702080000009,0,67625,83,16689458,542485
0,40,1.1994200829999997,0,67000,42,16386416,536809
0,41,1.215900541,0,62917,41,16803000,556953
0,42,1.2326226250000012,0,63917,42,16692542,556247
0,43,1.2491425830000011,0,65333,42,16599292,556247
0,44,1.2659259160000005,0,57084,167,16795500,556247
0,45,1.2824544160000002,0,57084,125,16399209,542537
0,46,1.299295665999999,0,72375,41,16801292,556247
0,47,1.3162069999999986,0,68125,42,16900792,542685
0,48,1.3325150410000006,0,75792,42,16381083,528723
0,49,1.3494395409999989,0,66833,83,16598750,526145
0,50,1.3659270409999991,0,73875,125,16794292,549515
0,51,1.3826020410000019,0,63500,166,16689333,556247
0,52,1.399206207999999,0,64250,83,16592000,556247
0,53,1.4159366660000003,0,58958,167,16698708,556447
0,54,1.4327151250000014,0,64167,83,16691417,528723
0,55,1.4491697079999994,0,73209,0,16492667,514961
0,56,1.4661138330000014,0,71167,42,16989292,542485
0,57,1.4827532910000016,0,68166,208,16603333,542537
0,58,1.4996147909999991,0,75208,42,16591833,536809
0,59,1.5157932500000015,0,64000,83,16497458,543031
0,60,1.5323599160000008,0,64125,42,16598500,556247
0,61,1.5492994160000002,0,64791,83,16896500,570009
0,62,1.5661485410000004,0,62709,0,16794333,556247
0,63,1.5824619999999996,0,72167,41,16302500,528723
0,64,1.5995888329999985,0,72917,42,16985417,559345
0,65,1.6158694579999988,0,70333,42,16406292,528923
0,66,1.6326876659999989,0,67708,0,16781125,542485
0,67,1.6500266659999987,0,75708,83,17095209,550571
0,68,1.6658186659999998,0,70625,41,16097875,508229
0,69,1.6825512499999995,0,65500,41,16696125,542537
0,70,1.6992837909999992,0,66583,42,16694292,556247
0,71,1.7162750829999993,0,66417,42,17003792,515161
0,72,1.7325182500000018,0,69250,42,16220917,528723
0,73,1.7491442910000004,0,77417,83,16662709,528723
0,74,1.7659852909999998,0,69958,0,16886667,556247
0,75,1.7826762500000015,0,67292,41,16684750,557391
0,76,1.7997557079999993,0,65875,84,16614500,556247
0,77,1.8159291250000003,0,65750,41,16490875,530277
0,78,1.8324490830000002,0,83375,42,16597917,528723
0,79,1.8495159160000014,0,72708,42,16991250,556247
0,80,1.8660038750000005,0,68083,42,16591291,545583
0,81,1.8830380409999989,0,59000,84,17008375,349817
0,82,1.9062389579999994,0,72834,42,22718667,143439
0,83,1.916138415999999,0,75250,0,10362916,281207
0,84,1.9326420000000013,0,65333,42,16468708,542485
0,85,1.9497266250000003,0,74458,42,16705750,556247
0,86,1.965892666000002,0,67333,42,16594834,543839
0,87,1.9825904580000007,0,64042,0,16694917,556247
0,88,1.9993444579999995,0,66917,42,16694417,556247
0,89,2.0159090000000006,0,65125,0,16598792,542685
0,90,2.0327637080000009,0,64542,83,16781041,556247
0,91,2.0490937080000009,0,70500,125,16406666,542485
0,92,2.0658570000000012,0,66167,42,16793167,556247
0,93,2.0824175000000018,0,61708,42,16595959,556247
0,94,2.0992524999999986,0,53791,0,16703667,556299
0,95,2.115925291,0,68333,0,16699042,547137
0,96,2.1326793749999986,0,69541,84,16682208,542485
0,97,2.1490911250000018,0,74250,0,16498041,542485
0,98,2.1661083750000003,0,64708,42,16992833,570009
0,99,2.1826954580000013,0,61125,0,16589792,556247
0,100,2.199291125000002,0,66709,42,16603125,556247
0,101,2.215886832999999,0,60958,0,16596500,556447
0,102,2.2324891660000006,0,59125,0,16604166,556247
0,103,2.249188,0,65625,125,16593333,542485
0,104,2.2660273330000003,0,77125,41,16879166,543839
0,105,2.282437250000001,0,73500,42,16408583,542485
0,106,2.2992081659999997,0,70958,84,16790375,556299
0,107,2.3157455830000018,0,61958,41,16599791,556447
0,108,2.332734833,0,60792,83,16890209,570009
0,109,2.349337833,0,67875,42,16596167,542645
0,110,2.3662316660000009,0,68667,83,16810458,542485
0,111,2.3826213749999994,0,89625,0,16483542,545583
0,112,2.3992967910000011,0,67459,208,16689500,556247
0,113,2.4160082080000009,0,58750,42,16696916,544039
0,114,2.4325853749999986,0,63167,42,16594834,556247
0,115,2.4492695829999995,0,67834,0,16599084,556247
0,116,2.4660251660000014,0,73375,42,16791834,556247
0,117,2.4825514159999997,0,72167,42,16499541,542485
0,118,2.4991977910000003,0,67333,42,16688959,556299
0,119,2.515747458,0,63083,0,16602250,556447
0,120,2.5324861250000019,0,62625,125,16606166,556247
0,121,2.5491301250000014,0,72708,125,16684709,556247
0,122,2.5658442500000014,0,63625,42,16694292,543839
0,123,2.5826558750000004,0,72500,0,16807500,542485
0,124,2.599478125000001,0,68875,42,16775542,556247
0,125,2.616037791,0,74083,42,16598208,542685
0,126,2.6326810000000016,0,67292,167,16690208,559345
0,127,2.6492070000000005,0,60125,0,16495083,556247
0,128,2.665885375000002,0,65750,42,16699875,556247
0,129,2.6824571249999991,0,64166,41,16593084,556247
0,130,2.699337332999999,0,59833,125,16796292,556299
0,131,2.7160484579999995,0,64291,0,16702875,544039
0,132,2.732654457999999,0,69916,42,16587083,542485
0,133,2.7492669579999998,0,69334,42,16628250,542485
0,134,2.7659498330000005,0,72875,42,16663791,542485
0,135,2.7826656659999998,0,69291,41,16795375,556247
0,136,2.7992524160000016,0,60459,84,16497625,556247
0,137,2.8160171250000019,0,62917,41,16680459,556447
0,138,2.832463291,0,68334,42,16516917,528723
0,139,2.8491500410000015,0,69542,42,16683750,556247
0,140,2.8658599160000016,0,73750,42,16698375,543839
0,141,2.8824794159999989,0,68125,41,16689875,556247
0,142,2.8992436250000004,0,60250,42,16699584,559397
0,143,2.9160509579999996,0,66042,83,16803166,556447
0,144,2.9324295000000014,0,71333,41,16385625,542485
0,145,2.9492804580000005,0,68416,0,16802250,556247
0,146,2.965901916,0,68833,42,16688375,556247
0,147,2.982554166,0,65583,0,16694250,556247
0,148,2.9992856659999987,0,61750,42,16599667,556247
0,149,3.0161595830000003,0,70709,41,16907083,544039
0,150,3.0326596660000007,0,71000,125,16489792,528723
0,151,3.0492262500000002,0,67792,0,16584083,542485
0,152,3.0660261250000005,0,69417,42,16787458,556247
0,153,3.082690165999999,0,68875,42,16608500,542485
0,154,3.0993888749999989,0,77292,84,16686708,542537
0,155,3.1158312909999992,0,71292,42,16498250,542685
0,156,3.132649166,0,62417,0,16884958,556247
0,157,3.1493157499999995,0,60084,250,16603208,559345
0,158,3.1661011250000008,0,66541,167,16709541,530077
0,159,3.1826797500000019,0,74500,42,16579083,542485
0,160,3.1995097910000005,0,77458,42,16805875,542485
0,161,3.215831541,0,69625,84,16388791,528923
0,162,3.2325924579999992,0,68333,42,16690875,542485
0,163,3.2494612499999995,0,77333,42,16896084,542485
0,164,3.2658075410000009,0,68125,0,16391917,542485
0,165,3.2826111659999988,0,67209,0,16794166,556247
0,166,3.2993978750000004,0,63417,42,16693834,542537
0,167,3.316172666,0,74208,42,16792292,530277
0,168,3.332680541000002,0,77875,42,16503083,542485
0,169,3.3492302080000016,0,71750,0,16596375,542485
0,170,3.3661135000000009,0,67125,125,16886250,556247
0,171,3.382429791,0,65000,0,16298375,542485
0,172,3.3991222080000014,0,67917,83,16696250,559345
0,173,3.415882916000001,0,63750,0,16793708,556447
0,174,3.4327119159999988,0,65500,0,16801708,542485
0,175,3.4491660830000015,0,63500,41,16392000,542485
0,176,3.4658716250000019,0,70583,0,16697875,543839
0,177,3.4826949579999997,0,72167,42,16792959,542485
0,178,3.499155708,0,69584,42,16492125,542537
0,179,3.5158292909999993,0,63500,42,16689583,556447
0,180,3.532541666,0,70417,41,16706000,556247
0,181,3.5493115000000017,0,71083,42,16797417,542485
0,182,3.5659695830000011,0,68333,0,16589541,528723
0,183,3.582755125000002,0,73167,41,16795042,556247
0,184,3.5990791249999994,0,65625,0,16385416,542485
0,185,3.6158825000000014,0,55625,0,16799958,557801
0,186,3.632822375,0,63375,41,16901167,556247
0,187,3.6494310829999996,0,65959,83,16599542,542485
0,188,3.666079332999999,0,68916,167,16586208,545583
0,189,3.6824519160000015,0,77250,42,16392250,542485
0,190,3.6990839579999992,0,67458,41,16700708,556299
0,191,3.7157673329999987,0,60125,42,16695875,556447
0,192,3.7326553330000003,0,60250,83,16794666,556247
0,193,3.7492557079999997,0,70875,83,16590875,542485
0,194,3.7661992909999995,0,68375,42,16895542,557601
0,195,3.782604666000001,0,80333,41,16496958,542485
0,196,3.7993256660000014,0,67709,41,16690959,556247
0,197,3.8158230830000015,0,81250,0,16597709,556447
0,198,3.832474458,0,55416,84,16595250,556247
0,199,3.849030250000002,0,58167,41,16594334,556247
0,200,3.8659415000000017,0,58209,42,16904083,570009
0,201,3.882401625,0,60167,41,16397333,542485
0,202,3.8993692909999993,0,66459,42,16889750,556299
0,203,3.9157903330000003,0,64916,0,16499042,533375
0,204,3.9324987910000004,0,61375,0,16690167,556247
0,205,3.949153208000002,0,63833,42,16696875,556247
0,206,3.9658112910000014,0,56000,125,16593833,556247
0,207,3.982711333000001,0,66583,42,16913042,556247
0,208,3.9992774160000018,0,66583,42,16474792,528723
0,209,4.0160886660000017,0,70208,41,16800709,542685
0,210,4.032793458,0,72042,41,16719583,528723
0,211,4.0496662500000014,0,68208,0,16681375,501199
0,212,4.0659127909999988,0,88125,42,16485042,516315
0,213,4.0826065830000005,0,64250,42,16694625,556247
0,214,4.09928,0,66750,42,16690500,556299
0,215,4.1157515000000018,0,59667,125,16501834,556447
0,216,4.132396083,0,58417,42,16593667,556247
0,217,4.1490486659999988,0,61833,42,16696458,556247
0,218,4.1661418330000011,0,60833,84,16907416,557597
0,219,4.1827513749999987,0,73959,42,16687500,544233
0,220,4.1994345409999987,0,72458,41,16632333,542485
0,221,4.2158022499999994,0,70708,42,16457416,530277
0,222,4.2325338330000015,0,66041,0,16784791,556247
0,223,4.2490455830000009,0,58667,42,16504917,556247
0,224,4.2660684999999994,0,60458,42,16895166,556247
0,225,4.28245875,0,75208,125,16393667,542485
0,226,4.2992105000000009,0,73792,42,16721417,515013
0,227,4.31597425,0,70833,42,16867291,556447
0,228,4.332540625,0,60959,42,16595667,556247
0,229,4.3493582500000016,0,58458,0,16703959,542485
0,230,4.366025791000002,0,73125,42,16695250,530077
0,231,4.382787208,0,65583,41,16697041,542485
0,232,4.3994753750000015,0,70667,42,16692500,514961
0,233,4.416202916,0,68750,41,16697000,542685
0,234,4.432577666,0,72166,84,16382208,518059
0,235,4.4492505000000016,0,69541,42,16701375,542485
0,236,4.465989166,0,69875,42,16782583,556247
0,237,4.482541541,0,65459,0,16605041,556247
0,238,4.499199916000002,0,60875,42,16595208,556299
0,239,4.5159595410000009,0,58167,42,16796959,557801
0,240,4.532475708,0,63333,0,16492791,556247
0,241,4.5492366659999988,0,60583,42,16696459,556247
0,242,4.5661424580000016,0,72042,42,16890750,556247
0,243,4.5824440409999987,0,73542,0,16312417,514961
0,244,4.5993664159999987,0,74583,41,16884042,556247
0,245,4.615862041,0,67708,42,16595083,556447
0,246,4.632486083,0,61041,42,16593208,556247
0,247,4.649252125,0,64500,83,16696833,556247
0,248,4.666058416000002,0,72000,42,16795666,543839
0,249,4.682423083,0,69584,0,16396625,531821
0,250,4.699244166,0,65541,41,16793666,556299
0,251,4.715957207999999,0,65250,41,16790416,556447
0,252,4.7325965,0,62458,0,16606959,556247
0,253,4.7493138750000021,0,68000,42,16684084,542485
0,254,4.7661902910000009,0,67708,42,16803875,501199
0,255,4.7825062500000008,0,71875,83,16394166,542485
0,256,4.799337625,0,64375,41,16789167,556247
0,257,4.815875833,0,61583,41,16598041,544039
0,258,4.832554666,0,62542,0,16694584,556247
0,259,4.8490583330000021,0,59125,125,16498875,556247
0,260,4.865988541,0,61541,0,16884458,570009
0,261,4.882504333,0,63875,0,16510167,556247
0,262,4.8992900000000006,0,66792,41,16612000,542537
0,263,4.9161426659999989,0,73792,42,16968083,556447
0,264,4.9323814580000018,0,66584,42,16302458,542485
0,265,4.9492897910000018,0,65000,42,16893125,570009
0,266,4.965965291,0,60417,41,16689709,543839
0,267,4.9825237500000021,0,64209,0,16513958,542485
0,268,4.9992995409999992,0,67625,42,16681875,556247
0,269,5.0160155000000017,0,72083,41,16702375,542685
0,270,5.0323844159999993,0,70500,41,16490250,542485
0,271,5.0490633329999994,0,67625,0,16695291,556247
0,272,5.0659487080000005,0,58834,42,16882375,570009
0,273,5.0827197079999991,0,60000,41,16711875,556247
0,274,5.0992592909999992,0,66750,42,16484583,528775
0,275,5.1159649159999994,0,69041,0,16705875,544039
0,276,5.132607125,0,68333,42,16688750,556247
0,277,5.1492316249999988,0,61292,42,16694291,556247
0,278,5.165905958,0,55292,0,16595708,556247
0,279,5.182637500000002,0,61917,42,16698416,542485
0,280,5.1991909579999991,0,68083,42,16501916,542485
0,281,5.2160090829999994,0,69958,42,16882208,556447
0,282,5.2324043330000016,0,65917,42,16400083,542485
0,283,5.2490804580000017,0,67000,41,16693375,556247
0,284,5.266073500000001,0,61125,42,16894166,557601
0,285,5.2829703330000015,0,72458,42,16810459,542485
0,286,5.2993630409999994,0,72875,0,16495042,528775
0,287,5.3161772079999992,0,65750,0,16792125,556447
0,288,5.3323896250000011,0,68208,0,16285166,542485
0,289,5.3492578749999993,0,61500,42,16896250,570049
0,290,5.3659837910000014,0,62041,42,16688167,556247
0,291,5.3827426249999988,0,65333,42,16702584,556247
0,292,5.3994691249999995,0,70542,42,16702500,542485
0,293,5.415960875,0,67333,167,16492500,530277
0,294,5.4324762500000006,0,64750,42,16593167,556247
0,295,5.449055333,0,63209,42,16592458,556247
0,296,5.4658010409999989,0,57875,42,16706625,556247
0,297,5.4826461249999987,0,64875,0,16784208,556247
0,298,5.4993079159999994,0,70917,0,16608000,542537
0,299,5.5159368330000014,0,68625,42,16687750,556447
0,300,5.532543166,0,66250,41,16691750,556247
0,301,5.5491005000000015,0,61000,41,16492208,556247
0,302,5.565833915999999,0,63208,0,16708125,543839
0,303,5.582575666,0,66375,83,16691083,556247
0,304,5.5992099579999994,0,65916,0,16591750,556247
0,305,5.615850625,0,64959,83,16787083,556447
0,306,5.6324483749999992,0,60833,208,16598291,556247
0,307,5.6491282080000005,0,56917,250,16604000,556247
0,308,5.665857958,0,68583,42,16687833,542485
0,309,5.6826603330000012,0,68667,0,16810084,542485
0,310,5.699307291,0,71917,41,16584625,542537
0,311,5.7159206659999988,0,67750,0,16699583,516515
0,312,5.732672749999999,0,69250,0,16692667,528723
0,313,5.7493518750000021,0,76334,42,16695666,556247
0,314,5.765981083,0,69833,83,16689583,556247
0,315,5.782583541000001,0,62459,166,16595958,556247
0,316,5.7993640000000006,0,64583,166,16688792,556247
0,317,5.815958375000001,0,69667,83,16508125,542685
0,318,5.8326312080000022,0,115250,125,16706833,542485
0,319,5.8492831249999995,0,74500,41,16684417,528723
0,320,5.8658940830000006,0,68375,84,16598792,530077
0,321,5.8827692079999991,0,75958,84,16889500,528723
0,322,5.8993969160000006,0,72375,42,16589875,542537
0,323,5.9158849159999995,0,68333,41,16579333,515161
0,324,5.9324657500000022,0,62125,41,16601958,556247
0,325,5.949436666,0,58708,0,16897792,556247
0,326,5.966436791,0,70084,83,16896583,157149
0,327,5.9822435829999989,0,71291,42,15694083,129625
0,328,5.9951681249999993,0,111417,0,12762708,33291
0,329,6.0158555410000005,0,74750,167,21033917,612849
0,330,6.0326454580000011,0,67000,84,16786875,556247
0,331,6.0493844159999988,0,70208,83,16696709,528723
0,332,6.066174666000002,0,71458,0,16795959,556247
0,333,6.0824193750000006,0,66583,42,16289792,542485
0,334,6.099482875,0,75708,0,16794083,542537
0,335,6.1160839160000009,0,89875,0,16608208,515161
0,336,6.1324857080000008,0,78791,42,16582958,432389
0,337,6.1494677079999995,0,69916,42,16991000,556247
0,338,6.166130833,0,69083,83,16698125,543839
0,339,6.1824691660000006,0,69208,42,16395458,542485
0,340,6.1991686250000022,0,65125,41,16591958,556247
0,341,6.215883208000001,0,64417,0,16798667,556447
0,342,6.2325795000000035,0,62375,41,16604666,542485
0,343,6.2492955410000022,0,72916,41,16683959,528723
0,344,6.2660403330000065,0,71958,41,16594875,528723
0,345,6.2824834580000015,0,68917,41,16601750,528723
0,346,6.2993945830000015,0,80875,42,16897000,556299
0,347,6.3159494160000023,0,71458,42,16596458,516515
0,348,6.3326555000000013,0,72333,83,16687834,542485
0,349,6.3493550830000061,0,70583,41,16691792,542485
0,350,6.3658485000000056,0,71625,83,16501334,528723
0,351,6.3824757500000047,0,70709,42,16597083,528723
0,352,6.3994233330000014,0,76667,41,16781792,542485
0,353,6.4159640830000058,0,91833,42,16704875,528923
0,354,6.4325280000000049,0,71041,83,16593458,556247
0,355,6.4491859580000011,0,67292,42,16695583,556247
0,356,6.466164500000005,0,65000,41,16893916,557601
0,357,6.4823351660000057,0,68750,42,16291375,542485
0,358,6.4994064580000028,0,55250,42,17002500,570061
0,359,6.516112666000005,0,60625,42,16708042,556447
0,360,6.5325652500000047,0,65959,42,16390166,528723
0,361,6.5493506250000024,0,70375,42,16782375,542485
0,362,6.5658365830000065,0,72042,42,16511459,514961
0,363,6.5827547080000031,0,68292,42,16882291,528723
0,364,6.5994355830000018,0,71458,41,16617084,542485
0,365,6.6158579160000031,0,72959,42,16473083,516515
0,366,6.632571666000004,0,73041,42,16795542,556247
0,367,6.6490889580000072,0,63417,41,16499791,556247
0,368,6.6659565000000072,0,62625,0,16795000,556247
0,369,6.6826322500000046,0,70583,167,16603375,528723
0,370,6.6995315830000024,0,77542,125,16889166,501251
0,371,6.7158352910000048,0,70375,42,16391667,528923
0,372,6.7325157080000011,0,67000,0,16690125,556247
0,373,6.7491982080000028,0,63125,42,16691625,556247
0,374,6.7661984160000017,0,62875,42,16904667,543839
0,375,6.7824205410000076,0,72417,41,16289250,528723
0,376,6.7994577080000056,0,73500,42,16796417,487437
0,377,6.8163240830000049,0,84250,42,16796541,460113
0,378,6.8327657080000037,0,90708,42,16585041,432389
0,379,6.8496432500000068,0,80166,0,16905583,514961
0,380,6.8660962080000019,0,84375,41,16384125,459913
0,381,6.882738333000006,0,88458,83,16516167,418627
0,382,6.8995118330000054,0,94875,41,16873542,432441
0,383,6.9164957080000065,0,88167,42,16799541,447705
0,384,6.9328694160000026,0,92500,41,16582917,418627
0,385,6.9493912080000015,0,83584,83,16514916,459913
0,386,6.966475250000002,0,93666,167,16992250,473675
0,387,6.9828771250000017,0,105917,125,16580083,501199
0,388,6.9992257080000044,0,75333,0,16287625,473675
0,389,7.015926541000006,0,70208,42,16693542,487637
0,390,7.0326959160000015,0,75666,42,16811958,487437
0,391,7.0493172910000013,0,71583,42,16601750,487437
0,392,7.0661070830000057,0,73791,42,16777584,502553
0,393,7.082705708000006,0,78833,41,16597083,446151
0,394,7.099441750000004,0,71375,42,16606292,501251
0,395,7.1160275000000013,0,83375,167,16681167,487637
0,396,7.1326453330000064,0,71250,208,16689625,528723
0,397,7.1493230410000024,0,68750,42,16593666,514961
0,398,7.1658974580000034,0,80209,84,16638083,501199
0,399,7.1828608330000066,0,68167,42,16868875,528723
0,400,7.1995652080000028,0,76125,42,16681708,528723
0,401,7.215964458000002,0,75500,41,16486833,488991
0,402,7.2328070410000009,0,71166,42,16799583,542485
0,403,7.2491794580000075,0,70500,83,16387666,528723
0,404,7.2658811660000069,0,77459,42,16703750,542485
0,405,7.2826782080000072,0,71500,42,16789416,542485
0,406,7.2993972910000053,0,70917,42,16696416,528775
0,407,7.3159977500000011,0,78250,42,16601125,542685
0,408,7.3326345410000044,0,68125,42,16589250,542485
0,409,7.3492132500000054,0,80125,0,16593083,542485
0,410,7.3659895830000011,0,74916,42,16798583,530077
0,411,7.3826834580000025,0,72792,42,16704667,528723
0,412,7.3993236660000008,0,66250,208,16579875,528723
0,413,7.4159701250000012,0,66917,42,16697375,528923
0,414,7.4327142500000036,0,73084,0,16710417,514961
0,415,7.4493805410000036,0,68875,84,16674917,542485
0,416,7.4662222500000013,0,66334,83,16799667,556247
0,417,7.4825479580000049,0,73708,42,16390959,528723
0,418,7.499105875000005,0,72666,83,16598875,556299
0,419,7.5160903750000045,0,64125,41,17000459,557801
0,420,7.532447666000003,0,59583,83,16289334,542485
0,421,7.549313000000005,0,67709,42,16896375,556247
0,422,7.5659600410000039,0,66666,41,16604709,514961
0,423,7.5827152500000068,0,71208,0,16781750,556247
0,424,7.5993139580000033,0,68417,42,16599250,556247
0,425,7.6158831250000034,0,60917,125,16593417,556447
0,426,7.6326400410000019,0,64209,42,16599375,556247
0,427,7.649330041000006,0,93875,0,16804958,542485
0,428,7.6657589160000015,0,66583,42,16389917,516315
0,429,7.6825121660000022,0,69166,0,16789458,556247
0,430,7.6994897910000049,0,67625,41,16891583,556299
0,431,7.7159331250000065,0,73625,42,16507000,542685
0,432,7.7324597500000039,0,65125,84,16489625,542485
0,433,7.7492048750000038,0,69333,42,16698458,528723
0,434,7.7659968750000061,0,73500,41,16683334,542485
0,435,7.782653916000001,0,76000,42,16704250,542485
0,436,7.7991983750000031,0,74583,42,16580416,542485
0,437,7.8159710000000047,0,72000,83,16802209,544039
0,438,7.8325053330000074,0,72041,42,16595042,556247
0,439,7.8493177910000043,0,60833,125,16800542,556247
0,440,7.8660573330000076,0,63541,0,16694958,556247
0,441,7.8828879160000014,0,68292,42,16588250,528723
0,442,7.8995752080000017,0,85875,250,16791416,473727
0,443,7.9160930410000034,0,76833,42,16601291,515161
0,444,7.9326839580000055,0,74125,42,16582333,487437
0,445,7.949349208000001,0,72959,42,16504917,514961
0,446,7.9658105830000068,0,94333,83,16694709,516315
0,447,7.9824390000000065,0,64500,84,16690042,556247
0,448,7.9992609160000043,0,58792,83,16700625,556247
0,449,8.0160292080000062,0,66083,83,16800041,556447
0,450,8.0324299580000016,0,66625,42,16386875,542485
0,451,8.0493576660000059,0,68500,125,16892583,556247
0,452,8.0661533330000026,0,72291,125,16604958,542485
0,453,8.0828012080000065,0,94750,0,16793417,542485
0,454,8.0992648750000029,0,73542,42,16384083,528775
0,455,8.1160003750000058,0,73250,42,16907792,544039
0,456,8.1326037080000049,0,67125,125,16591166,556247
0,457,8.149156208,0,60834,41,16586291,556247
0,458,8.1657372500000065,0,61959,42,16519042,542485
0,459,8.1827841660000047,0,65792,0,16970542,556247
0,460,8.199229625000001,0,81500,0,16411375,501199
0,461,8.2161795830000059,0,72500,42,16987541,556447
0,462,8.2327660830000013,0,73291,84,16593500,542485
0,463,8.249352750000007,0,70958,42,16591959,556247
0,464,8.2661408330000015,0,69334,42,16800875,557601
0,465,8.2824604160000064,0,67208,42,16390666,542485
0,466,8.2995135000000033,0,58916,42,16903375,556299
0,467,8.3160845000000023,0,70583,0,16593667,542685
0,468,8.3327604160000064,0,73333,41,16692042,542485
0,469,8.3494924580000074,0,68959,83,16706250,528763
0,470,8.365907208000003,0,72541,42,16387459,528723
0,471,8.382742333000003,0,71917,42,16787042,542485
0,472,8.3993549580000035,0,75209,41,16602709,528723
0,473,8.416076958000005,0,72916,42,16806542,530277
0,474,8.4327982500000047,0,70333,125,16677958,542485
0,475,8.4492391660000052,0,71584,42,16490334,542485
0,476,8.4658311250000011,0,63667,208,16588416,556247
0,477,8.4824743330000061,0,66334,0,16706958,556247
0,478,8.4992322910000055,0,61000,41,16585542,528775
0,479,8.5159696250000039,0,71792,0,16791125,528923
0,480,8.5326330000000041,0,69208,41,16624750,528723
0,481,8.5492107500000074,0,77167,42,16624000,542485
0,482,8.566062125000002,0,73042,42,16838292,543839
0,483,8.5825575830000034,0,69208,42,16488750,528723
0,484,8.5992742910000075,0,74542,42,16699209,528723
0,485,8.6158842500000077,0,74500,167,16590708,528923
0,486,8.6326986250000033,0,71041,166,16797875,528723
0,487,8.649354666,0,72583,83,16513250,473675
0,488,8.6661882500000047,0,92625,42,16982209,514961
0,489,8.6826127910000039,0,73792,0,16388291,514961
0,490,8.6990851250000034,0,71041,42,16597625,542537
0,491,8.7158954160000022,0,60041,42,16797083,557801
0,492,8.7325514580000032,0,64375,83,16599250,556247
0,493,8.7491925000000066,0,67084,83,16691875,556247
0,494,8.7657692500000053,0,61042,0,16597417,556247
0,495,8.7827717080000056,0,63291,42,16895375,556247
0,496,8.7993706660000015,0,74084,42,16496750,542485
0,497,8.8159920000000014,0,76000,125,16688166,542685
0,498,8.8325835830000017,0,71375,41,16600042,514961
0,499,8.8492327500000059,0,72416,42,16582625,501199
0,500,8.8659678750000026,0,76375,84,16795125,488791
0,501,8.8827412500000023,0,74042,250,16799625,542485
0,502,8.8994577910000032,0,73000,167,16698917,556299
0,503,8.9158356250000068,0,65666,42,16396250,542685
0,504,8.9327985000000041,0,69833,83,16886750,556247
0,505,8.9491675410000013,0,75208,42,16397666,528723
0,506,8.9658186250000043,0,71000,41,16687000,542485
0,507,8.9824838750000069,0,68791,125,16710416,556247
0,508,8.9992176250000071,0,64584,84,16691208,556247
0,509,9.0161292080000024,0,61500,41,16898625,557801
0,510,9.0326712910000069,0,67666,0,16503000,542485
0,511,9.0494335410000062,0,70333,42,16781625,556247
0,512,9.0662102500000046,0,68750,83,16699542,556247
0,513,9.082565166000002,0,73917,41,16393750,528723
0,514,9.0994266660000065,0,70083,0,16785250,542537
0,515,9.1160494160000027,0,73500,42,16706541,542685
0,516,9.1325550000000035,0,68083,42,16493208,542485
0,517,9.1490890000000036,0,71291,42,16598250,556247
0,518,9.1659525410000029,0,65833,83,16785166,557601
0,519,9.1830179580000078,0,68333,83,17069292,542485
0,520,9.1991965410000063,0,73458,42,16127833,528723
0,521,9.216230875,0,76458,83,16988583,528923
0,522,9.2326498330000035,0,73666,42,16503833,528723
0,523,9.2494230410000071,0,69917,125,16682542,542485
0,524,9.2659621250000015,0,77208,83,16608125,514961
0,525,9.282666416000005,0,66167,42,16681125,528723
0,526,9.2992447080000034,0,69084,41,16489458,528775
0,527,9.3159851660000044,0,74416,83,16807459,544039
0,528,9.3325923330000009,0,74417,41,16687250,556247
0,529,9.349165333000002,0,63333,0,16599792,556247
0,530,9.3662034580000011,0,60125,41,16887041,556247
0,531,9.3827538750000059,0,73000,42,16601792,514961
0,532,9.3994635830000064,0,71958,0,16591708,514961
0,533,9.4159367500000073,0,78000,83,16602584,542685
0,534,9.4326171250000073,0,68875,42,16692250,556247
0,535,9.4491824580000028,0,68667,42,16597667,574237
0,536,9.4658715410000056,0,60792,166,16586542,530077
0,537,9.4824479580000016,0,71916,41,16598417,542485
0,538,9.4994078750000028,0,69917,41,16899208,556299
0,539,9.5159011660000061,0,69292,42,16491000,528923
0,540,9.5326945000000052,0,76791,208,16811125,501199
0,541,9.5494948330000042,0,72167,167,16780750,514961
0,542,9.566030583000007,0,75792,41,16498291,514961
0,543,9.5827135410000039,0,73708,41,16714375,542485
0,544,9.5993927080000034,0,72625,0,16661000,487437
0,545,9.6159285410000024,0,72541,83,16600792,544039
0,546,9.6325109160000011,0,69292,41,16596416,556247
0,547,9.6491926660000047,0,64792,83,16701625,556247
0,548,9.6662026250000039,0,64958,42,16908417,542485
0,549,9.6824480830000041,0,74375,41,16276917,501199
0,550,9.6992917910000074,0,70166,42,16707166,515013
0,551,9.7162401250000059,0,76750,125,16993209,515161
0,552,9.7326162910000065,0,77209,41,16397958,528723
0,553,9.7493881660000028,0,72625,42,16772084,542485
0,554,9.7658404580000067,0,71125,42,16505625,530077
0,555,9.7825092500000039,0,63167,83,16690167,556247
0,556,9.7994128750000016,0,63417,42,16800041,556247
0,557,9.8160165000000035,0,68041,42,16583875,528923
0,558,9.8326841250000072,0,71250,42,16695083,528723
0,559,9.8492400000000018,0,72333,83,16603917,528723
0,560,9.865776750000002,0,69833,42,16591084,556247
0,561,9.8824379580000041,0,61042,83,16597042,556247
0,562,9.8994149580000013,0,68792,0,16896375,556299
0,563,9.9159441660000027,0,71000,41,16594875,530277
0,564,9.9326977500000027,0,70334,42,16702000,542485
0,565,9.9493900000000011,0,73209,167,16707583,542485
0,566,9.9661347500000019,0,72666,42,16694000,542485
0,567,9.9826497500000073,0,72667,41,16563500,514961
0,568,9.9992600830000029,0,69875,0,16604583,556247
0,569,10.015792708000006,0,64792,83,16594958,556447
0,570,10.032669333000001,0,61334,84,16797750,556247
0,571,10.049371458000003,0,65792,84,16631375,501199
0,572,10.066074958000002,0,76542,41,16656291,502553
0,573,10.082804125000003,0,88542,41,16615417,528723
0,574,10.099401000000007,0,103833,42,16668000,515013
0,575,10.116066916000001,0,87583,0,16711458,473875
0,576,10.132593708000002,0,77125,41,16578250,514961
0,577,10.148757541000002,0,69208,83,16116834,157149
0,578,10.165584708000004,0,82542,42,16593416,129625
0,579,10.180772250000004,0,93625,125,15137625,33291
0,580,10.199510041000003,0,77792,0,18944709,487437
0,581,10.216003000000008,0,73250,41,16577458,488991
0,582,10.232687541000004,0,76833,125,16710875,514961
0,583,10.249181791000005,0,70791,125,16478042,528723
0,584,10.265989041000005,0,70833,125,16796250,514961
0,585,10.282552791000008,0,73209,0,16596458,514961
0,586,10.299446125000003,0,68625,41,16794083,542537
0,587,10.316222250000003,0,75417,41,16796209,528923
0,588,10.332816166000008,0,75208,42,16594042,528723
0,589,10.349295041000005,0,74375,42,16498875,528723
0,590,10.366276541000005,0,74292,0,16892291,516315
0,591,10.382496416000002,0,75416,41,16292541,528723
0,592,10.399373208000007,0,77750,42,16796500,514961
0,593,10.415979000000007,0,72125,83,16621209,501399
0,594,10.432695916000007,0,77833,42,16761959,528723
0,595,10.449129750000004,0,76167,41,16415542,501199
0,596,10.465881833000005,0,73916,83,16782833,528723
0,597,10.482411833000008,0,72292,42,16594625,542485
0,598,10.499307041000002,0,67292,42,16795750,556299
0,599,10.515961041000004,0,65375,42,16695583,530277
0,600,10.532611166000002,0,68500,83,16599708,528723
0,601,10.549312583000003,0,72334,42,16684792,542485
0,602,10.565892625000004,0,71542,0,16596500,528723
0,603,10.582788500000007,0,75708,42,16902291,514961
0,604,10.599322333000003,0,76417,42,16486708,528723
0,605,10.616450208000003,0,71333,42,16918834,528923
0,606,10.632802958000006,0,106041,42,16597333,514961
0,607,10.649562666000001,0,71541,42,16707875,514961
0,608,10.665872166000007,0,73916,41,16355334,516315
0,609,10.682415000000006,0,74917,42,16595959,556247
0,610,10.699119625000002,0,66792,42,16699792,556299
0,611,10.715933791000005,0,65375,0,16795875,556447
0,612,10.732582750000006,0,68041,41,16601416,528723
0,613,10.749286125000005,0,72917,42,16683375,556247
0,614,10.766058208000004,0,73959,0,16798042,542485
0,615,10.782491041000007,0,72959,250,16389417,528723
0,616,10.799674666000001,0,72792,0,16998458,542485
0,617,10.816164750000006,0,104958,42,16687458,516515
0,618,10.832641875000007,0,68792,125,16498792,542485
0,619,10.849364375000007,0,72625,0,16701958,542485
0,620,10.866064791000007,0,71000,83,16690500,542485
0,621,10.882461041000006,0,69917,166,16391583,487437
0,622,10.899256583000003,0,73500,0,16694500,515013
0,623,10.916128000000008,0,80042,0,16908541,528923
0,624,10.932677666000004,0,70084,125,16587000,514961
0,625,10.949393583000003,0,73667,0,16690417,542485
0,626,10.965828041000002,0,74042,84,16494250,530077
0,627,10.982510333000008,0,64875,41,16693792,556247
0,628,10.999117000000005,0,69792,0,16512708,542485
0,629,11.016171958000001,0,72750,42,17096291,537607
0,630,11.032916833000002,0,68375,125,16577916,514961
0,631,11.049331791000007,0,79709,42,16511292,501199
0,632,11.065980666000002,0,79791,0,16623500,501199
0,633,11.082886291000001,0,82166,42,16964709,514961
0,634,11.099299000000002,0,73708,42,16377666,528775
0,635,11.116112250000008,0,68042,83,16899417,544039
0,636,11.132546958000006,0,64583,41,16393042,542485
0,637,11.149510958000008,0,68542,84,16914459,542485
0,638,11.166200541000002,0,74542,41,16701291,514961
0,639,11.182901500000007,0,71625,83,16690917,514961
0,640,11.199647250000005,0,77417,83,16669042,501199
0,641,11.215890375000008,0,76916,42,16309250,446351
0,642,11.232856333,0,71583,84,16893958,514961
0,643,11.249322166000006,0,80667,42,16487667,473675
0,644,11.266238791000006,0,75416,41,16906792,475029
0,645,11.282727416000007,0,75959,42,16477833,514961
0,646,11.299515708000001,0,81625,42,16789708,556299
0,647,11.316073583000005,0,70625,42,16595375,542685
0,648,11.332669916000008,0,68625,0,16594958,542485
0,649,11.349501708000005,0,72375,84,16801792,528763
0,650,11.366224125000002,0,70833,41,16704292,501199
0,651,11.382664208000001,0,72208,42,16476833,501199
0,652,11.399449416000003,0,71959,41,16797167,542485
0,653,11.416095166000005,0,67167,41,16600042,544039
0,654,11.432632125000005,0,68542,42,16589625,542485
0,655,11.449293208000007,0,63000,0,16591375,528723
0,656,11.465919666000005,0,71375,83,16609375,514961
0,657,11.482693458000007,0,75625,83,16789541,528723
0,658,11.499211666000008,0,75000,41,16484292,515013
0,659,11.516122250000002,0,75041,0,16999833,528923
0,660,11.532720750000003,0,66500,167,16504166,514961
0,661,11.549403083000001,0,72667,83,16685250,528723
0,662,11.566049000000007,0,80416,0,16616000,516315
0,663,11.582807083000006,0,73959,42,16789500,528723
0,664,11.599145125000007,0,71375,42,16300083,501199
0,665,11.616232333000006,0,71000,83,17086750,501399
0,666,11.632691333000004,0,77459,42,16480875,514961
0,667,11.649270166,0,69334,41,16596666,542485
0,668,11.665824166000007,0,75750,83,16590000,556247
0,669,11.682594708000003,0,67417,42,16706917,542485
0,670,11.699296541000002,0,72000,41,16685833,515013
0,671,11.715803583000003,0,71417,83,16503791,516425
0,672,11.732900166000007,0,71166,41,17103250,515051
0,673,11.749227583000007,0,70209,42,16308333,501199
0,674,11.766207041000001,0,71458,42,16981834,528723
0,675,11.782840041000007,0,71708,0,16594625,501199
0,676,11.799341708000007,0,81458,42,16481167,514961
0,677,11.816210625000004,0,68958,42,16891792,528923
0,678,11.832451291000005,0,71417,41,16388042,542485
0,679,11.849387500000006,0,62125,208,16898291,570009
0,680,11.866046166000004,0,64083,41,16114958,509195
0,681,11.882942000000007,0,86417,41,17288709,494557
0,682,11.899249583000007,0,75791,42,16274333,446203
0,683,11.915964666000008,0,78541,41,16623958,473875
0,684,11.932855666000002,0,86625,83,16965084,487437
0,685,11.949509208000002,0,80500,42,16715875,487437
0,686,11.966092458000006,0,75000,167,16579791,501199
0,687,11.982756208000005,0,73916,42,16689625,542485
0,688,11.999415541000005,0,67708,42,16699625,556247
0,689,12.016130125000004,0,67833,42,16418125,523157
0,690,12.032503916000003,0,70833,41,16572834,522081
0,691,12.049292125000001,0,72125,42,16809625,501199
0,692,12.066076666000008,0,78083,0,16777916,528723
0,693,12.082624666000001,0,72125,42,16517542,487437
0,694,12.099349541000002,0,73375,42,16671542,501251
0,695,12.116488375000003,0,72041,0,16931916,473875
0,696,12.132631375000003,0,76541,83,16351666,473675
0,697,12.149676958000008,0,76417,42,17010583,487437
0,698,12.166240583000004,0,72709,167,16409709,509195
0,699,12.182395291000006,0,68917,42,16471000,535843
0,700,12.199220416000003,0,63083,42,16694042,556247
0,701,12.215857333000002,0,70042,83,16710125,501399
0,702,12.232488083000007,0,71458,83,16574917,487437
0,703,12.249252541000004,0,70833,83,16713792,501199
0,704,12.265956916000007,0,73250,83,16701250,459913
0,705,12.282672750000003,0,74083,84,16771084,514961
0,706,12.299432250000002,0,76458,41,16689541,528775
0,707,12.316501916000007,0,74833,42,16900000,550681
0,708,12.332431791000005,0,67292,41,16199709,522081
0,709,12.349264208000001,0,65750,42,16787500,542485
0,710,12.365817541000006,0,69584,41,16507667,501199
0,711,12.382542625000006,0,74833,42,16783250,501199
0,712,12.399449875000002,0,70000,83,16796208,542485
0,713,12.415882583000005,0,73250,166,16494791,515161
0,714,12.432689375000002,0,73125,42,16796208,528723
0,715,12.449195125000003,0,71292,42,16494041,501199
0,716,12.466707916000004,0,74333,42,17212708,522957
0,717,12.482690458000008,0,93166,167,16263500,508319
0,718,12.499193625000004,0,70583,0,16511333,542537
0,719,12.516021875000007,0,70541,209,16889459,556447
0,720,12.532420625000007,0,67000,42,16400458,542485
0,721,12.549306750000007,0,69167,0,16796292,528723
0,722,12.565819791000003,0,69416,125,16506000,514961
0,723,12.582477458000007,0,73209,42,16703209,514961
0,724,12.599189625000001,0,70334,42,16586167,501199
0,725,12.616989875000002,0,71833,83,17594292,523157
0,726,12.632582666000005,0,72458,41,15875667,480795
0,727,12.649626250000004,0,73834,125,17015875,528723
0,728,12.665896666000002,0,78292,41,16293583,487437
0,729,12.683002458000004,0,68750,41,17095167,514961
0,730,12.699543625000004,0,72708,42,16476417,501251
0,731,12.715910750000006,0,76792,42,16412375,473875
0,732,12.732704833000007,0,72459,42,16772541,501199
0,733,12.749419000000003,0,72125,0,16798209,556247
0,734,12.766285291000003,0,64458,0,16494625,542485
0,735,12.782614875000007,0,61750,41,16697292,543839
0,736,12.799426833000005,0,69083,0,16691500,528723
0,737,12.815838166000006,0,67500,41,16414291,487637
0,738,12.832689541000008,0,73792,42,16874542,501199
0,739,12.849329583000006,0,71791,42,16615292,501199
0,740,12.866105375000004,0,72250,0,16775542,528723
0,741,12.882486875000005,0,71209,41,16413667,501199
0,742,12.899519583000007,0,67792,209,16979375,528775
0,743,12.916809583000003,0,72667,83,16811583,473875
0,744,12.932911625000003,0,73750,84,16595500,488791
0,745,12.949309750000005,0,72291,42,16289500,487437
0,746,12.965904875000007,0,74333,42,16698750,487437
0,747,12.982752250000004,0,73000,41,16878875,542485
0,748,12.999422208000006,0,70708,41,16687417,556247
0,749,13.015856833000008,0,67792,41,16411208,542685
0,750,13.032950666000005,0,66500,125,17025375,542485
0,751,13.049530458000007,0,71167,83,16552875,501199
0,752,13.065868791000007,0,76583,0,16391542,501199
0,753,13.082775791000003,0,70416,0,16918416,530077
0,754,13.099432583000002,0,68917,41,16568041,501251
0,755,13.116007833000005,0,73958,42,16601000,501399
0,756,13.132731833000001,0,74584,0,16699500,487437
0,757,13.149089375000003,0,69292,42,16406917,487437
0,758,13.165809375000002,0,72708,41,16694084,501199
0,759,13.182596250000003,0,70209,42,16781083,501199
0,760,13.199525125000001,0,78542,83,16883416,528723
0,761,13.216206500000006,0,76042,42,16723208,501399
0,762,13.232601875000007,0,72792,42,16369708,488791
0,763,13.249510916000006,0,73542,42,16917709,514961
0,764,13.266112541000005,0,71792,41,16573333,487437
0,765,13.282486375000005,0,74208,125,16412750,487437
0,766,13.299507375000005,0,69708,0,16983916,528775
0,767,13.316160791000001,0,70084,42,16689958,487637
0,768,13.332627375000001,0,68333,42,16397250,514961
0,769,13.349506250000005,0,73916,83,16896375,514961
0,770,13.365837250000006,0,71667,42,16391292,542485
0,771,13.382837833000004,0,68292,0,17002125,543839
0,772,13.399429958000006,0,65583,84,16590208,556247
0,773,13.415934458000002,0,61583,83,16394375,515161
0,774,13.432662958000002,0,74709,0,16789708,514961
0,775,13.449411166000004,0,70750,42,16725084,514961
0,776,13.466087208000005,0,73083,42,16668834,501199
0,777,13.482784375000001,0,72542,84,16695667,501199
0,778,13.499432166000005,0,70291,41,16612291,501251
0,779,13.515989375000004,0,72666,83,16579542,501399
0,780,13.532530458000004,0,73125,83,16514416,488791
0,781,13.549238666000008,0,73958,208,16687833,487437
0,782,13.566261083000008,0,81500,42,16975750,528723
0,783,13.582699000000005,0,74125,42,16517125,501199
0,784,13.599289416000005,0,72458,41,16472459,487437
0,785,13.616203083000002,0,78458,42,16997958,501399
0,786,13.632654083000006,0,71667,0,16408166,473675
0,787,13.649482750000004,0,79417,166,16775958,473675
0,788,13.666147000000002,0,77084,83,16711291,459913
0,789,13.682754333000005,0,75416,83,16382333,475029
0,790,13.699725750000006,0,92000,83,17108042,459965
0,791,13.716168083000007,0,79333,83,16495000,446351
0,792,13.732962583000003,0,75167,42,16799292,473675
0,793,13.749546875000007,0,78375,250,16587500,487437
0,794,13.765964958000005,0,72000,42,16479541,501199
0,795,13.782448250000002,0,69500,0,16497084,514961
0,796,13.799219291000007,0,69750,41,16689459,514961
0,797,13.816118583000005,0,69375,42,16906625,473875
0,798,13.832888291000003,0,73541,42,16701250,461267
0,799,13.849473916000008,0,71583,41,16587375,459913
0,800,13.866288708000006,0,76916,42,16786500,446151
0,801,13.882989791000007,0,74959,166,16694958,473675
0,802,13.899359666000002,0,78166,83,16491000,528775
0,803,13.916119750000007,0,64708,84,16800833,556447
0,804,13.932545000000005,0,64875,125,16387459,542485
0,805,13.949084833000008,0,70958,41,16517666,514961
0,806,13.966160250000001,0,71833,42,17077750,528723
0,807,13.982669500000007,0,68458,42,16489834,502553
0,808,13.999551666000002,0,72167,41,16797625,528723
0,809,14.015928500000001,0,73292,42,16413375,501399
0,810,14.032731833000007,0,72291,166,16803542,501199
0,811,14.049432041000003,0,90375,41,16678708,501199
0,812,14.066240875000005,0,73042,84,16806583,501199
0,813,14.082644958000003,0,74750,42,16388000,487437
0,814,14.099183250000003,0,76250,83,16497417,459965
0,815,14.115988750000007,0,73666,42,16788334,473875
0,816,14.132677250000008,0,77250,84,16784917,461267
0,817,14.149364041000005,0,69000,41,16688917,542485
0,818,14.166010291000006,0,69167,83,16688875,556247
0,819,14.182875458000005,0,66333,42,16714750,528723
0,820,14.199279791000002,0,75542,41,16377833,446151
0,821,14.216223166000006,0,72292,83,16997042,501399
0,822,14.232923708000001,0,73667,42,16720917,473675
0,823,14.249346083000006,0,71834,41,16372709,459913
0,824,14.265771750000006,0,75375,42,16508542,459913
0,825,14.282607875000004,0,69209,83,16801750,475029
0,826,14.299378708000006,0,75708,83,16688542,501251
0,827,14.316024375000005,0,75625,0,16684334,487637
0,828,14.332631833000008,0,85000,42,16600417,459913
0,829,14.349274916000006,0,72334,167,16605584,446191
0,830,14.366058416000001,0,75208,84,16779417,459913
0,831,14.382491583000004,0,79125,84,16583166,542485
0,832,14.399325416000003,0,65375,42,16795125,556247
0,833,14.416275750000004,0,65000,167,16802125,556447
0,834,14.432746375000008,0,78958,42,16488333,488791
0,835,14.449156875000007,0,77959,125,16412916,466327
0,836,14.466340791000007,0,78417,83,17078875,487437
0,837,14.482562791000007,0,76667,83,16411000,473675
0,838,14.499401708000008,0,76292,41,16697042,501251
0,839,14.516183208000001,0,79584,0,16797708,473875
0,840,14.532971666000002,0,73750,41,16364000,336055
0,841,14.550015666000007,0,147542,83,17211250,143387
0,842,14.577326458000002,0,152250,83,26369667,115863
0,843,14.583284916000004,0,81958,0,7105875,117217
0,844,14.599365916000004,0,75500,42,16000625,418627
0,845,14.616325083000007,0,84042,42,16797416,446351
0,846,14.632787666000006,0,102875,42,16811875,446151
0,847,14.649232791000003,0,79125,0,16383375,501199
0,848,14.666051583000005,0,80250,208,16784916,459913
0,849,14.682512333000005,0,73958,83,16502375,459913
0,850,14.699702000000002,0,75833,84,17092500,487489
0,851,14.716138208000004,0,73750,83,16502250,501399
0,852,14.732539875000008,0,91833,84,16476959,530077
0,853,14.749174208000007,0,65958,84,16592167,556247
0,854,14.765916333000007,0,71459,84,16696416,514961
0,855,14.782681833000005,0,74625,42,16805709,514961
0,856,14.799715375000005,0,75125,42,16705250,501199
0,857,14.816011291000002,0,121083,41,16571209,460113
0,858,14.832713583000007,0,74750,0,16615208,459913
0,859,14.849333583000004,0,79958,83,16671292,487437
0,860,14.866215333000007,0,76584,42,16897958,487437
0,861,14.882746916000002,0,80583,84,16495750,461267
0,862,14.899741375000005,0,76917,0,16804667,487489
0,863,14.916320083000002,0,87792,125,16790500,460113
0,864,14.932639208000005,0,75583,0,16288792,473675
0,865,14.949475458000002,0,79709,83,16798834,473675
0,866,14.965991541000001,0,77958,41,16571916,459913
0,867,14.982595166000003,0,69292,0,16508333,446151
0,868,14.999501083000006,0,78583,0,16987125,473675
0,869,15.015912083000003,0,69000,41,16489083,542685
0,870,15.032613583000007,0,64500,0,16699125,543839
0,871,15.049228541000005,0,64500,208,16504208,528723
0,872,15.065971583000007,0,74917,42,16708625,473675
0,873,15.082924083000002,0,78041,41,16993584,473675
0,874,15.099551291000004,0,73958,42,16581250,487489
0,875,15.115880375000003,0,77625,42,16390209,473875
0,876,15.132715791000003,0,66709,0,16800083,487437
0,877,15.149422833000003,0,71667,83,16697625,487437
0,878,15.165991208000001,0,82208,41,16575292,473675
0,879,15.182569166000007,0,75042,42,16597125,447505
0,880,15.199546083000001,0,70667,0,16823417,501199
0,881,15.215933958000008,0,84791,42,16481208,460113
0,882,15.232891500000008,0,71875,83,16975917,487437
0,883,15.249512666000001,0,72250,0,16603000,473675
0,884,15.266156958000003,0,74792,0,16602708,459913
0,885,15.282486000000006,0,81500,42,16398458,459913
0,886,15.299409833000006,0,70791,42,16873416,528775
0,887,15.316123750000003,0,71458,41,16799833,556447
0,888,15.332847041000008,0,67292,83,16701333,543839
0,889,15.349320166000005,0,68625,42,16406916,487437
0,890,15.366154416000008,0,74250,42,16875084,487437
0,891,15.382693875000008,0,69208,83,16513542,487437
0,892,15.399471666000004,0,74333,0,16702833,487437
0,893,15.416040666000008,0,77917,42,16564833,487637
0,894,15.433042875000005,0,73834,84,17017875,487437
0,895,15.449543291000005,0,94000,41,16497167,473675
0,896,15.466035958000006,0,95250,42,16491042,459913
0,897,15.482888958000004,0,74292,41,16878458,475029
0,898,15.499546833000004,0,72542,41,16500083,473727
0,899,15.516027375000007,0,76250,84,16602792,446351
0,900,15.532808041000003,0,71792,167,16794667,473675
0,901,15.549509875000005,0,74417,42,16674333,501199
0,902,15.566217291000008,0,72333,83,16700750,459913
0,903,15.582906250000008,0,71708,42,16715708,487437
0,904,15.599259708000005,0,68250,41,16266125,487437
0,905,15.615963458000003,0,72125,41,16711667,473875
0,906,15.632577708000007,0,77375,83,16598459,461267
0,907,15.649217833000002,0,70292,83,16682708,487437
0,908,15.666232166000007,0,74958,0,16904875,487437
0,909,15.682620208000003,0,74250,83,16496750,473675
0,910,15.699181458000005,0,72292,41,16493583,473675
0,911,15.715830666000002,0,73666,42,16696750,473927
0,912,15.732548875000006,0,75458,125,16770917,501199
0,913,15.749101041000003,0,68333,125,16518792,446151
0,914,15.765898458000002,0,71041,42,16780542,473675
0,915,15.782498708000006,0,69875,83,16591833,488791
0,916,15.799229125000004,0,72334,41,16717625,473675
0,917,15.815906791000003,0,71834,41,16689042,473875
0,918,15.832939291000002,0,67000,125,16909791,459913
0,919,15.849342833000001,0,90250,42,16468292,459913
0,920,15.865932041000008,0,73084,41,16605583,446151
0,921,15.883042333000006,0,73166,125,17004792,473675
0,922,15.899597708000002,0,107333,0,16576500,473675
0,923,15.916069041000007,0,74125,42,16504334,446403
0,924,15.932765375000002,0,74250,83,16676709,461267
0,925,15.949556041000008,0,71708,83,16809667,473675
0,926,15.965886750000003,0,73958,83,16377125,473675
0,927,15.982639208000002,0,74375,41,16711375,459913
0,928,15.999183958000003,0,81667,42,16499833,473675
0,929,16.016278583000002,0,76459,125,17080459,501399
0,930,16.032543750000002,0,76000,83,16385292,487437
0,931,16.049249583000005,0,69667,42,16606167,501199
0,932,16.066038375000005,0,74125,42,16798458,487437
0,933,16.082963791000005,0,75083,42,16876833,475029
0,934,16.099318791,0,73084,41,16311209,473675
0,935,16.116229291000003,0,77125,83,16996500,460165
0,936,16.132810166000006,0,80584,41,16603834,446151
0,937,16.149409291000005,0,73292,83,16480625,446151
0,938,16.166129083,0,93125,42,16795791,459913
0,939,16.182954666000008,0,75000,167,16789375,459913
0,940,16.199742958,0,78584,83,16586375,459913
0,941,16.216169625000006,0,96792,42,16602084,446351
0,942,16.232617916000002,0,73333,42,16493167,447505
0,943,16.249600750000006,0,73084,41,16887958,473675
0,944,16.266013666000006,0,81583,167,16390167,473675
0,945,16.282702916000005,0,77666,83,16690917,459913
0,946,16.299566666000004,0,77459,0,16811375,459913
0,947,16.316194833000004,0,97958,42,16697125,432641
0,948,16.332652916000008,0,79916,166,16498500,432389
0,949,16.349469416000005,0,73875,84,16787292,446151
0,950,16.366070916000005,0,72667,125,16670709,528723
0,951,16.382440833000004,0,68166,41,16404917,516315
0,952,16.399399000000003,0,70167,41,16800709,542485
0,953,16.415972875,0,77042,41,16676791,501399
0,954,16.432651375000006,0,73708,125,16701625,501199
0,955,16.449417166000003,0,69042,83,16705167,501199
0,956,16.466011500000008,0,77333,42,16580292,487437
0,957,16.482912916000004,0,75167,0,16909667,487437
0,958,16.499586958000002,0,71791,83,16609417,487437
0,959,16.515985541000006,0,69542,42,16463792,460165
0,960,16.532860583,0,69875,42,16819000,488791
0,961,16.549607125,0,75292,83,16698834,487437
0,962,16.565887375000003,0,97458,167,16285042,473675
0,963,16.583027541000007,0,77916,42,16900541,432389
0,964,16.599253958000006,0,93667,41,16466083,432389
0,965,16.616156000000004,0,73000,42,16817917,460113
0,966,16.632946625000002,0,96042,83,16894792,473675
0,967,16.649546916000006,0,73708,83,16583917,459913
0,968,16.666171708000007,0,72875,41,16583084,473675
0,969,16.683003541000005,0,80708,42,16814125,461267
0,970,16.699420250000003,0,87667,42,16386000,459913
0,971,16.716326541000008,0,80666,83,17007250,460165
0,972,16.732602625000006,0,70750,42,16281666,459913
0,973,16.749532916000007,0,71209,41,16902250,459913
0,974,16.766158666000003,0,73916,83,16588333,487437
0,975,16.783253375000008,0,74041,41,16899291,473675
0,976,16.799252583000005,0,98459,0,16096167,404865
0,977,16.816027666000004,0,79250,83,16868833,446351
0,978,16.833140625000006,0,72375,84,16814417,461267
0,979,16.849294333000003,0,98916,0,16388584,418627
0,980,16.866068083000002,0,78750,83,16789875,459913
0,981,16.882578666000008,0,78583,0,16590667,501199
0,982,16.899261583000005,0,71333,41,16687042,556247
0,983,16.915976916000005,0,66833,167,16801292,556499
0,984,16.932812291000005,0,61333,42,16722333,528723
0,985,16.949592833000004,0,75709,42,16673833,501199
0,986,16.965998875000004,0,80000,42,16405083,459913
0,987,16.982510458000007,0,80708,41,16590416,461267
0,988,16.999404208,0,73125,42,16787750,473675
0,989,17.016125416,0,75708,167,16807292,460113
0,990,17.032588000000004,0,72458,42,16392084,446151
0,991,17.049443291000003,0,75708,42,16893167,446151
0,992,17.066239666,0,76042,41,16696041,459913
0,993,17.082771875000006,0,76125,167,16593292,418707
0,994,17.099362583,0,83750,42,16603666,473675
0,995,17.116239958,0,75917,41,16784250,487689
0,996,17.132835750000005,0,78583,83,16675083,475029
0,997,17.149398166000005,0,70167,83,16513917,446151
0,998,17.166277375000007,0,84542,42,16883667,446151
0,999,17.182700333000007,0,78667,41,16402166,432389
0,1000,17.199475000000007,0,78333,83,16698958,446151
0,1001,17.216321875000006,0,77291,42,16886709,473875
0,1002,17.232657666,0,99834,42,16384833,459913
0,1003,17.249381500000005,0,72750,83,16691125,459913
0,1004,17.266238333000004,0,74208,42,16815541,446151
0,1005,17.282862500000007,0,98792,83,16689166,433743
0,1006,17.299694333000005,0,75583,84,16792125,459913
0,1007,17.316126500000003,0,74459,41,16504584,446403
0,1008,17.332613000000002,0,81584,42,16478125,459913
0,1009,17.349342208000003,0,72250,84,16697000,459953
0,1010,17.366236958,0,79916,83,16886250,446151
0,1011,17.382656708000006,0,72917,41,16408417,446151
0,1012,17.399359166000004,0,77292,83,16684500,459913
0,1013,17.416141458000006,0,69000,41,16706500,446351
0,1014,17.433140291000008,0,76792,166,16988375,433743
0,1015,17.449341208000007,0,87084,83,16278167,446151
0,1016,17.466069458000007,0,75958,41,16716750,473675
0,1017,17.482918541000004,0,71375,166,16890959,459913
0,1018,17.499322625000005,0,73541,41,16292667,432389
0,1019,17.515818875000008,0,76250,83,16678791,515213
0,1020,17.532615625000005,0,65250,42,16795500,556247
0,1021,17.549306291000008,0,63250,41,16591291,542485
0,1022,17.566311166000006,0,71709,83,17014916,501199
0,1023,17.582745708000004,0,70792,84,16395417,475029
0,1024,17.599536000000008,0,76000,84,16688292,473675
0,1025,17.616187791,0,74000,83,16699000,473875
0,1026,17.632764291000008,0,77542,83,16595792,446151
0,1027,17.649568958000003,0,73542,125,16789291,459913
0,1028,17.666012125,0,80334,0,16496167,459913
0,1029,17.682845916000005,0,72250,84,16787250,459913
0,1030,17.699469416000007,0,70666,84,16601917,459913
0,1031,17.716220875000005,0,70584,42,16789459,446403
0,1032,17.732648750000003,0,76500,83,16395334,447505
0,1033,17.749150125000007,0,71666,42,16502084,459913
0,1034,17.766166166000005,0,79042,42,16994708,459913
0,1035,17.782626458000003,0,69750,41,16488042,459913
0,1036,17.799297458000005,0,73375,42,16598959,446151
0,1037,17.815919916000006,0,74292,41,16581292,446351
0,1038,17.832642875000005,0,74333,42,16807416,473675
0,1039,17.849558541000007,0,84625,42,16782875,473675
0,1040,17.865835625000003,0,75041,42,16399000,432389
0,1041,17.882840791000007,0,79334,209,16997542,461267
0,1042,17.899646625000003,0,74084,42,16697667,459913
0,1043,17.916207791000005,0,94792,42,16673625,446403
0,1044,17.932545583000007,0,72000,125,16310750,432389
0,1045,17.949537625000005,0,75500,84,16989500,487437
0,1046,17.966190166000004,0,74250,42,16609000,459913
0,1047,17.982525250000002,0,83209,209,16382209,459913
0,1048,17.999418541000004,0,73375,167,16783042,446151
0,1049,18.015953250000003,0,73125,83,16615542,473875
0,1050,18.032717000000005,0,75833,42,16768333,461267
0,1051,18.049347166000004,0,74542,83,16597834,473675
0,1052,18.066264916,0,74416,42,16912083,473675
0,1053,18.082499708000007,0,70708,42,16286542,432389
0,1054,18.099556833000008,0,71833,83,16903125,459913
0,1055,18.116049041000004,0,102833,41,16590292,446403
0,1056,18.132729500000003,0,76250,83,16697292,446151
0,1057,18.149183541000006,0,70583,41,16473083,459913
0,1058,18.166104375000003,0,73916,42,16813916,487437
0,1059,18.182705041000006,0,76959,83,16379625,440475
0,1060,18.199575041000003,0,71125,0,17104209,466943
0,1061,18.215926875000008,0,71667,83,16396375,446351
0,1062,18.232769208000008,0,75375,0,16793792,487437
0,1063,18.249286791000003,0,80083,83,16576583,446151
0,1064,18.266061666000006,0,72250,250,16698291,459913
0,1065,18.282492291000004,0,72583,41,16509250,432389
0,1066,18.299366000000006,0,70500,42,16778250,459913
0,1067,18.316269041000005,0,73542,42,16910667,446403
0,1068,18.332732791000005,0,74542,41,16183583,454237
0,1069,18.349650041000004,0,74792,83,17198375,466943
0,1070,18.366123583000004,0,72000,0,16486584,459913
0,1071,18.382529875000003,0,74208,83,16404667,446151
0,1072,18.399455333000006,0,76416,41,16897625,459913
0,1073,18.415850000000006,0,74291,83,16397209,446351
0,1074,18.432647833000004,0,76250,84,16787042,459913
0,1075,18.449507541000003,0,74083,125,16786291,473675
0,1076,18.465993666000003,0,80792,42,16491542,446151
0,1077,18.483128541000006,0,80084,42,16907042,467999
0,1078,18.499417625000007,0,74791,0,16572875,494467
0,1079,18.515850583000002,0,71917,42,16427250,460165
0,1080,18.532633750000002,0,74625,84,16672291,473675
0,1081,18.549368666000007,0,79125,42,16706833,459913
0,1082,18.566243541000006,0,88667,83,16973625,473675
0,1083,18.582830583000003,0,74958,83,16511375,432389
0,1084,18.599489750000004,0,83667,83,16679208,459913
0,1085,18.616186375000005,0,73166,42,16611292,446351
0,1086,18.633256916000008,0,90875,42,16896625,440475
0,1087,18.649477208000008,0,75416,41,16485083,439419
0,1088,18.666103000000007,0,75042,42,16602000,446151
0,1089,18.683080500000003,0,101167,41,16879791,446151
0,1090,18.699303666000006,0,80125,125,16284833,446151
0,1091,18.716156166000005,0,75208,167,16818833,460165
0,1092,18.733071583000005,0,100334,42,16893875,446151
0,1093,18.749663791000003,0,98583,41,16677875,446151
0,1094,18.766138541000004,0,76292,42,16493292,432389
0,1095,18.783573541000003,0,74750,42,16992375,454237
0,1096,18.799589041000004,0,74625,166,16415333,432735
0,1097,18.816297916000003,0,72125,42,16683875,446351
0,1098,18.832718208000003,0,79375,42,16396417,432389
0,1099,18.849250541000004,0,84125,125,16591292,459913
0,1100,18.866281583000003,0,75917,42,17002584,459913
0,1101,18.882603583000005,0,83084,84,16392750,446151
0,1102,18.899282666000005,0,74584,41,16591875,459913
0,1103,18.915894333000004,0,81625,167,16605459,473927
0,1104,18.933087208000003,0,76208,0,16787333,459913
0,1105,18.949250375000005,0,78583,42,16667375,447505
0,1106,18.966149458000004,0,69875,42,16800833,487437
0,1107,18.982851125000003,0,69000,83,16698625,473675
0,1108,18.999927416000006,0,73584,84,16607958,459913
0,1109,19.016133291000003,0,139958,42,16593334,418827
0,1110,19.032737666000003,0,76042,0,16693083,432389
0,1111,19.049276875000004,0,72709,42,16493791,432389
0,1112,19.066384375000005,0,77584,84,17003417,473675
0,1113,19.083309000000007,0,95000,0,16588083,446151
0,1114,19.099571416000003,0,80875,0,16689792,461267
0,1115,19.115952000000007,0,73791,0,16398916,432641
0,1116,19.132837125,0,71000,41,16788875,473675
0,1117,19.149236458000004,0,80417,42,16474042,446151
0,1118,19.165986791,0,75250,42,16709209,459913
0,1119,19.182719750000004,0,81916,41,16803000,501199
0,1120,19.199545625000006,0,70000,42,16699250,459913
0,1121,19.216128666000003,0,76958,41,16669875,446351
0,1122,19.233498083000008,0,75459,42,16816000,432389
0,1123,19.249605833000004,0,76750,41,16587417,433743
0,1124,19.26591425,0,79750,41,16401459,446151
0,1125,19.282896583000003,0,70792,41,16889500,446151
0,1126,19.299243583000006,0,76625,125,16376250,501199
0,1127,19.315868375000008,0,71250,41,16691541,542737
0,1128,19.332631958000007,0,74417,42,16798250,556247
0,1129,19.349502333000004,0,64000,83,16809958,487437
0,1130,19.366059166000007,0,68375,42,16497000,473675
0,1131,19.383554041000004,0,75458,83,16881458,308531
0,1132,19.400314958000003,0,90292,42,17209958,158503
0,1133,19.425886625000004,0,100917,167,25366291,102301
0,1134,19.432928416000003,0,81167,41,7204375,143387
0,1135,19.449149500000004,0,86625,42,16410666,422585
0,1136,19.466252125000004,0,74166,83,16984333,459913
0,1137,19.482618833000004,0,78791,0,16507917,432389
0,1138,19.500005791000007,0,74959,0,16993583,459913
0,1139,19.515963916000004,0,113500,42,16300250,432641
0,1140,19.532896708000003,0,79834,0,16962334,487437
0,1141,19.549502625000002,0,80292,42,16511667,433743
0,1142,19.565979916000003,0,75417,167,16490042,446151
0,1143,19.582636166000007,0,82042,41,16695125,446151
0,1144,19.599619291000003,0,74792,41,16878875,487437
0,1145,19.615961708000007,0,79583,84,16412500,432589
0,1146,19.632773583000002,0,79291,42,16802958,459913
0,1147,19.649347041000006,0,76125,42,16584917,459913
0,1148,19.666100500000006,0,73209,83,16695000,473675
0,1149,19.682604583000007,0,86709,42,16582375,446151
0,1150,19.699650625000004,0,75041,42,16806833,447505
0,1151,19.716000750000006,0,105292,83,16475666,432641
0,1152,19.732833041000006,0,77292,42,16908833,446151
0,1153,19.749636958000004,0,74875,84,16501791,459913
0,1154,19.765943916000005,0,129125,83,16578083,446151
0,1155,19.782824166000005,0,81000,84,16904084,473675
0,1156,19.799720083000004,0,73542,42,16697125,473675
0,1157,19.815908000000007,0,75125,167,16395417,432589
0,1158,19.832991375000006,0,71375,42,16994042,459913
0,1159,19.849584166000007,0,77625,0,16578375,433743
0,1160,19.865911125000004,0,77417,84,16408875,432389
0,1161,19.882377458000008,0,70750,83,16573167,487437
0,1162,19.899311833000006,0,63708,41,16890709,528723
0,1163,19.915893625000002,0,59792,125,16507959,528975
0,1164,19.932509750000008,0,72042,41,16609083,459913
0,1165,19.949450333,0,71208,42,16795500,446151
0,1166,19.966095083000006,0,95167,42,16683875,432389
0,1167,19.982650958000008,0,78250,84,16600000,446151
0,1168,19.999161375000007,0,78166,42,16493375,447505
0,1169,20.015941500000004,0,73875,125,16797583,460113
0,1170,20.032895166000003,0,73375,42,16990958,459913
0,1171,20.049344916000003,0,71875,0,16405875,446151
0,1172,20.066075208000008,0,74458,0,16675875,446151
0,1173,20.082711000000003,0,76125,42,16706542,446151
0,1174,20.099530208000004,0,73625,42,16725834,446151
0,1175,20.115994625000006,0,76375,42,16457541,446403
0,1176,20.132672125000006,0,76500,42,16689583,446151
0,1177,20.149453666000007,0,77625,83,16798583,433743
0,1178,20.165946583000007,0,76166,41,16498375,459913
0,1179,20.182617125000007,0,75084,42,16690625,459913
0,1180,20.199339583000004,0,71541,83,16600083,432389
0,1181,20.216247750000008,0,83042,84,16989708,460113
0,1182,20.232894166000008,0,76875,42,16598666,446151
0,1183,20.249354375000003,0,78250,0,16391459,432389
0,1184,20.265977208000002,0,84208,42,16685291,446151
0,1185,20.282869375000004,0,75792,167,16896750,487437
0,1186,20.299527416000004,0,77208,83,16606333,433743
0,1187,20.316261083000008,0,79750,41,16787041,446403
0,1188,20.332663541000002,0,75583,41,16392625,432389
0,1189,20.349422041000004,0,74125,167,16694667,446191
0,1190,20.366313500000004,0,75417,84,16898542,446151
0,1191,20.382657250000008,0,78583,83,16386125,432389
0,1192,20.399383166000007,0,81834,42,16708375,446151
0,1193,20.416013041000006,0,72375,41,16674334,446351
0,1194,20.432782750000008,0,70375,41,16703958,446151
0,1195,20.449546500000004,0,81500,84,16789292,447505
0,1196,20.465828000000002,0,75500,42,16290042,432389
0,1197,20.482603291000004,0,73542,42,16800750,446151
0,1198,20.499488458000002,0,72709,167,16788666,473675
0,1199,20.516094125000002,0,75417,84,16609833,446403
0,1200,20.532669541000004,0,76292,42,16586041,446151
0,1201,20.549468458000007,0,76250,41,16706083,459913
0,1202,20.566022041000004,0,80167,41,16677041,473675
0,1203,20.582622291000007,0,72167,166,16593042,459913
0,1204,20.599692666000003,0,74333,0,17008250,461267
0,1205,20.616152625000005,0,68666,0,16493042,460113
0,1206,20.632642750000002,0,74750,42,16486625,446151
0,1207,20.649161416000005,0,75917,42,16502500,459913
0,1208,20.666110583000005,0,75834,0,16995917,473675
0,1209,20.682752000000008,0,71250,125,16589958,446151
0,1210,20.699552708000006,0,77584,0,16699042,459913
0,1211,20.716176125000004,0,74417,84,16795459,460165
0,1212,20.732981083000006,0,75000,167,16681625,473675
0,1213,20.749233541000002,0,78458,42,16303750,433743
0,1214,20.766017958000006,0,76791,0,16699458,459913
0,1215,20.782859458000004,0,94625,42,16898041,446151
0,1216,20.799681375000006,0,75000,42,16787041,473675
0,1217,20.816151625000003,0,71792,42,16488750,446351
0,1218,20.832593625000008,0,74584,42,16401416,432389
0,1219,20.849729500000002,0,76208,84,17094667,459913
0,1220,20.865836750000007,0,79875,42,16186000,432389
0,1221,20.882757541000004,0,73958,42,16902167,459913
0,1222,20.899443875000003,0,81292,42,16589459,447505
0,1223,20.916161208000005,0,80333,0,16797083,487689
0,1224,20.932732500000007,0,76250,84,16598667,473675
0,1225,20.949510125000003,0,75792,42,16780917,487437
0,1226,20.965962583000007,0,72500,42,16390917,446151
0,1227,20.982659458000008,0,78833,83,16692541,446151
0,1228,20.999314875000003,0,77667,83,16508292,432389
0,1229,21.015968375000007,0,85208,83,16803875,446351
0,1230,21.032951750000002,0,76709,83,16992375,446151
0,1231,21.049523833000002,0,72792,41,16488708,433743
0,1232,21.066257958000008,0,79959,83,16772167,459913
0,1233,21.082882500000004,0,79250,42,16624958,446151
0,1234,21.099597166000002,0,79917,41,16681750,432389
0,1235,21.115886750000008,0,76333,84,16296625,446403
0,1236,21.132736541000007,0,79750,84,16883875,446151
0,1237,21.149429333000008,0,72875,42,16589541,446151
0,1238,21.166022083000009,0,73250,83,16684166,446151
0,1239,21.182982833000004,0,78208,42,16905666,446151
0,1240,21.199519916000007,0,77875,42,16500500,433743
0,1241,21.215939125000006,0,77666,0,16511625,432589
0,1242,21.232740916000004,0,76167,125,16783417,446151
0,1243,21.249289166000004,0,75500,41,16478250,432389
0,1244,21.266089708000003,0,81542,42,16803042,446151
0,1245,21.282925833000007,0,68667,83,16903375,487437
0,1246,21.299362208000005,0,74208,42,16370167,446151
0,1247,21.315991458000006,0,72125,42,16599417,460165
0,1248,21.332706458000004,0,76416,125,16703500,446151
0,1249,21.349357666000003,0,87625,83,16703916,461267
0,1250,21.365863375000004,0,73208,125,16483000,446151
0,1251,21.382716750000007,0,72667,0,16879834,459913
0,1252,21.399477541000003,0,73208,167,16706458,473675
0,1253,21.416065291000002,0,75625,83,16600916,446351
0,1254,21.433034833000008,0,77083,0,16893167,446151
0,1255,21.449421375000007,0,91208,41,16488917,432389
0,1256,21.466069583000007,0,73500,0,16600833,459913
0,1257,21.482892583,0,80208,0,16794125,446151
0,1258,21.499416833000005,0,79208,42,16484750,447505
0,1259,21.515960750000005,0,73000,83,16601708,432641
0,1260,21.532858791000002,0,76959,42,16896041,459913
0,1261,21.549139541000002,0,70542,41,16292709,446151
0,1262,21.566065208000005,0,74833,42,16894750,446151
0,1263,21.582897958000004,0,76375,41,16776750,473675
0,1264,21.599295291000004,0,81542,42,16410875,446151
0,1265,21.615962083000007,0,76083,42,16596334,460113
0,1266,21.632853416000003,0,75917,42,16989625,432389
0,1267,21.649178875000004,0,75458,125,16306250,406219
0,1268,21.666103416000006,0,78583,42,16885416,446151
0,1269,21.682531541000003,0,75667,83,16494208,432389
0,1270,21.699568541000005,0,75417,167,16901792,459913
0,1271,21.715984291000005,0,100334,83,16497166,432641
0,1272,21.732985500000005,0,79167,167,16886000,446151
0,1273,21.749248875000006,0,94709,42,16399542,418627
0,1274,21.766109166000007,0,75792,167,16785875,446151
0,1275,21.782657458000003,0,73958,83,16572667,459913
0,1276,21.799667541000005,0,73209,125,16809833,447505
0,1277,21.816153250000006,0,99791,84,16683375,473875
0,1278,21.832973375,0,74084,0,16808750,446151
0,1279,21.849243625000007,0,80000,41,16303125,432389
0,1280,21.866158916000003,0,74042,0,16876291,459913
0,1281,21.882575750000008,0,76584,125,16386792,432389
0,1282,21.899527083000002,0,78208,42,16818666,459913
0,1283,21.916261708000008,0,78083,42,16891708,446403
0,1284,21.932829166000005,0,83708,83,16585250,473675
0,1285,21.949558750000008,0,79334,0,16687250,447505
0,1286,21.965954458000006,0,76167,42,16294000,432389
0,1287,21.982783208000008,0,76959,84,16905083,446151
0,1288,21.999647166000003,0,78167,0,16781417,459913
0,1289,22.015974916000005,0,76250,125,16408167,432589
0,1290,22.032865166000008,0,75584,84,16884792,459913
0,1291,22.049649291000009,0,76292,84,16812250,459913
0,1292,22.065967041000007,0,76875,84,16283666,432389
0,1293,22.082810416000008,0,79709,83,16796125,459913
0,1294,22.099737375000004,0,78250,41,16888417,447505
0,1295,22.116143375000007,0,83833,42,16399958,432641
0,1296,22.132650250000005,0,77125,42,16584291,459913
0,1297,22.149449541000003,0,76292,83,16809916,446151
0,1298,22.166118250000004,0,76875,41,16667000,459913
0,1299,22.182759625000003,0,73375,41,16610875,459913
0,1300,22.199371791000004,0,73791,84,16599958,459913
0,1301,22.215910958000002,0,70041,41,16577167,446351
0,1302,22.232759541000007,0,70125,42,16801333,459913
0,1303,22.249327791000006,0,80917,42,16591709,433743
0,1304,22.266269500000007,0,75709,42,16792708,446151
0,1305,22.282799500000003,0,84416,41,16689917,459913
0,1306,22.299140041000008,0,72916,83,16388375,514961
0,1307,22.316040916000006,0,62167,42,16902250,556499
0,1308,22.332829000000004,0,63542,167,16697375,487437
0,1309,22.349323666000004,0,73667,42,16506708,446151
0,1310,22.365976541000002,0,76708,83,16590250,446151
0,1311,22.382995541000007,0,73041,42,17003167,459913
0,1312,22.399194208000004,0,88500,125,16189625,419981
0,1313,22.416198125000008,0,72584,42,16986500,460113
0,1314,22.432550958000007,0,75750,41,16403792,446151
0,1315,22.449180875000003,0,70917,41,16592708,459913
0,1316,22.466018208000008,0,73709,42,16790750,446151
0,1317,22.482924333000007,0,74209,83,16900125,459913
0,1318,22.499795375000005,0,98083,41,16794458,446151
0,1319,22.516266,0,100584,41,16593166,432641
0,1320,22.532665416000007,0,74500,83,16399167,459913
0,1321,22.549657833000005,0,77750,208,16979833,447505
0,1322,22.565971750000003,0,76875,125,16300541,432389
0,1323,22.582943666000006,0,74458,41,16995917,446151
0,1324,22.599344625000008,0,71667,42,16292542,432389
0,1325,22.616098958000002,0,71875,42,16793125,446351
0,1326,22.632755583000005,0,77209,42,16697375,446151
0,1327,22.649496875000004,0,67292,84,16587875,459913
0,1328,22.666033625000004,0,76416,42,16698667,432389
0,1329,22.682650125000002,0,76959,42,16591917,473675
0,1330,22.699493041000004,0,78209,84,16704917,433743
0,1331,22.715928500000004,0,96458,42,16590083,446403
0,1332,22.732793083000004,0,77750,41,16780625,446151
0,1333,22.749865708000009,0,72417,42,16899250,446151
0,1334,22.766264541000005,0,97083,0,16502459,432389
0,1335,22.782930125000007,0,87083,84,16797833,446151
0,1336,22.799636708000008,0,74500,42,16592125,459913
0,1337,22.815958083000005,0,85875,83,16465958,446351
0,1338,22.832735750000005,0,70625,125,16717334,446151
0,1339,22.849639750000009,0,72000,83,16894916,447505
0,1340,22.866219500000007,0,69666,167,16577334,446151
0,1341,22.882721708000005,0,70958,42,16512833,446151
0,1342,22.899501375000007,0,68584,42,16689209,446151
0,1343,22.916180416000003,0,76375,83,16687833,446403
0,1344,22.932579833000005,0,68875,41,16402083,432389
0,1345,22.949295375000005,0,81958,42,16780083,459913
0,1346,22.966054125000007,0,77208,0,16709542,446151
0,1347,22.982950291,0,80375,84,16891667,459913
0,1348,22.999565083000007,0,78167,42,16493667,447505
0,1349,23.015935333,0,74959,42,16497709,446351
0,1350,23.032914583000007,0,72667,125,16891459,446151
0,1351,23.049126416000007,0,80750,208,16297500,432389
0,1352,23.065983375000002,0,72708,41,16795500,459913
0,1353,23.082994791000004,0,78167,42,16987292,473675
0,1354,23.099714291000005,0,74084,42,16694500,446151
0,1355,23.116085625000004,0,75625,42,16400542,446403
0,1356,23.132967916000005,0,75625,42,16886875,473675
0,1357,23.149560625000007,0,74875,42,16587750,433743
0,1358,23.166074750000007,0,75917,42,16508833,446151
0,1359,23.182643666000004,0,95208,41,16598583,446151
0,1360,23.199664958000007,0,75167,42,16888417,446151
0,1361,23.215876750000007,0,83000,42,16293417,432589
0,1362,23.233061583000008,0,78916,167,17091834,459913
0,1363,23.249386500000007,0,83750,83,16297791,432389
0,1364,23.266245125000005,0,93000,42,16979208,459913
0,1365,23.282628708000004,0,78167,42,16297958,432389
0,1366,23.299331875000007,0,80833,42,16700833,433743
0,1367,23.316179416000004,0,78334,42,16896500,446403
0,1368,23.332598333000007,0,76125,41,16390792,446151
0,1369,23.349312708000006,0,76333,167,16704792,487477
0,1370,23.366317708000004,0,75709,41,16876625,446151
0,1371,23.382604958,0,79917,83,16502208,459913
0,1372,23.399735333000002,0,73625,42,16985042,473675
0,1373,23.415878000000006,0,76834,83,16190542,418827
0,1374,23.432953625000003,0,84000,166,17118125,446151
0,1375,23.449671000000002,0,76500,42,16589208,433743
0,1376,23.466126583000005,0,80833,83,16473375,432389
0,1377,23.482948916000005,0,85125,83,16902125,446151
0,1378,23.499553916000004,0,75834,0,16312292,432389
0,1379,23.516182125000007,0,110291,0,16879375,432641
0,1380,23.532973541000004,0,77958,0,16791166,432389
0,1381,23.549390958000004,0,74959,83,16395750,446151
0,1382,23.566049833000008,0,74250,42,16699333,459913
0,1383,23.582987791000008,0,79375,41,16894958,446151
0,1384,23.599480625000005,0,78167,41,16390875,419981
0,1385,23.616335541000005,0,78291,0,16884458,432589
0,1386,23.632587041000008,0,88208,42,16311333,432389
0,1387,23.649586750000005,0,71208,0,16988708,446151
0,1388,23.666258416000005,0,75416,83,16686875,446151
0,1389,23.682681208000005,0,70959,83,16388708,459913
0,1390,23.699757541000004,0,85541,42,17010625,459913
0,1391,23.715938250000008,0,84958,42,16290416,446403
0,1392,23.732940958000007,0,73000,41,16895667,446151
0,1393,23.749465250000007,0,86042,42,16586666,447505
0,1394,23.766263625000008,0,71917,83,16701958,459913
0,1395,23.782547541000007,0,74500,83,16390125,432389
0,1396,23.799235916000008,0,73500,166,16685667,459913
0,1397,23.816271875000005,0,76333,41,17001875,460113
0,1398,23.833033208000003,0,72917,84,16681458,459913
0,1399,23.849694166000006,0,78958,167,16602667,446151
0,1400,23.866397583000008,0,80458,42,16700083,432389
0,1401,23.882843833000003,0,81458,42,16572625,446151
0,1402,23.899298250000008,0,77500,0,16415084,433743
0,1403,23.916139541000007,0,74625,42,16797625,446403
0,1404,23.932898750000007,0,102583,334,16788750,446151
0,1405,23.949142166000009,0,74167,42,16293542,446151
0,1406,23.966363000000008,0,74250,83,17186416,459913
0,1407,23.982919625000008,0,74625,208,16507833,432389
0,1408,23.999300791000003,0,76500,84,16388375,446151
0,1409,24.016159583000004,0,79042,83,16886834,446351
0,1410,24.032720791000003,0,80875,125,16602833,446151
0,1411,24.049364458000007,0,72958,42,16592958,419981
0,1412,24.066202083000007,0,76333,83,16783042,432389
0,1413,24.082755541000004,0,74334,41,16594584,432389
0,1414,24.099396541000004,0,74625,0,16603250,432389
0,1415,24.115977416000007,0,75083,41,16496875,432641
0,1416,24.132678250000005,0,91875,42,16799708,432389
0,1417,24.149506958000003,0,72834,42,16795500,446151
0,1418,24.165904791000003,0,94791,83,16461458,446151
0,1419,24.182811250000007,0,84625,0,16915375,446151
0,1420,24.199277333000005,0,75625,42,16399125,447505
0,1421,24.215965541000003,0,75625,84,16678458,460113
0,1422,24.232684875000004,0,78250,84,16699041,432389
0,1423,24.249697250000004,0,73333,0,16997208,446151
0,1424,24.266076416000004,0,80083,83,16291959,432389
0,1425,24.282890333000005,0,92459,42,16882458,459913
0,1426,24.299373583000005,0,85000,42,16505875,432389
0,1427,24.316275666000003,0,80709,83,16903334,432641
0,1428,24.332563416000006,0,77459,83,16298458,459913
0,1429,24.349527208000005,0,77000,83,16998541,433743
0,1430,24.366214416000005,0,73250,167,16683625,473675
0,1431,24.382670333000007,0,72125,83,16390500,446151
0,1432,24.399590250000003,0,76625,42,16798292,473675
0,1433,24.416052958,0,100375,84,16596542,432589
0,1434,24.432611750000007,0,74166,42,16496000,459913
0,1435,24.449269833000002,0,74791,0,16698375,432389
0,1436,24.465941791000006,0,80125,42,16673333,446151
0,1437,24.482873916000003,0,71167,41,16715750,281007
0,1438,24.498914500000005,0,125292,0,15980708,144741
0,1439,24.527006791000005,0,126041,83,27938375,116115
0,1440,24.532592916000006,0,83458,84,5945125,115863
0,1441,24.549400416000005,0,79416,83,16809625,404865
0,1442,24.566075375000004,0,85041,83,16672708,459913
0,1443,24.582940958000002,0,76333,41,16907750,446151
0,1444,24.599297083000003,0,76750,42,16294250,446151
0,1445,24.615930166000005,0,71834,41,16679583,446351
0,1446,24.632502166000002,0,74292,41,16610167,473675
0,1447,24.649593958000004,0,73500,41,16997250,475029
0,1448,24.665923375000006,0,71750,83,16377875,432389
0,1449,24.682702708000008,0,75875,167,16707750,432389
0,1450,24.699626291000008,0,76458,83,16893750,459913
0,1451,24.716049041000005,0,96167,83,16493708,446403
0,1452,24.732605416000006,0,72292,167,16481500,446151
0,1453,24.749478916000008,0,76500,84,16901459,459913
0,1454,24.765900375000008,0,77041,83,16476750,432389
0,1455,24.782719833000009,0,77375,125,16800625,459913
0,1456,24.799495583000002,0,71750,125,16692750,447505
0,1457,24.816055500000004,0,73041,84,16605125,460113
0,1458,24.832628916000004,0,76458,42,16604583,446151
0,1459,24.849439875000009,0,71500,42,16791709,446151
0,1460,24.865919625000004,0,86458,83,16488166,432389
0,1461,24.882833625000004,0,77375,166,16896667,459913
0,1462,24.899161666000005,0,73958,42,16301500,446151
0,1463,24.915905208000005,0,70792,83,16777166,446403
0,1464,24.932862416000006,0,70791,41,16907459,446151
0,1465,24.949213041000007,0,75250,42,16389167,433743
0,1466,24.966044125000003,0,73709,0,16797708,459913
0,1467,24.982738416000004,0,78500,42,16695958,459913
0,1468,24.999385958000005,0,78833,83,16596167,446151
0,1469,25.015935708000008,0,74334,83,16577958,460113
0,1470,25.032656791000008,0,75292,42,16787709,473675
0,1471,25.049524000000005,0,72083,0,16609375,446151
0,1472,25.065878708000007,0,91375,42,16582750,432389
0,1473,25.082920125000008,0,74042,42,17014959,473675
0,1474,25.099395500000007,0,72875,42,16390875,447505
0,1475,25.116067416000007,0,74959,83,16585666,446403
0,1476,25.132793750000005,0,83458,83,16797125,459913
0,1477,25.149260208000008,0,79417,42,16505459,432389
0,1478,25.165835916000006,0,78583,209,16582500,446151
0,1479,25.182918291000007,0,77417,84,17109291,459913
0,1480,25.199297958000002,0,72916,83,16291208,446151
0,1481,25.215906666000002,0,76083,84,16672875,446351
0,1482,25.232590625000007,0,71708,42,16718625,446151
0,1483,25.249357416000002,0,71291,84,16770500,475029
0,1484,25.265891583000005,0,67458,41,16505375,432389
0,1485,25.282738791000007,0,71083,84,16812000,459913
0,1486,25.299459750000004,0,73167,83,16683042,473675
0,1487,25.316157125000004,0,71083,83,16685334,460165
0,1488,25.332526541000007,0,72250,84,16406916,432389
0,1489,25.349149125000004,0,71417,167,16596750,446151
0,1490,25.366236958,0,73167,83,17093541,459913
0,1491,25.382906250000005,0,78208,83,16596708,446151
0,1492,25.399383583000002,0,76375,83,16488500,421637
0,1493,25.415873166000004,0,76792,42,16490292,446351
0,1494,25.432614125000008,0,81667,41,16682000,432389
0,1495,25.449473333000007,0,80542,84,16910958,446151
0,1496,25.465830583000006,0,77458,42,16394708,432389
0,1497,25.482974250000005,0,73834,0,16981417,446151
0,1498,25.499654875000004,0,87625,41,16708834,418627
0,1499,25.516355708000006,0,83000,208,16600375,432641
0,1500,25.532840083000004,0,99791,41,16583625,418627
0,1501,25.549199333000004,0,82542,42,16399666,419981
0,1502,25.566042750000008,0,84917,83,16875750,459913
0,1503,25.582654500000004,0,70542,0,16610875,446151
0,1504,25.599445375000002,0,75375,42,16795125,446151
0,1505,25.616063833000005,0,72041,84,16478250,446351
0,1506,25.632683208000003,0,100500,42,16710083,446151
0,1507,25.649706541000008,0,78125,42,16995625,473675
0,1508,25.666050583000008,0,78042,83,16393209,432389
0,1509,25.682548583000006,0,72041,42,16492000,446151
0,1510,25.699542500000007,0,75459,42,16892000,447505
0,1511,25.715868416000006,0,80792,42,16395583,446403
0,1512,25.732621916000006,0,76250,83,16795625,459913
0,1513,25.749518625000007,0,75125,41,16707792,446151
0,1514,25.765949875000004,0,91083,42,16487667,432389
0,1515,25.782727958000002,0,80125,83,16874333,459913
0,1516,25.799413416000007,0,84625,42,16598791,473675
0,1517,25.816231375000008,0,78250,84,16902625,473875
1,1519,25.870350666000007,0,0,0,0,0
1,1520,25.871840250000005,4001708,17794125,84,22100459,153847
1,1521,25.888100291000008,0,60708,41,16345333,404419
1,1522,25.904881541,0,67917,42,16485041,445905
1,1523,25.921421083000006,0,78958,0,16806791,459519
1,1524,25.938297416000005,0,73750,83,16930875,445705
1,1525,25.955072833000003,0,72750,41,16788000,445705
1,1526,25.971617250000008,0,73042,125,16429500,445705
1,1527,25.988038000000003,0,78958,42,16452167,418181
1,1528,26.005122500000006,0,82375,83,17129083,461021
1,1529,26.021708833000005,0,74917,42,16561375,473229
1,1530,26.038404125000007,0,70542,167,16722625,445705
1,1531,26.054834708000008,0,75542,41,16375166,431943
1,1532,26.071577916000003,0,77584,0,16769500,431943
1,1533,26.088358083000003,0,75667,42,16667375,445705
1,1534,26.121862500000006,0,78000,84,16418959,432143
1,1535,26.123233166000006,3684750,17047083,83,18495875,148913
1,1536,26.140038583000006,0,51583,84,16932250,445757
1,1537,26.156558166000003,0,71708,42,16493917,433297
1,1538,26.173312666000008,0,69958,41,16778125,459467
1,1539,26.190290125000004,0,66750,42,16914416,500753
1,1540,26.206549916000007,0,74417,41,16292834,445905
1,1541,26.223523500000006,0,76792,42,16994625,445705
1,1542,26.240199291000003,0,71542,42,16594875,459467
1,1543,26.256618958000004,0,70208,42,16473041,473229
1,1544,26.273373333000002,0,76750,42,16711875,445705
1,1545,26.290173583000005,0,74333,0,16804000,431943
1,1546,26.306573833000009,0,71541,84,16394000,447259
1,1547,26.323330500000004,0,75916,0,16697000,445705
1,1548,26.339944333000005,0,75250,41,16584375,431995
1,1549,26.374578041000007,0,78541,42,17000667,445745
1,1550,26.376032375000008,3825584,17511833,42,18987792,148913
1,1551,26.392365958000006,0,54417,84,16492417,431943
1,1552,26.409149208000002,0,70500,83,16788833,473429
1,1553,26.425541000000003,0,71042,84,16395209,445705
1,1554,26.442183208000003,0,68459,42,16606542,459467
1,1555,26.458852708000002,0,68625,166,16690875,447059
1,1556,26.475914041000003,0,68666,125,16993750,473229
1,1557,26.492620333000005,0,74125,41,16702417,445705
1,1558,26.509244333000005,0,76875,83,16575584,459667
1,1559,26.525572458000006,0,78958,83,16388208,445757
1,1560,26.542181791000004,0,76125,84,16590083,445705
1,1561,26.558927541000003,0,73583,42,16706208,445705
1,1562,26.575678541000002,0,75292,83,16795916,431943
1,1563,26.592575250000003,0,74583,125,16790125,431943
1,1564,26.626566791000002,0,82042,41,16595709,433497
1,1565,26.627934333000006,3844417,17310042,42,18774333,148913
1,1566,26.644211166000005,0,49208,42,16416459,445705
1,1567,26.661611375000007,0,73958,42,17087500,473229
1,1568,26.677542083000006,0,91167,42,16194917,431943
1,1569,26.694619625000009,0,73584,42,16987958,473229
1,1570,26.711099291000004,0,69959,41,16580333,445905
1,1571,26.727984625000005,0,74292,42,16817667,473281
1,1572,26.744630500000007,0,72875,84,16701792,445705
1,1573,26.760915333000007,0,73916,42,16188792,433297
1,1574,26.777691166000004,0,75166,83,16779917,431943
1,1575,26.794515375000003,0,79000,0,16594167,445705
1,1576,26.811237041000005,0,90791,42,16897292,432143
1,1577,26.827915875000002,0,78750,84,16697584,473229
1,1578,26.844491416000004,0,76291,83,16595459,431943
1,1579,26.878873708000008,0,72375,0,16690167,431943
1,1580,26.880580750000007,3638750,17371209,42,19024875,148913
1,1581,26.896821375000002,0,73667,0,16545125,418181
1,1582,26.913641416000004,0,134458,0,16796250,433497
1,1583,26.930358791000003,0,76000,250,16810167,445757
1,1584,26.947037708000003,0,72208,83,16591292,459467
1,1585,26.963601958000005,0,75292,41,16602500,445705
1,1586,26.980224291000006,0,72833,42,16583792,459467
1,1587,26.996802333000005,0,75000,42,16480958,445705
1,1588,27.013613208000002,0,128334,41,16900333,445905
1,1589,27.030421375000003,0,73334,41,16588125,445705
1,1590,27.047100291000007,0,99334,0,16911917,445705
1,1591,27.063629333000009,0,73417,83,16587291,447059
1,1592,27.080069791000007,0,71167,0,16384875,445705
1,1593,27.096787458000009,0,73375,41,16694042,473229
1,1594,27.131094166000004,0,70792,0,16805125,459667
1,1595,27.132399916000004,3822250,17353250,42,18774250,148913
1,1596,27.148865750000006,0,50333,83,16500584,418233
1,1597,27.165753416000008,0,70917,125,16904458,445705
1,1598,27.182461125000003,0,70833,42,16700083,445705
1,1599,27.199512875000003,0,72833,42,16782208,522601
1,1600,27.215391750000002,0,59917,42,16287500,528823
1,1601,27.232128416000002,0,58708,0,16639833,555801
1,1602,27.248820375000008,0,65709,0,16661333,459467
1,1603,27.265868708000006,0,68583,41,17000833,473229
1,1604,27.282238666000005,0,70458,42,16396334,473229
1,1605,27.298966500000006,0,76833,41,16673000,486991
1,1606,27.315740416000004,0,67667,42,16813541,459667
1,1607,27.332169166000007,0,72750,83,16396750,445705
1,1608,27.349155916000008,0,68291,84,16592459,431995
1,1609,27.382802791000003,0,65875,42,16695542,447059
1,1610,27.384049875000002,3776959,17224125,41,18569500,148913
1,1611,27.401025958000005,0,49917,83,16917750,486991
1,1612,27.417655916000008,0,69834,41,16689875,459667
1,1613,27.434223375000002,0,71541,42,16483334,459467
1,1614,27.450852875000002,0,74875,83,16710667,445705
1,1615,27.467519250000002,0,76667,0,16578625,445705
1,1616,27.484100625000004,0,73708,41,16702042,445705
1,1617,27.500950083000006,0,67375,41,16693583,460821
1,1618,27.517623750000006,0,67542,208,16686333,445905
1,1619,27.534037916000003,0,87125,166,16500959,431995
1,1620,27.550851500000007,0,76708,84,16794708,445705
1,1621,27.567792666000003,0,68042,83,16893292,459467
1,1622,27.584261750000003,0,75916,83,16496625,431943
1,1623,27.618985333000005,0,75041,84,16698625,445705
1,1624,27.620277750000007,4055208,17850333,41,19294500,149113
1,1625,27.637018208000008,0,50541,83,16790833,459467
1,1626,27.653377875000004,0,67708,125,16294125,447059
1,1627,27.670363333000005,0,73667,0,16987875,445705
1,1628,27.686768208000004,0,74000,0,16389916,445705
1,1629,27.703548500000004,0,71542,0,16786042,445905
1,1630,27.720099750000003,0,75542,41,16507875,445705
1,1631,27.736856916000008,0,75541,41,16808500,445757
1,1632,27.753450875000006,0,71334,0,16585792,459467
1,1633,27.770269583000008,0,71750,292,16784958,445705
1,1634,27.786980875000005,0,72000,166,16703875,445705
1,1635,27.803416208000009,0,70416,167,16483875,447259
1,1636,27.820451958000007,0,72291,42,16893167,445705
1,1637,27.836942000000008,0,90625,0,16595542,428739
1,1638,27.871062166000009,0,71083,83,16694375,445705
1,1639,27.872366541000005,3812125,17207417,42,18639334,148913
1,1640,27.888829250000008,0,50833,84,16540833,459467
1,1641,27.905585625000008,0,64167,41,16799042,459667
1,1642,27.922024500000006,0,64667,42,16390417,445705
1,1643,27.938849125000004,0,69750,291,16792875,459519
1,1644,27.955361500000002,0,70708,42,16513708,447059
1,1645,27.972238916000002,0,68500,83,16885791,445705
1,1646,27.988795041000003,0,68875,84,16487625,349371
1,1647,28.005724666000006,0,67875,0,16999959,459667
1,1648,28.022130208000007,0,70083,41,16399875,459467
1,1649,28.038899291000007,0,70458,84,16710292,445705
1,1650,28.055365375000008,0,74667,41,16478000,445705
1,1651,28.072030833000007,0,74750,42,16683041,445705
1,1652,28.089075083000004,0,73958,83,16987625,459467
1,1653,28.123313000000003,0,70583,42,16386250,433497
1,1654,28.124639833000003,4024167,17662459,209,19119333,148913
1,1655,28.141142625000008,0,57167,42,16591333,445757
1,1656,28.157788625000002,0,69375,84,16591000,459467
1,1657,28.174517625000007,0,72916,84,16700250,459467
1,1658,28.191428541000008,0,73833,41,16894834,459467
1,1659,28.208161666000002,0,73292,41,16774500,487191
1,1660,28.224764833000009,0,70750,42,16494792,459467
1,1661,28.241331500000008,0,78416,41,16604584,459467
1,1662,28.257731333000002,0,69250,42,16471875,433297
1,1663,28.274732208000003,0,70792,83,16906125,473229
1,1664,28.291427583000008,0,73416,42,16702958,431943
1,1665,28.307978250000005,0,82417,41,16594541,432143
1,1666,28.325057083000004,0,71875,42,16997708,459467
1,1667,28.341589541000005,0,83666,41,16495125,445757
1,1668,28.376195416000009,0,86000,250,16585417,445705
1,1669,28.377574791000008,4303000,17948542,167,19415125,148913
1,1670,28.394215166000002,0,54834,83,16674958,418181
1,1671,28.410653916000008,0,75208,42,16475875,447259
1,1672,28.427389875000003,0,77958,83,16793792,500753
1,1673,28.444006500000008,0,71333,42,16419750,445705
1,1674,28.460687791000005,0,94709,83,16783500,431943
1,1675,28.477607833000008,0,74417,83,16896333,445705
1,1676,28.494253833000002,0,78417,41,16591750,431943
1,1677,28.510491958000003,0,77083,41,16287875,432143
1,1678,28.527122375000005,0,72084,209,16702417,459467
1,1679,28.543805041000006,0,70917,42,16699041,445757
1,1680,28.560424708000006,0,69417,41,16592000,447059
1,1681,28.577153166000002,0,77000,83,16690750,445705
1,1682,28.593997916000006,0,75375,167,16795416,500753
1,1683,28.627992333000009,0,77584,167,16593083,445905
1,1684,28.629243291000009,3809959,17284333,42,18662583,148913
1,1685,28.646226708000007,0,50291,167,16727917,473229
1,1686,28.662443125000003,0,71208,42,16495834,459467
1,1687,28.678940166000004,0,74666,84,16497958,431943
1,1688,28.696844250000005,0,69583,83,16982291,459467
1,1689,28.713078833000004,0,96208,42,16787708,419735
1,1690,28.729397708000008,0,77625,84,16512208,418181
1,1691,28.746349958000003,0,69584,125,17056000,445757
1,1692,28.762989250000004,0,71917,42,16649875,459467
1,1693,28.779130125000009,0,74833,42,16166625,404419
1,1694,28.796384375000002,0,69292,125,17069792,473229
1,1695,28.812455791000005,0,72541,125,16217625,459667
1,1696,28.829332583000003,0,71500,41,16778375,459467
1,1697,28.846210083000003,0,70166,83,16861500,431943
1,1698,28.879615541000007,0,72041,166,16446625,460821
1,1699,28.880956958000006,3721584,16904292,42,18305000,148913
1,1700,28.897544708000005,0,50291,42,16661500,418181
1,1701,28.914121833000003,0,70084,42,16615417,445905
1,1702,28.931058250000007,0,74417,42,16890666,445705
1,1703,28.947776583000007,0,75167,41,16685041,418233
1,1704,28.964594708000007,0,73042,42,16809792,445705
1,1705,28.981243500000005,0,76625,42,16696959,445705
1,1706,28.997746416000005,0,72000,41,16466750,445705
1,1707,29.014468916000006,0,69167,42,16612208,433497
1,1708,29.030815500000003,0,78917,0,16484917,431943
1,1709,29.047548250000006,0,68125,83,16709542,459467
1,1710,29.064118541000006,0,70250,41,16583667,445705
1,1711,29.081156708000009,0,68500,83,16989459,445705
1,1712,29.097589375000005,0,72542,41,16406583,431943
1,1713,29.132464416000005,0,71709,41,16777083,445905
1,1714,29.133924708000002,4214208,17838584,42,19392791,148913
1,1715,29.150729666000004,0,53458,84,16912833,445757
1,1716,29.167117083000008,0,84709,0,16385917,419535
1,1717,29.183601708000005,0,76208,42,16511292,445705
1,1718,29.200301416000002,0,73916,42,16686541,445705
1,1719,29.217173541000008,0,71375,125,16894958,459667
1,1720,29.233921291000009,0,75500,209,16696875,459467
1,1721,29.250541916000003,0,80625,41,16666500,445705
1,1722,29.266895000000005,0,77042,42,16309708,445705
1,1723,29.283741083000002,0,77041,84,16896958,459467
1,1724,29.300341125000003,0,71958,83,16500750,431943
1,1725,29.317110416000006,0,70834,83,16781125,447259
1,1726,29.334033708000007,0,79292,83,16899833,473229
1,1727,29.367248583000006,0,79875,0,16295875,445797
1,1728,29.368292916000009,3616125,16943833,83,18146959,148913
1,1729,29.385401000000009,0,42792,0,17025292,555801
1,1730,29.401900125000004,0,67875,41,16504708,514715
1,1731,29.418621333000004,0,70833,84,16699792,486991
1,1732,29.435417333000004,0,71500,41,16797333,473229
1,1733,29.451998458000006,0,69459,84,16568708,486918
1,1734,29.468563250000003,0,72917,41,16524709,460821
1,1735,29.485101333000003,0,78583,83,16485000,459467
1,1736,29.501854500000007,0,84750,0,16696792,445705
1,1737,29.518331083000007,0,73000,333,16581166,473429
1,1738,29.535408625000002,0,69042,42,17106416,473229
1,1739,29.551885333000008,0,75167,41,16383291,445757
1,1740,29.568464375000005,0,79042,166,16596417,431943
1,1741,29.585166250000007,0,79583,166,16696458,445705
1,1742,29.619335458000009,0,73666,42,16999042,473229
1,1743,29.621196375000004,3831916,16876250,41,18428459,149113
1,1744,29.636975708000008,0,53958,83,16251709,419535
1,1745,29.653549500000004,0,78875,42,16697042,431943
1,1746,29.670251458000003,0,66959,41,16682791,473229
1,1747,29.686881541000005,0,74083,208,16609875,445705
1,1748,29.703902916000004,0,66458,125,16996041,459667
1,1749,29.720555625000003,0,74417,83,16684208,459467
1,1750,29.736895833000005,0,74083,166,16399917,431995
1,1751,29.753813958000002,0,75375,42,16593416,445705
1,1752,29.770232333000003,0,73250,83,16587292,431943
1,1753,29.786955708000008,0,72500,42,16807709,433297
1,1754,29.803738458000005,0,69042,42,16685292,445905
1,1755,29.820141541000005,0,84292,42,16508541,445705
1,1756,29.837294500000009,0,72125,42,17084166,459467
1,1757,29.871905250000008,0,78750,42,16687458,142941
1,1758,29.873260250000012,3854875,17696875,42,19204667,148913
1,1759,29.8903985,0,58375,125,16995042,142941
1,1760,29.910161458,0,152542,84,19571709,46807
1,1761,29.923212708000005,0,83500,0,12899875,288647
1,1762,29.939738083000005,0,82000,42,17108792,432341
1,1763,29.955997000000007,0,70458,84,16275250,459467
1,1764,29.972967708000009,0,68917,83,16901750,459467
1,1765,29.989809416000011,0,76792,83,16807750,431943
1,1766,30.006091041,0,69709,42,16378792,445905
1,1767,30.023043458,0,64959,83,16910333,473229
1,1768,30.039746875000002,0,72375,0,16694083,445705
1,1769,30.056430916000007,0,69708,41,16679875,445705
1,1770,30.073021666,0,68959,83,16205833,440029
1,1771,30.08944583300001,0,71834,42,16775667,459813
1,1772,30.123073041000008,0,71334,42,16716416,459667
1,1773,30.124326500000006,3615625,16752667,42,18134625,148913
1,1774,30.140971458000006,0,55292,42,16661208,459519
1,1775,30.157535916000011,0,85584,125,16587333,459467
1,1776,30.174178208000011,0,66750,125,16683459,459467
1,1777,30.19126279100001,0,66084,42,17008333,486991
1,1778,30.207548625000012,0,71791,41,16290875,432143
1,1779,30.224668208000008,0,71167,42,17103750,460821
1,1780,30.241062166000003,0,70583,83,16390792,473229
1,1781,30.257649708,0,80333,0,16592875,459467
1,1782,30.274239416000011,0,74834,42,16667584,459467
1,1783,30.291258250000009,0,69667,125,16925583,473229
1,1784,30.30802266600001,0,67292,41,16694416,459667
1,1785,30.324163833000011,0,77083,208,16190166,418181
1,1786,30.341091833000004,0,70208,42,16979334,487043
1,1787,30.375279791000008,0,67958,42,16422209,445705
1,1788,30.377039125000007,3915916,17531000,41,18925958,148913
1,1789,30.393391750000003,0,53708,83,16849417,447059
1,1790,30.409931041000004,0,69583,41,16589584,445905
1,1791,30.426843291000008,0,74375,0,16783416,445705
1,1792,30.443238333000007,0,85458,83,16509875,431943
1,1793,30.460208750000003,0,71500,42,16781916,445705
1,1794,30.476643583000008,0,80875,41,16497750,404419
1,1795,30.493249041000009,0,78209,41,16608333,445705
1,1796,30.510267541,0,78375,41,16987917,445905
1,1797,30.526556166000002,0,78334,42,16291708,418181
1,1798,30.543397791,0,86875,84,16906667,433349
1,1799,30.560272041,0,79792,0,16883334,459467
1,1800,30.576867041000011,0,75167,83,16602000,445705
1,1801,30.593346708000009,0,73375,125,16378833,418181
1,1802,30.627719166000002,0,73000,42,16596542,445905
1,1803,30.629089375000003,4058083,17623584,42,19120125,149463
1,1804,30.646256875000002,0,52583,42,17083583,459913
1,1805,30.662874916000003,0,77833,42,16489875,446151
1,1806,30.679422708,0,77917,208,16477958,426713
1,1807,30.695678708,0,79875,42,16613833,453181
1,1808,30.712316791000003,0,78792,42,16576375,446351
1,1809,30.729228708000004,0,83875,83,16903541,432389
1,1810,30.745675083000005,0,81709,83,16491416,432441
1,1811,30.762448375,0,79666,0,16693000,432389
1,1812,30.779085125000005,0,93958,42,16704583,432389
1,1813,30.795952625000009,0,78417,0,16784125,459913
1,1814,30.813257916000008,0,79708,42,16949458,432589
1,1815,30.829413875000011,0,99500,41,16221625,426713
1,1816,30.845776416000003,0,78250,125,16710292,439419
1,1817,30.879865666000011,0,78708,125,16481625,446151
1,1818,30.881365500000012,3858750,17383542,42,18908334,148913
1,1819,30.897940375,0,63084,41,16694125,418181
1,1820,30.914575666,0,73208,83,16692000,432143
1,1821,30.931482500000012,0,73833,0,16901208,445705
1,1822,30.947980791000003,0,72791,42,16479416,445757
1,1823,30.964519375000005,0,69792,0,16590167,459467
1,1824,30.98136775,0,70542,41,16793333,460821
1,1825,30.998266375000011,0,73208,41,16906208,473229
1,1826,31.014863208000005,0,68958,83,16595792,445905
1,1827,31.031102625,0,68792,125,16291791,445705
1,1828,31.048030250000007,0,68083,417,16890500,473229
1,1829,31.064745291000005,0,73250,42,16699833,486991
1,1830,31.0815735,0,73834,42,16785834,473229
1,1831,31.098297666000004,0,69042,42,16703208,459467
1,1832,31.133109208000004,0,70667,0,16289208,445905
1,1833,31.135218541000011,4233500,18239250,83,19883333,148913
1,1834,31.151444541,0,73917,42,16908750,419587
1,1835,31.167963166000003,0,86916,42,16486625,431943
1,1836,31.184626375000004,0,83958,42,16782667,473229
1,1837,31.20100041600001,0,78166,42,16415250,500753
1,1838,31.21777662500001,0,62417,83,16881500,542239
1,1839,31.234435708000003,0,59083,0,16503042,486991
1,1840,31.251454166000013,0,71458,41,16993583,473229
1,1841,31.268090250000011,0,83291,42,16597958,459467
1,1842,31.284646208000009,0,78292,83,16591875,473229
1,1843,31.301225166000005,0,71542,250,16508875,460821
1,1844,31.317972791,0,73875,42,16774625,473429
1,1845,31.334462583,0,77292,209,16482584,500753
1,1846,31.369793708,0,72958,41,16810500,445757
1,1847,31.371261708000002,4330833,18292667,42,19820875,148913
1,1848,31.388000208000005,0,59459,83,16694000,431943
1,1849,31.404781666,0,77292,42,16809709,432143
1,1850,31.421202458000007,0,79958,42,16542959,418181
1,1851,31.438065750000003,0,71666,42,16844875,447059
1,1852,31.454531541000005,0,72541,0,16240209,445705
1,1853,31.471335041,0,71459,41,16784208,459467
1,1854,31.487899708000011,0,71125,83,16507375,445705
1,1855,31.504530625000012,0,70334,42,16689667,445905
1,1856,31.520860791,0,69541,41,16600208,445705
1,1857,31.537770541000011,0,72416,0,16857625,473229
1,1858,31.554781208000005,0,72833,42,16813583,459519
1,1859,31.570975666000006,0,78875,42,16314500,418181
1,1860,31.588228416000003,0,74667,166,17227542,447059
1,1861,31.621760708000007,0,70667,0,16407500,445905
1,1862,31.623543541,3754042,17064417,0,18805541,148913
1,1863,31.640401541,0,56416,41,16835166,431943
1,1864,31.656361333000003,0,86750,0,16189250,418181
1,1865,31.673243500000009,0,69459,84,16875417,459467
1,1866,31.69009875,0,69708,83,16815417,459467
1,1867,31.706890958,0,71208,42,16692250,459667
1,1868,31.723029416,0,74917,42,16306250,431943
1,1869,31.740064875000012,0,72334,83,16975375,433349
1,1870,31.75665900000001,0,72334,83,16593750,445705
1,1871,31.773021875000008,0,72083,42,16403750,445705
1,1872,31.789765750000011,0,70083,42,16687458,445705
1,1873,31.806557125000008,0,66291,41,16800625,445905
1,1874,31.823310333000006,0,70084,41,16678584,445705
1,1875,31.840176375000009,0,74000,41,16811750,473229
1,1876,31.874253625000005,0,72959,41,16390791,431943
1,1877,31.875621375000005,3829625,17625792,41,19040292,148913
1,1878,31.892300625,0,66667,0,16750000,433297
1,1879,31.908773500000006,0,65375,125,16474625,459667
1,1880,31.925412958000006,0,72500,41,16620625,445705
1,1881,31.942194083,0,71250,41,16864333,459519
1,1882,31.958846291000011,0,71917,41,16618458,445705
1,1883,31.975506375000005,0,77250,83,16582375,459467
1,1884,31.992178500000005,0,70667,42,16596458,445705
1,1885,32.009191166000008,0,78916,41,17109416,445905
1,1886,32.025596166000014,0,83125,42,16385541,431943
1,1887,32.042255958000013,0,72916,42,16698208,433297
1,1888,32.058788625000005,0,75625,83,16587666,473229
1,1889,32.075621583000014,0,64875,41,16881000,528277
1,1890,32.09215579100001,0,61125,42,16396875,542039
1,1891,32.12567700000001,0,69292,125,16914708,473429
1,1892,32.126989625000007,3565667,16457041,83,17857625,148913
1,1893,32.143592208000015,0,50625,42,16731417,445757
1,1894,32.160061375000012,0,70750,41,16377042,459467
1,1895,32.176768750000008,0,74958,125,16710917,445705
1,1896,32.193385708000008,0,75125,42,16601291,447059
1,1897,32.210248708000009,0,75042,42,16883791,473429
1,1898,32.226899291000009,0,69167,42,16588666,459467
1,1899,32.243312125,0,74084,83,16501750,459467
1,1900,32.259993458000011,0,69625,42,16673083,459467
1,1901,32.276722958000008,0,70500,42,16714083,459467
1,1902,32.293331666000014,0,71000,0,16493750,445705
1,1903,32.310165541,0,75000,42,16895834,445905
1,1904,32.326835833000004,0,74458,42,16690375,459467
1,1905,32.343427416000011,0,71458,41,16593333,447111
1,1906,32.377814125000015,0,70833,83,16495334,459507
1,1907,32.379163291000012,4255042,17641541,83,19137167,148913
1,1908,32.395756750000004,0,53417,42,16651917,445705
1,1909,32.412388375000006,0,67667,42,16594250,445905
1,1910,32.429417708,0,75875,42,17026083,459467
1,1911,32.446112666000005,0,68750,0,16629916,459467
1,1912,32.462444958000006,0,73459,125,16430084,431943
1,1913,32.479497125000009,0,66375,42,16791375,445705
1,1914,32.496206583,0,68625,0,16811833,433297
1,1915,32.512931000000009,0,72875,42,16794875,445905
1,1916,32.529355041,0,69750,84,16468625,445705
1,1917,32.545935833000016,0,65417,125,16502708,445757
1,1918,32.562825875000016,0,68833,125,16811500,445705
1,1919,32.579566375000013,0,71542,41,16876833,431943
1,1920,32.596247166000012,0,68708,42,16548833,459467
1,1921,32.629790208,0,73625,167,16235000,432143
1,1922,32.631111125000004,3811125,17289250,125,18671125,148913
1,1923,32.647769875000009,0,50625,41,16721542,447059
1,1924,32.664857083000015,0,72083,42,17093167,459467
1,1925,32.681102541000016,0,74375,42,16298583,445705
1,1926,32.698108708000007,0,66625,0,16891708,445705
1,1927,32.714403041000011,0,73792,41,16405583,445905
1,1928,32.731215041000013,0,66667,42,16780292,459467
1,1929,32.747726416000006,0,66792,41,16505750,459519
1,1930,32.76464475,0,66875,41,16877875,473229
1,1931,32.78131925000001,0,72958,166,16705709,459467
1,1932,32.798239583000012,0,69208,0,16783834,447059
1,1933,32.814861291000014,0,71792,83,16709042,445905
1,1934,32.831406250000015,0,67625,42,16489875,445705
1,1935,32.848055291000009,0,71792,41,16678250,473229
1,1936,32.882554000000013,0,72542,84,16707083,459467
1,1937,32.883976375,3884333,17575958,42,19051875,148913
1,1938,32.900596541000013,0,53083,0,16726667,431943
1,1939,32.916934250000011,0,70917,42,16300708,432143
1,1940,32.933676333000008,0,77500,42,16785083,473229
1,1941,32.950415833000008,0,74167,167,16805250,447111
1,1942,32.966949958000015,0,68125,250,16488583,459467
1,1943,32.983496791000007,0,72666,42,16514250,445705
1,1944,33.000249875000009,0,74458,84,16791708,445705
1,1945,33.016991291000011,0,68750,42,16678917,459667
1,1946,33.03352266600001,0,79792,83,16604334,445705
1,1947,33.050644458000008,0,73208,83,17091041,486991
1,1948,33.066802333000012,0,77417,0,16096625,473229
1,1949,33.083433500000012,0,74833,42,16678625,473229
1,1950,33.117780458000013,0,71167,41,16806375,474583
1,1951,33.119236833,3916375,17268000,0,18817875,149113
1,1952,33.135837125000009,0,53667,0,16675125,418181
1,1953,33.152555541000012,0,73958,42,16795667,431995
1,1954,33.169326250000012,0,71167,41,16683542,459467
1,1955,33.185904875000006,0,78125,42,16602292,431943
1,1956,33.202633000000006,0,79084,250,16676500,445905
1,1957,33.21939483300001,0,89167,41,16811584,445705
1,1958,33.235654458000013,0,73542,0,16289000,431943
1,1959,33.252459875000014,0,76833,41,16700166,433297
1,1960,33.268945708000004,0,74792,42,16579125,418181
1,1961,33.285725625000012,0,71167,83,16717125,459467
1,1962,33.302493208000016,0,79500,41,16860250,445905
1,1963,33.319287125,0,67208,42,16705667,445705
1,1964,33.335669333000013,0,75917,166,16391458,431943
1,1965,33.370207208000011,0,73250,0,16607208,431995
1,1966,33.371583541000007,3976666,17742667,42,19202750,148913
1,1967,33.388515625000011,0,53625,84,16877875,459467
1,1968,33.405248958000016,0,91167,42,16899792,474783
1,1969,33.42184850000001,0,70208,41,16587917,445705
1,1970,33.438216250000011,0,71875,84,16385166,445705
1,1971,33.455050291000006,0,69125,42,16803125,486991
1,1972,33.471750708000016,0,71334,41,16595000,445705
1,1973,33.488489125000015,0,81125,0,16794000,459467
1,1974,33.505099791000006,0,75958,84,16590625,459667
1,1975,33.521611041000014,0,77042,0,16506959,459467
1,1976,33.538304833000012,0,79958,125,16689125,459467
1,1977,33.555241666000015,0,70250,83,16888084,460873
1,1978,33.571868000000009,0,74791,42,16588875,431943
1,1979,33.588841291000008,0,76375,83,17013208,445705
1,1980,33.623155041000004,0,81833,42,16284334,432143
1,1981,33.624624041000004,3845500,17701084,0,19377792,148913
1,1982,33.641020166000004,0,55666,41,16615333,431943
1,1983,33.65758291600001,0,68125,41,16496167,445705
1,1984,33.674641083000012,0,69875,0,17090208,473229
1,1985,33.692353083000015,0,70083,42,17202209,481315
1,1986,33.707741875000011,0,79542,0,15881625,432489
1,1987,33.724257458000011,0,76125,42,16491042,445705
1,1988,33.74091725000001,0,73084,42,16702958,473229
1,1989,33.757760583000007,0,68333,250,16798375,445757
1,1990,33.774519583000014,0,69209,83,16779667,459467
1,1991,33.790933458000012,0,73959,42,16319334,459467
1,1992,33.807785708000011,0,75041,208,16788916,445905
1,1993,33.824539041000008,0,73666,42,16886500,431943
1,1994,33.841800666000012,0,74250,42,16694500,445705
1,1995,33.875665041000005,0,77167,0,16691209,433297
1,1996,33.876959625000012,3961916,17509708,42,18968166,148913
1,1997,33.89345370800001,0,43250,84,16521042,514515
1,1998,33.910024416000013,0,67959,42,16675542,528477
1,1999,33.926502541000005,0,66792,42,16423084,514515
1,2000,33.94334125,0,67084,41,16786000,487043
1,2001,33.960055458000014,0,71042,41,16693958,459467
1,2002,33.976601583000004,0,74417,42,16600958,445705
1,2003,33.993414333000004,0,68042,0,16688167,433297
1,2004,34.010172583000013,0,77125,0,16698709,473429
1,2005,34.026877708000015,0,70500,42,16793334,473229
1,2006,34.043180666000012,0,75000,42,16298250,459467
1,2007,34.060256208000013,0,76708,42,17024542,431943
1,2008,34.076982708,0,75000,41,16759625,445705
1,2009,34.093508708000016,0,73000,42,16503542,418181
1,2010,34.126982958000013,0,71375,42,16775625,445905
1,2011,34.128350333000014,3877625,16575250,333,17995500,148913
1,2012,34.144569875000016,0,51958,41,16294500,419587
1,2013,34.161249500000011,0,72208,166,16607208,445705
1,2014,34.178213375000013,0,76000,166,16988916,445705
1,2015,34.19484150000001,0,75792,83,16594583,445705
1,2016,34.211312875000004,0,76750,41,16493375,445905
1,2017,34.22796158300001,0,73708,83,16698084,445705
1,2018,34.244848000000005,0,73167,41,16885542,445705
1,2019,34.261254375000007,0,70375,42,16302459,431943
1,2020,34.278169458000008,0,80250,42,16996667,445705
1,2021,34.295037666000013,0,75208,42,16780666,433297
1,2022,34.311556750000008,0,77750,42,16599166,445905
1,2023,34.327854708000004,0,72333,125,16293125,445705
1,2024,34.344848875000011,0,70458,42,16987959,459519
1,2025,34.379050791000012,0,73667,83,16696292,445705
1,2026,34.380297166000005,3835916,17343667,42,18721375,148913
1,2027,34.396865000000005,0,48167,42,16351375,445705
1,2028,34.413685833,0,73500,0,17024166,478111
1,2029,34.430140000000009,0,80375,84,16473333,445705
1,2030,34.447073416000009,0,71792,209,16901250,433297
1,2031,34.463713791,0,68125,41,16685958,445705
1,2032,34.480327625000015,0,70291,83,16582334,459467
1,2033,34.496786083,0,67167,42,16313916,431943
1,2034,34.513571875000011,0,78792,83,16795167,445905
1,2035,34.529977083000006,0,77167,42,16486083,431943
1,2036,34.54683870800001,0,73166,42,16899542,459519
1,2037,34.563370291000012,0,71042,42,16482750,445705
1,2038,34.580016458,0,73334,42,16541250,445705
1,2039,34.596738708000004,0,75958,41,16744708,460821
1,2040,34.631031541000013,0,93083,42,16796208,445905
1,2041,34.632361458000005,3770042,17302792,42,18822084,148913
1,2042,34.64922295800001,0,50000,167,16870667,473229
1,2043,34.665822541000011,0,72000,0,16679458,445705
1,2044,34.682343583000005,0,68292,0,16506750,445705
1,2045,34.699152125000012,0,74375,0,16791208,459467
1,2046,34.715432500000006,0,68667,42,16306666,445905
1,2047,34.732405916000005,0,66166,0,16882792,473229
1,2048,34.749020333000004,0,65958,42,16685250,447111
1,2049,34.765440000000012,0,67166,0,16408292,445705
1,2050,34.782028666000016,0,67417,42,16596042,445705
1,2051,34.798890000000014,0,65417,42,16788459,473229
1,2052,34.815655041000014,0,74375,42,16803250,445905
1,2053,34.832337333000012,0,67083,42,16683917,445705
1,2054,34.848866208000004,0,73291,84,16498916,459467
1,2055,34.883244125000004,0,68959,41,16791875,445705
1,2056,34.884660916000016,3795666,17396334,167,18838875,148913
1,2057,34.901067250000011,0,50625,41,16558416,447059
1,2058,34.917769125000007,0,72542,0,16689333,459667
1,2059,34.934686375000013,0,75250,41,16898167,459467
1,2060,34.95108900000001,0,80750,42,16394542,431995
1,2061,34.967618458000004,0,73083,42,16569083,445705
1,2062,34.984238541000011,0,68541,41,16605667,445705
1,2063,35.001100208000011,0,70833,41,16803417,459467
1,2064,35.017951875000008,0,74208,167,16888834,459667
1,2065,35.034314291000015,0,71208,41,16387000,473229
1,2066,35.051204666000004,0,66292,0,16879292,460821
1,2067,35.067862416000011,0,67834,42,16618708,486991
1,2068,35.084506333000007,0,76208,42,16597167,445705
1,2069,35.118565875000016,0,72042,41,16492667,445705
1,2070,35.119916833000005,3711958,17346333,166,18842125,149113
1,2071,35.136647625000009,0,52708,0,16844459,473229
1,2072,35.153222875000012,0,76125,42,16583500,459519
1,2073,35.170076541000014,0,69958,42,16800917,459467
1,2074,35.186734375000015,0,74625,42,16681708,473229
1,2075,35.203531083000016,0,63542,0,16809625,461021
1,2076,35.220067458,0,75625,42,16481792,445705
1,2077,35.236570666000006,0,71833,42,16509125,445705
1,2078,35.253363833000009,0,72875,42,16774959,459467
1,2079,35.269859125000011,0,72958,42,16509542,459467
1,2080,35.286830166000016,0,70458,42,16976166,459467
1,2081,35.303388208000015,0,66083,42,16609208,459667
1,2082,35.320314625000009,0,62166,0,16609250,404419
1,2083,35.337237291000008,0,74416,42,17069750,142941
1,2084,35.371741958000015,0,75000,42,16396417,144387
1,2085,35.373167125000009,4014041,17857792,292,19439375,148913
1,2086,35.390838416000008,0,49500,41,17382375,32845
1,2087,35.406355833000006,0,91792,41,15858833,390857
1,2088,35.422852083000009,0,81958,84,16606833,431943
1,2089,35.439645791000004,0,74291,42,16793792,459467
1,2090,35.455988125000005,0,71834,83,16287958,431943
1,2091,35.472515166000008,0,76208,42,16595916,445705
1,2092,35.48969158300001,0,71417,83,17084083,486991
1,2093,35.505840416000012,0,69000,83,16220834,433497
1,2094,35.522840333000005,0,72166,0,16963167,500753
1,2095,35.53944283300001,0,77792,0,16593375,459467
1,2096,35.55624837500001,0,73209,84,16802125,487043
1,2097,35.572703041000011,0,72833,41,16404208,445705
1,2098,35.589501125000012,0,79416,83,16806000,418181
1,2099,35.623638708000016,0,78625,125,16486209,445905
1,2100,35.625167916000009,3801208,17384666,83,18937250,149463
1,2101,35.641943500000011,0,64750,42,16939584,432389
1,2102,35.658324750000006,0,85125,41,16401792,419981
1,2103,35.674959916000006,0,85167,83,16581292,432389
1,2104,35.691741833000009,0,77625,42,16891166,446151
1,2105,35.708108458000012,0,75167,42,16414125,432589
1,2106,35.725183708,0,75042,42,16993250,459913
1,2107,35.741793750000014,0,83250,0,16590458,446151
1,2108,35.758691708000015,0,82333,41,16800292,432441
1,2109,35.774908750000009,0,82000,41,16276333,432389
1,2110,35.791585375000011,0,77416,83,16703959,446151
1,2111,35.808297791000015,0,79041,41,16778125,447705
1,2112,35.824811791000016,0,70250,41,16512541,459913
1,2113,35.841501791000013,0,70792,41,16767500,528723
1,2114,35.875129333000004,0,63166,42,16708833,542485
1,2115,35.87635262500001,3774875,16683958,42,17991208,148913
1,2116,35.893243916,0,50834,42,16894292,486991
1,2117,35.909509750000012,0,68459,83,16305583,459667
1,2118,35.926324041000015,0,73458,42,16788042,486991
1,2119,35.943217333000007,0,71292,83,16906625,486991
1,2120,35.959709000000004,0,71292,42,16482000,460873
1,2121,35.976225291000006,0,68292,42,16500500,473229
1,2122,35.99318525000001,0,73583,41,16886208,473229
1,2123,36.009781458000006,0,74333,42,16590875,459667
1,2124,36.026365458000015,0,80167,41,16504792,431943
1,2125,36.042830041000016,0,84666,0,16594750,445705
1,2126,36.05984775,0,85875,167,16986792,459467
1,2127,36.076687041000014,0,70709,42,16798292,486991
1,2128,36.093411375000017,0,75625,42,16594791,431943
1,2129,36.127370833000015,0,79333,42,16592500,433497
1,2130,36.128743791000005,3953333,17359708,42,18783667,148913
1,2131,36.145479333000011,0,55959,42,16806375,473229
1,2132,36.162021875000008,0,70750,83,16594167,459519
1,2133,36.178623750000014,0,70666,83,16580709,459467
1,2134,36.195432875000009,0,68709,42,16713417,445705
1,2135,36.211685375000016,0,72125,42,16288291,432143
1,2136,36.228738041000014,0,77625,41,16980458,445705
1,2137,36.245383583000006,0,88792,42,16716250,431943
1,2138,36.261847625000016,0,76875,166,16477042,419535
1,2139,36.278752791000016,0,72083,41,16781458,445705
1,2140,36.295329583000012,0,85709,0,16614833,418181
1,2141,36.311794291000012,0,78625,42,16499584,432143
1,2142,36.328566291000016,0,74458,84,16772750,431943
1,2143,36.345265208000015,0,69667,42,16781208,500753
1,2144,36.377839666000014,0,69167,42,16494666,542091
1,2145,36.378962375000015,3700958,15959750,84,17209083,148913
1,2146,36.395780291000008,0,48084,84,16702125,473229
1,2147,36.41235579100001,0,71000,83,16500334,447259
1,2148,36.429038083000009,0,75042,83,16796916,445705
1,2149,36.446129916000004,0,72875,41,16790583,459467
1,2150,36.462253083000007,0,74208,42,16391750,418181
1,2151,36.479504458000008,0,74250,42,17022000,473229
1,2152,36.495835375000013,0,72334,42,16476791,418181
1,2153,36.512530625000011,0,75917,0,16578000,432143
1,2154,36.528983166,0,79375,250,16604042,418181
1,2155,36.545719291000012,0,75458,83,16790667,473229
1,2156,36.562906541000004,0,70250,42,16862667,447111
1,2157,36.579561333000015,0,72958,42,16519958,431943
1,2158,36.596255166000006,0,76375,42,16783125,431943
1,2159,36.630217708,0,77333,42,16678959,432143
1,2160,36.631619375000014,4052167,17232750,42,18859958,148913
1,2161,36.64818600000001,0,52916,42,16655917,445705
1,2162,36.664659833000016,0,71542,125,16503750,459467
1,2163,36.681184458000004,0,68584,42,16477375,445705
1,2164,36.698773291000009,0,71542,42,17185708,453791
1,2165,36.714563583000015,0,73333,292,16215250,418727
1,2166,36.731356541000011,0,71416,83,16781792,459467
1,2167,36.748035458000004,0,69334,83,16702208,459467
1,2168,36.764561083000004,0,73084,41,16490500,445757
1,2169,36.781234958000013,0,71375,42,16694000,459467
1,2170,36.798000250000015,0,72958,0,16696625,445705
1,2171,36.814787875000007,0,72958,41,16791208,445905
1,2172,36.831126375000011,0,71500,166,16391208,445705
1,2173,36.848211041000013,0,70250,42,16594875,445705
1,2174,36.882325375000008,0,69375,42,16897458,433297
1,2175,36.883677750000004,3817083,17481708,83,18927625,148913
1,2176,36.900323166000007,0,49584,84,16667125,445705
1,2177,36.916640250000015,0,74208,83,16394000,432143
1,2178,36.933492291000007,0,71167,41,16790166,445705
1,2179,36.950376250000005,0,73875,42,16897875,459519
1,2180,36.96672825,0,75250,42,16396000,431943
1,2181,36.983570750000013,0,67250,125,16782833,459467
1,2182,37.000435333000013,0,71542,42,16796750,447059
1,2183,37.016795583000004,0,79708,83,16404625,432143
1,2184,37.033316250000013,0,70916,0,16587625,459467
1,2185,37.050302458000004,0,72500,0,16897792,459467
1,2186,37.067185125000009,0,75458,41,16897041,473229
1,2187,37.083619041000006,0,70209,84,16492333,459467
1,2188,37.117058708000016,0,69417,83,16780917,473229
1,2189,37.118315291000016,3598000,16413958,41,17858209,149113
1,2190,37.134855291000008,0,50042,125,16451833,445705
1,2191,37.151313625000014,0,75000,208,16576667,447111
1,2192,37.168138958000014,0,67500,84,16806708,459467
1,2193,37.184539000000015,0,73833,42,16391500,459467
1,2194,37.201533833000013,0,68125,84,16973958,473229
1,2195,37.218158416000009,0,69208,42,16698500,542239
1,2196,37.234495666000015,0,64083,41,16391750,528277
1,2197,37.251426541000015,0,64083,42,16808833,528277
1,2198,37.267870208000005,0,70541,84,16486417,473229
1,2199,37.284577583000015,0,64625,167,16598041,486991
1,2200,37.301378916000004,0,73458,41,16792458,460821
1,2201,37.318090166000005,0,70875,42,16805250,473429
1,2202,37.334899708000009,0,68125,83,16690958,473229
1,2203,37.368698708000011,0,82209,83,16597708,459519
1,2204,37.370007000000015,3770000,17084250,83,18484042,148913
1,2205,37.386468875000006,0,50291,41,16506334,445705
1,2206,37.403027583000011,0,71250,42,16586042,445905
1,2207,37.419968458000014,0,70916,125,16902292,445705
1,2208,37.436836958000015,0,74041,42,16901750,473229
1,2209,37.453069708000015,0,69750,42,16187333,433297
1,2210,37.470151583,0,71375,41,17094458,486991
1,2211,37.486686458000008,0,70792,125,16504250,473229
1,2212,37.503212875,0,67625,41,16570334,459667
1,2213,37.519745083000004,0,68917,41,16507959,445705
1,2214,37.53659029100001,0,74583,83,16782417,459467
1,2215,37.55332283300001,0,76417,83,16796958,459519
1,2216,37.570156583000013,0,74125,84,16802542,459467
1,2217,37.586783041000004,0,70542,250,16593833,459467
1,2218,37.620173208000011,0,70500,42,16577500,447259
1,2219,37.621472541,3659417,16704208,42,18068958,148913
1,2220,37.637923750000013,0,48250,84,16473042,445705
1,2221,37.654409750000013,0,72584,84,16501834,445705
1,2222,37.67130541600001,0,68292,42,16860875,445705
1,2223,37.688076000000009,0,73792,83,16734167,445705
1,2224,37.705058875000006,0,72083,42,16849917,445905
1,2225,37.721300083,0,130625,0,16373208,445705
1,2226,37.738159458000013,0,70791,42,16890541,459467
1,2227,37.754892208000015,0,84708,42,16707167,447111
1,2228,37.771381833000007,0,72000,83,16441250,431943
1,2229,37.787943125000012,0,94750,42,16596250,473229
1,2230,37.804516041000014,0,71167,0,16505167,445905
1,2231,37.821382291000006,0,74250,41,16889833,473229
1,2232,37.837810916000009,0,70542,42,16420417,445705
1,2233,37.87205933300001,0,72834,41,17100917,459467
1,2234,37.873423750000015,3801542,16965291,42,18479375,148913
1,2235,37.889892208000006,0,50542,42,16513166,431943
1,2236,37.906599041000007,0,73375,41,16708750,447259
1,2237,37.923254541000006,0,72250,41,16791625,445705
1,2238,37.939720125000008,0,65209,41,16399667,486991
1,2239,37.956709208000007,0,65833,83,16877792,459519
1,2240,37.973120458000011,0,74917,250,16506041,459467
1,2241,37.989752583000012,0,67750,42,16497916,431943
1,2242,38.006361291000005,0,78375,0,16689250,459667
1,2243,38.023079875000008,0,72042,42,16696000,431943
1,2244,38.039887916000012,0,76333,84,16790209,445705
1,2245,38.056703541000005,0,78833,42,16786834,433297
1,2246,38.073242250000007,0,71125,83,16407542,431943
1,2247,38.089833750000011,0,98750,0,16694959,445705
1,2248,38.124038291000005,0,75083,42,16591458,432143
1,2249,38.125521666000012,3713333,17400417,84,18911750,148913
1,2250,38.141954125000012,0,59458,84,16676375,431943
1,2251,38.158889666000007,0,73916,42,16889209,445757
1,2252,38.17552666600001,0,74375,0,16397042,445705
1,2253,38.191935041000008,0,112250,0,16584666,418181
1,2254,38.208957583000014,0,82125,83,17087083,447259
1,2255,38.225313708000016,0,71333,42,16314500,431943
1,2256,38.242190416,0,75750,83,16887375,459467
1,2257,38.258633583000005,0,70458,41,16473417,431943
1,2258,38.275360625000005,0,69875,84,16601625,445705
1,2259,38.292274750000004,0,74041,83,16992250,486991
1,2260,38.308838291,0,69333,42,16610084,459667
1,2261,38.325294625000012,0,76875,125,16479416,473229
1,2262,38.341964125000004,0,65042,42,16607250,459467
1,2263,38.376407041000007,0,72334,42,16997667,474675
1,2264,38.377645625,3719708,17287792,84,18655375,148913
1,2265,38.393924083,0,48250,292,16312250,459467
1,2266,38.410702958,0,69542,0,16714917,459667
1,2267,38.427498541000006,0,74584,42,16794791,459467
1,2268,38.443994583000006,0,69083,0,16479000,431943
1,2269,38.460930708000006,0,78833,41,17000875,445705
1,2270,38.477301750000009,0,71458,125,16300584,431943
1,2271,38.493962625000009,0,74292,84,16700708,445705
1,2272,38.510853875000009,0,74542,83,16890375,474783
1,2273,38.527417,0,70542,0,16585500,473229
1,2274,38.544281375000011,0,69667,83,16802125,445705
1,2275,38.560963041000008,0,68417,41,16693958,445757
1,2276,38.577429375000008,0,74667,42,16503458,459467
1,2277,38.593967833000008,0,69709,42,16485541,445705
1,2278,38.627493458,0,68875,84,16794666,459667
1,2279,38.628915666000012,3679792,16500958,125,18000750,148913
1,2280,38.64535875,0,56000,83,16575917,431943
1,2281,38.6620475,0,73542,41,16706042,419535
1,2282,38.679036083,0,71875,42,16889625,473229
1,2283,38.695570125,0,76125,42,16598542,459467
1,2284,38.711947291,0,70625,84,16470334,500953
1,2285,38.728406166,0,67750,84,16500292,486991
1,2286,38.745093791,0,57416,83,16612125,528277
1,2287,38.761872708000013,0,67500,42,16681833,445757
1,2288,38.778600458,0,78916,41,16700083,473229
1,2289,38.795792916000011,0,74625,84,17102750,486991
1,2290,38.81224125,0,71375,42,16603125,447259
1,2291,38.82881125,0,73125,42,16564334,459467
1,2292,38.845353375,0,74167,0,16514334,445705
1,2293,38.880725000000012,0,75500,41,16772791,473229
1,2294,38.882119291000009,4194500,18344667,125,19856875,148913
1,2295,38.898396208000008,0,50625,42,16351667,431943
1,2296,38.915472541,0,81208,41,17117791,432143
1,2297,38.932084,0,72791,42,16561833,445705
1,2298,38.948595958000013,0,73834,125,16507708,431943
1,2299,38.965131166000006,0,77125,42,16578208,447111
1,2300,38.981934833000011,0,69625,41,16715625,431943
1,2301,38.998723041000005,0,74500,42,16785167,431943
1,2302,39.015138125000007,0,73042,42,16395458,418381
1,2303,39.032031708000005,0,75125,83,16998666,459467
1,2304,39.048714791000009,0,68583,83,16685417,445705
1,2305,39.065404625,0,73208,0,16606416,445705
1,2306,39.082012583000008,0,75416,84,16685042,445705
1,2307,39.098788750000011,0,67041,250,16691291,445705
1,2308,39.133318,0,71458,41,16298083,433497
1,2309,39.134706666,4228000,18083750,166,19506417,148913
1,2310,39.151311833000008,0,51375,42,16696791,459467
1,2311,39.168140125000008,0,80458,41,16869541,445757
1,2312,39.184718208000007,0,69459,0,16602750,445705
1,2313,39.201296375000013,0,71250,42,16482625,445705
1,2314,39.218162125000006,0,75250,42,16896709,445905
1,2315,39.234870458,0,72792,84,16702500,459467
1,2316,39.25203675,0,74500,83,16696291,445705
1,2317,39.268277041000005,0,71667,42,16688084,433297
1,2318,39.284692250000006,0,78958,0,16388542,445705
1,2319,39.301641333000006,0,79167,125,16902166,445705
1,2320,39.318295291000013,0,73459,42,16690041,445905
1,2321,39.334952125,0,73042,0,16693042,459467
1,2322,39.369535958,0,69500,41,16506292,445705
1,2323,39.370995125000007,4092083,17826584,41,19365417,148913
1,2324,39.387414791000012,0,57958,125,16515250,431995
1,2325,39.404505916000005,0,70458,84,16897167,447259
1,2326,39.42095629100001,0,69750,42,16502959,445705
1,2327,39.437327875000008,0,70250,42,16586208,445705
1,2328,39.45414829100001,0,70500,83,16683375,477731
1,2329,39.471204166000007,0,72667,83,17086041,445705
1,2330,39.487458625,0,70250,83,16212000,431943
1,2331,39.504468375,0,72416,83,16891792,445905
1,2332,39.521005125,0,69584,0,16497542,431943
1,2333,39.537670083000009,0,70708,167,16691709,445705
1,2334,39.554086541000004,0,69333,41,16594792,447059
1,2335,39.570628125000013,0,71250,41,16589750,445705
1,2336,39.587846375000012,0,69583,0,17062333,473281
1,2337,39.621429833000008,0,72083,41,16230709,432143
1,2338,39.622710291000004,3768750,17328041,84,18697958,148913
1,2339,39.639487958000004,0,52792,83,16869958,459467
1,2340,39.656392625000009,0,71916,42,16904375,473229
1,2341,39.672897500000005,0,67375,166,16483125,459467
1,2342,39.689585416,0,69833,42,16608542,445705
1,2343,39.706301666,0,69000,41,16787208,447259
1,2344,39.72303875,0,69833,84,16709917,459467
1,2345,39.739390041000007,0,70500,42,16399083,459467
1,2346,39.756017208,0,63375,0,16580292,459467
1,2347,39.773036916000009,0,68375,125,16997958,473281
1,2348,39.789683291,0,70375,42,16597917,459467
1,2349,39.806045958000013,0,75833,166,16478083,500953
1,2350,39.822806291000006,0,63375,42,16795417,555801
1,2351,39.839588250000006,0,60916,41,16798167,555801
1,2352,39.872978583000005,0,53125,42,16389750,502107
1,2353,39.874220958000009,4009583,16745042,42,18077000,148913
1,2354,39.891079416000011,0,50459,41,16841167,473229
1,2355,39.907791791000008,0,73125,42,16789916,487191
1,2356,39.924364166000004,0,70042,208,16477833,486991
1,2357,39.941051166000008,0,66917,0,16695875,445705
1,2358,39.957662791000004,0,67208,42,16684417,459467
1,2359,39.974002250000012,0,64125,0,16312375,487043
1,2360,39.991058791,0,65958,41,16998209,486991
1,2361,40.007785125000012,0,68875,42,16696792,447259
1,2362,40.024234291,0,78333,41,16495750,459467
1,2363,40.041070416000011,0,71542,42,16794083,459467
1,2364,40.057617083000011,0,73042,41,16589250,459467
1,2365,40.074299208,0,70458,42,16599417,473229
1,2366,40.090821166000012,0,81834,83,16474417,431943
1,2367,40.125036250000008,0,70375,83,17108375,473429
1,2368,40.126554625000011,3618250,17003500,42,18475250,148913
1,2369,40.14312841600001,0,63667,42,16721667,418181
1,2370,40.159521041000005,0,87541,41,16377166,447059
1,2371,40.175925875000004,0,82375,41,16495291,445757
1,2372,40.192859000000013,0,69791,41,16892417,459467
1,2373,40.209270083000007,0,68875,83,16396875,459667
1,2374,40.226078916000006,0,77208,42,16799208,445705
1,2375,40.242704625,0,72875,42,16677166,473229
1,2376,40.259764208000007,0,68500,83,16893291,459467
1,2377,40.276239041000011,0,85500,42,16592625,445705
1,2378,40.292965041,0,68916,42,16612792,445705
1,2379,40.309559625000006,0,81792,42,16692250,433497
1,2380,40.326190125000011,0,69792,42,16672125,473229
1,2381,40.34253875,0,74458,42,16316125,445705
1,2382,40.376828416000009,0,69000,0,16888875,500753
1,2383,40.378245250000006,3862833,17141334,125,18627791,148913
1,2384,40.394784958,0,55916,125,16662666,459519
1,2385,40.411217166,0,70459,42,16502875,459667
1,2386,40.427908,0,65833,42,16593500,459467
1,2387,40.444943875000007,0,74083,41,16989375,445705
1,2388,40.461462166000004,0,89541,83,16585375,447059
1,2389,40.477982291,0,72500,83,16500125,431943
1,2390,40.494643625000009,0,71917,83,16600417,445705
1,2391,40.5113465,0,74542,83,16795708,445905
1,2392,40.527992666,0,72041,209,16581625,431943
1,2393,40.54486,0,82958,42,16900667,418181
1,2394,40.561495916000013,0,70167,0,16586000,431943
1,2395,40.577890083,0,79792,42,16400167,459467
1,2396,40.595015625,0,70500,42,17087292,445757
1,2397,40.629719750000007,0,75791,125,16605000,433497
1,2398,40.631071583000008,4043916,17929625,42,19415666,149463
1,2399,40.647277875,0,56083,125,16266959,418627
1,2400,40.664126833000012,0,82709,84,16898250,446151
1,2401,40.680743833000008,0,75042,83,16592417,446151
1,2402,40.697497833,0,74667,42,16584542,432389
1,2403,40.714155291000012,0,77667,83,16814125,432589
1,2404,40.731004458,0,81083,41,16882375,459913
1,2405,40.747371708,0,72083,42,16288708,446151
1,2406,40.764002208000008,0,76334,42,16702792,447505
1,2407,40.780902041000004,0,71417,42,16902167,515013
1,2408,40.797685375,0,71417,41,16682834,487437
1,2409,40.817248583000008,0,71833,42,16482917,460113
1,2410,40.831627708,0,71958,42,17410583,129625
1,2411,40.846934041000011,0,86000,42,15158084,129625
1,2412,40.890870666000012,0,74416,83,23033459,60815
1,2413,40.892443500000013,4698500,20445208,42,22400250,148913
1,2414,40.903470291000005,0,60542,42,11288917,280761
1,2415,40.920262750000006,0,72083,42,16802917,433297
1,2416,40.937301416000011,0,74417,42,16986875,459467
1,2417,40.953856916000007,0,74167,42,16595375,459467
1,2418,40.970230458,0,75625,42,16392791,459467
1,2419,40.987069125000005,0,70417,0,16772291,459519
1,2420,41.00363491600001,0,76083,84,16514625,445905
1,2421,41.020177208000007,0,73708,41,16595917,459467
1,2422,41.037274791,0,70250,41,17095000,486991
1,2423,41.053479625000008,0,74333,0,16192000,431943
1,2424,41.070465166000005,0,73083,83,16785000,433297
1,2425,41.087094833000009,0,97458,41,16792583,431943
1,2426,41.122338750000011,0,70917,84,16706250,432143
1,2427,41.123883791000011,4383834,18351000,41,19860458,148913
1,2428,41.140353125000004,0,65500,83,16728333,445705
1,2429,41.157014666000009,0,75167,41,16699792,459467
1,2430,41.173437791000012,0,70125,0,16388291,459467
1,2431,41.190188666000012,0,70500,42,16692834,459519
1,2432,41.206834958,0,72875,84,16674500,474783
1,2433,41.223467500000012,0,67042,166,16613042,459467
1,2434,41.240154625,0,72667,84,16700709,445705
1,2435,41.256665458,0,71208,41,16494792,459467
1,2436,41.273677625000005,0,78458,0,16984333,445705
1,2437,41.290359583000011,0,74375,42,16698709,445705
1,2438,41.306633541000011,0,67917,42,16295500,500953
1,2439,41.323494208,0,67667,42,16894667,500753
1,2440,41.340238041000006,0,69291,0,16702500,514515
1,2441,41.373757000000012,0,70666,42,16889750,433337
1,2442,41.375109000000009,3617042,16365167,41,17839792,148913
1,2443,41.3913905,0,48417,0,16345125,445757
1,2444,41.40814554100001,0,74709,0,16786334,445905
1,2445,41.424761916000008,0,78625,42,16492583,445705
1,2446,41.441666500000011,0,81208,41,17000958,473229
1,2447,41.457982375,0,76792,41,16296375,445705
1,2448,41.474548375000012,0,71083,0,16600042,459467
1,2449,41.491352416000012,0,70875,42,16787584,473229
1,2450,41.508267916000008,0,67000,41,16886583,461021
1,2451,41.524690583000009,0,71917,42,16405875,445705
1,2452,41.54126633300001,0,79458,83,16588208,459467
1,2453,41.558310333000009,0,74375,42,16995459,459467
1,2454,41.574943000000005,0,71625,0,16693917,459467
1,2455,41.591198583000008,0,68958,41,16194584,445757
1,2456,41.625680208000006,0,71500,41,16994709,445905
1,2457,41.627029791000012,3728042,17308708,83,18768750,148913
1,2458,41.643433833,0,50416,42,16504291,431943
1,2459,41.660367208000011,0,64875,41,16910500,460821
1,2460,41.676722916,0,74708,83,16390584,445705
1,2461,41.693528833,0,72500,41,16679584,445705
1,2462,41.710189875000012,0,74083,0,16595750,432143
1,2463,41.726839500000011,0,84292,83,16810250,445705
1,2464,41.743222333000006,0,72250,42,16390500,473229
1,2465,41.759930541,0,74667,42,16773166,528277
1,2466,41.776742458,0,67042,83,16723334,528277
1,2467,41.793820041000004,0,70833,83,16999042,459519
1,2468,41.810270916000007,0,73708,41,16488667,433497
1,2469,41.826892916000006,0,77792,84,16594000,445705
1,2470,41.84355275,0,80167,42,16691250,445705
1,2471,41.877690833,0,73291,41,16396084,445705
1,2472,41.879022250000006,3885250,17542791,209,18971459,148913
1,2473,41.89570350000001,0,56125,0,16696459,445705
1,2474,41.912624958000009,0,76250,125,16938542,459667
1,2475,41.929406541000006,0,70458,42,16713000,459467
1,2476,41.946001833000011,0,71292,42,16450375,445705
1,2477,41.962339791000005,0,73166,41,16578208,447059
1,2478,41.979344125000011,0,69666,41,16709834,473229
1,2479,41.995695833,0,77625,41,16592709,431995
1,2480,42.012290416000013,0,72667,41,16598458,445905
1,2481,42.029482166000008,0,77250,42,16945750,445705
1,2482,42.046182083000005,0,71083,42,16905584,445705
1,2483,42.062364541000008,0,72125,84,16231000,459467
1,2484,42.079295833,0,70458,41,16693167,445705
1,2485,42.095723541000012,0,69667,42,16586542,445705
1,2486,42.130472708,0,75291,42,17049500,447259
1,2487,42.131724875,3929375,17608875,41,18946792,148913
1,2488,42.148217041000009,0,57125,42,16483958,431943
1,2489,42.164920916,0,76041,83,16797375,445705
1,2490,42.181519166,0,69417,42,16602166,445757
1,2491,42.198025541000007,0,67042,83,16390333,445705
1,2492,42.214600041000011,0,72958,41,16675875,445905
1,2493,42.231472583000013,0,71083,42,16804542,459467
1,2494,42.248206541,0,72500,41,16805875,473229
1,2495,42.264844666,0,68917,42,16602250,447059
1,2496,42.281421708000011,0,72792,125,16590166,459467
1,2497,42.2981865,0,67333,42,16677417,459467
1,2498,42.314635083000013,0,69041,0,16509667,459667
1,2499,42.331311916000004,0,69750,41,16692292,459467
1,2500,42.347882791,0,65959,42,16590459,459467
1,2501,42.382660041000008,0,65084,41,16786666,473229
1,2502,42.384059875000005,4023292,17691250,0,19162708,148913
1,2503,42.40048383300001,0,52792,84,16525625,445757
1,2504,42.417336458000008,0,76375,83,16896417,461021
1,2505,42.433693875,0,70916,42,16410792,459467
1,2506,42.450462416000008,0,72375,41,16694916,445705
1,2507,42.467156875,0,79042,42,16695458,459467
1,2508,42.483956833000008,0,68458,42,16773125,473229
1,2509,42.500500208000005,0,77625,42,16507458,445705
1,2510,42.517362291000012,0,70917,41,16899625,459667
1,2511,42.53405766600001,0,68875,41,16693500,459467
1,2512,42.550653250000011,0,70750,42,16596834,459467
1,2513,42.567063625,0,68916,41,16390000,433297
1,2514,42.584196583000008,0,71833,42,17098875,473229
1,2515,42.617402500000011,0,73667,42,16200500,431995
1,2516,42.61874525,3699875,16790083,41,18294000,149113
1,2517,42.635667833,0,52583,0,16969709,459467
1,2518,42.652462750000012,0,68416,42,16807709,459467
1,2519,42.66915945800001,0,70291,84,16600042,459467
1,2520,42.685609250000013,0,72208,42,16483333,445705
1,2521,42.702426083000006,0,75875,42,16800583,459667
1,2522,42.718931416000004,0,81958,0,16497291,419535
1,2523,42.735625458,0,83000,167,16691250,445705
1,2524,42.752332750000008,0,77958,42,16588000,431943
1,2525,42.768968875000013,0,84541,42,16796500,431943
1,2526,42.785796166000011,0,77792,83,16800416,459519
1,2527,42.802576,0,77542,0,16701708,432143
1,2528,42.819154583,0,88750,42,16582541,431943
1,2529,42.835421041000004,0,84458,84,16309500,418181
1,2530,42.871108750000005,0,77375,41,17062959,445705
1,2531,42.873166208,4156166,18385458,42,19958084,148913
1,2532,42.889169500000008,0,59667,42,16650583,405773
1,2533,42.9058885,0,79875,42,16672667,432143
1,2534,42.922188875,0,87333,0,16392875,418181
1,2535,42.938773375000011,0,77750,83,16521709,431943
1,2536,42.955584708,0,80000,0,16959000,459467
1,2537,42.972221958000006,0,71416,41,16500792,445705
1,2538,42.989047875000011,0,76750,42,16790125,431995
1,2539,43.0054985,0,73791,83,16508083,432143
1,2540,43.022253958000007,0,78167,333,16790208,445705
1,2541,43.038723125000004,0,73125,42,16401792,419535
1,2542,43.055485708000006,0,75792,42,16781333,445705
1,2543,43.072350833,0,75625,83,16812916,445705
1,2544,43.088799416,0,75000,0,16378750,418181
1,2545,43.123463416000007,0,74375,41,16988209,445905
1,2546,43.124837458,3826083,17629125,208,19064709,148913
1,2547,43.141027250000008,0,53583,41,16326000,418181
1,2548,43.157939000000013,0,70625,83,16877292,445705
1,2549,43.174870500000011,0,68708,41,16612791,440029
1,2550,43.191301041,0,69500,83,16697042,459865
1,2551,43.207720333000012,0,77500,0,16492625,432143
1,2552,43.224522750000006,0,70041,166,16792875,486991
1,2553,43.241277125000011,0,71417,42,16690417,473229
1,2554,43.25787600000001,0,79000,42,16596000,473229
1,2555,43.274853708000009,0,80209,42,16986959,473229
1,2556,43.291522875000013,0,74833,84,16499500,459467
1,2557,43.307910541000012,0,94292,83,16493208,432143
1,2558,43.325132333000013,0,73042,83,16793916,440029
1,2559,43.341609416000011,0,75459,42,16791959,425211
1,2560,43.375257291000011,0,83459,125,16498000,431943
1,2561,43.376642125000004,3888625,17050292,125,18548917,148913
1,2562,43.392994791000007,0,52708,42,16442542,418233
1,2563,43.409762375,0,75333,42,16781041,445905
1,2564,43.426509291,0,73208,42,16705292,473229
1,2565,43.443260875000007,0,78583,0,16802083,445705
1,2566,43.459789750000013,0,69459,83,16468875,445705
1,2567,43.476721916,0,69458,167,16918209,460821
1,2568,43.493309750000009,0,82208,167,16491584,473229
1,2569,43.510130458000006,0,79959,291,16884625,445905
1,2570,43.526539416000006,0,72083,42,16482250,431943
1,2571,43.543078458000011,0,71583,167,16501291,431943
1,2572,43.560179833000007,0,75875,42,16987167,459467
1,2573,43.576739375,0,73000,42,16504375,418181
1,2574,43.593331583000008,0,82250,42,16700167,431995
1,2575,43.627735041000008,0,76834,42,16483750,432143
1,2576,43.629564083000005,4056584,17766750,166,19225292,148913
1,2577,43.646144041,0,52541,83,17074417,433297
1,2578,43.66278379100001,0,75541,0,16457459,459467
1,2579,43.678952208000013,0,72333,42,16327791,431943
1,2580,43.696054875,0,78791,42,17067625,445705
1,2581,43.712664625,0,74542,83,16594916,432143
1,2582,43.729534041000008,0,71250,42,16876291,459467
1,2583,43.745654208000005,0,72792,41,16244792,431943
1,2584,43.762729791000012,0,75667,83,16848792,459467
1,2585,43.779839500000008,0,76500,41,16660584,431943
1,2586,43.7961595,0,73625,41,16570584,447111
1,2587,43.81259441600001,0,78708,208,16775500,432143
1,2588,43.829388791,0,77583,84,16773334,500753
1,2589,43.846069458,0,73125,41,16681291,445705
1,2590,43.880505333,0,71458,42,16711541,445705
1,2591,43.881856333,4109291,17582375,42,18987375,148913
1,2592,43.898247458,0,52583,0,16422458,418181
1,2593,43.914652625,0,77666,83,16500500,445905
1,2594,43.931266875000006,0,69791,42,16593500,433297
1,2595,43.947913708,0,74000,83,16696542,459467
1,2596,43.964546791000004,0,68750,0,16586750,473229
1,2597,43.981210375,0,71625,42,16685958,445705
1,2598,43.997918250000012,0,69583,41,16614000,473281
1,2599,44.014878500000009,0,73959,42,16988583,473429
1,2600,44.031197166000013,0,72625,83,16382166,445705
1,2601,44.048018708,0,67667,42,16799958,459467
1,2602,44.064828958000007,0,68541,125,16802541,459467
1,2603,44.081115958000012,0,70542,42,16290667,447059
1,2604,44.09799325,0,67417,83,16798416,445705
1,2605,44.132391750000011,0,73084,41,16799459,445905
1,2606,44.133933625000012,3867375,17378875,42,18939875,148913
1,2607,44.150455750000006,0,62292,84,16650083,431943
1,2608,44.167110625000007,0,81375,83,16764708,445705
1,2609,44.183538208,0,72833,41,16414167,445705
1,2610,44.200326333000007,0,74583,84,16694084,459519
1,2611,44.21695208300001,0,74500,41,16684500,445905
1,2612,44.233688125,0,74209,41,16704500,433297
1,2613,44.250458125000009,0,68958,41,16798375,459467
1,2614,44.266881916,0,76417,84,16377041,445705
1,2615,44.283428,0,72958,42,16608708,459467
1,2616,44.300687750000009,0,72375,42,16992208,459467
1,2617,44.316885750000012,0,69667,41,16395875,459667
1,2618,44.333495291000006,0,73083,42,16678041,473229
1,2619,44.367603875,0,70542,42,16806292,459467
1,2620,44.36878920800001,3861334,17105083,125,18466958,148953
1,2621,44.385648791000008,0,42750,84,16821708,488345
1,2622,44.401976333000007,0,66583,41,16374291,514767
1,2623,44.418782375000006,0,72292,84,16840917,555801
1,2624,44.435505208000009,0,67541,41,16670875,473229
1,2625,44.452007125000009,0,67541,42,16472667,466908
1,2626,44.468961541000013,0,66833,42,16915209,459467
1,2627,44.48524075,0,70458,42,16303833,445705
1,2628,44.50200275,0,67750,42,16685583,473229
1,2629,44.518859958000007,0,73791,125,16891791,473429
1,2630,44.535419208000008,0,74084,0,16496666,460821
1,2631,44.551953291000004,0,71333,0,16593833,459467
1,2632,44.568940583,0,75792,83,16988916,459467
1,2633,44.585571875,0,77625,42,16599833,445705
1,2634,44.619812500000009,0,72542,42,16787333,445957
1,2635,44.621154375,3871208,17291167,83,18704417,148913
1,2636,44.637624833000004,0,51125,83,16291292,445705
1,2637,44.654586750000007,0,73667,42,17185375,459467
1,2638,44.670978125000005,0,72167,41,16340208,445705
1,2639,44.687686416000005,0,74917,0,16454625,433297
1,2640,44.704545791,0,72708,42,17134125,473429
1,2641,44.720647041000007,0,71166,41,16151791,431943
1,2642,44.737847833,0,69792,41,16841166,445705
1,2643,44.754386666,0,73708,41,16868208,473229
1,2644,44.770850291,0,67292,42,16486625,445705
1,2645,44.787627083000004,0,68167,42,16715000,473281
1,2646,44.804414375000007,0,66167,84,16558667,459667
1,2647,44.821174916000004,0,71792,42,16948500,459467
1,2648,44.837995750000005,0,70958,42,16385958,433297
1,2649,44.87081175,0,98750,83,16528875,431943
1,2650,44.872065041000013,3611959,16534333,42,17994500,148913
1,2651,44.888702083000013,0,50500,84,16612583,459467
1,2652,44.905722041000004,0,72833,41,16997000,459667
1,2653,44.922466,0,115750,42,16793584,445705
1,2654,44.938608333000005,0,70167,41,16193167,431943
1,2655,44.955310208,0,69083,42,16681458,445705
1,2656,44.97259879100001,0,70250,42,17208042,459467
1,2657,44.988894,0,72583,84,16277375,447111
1,2658,45.005647166,0,71834,208,16806542,445905
1,2659,45.022435666000007,0,73958,83,16794291,445705
1,2660,45.038872291000004,0,71541,42,16392583,445705
1,2661,45.055683708000004,0,70292,41,16791583,459467
1,2662,45.072402166,0,71500,83,16688375,445705
1,2663,45.088804791,0,80750,0,16304500,431943
1,2664,45.123549708000013,0,103250,250,16877708,473429
1,2665,45.124961125000013,4030292,17712500,42,19255875,148913
1,2666,45.141559833,0,51542,42,16726459,433297
1,2667,45.158429916,0,72125,83,16818292,459467
1,2668,45.175005916,0,76416,167,16588583,445705
1,2669,45.1916245,0,86542,0,16592750,445757
1,2670,45.208170458000012,0,75125,42,16580583,459667
1,2671,45.224961750000006,0,70584,42,16809500,473229
1,2672,45.241249750000009,0,79167,83,16285917,445705
1,2673,45.258466791000004,0,69834,42,17102334,459843
1,2674,45.274643083,0,80500,42,16291083,473229
1,2675,45.291389375000008,0,66833,167,16689709,460821
1,2676,45.308005166,0,70375,41,16593041,432143
1,2677,45.32483387500001,0,84583,42,16700625,459467
1,2678,45.341509833,0,126333,84,16777834,431943
1,2679,45.376361666000008,0,72791,83,16706541,445705
1,2680,45.377806333000009,3882667,17989708,41,19490000,148913
1,2681,45.394543750000011,0,58750,42,16795125,418233
1,2682,45.410995500000013,0,73125,42,16501083,445905
1,2683,45.427580291000012,0,74250,83,16595292,431943
1,2684,45.444082916000013,0,85584,41,16488750,447059
1,2685,45.460973791,0,78959,84,16782500,445705
1,2686,45.47754616600001,0,74833,0,16608417,431943
1,2687,45.494406250000011,0,74416,42,16889833,445705
1,2688,45.51086766600001,0,77792,42,16492292,432143
1,2689,45.527491791,0,74167,42,16601917,445705
1,2690,45.54422825,0,68458,84,16787542,459467
1,2691,45.560848500000006,0,67834,42,16579458,445705
1,2692,45.577891291,0,71875,41,17010875,500753
1,2693,45.594192166000013,0,72750,83,16298708,433349
1,2694,45.628559166,0,67916,42,16893791,445905
1,2695,45.629817416000009,3834750,17362792,41,18720792,149463
1,2696,45.646401666,0,53709,41,16548083,446151
1,2697,45.662973791000013,0,73458,0,16610917,459913
1,2698,45.679758125000006,0,82084,41,16688125,487437
1,2699,45.696221541,0,75208,83,16482542,473675
1,2700,45.713352750000013,0,75000,83,17109833,487637
1,2701,45.729989541000009,0,78125,167,16600000,459913
1,2702,45.746198250000006,0,80333,42,16153791,406219
1,2703,45.763200083,0,90792,42,17109958,459913
1,2704,45.779911041000005,0,134792,0,16707666,446151
1,2705,45.796440083000007,0,78542,83,16504041,459965
1,2706,45.812934041000005,0,76125,84,16485792,460113
1,2707,45.829831708,0,102917,84,16901250,473675
1,2708,45.846436666,0,87625,42,16577125,459913
1,2709,45.880226250000007,0,131083,0,16796084,459913
1,2710,45.882141625,3690958,16971959,42,18317417,148913
1,2711,45.897973416000013,0,55250,42,16490917,447059
1,2712,45.914683625000009,0,67000,125,16676542,473429
1,2713,45.93143975000001,0,83958,42,16804375,445705
1,2714,45.948234083,0,69667,458,16708791,445705
1,2715,45.964852291,0,74084,0,16677334,431943
1,2716,45.981270541,0,69708,333,16399000,431943
1,2717,45.998331541000013,0,77625,0,16995833,445757
1,2718,46.015019083000013,0,75333,41,16696541,432143
1,2719,46.031447666000005,0,76500,42,16470042,459467
1,2720,46.047971833000005,0,71416,42,16509292,447059
1,2721,46.064552000000006,0,73958,84,16587708,445705
1,2722,46.081510125000008,0,68833,42,17009667,459467
1,2723,46.09817000000001,0,67208,41,16495708,459467
1,2724,46.131773875000007,0,71542,42,16385000,432143
1,2725,46.13320075,3883083,17129375,0,18575541,148913
1,2726,46.15006587500001,0,55292,0,17004667,431943
1,2727,46.166845875000007,0,73750,83,16703833,459467
1,2728,46.184191708,0,75458,42,17082750,412505
1,2729,46.200036208,0,79375,42,16102584,411501
1,2730,46.216692083000012,0,78625,42,16705000,459667
1,2731,46.233428875,0,73000,42,16773458,473229
1,2732,46.250101458,0,75541,42,16600500,445705
1,2733,46.266740000000013,0,79500,42,16505708,431943
1,2734,46.283389708,0,100667,0,16787333,445705
1,2735,46.300017750000009,0,72792,84,16601292,445705
1,2736,46.316662375000007,0,75792,84,16689459,459667
1,2737,46.334263916000012,0,69542,42,17295000,453791
1,2738,46.366563791000004,0,81917,83,16172500,480259
1,2739,46.36756475,3582000,16400500,42,17555666,148913
1,2740,46.383945666,0,44541,41,16338500,528277
1,2741,46.400867458000008,0,64208,0,16817125,500805
1,2742,46.417749583,0,69208,83,16804875,266999
1,2743,46.43502241600001,0,73500,0,17068625,142941
1,2744,46.462420500000007,0,74750,42,27322208,115417
1,2745,46.46757804100001,0,77250,166,5462084,115417
1,2746,46.484655666000009,0,78291,84,16615042,426267
1,2747,46.501027666000013,0,81459,83,16795458,446051
1,2748,46.517757208000006,0,75208,83,16787792,459667
1,2749,46.533964000000012,0,78959,42,16194583,445705
1,2750,46.55062375,0,70375,42,16695625,473229
1,2751,46.56771091600001,0,70125,42,16987125,459467
1,2752,46.583977708000006,0,75583,41,16295959,418181
1,2753,46.618181916000012,0,78750,83,16991667,459519
1,2754,46.619507125000013,3781875,16995250,42,18478959,149113
1,2755,46.635979541000012,0,50292,41,16516416,433297
1,2756,46.652880083000014,0,77208,125,16885333,473229
1,2757,46.669211125000004,0,73125,42,16307000,445705
1,2758,46.685863916,0,82000,41,16674541,486991
1,2759,46.702461250000013,0,76125,41,16697709,542239
1,2760,46.719264541,0,66291,42,16786583,555801
1,2761,46.736221041000007,0,68167,84,16918875,514515
1,2762,46.752536166000013,0,71625,42,16294459,486991
1,2763,46.769125041000009,0,76500,41,16589041,445705
1,2764,46.785788541,0,71167,41,16593000,447059
1,2765,46.802712583,0,70500,42,17000125,459719
1,2766,46.819591416000009,0,74084,250,16782833,459467
1,2767,46.835955125000012,0,80000,42,16397875,445705
1,2768,46.869897666,0,72333,83,16697000,459467
1,2769,46.871224166000005,3814875,17020125,42,18493375,148913
1,2770,46.887783500000012,0,46125,42,16539125,459467
1,2771,46.904297291000006,0,66125,42,16522708,445905
1,2772,46.921412958000005,0,76542,125,17110750,473229
1,2773,46.937782083,0,78000,83,16352750,447059
1,2774,46.954535875000005,0,75833,41,16785208,459467
1,2775,46.971102916000007,0,71875,83,16556334,445705
1,2776,46.988075375000008,0,73084,41,16879958,459467
1,2777,47.00454950000001,0,129500,0,16590042,445957
1,2778,47.02127491600001,0,72125,41,16659791,445705
1,2779,47.03813825,0,74041,208,16834916,445705
1,2780,47.054278708000012,0,75959,0,16175333,431943
1,2781,47.071066958,0,70167,42,16788708,445705
1,2782,47.087778666000006,0,69167,42,16721000,447059
1,2783,47.121910583,0,72375,42,16900750,473429
1,2784,47.123180083000008,3677584,17149417,42,18480292,148913
1,2785,47.139733250000006,0,50209,84,16614458,459467
1,2786,47.15639575,0,67334,83,16687625,473229
1,2787,47.173141125,0,67458,208,16704834,473229
1,2788,47.189698625000005,0,71458,41,16489750,445705
1,2789,47.206114750000012,0,67917,41,16500417,459719
1,2790,47.222927500000011,0,68333,125,16798417,459467
1,2791,47.239454666,0,72834,42,16488167,447059
1,2792,47.256556083000007,0,73583,42,17093583,473229
1,2793,47.272998125,0,71083,42,16472500,459467
1,2794,47.289586,0,68333,84,16510416,459467
1,2795,47.30625666600001,0,69625,41,16584833,432143
1,2796,47.323053708,0,79292,167,16919042,459467
1,2797,47.339734375000006,0,70208,41,16678375,445705
1,2798,47.373916916000013,0,70750,125,16604041,445705
1,2799,47.37523575,4008792,17398834,42,18788375,148953
1,2800,47.392111750000012,0,53042,0,16902958,447111
1,2801,47.408225041000009,0,76833,83,16193542,418381
1,2802,47.425181166,0,74542,42,16887458,473229
1,2803,47.441679875000005,0,79250,41,16483875,459467
1,2804,47.458446333000012,0,77542,83,16687958,459467
1,2805,47.47504741600001,0,75500,41,16713416,445705
1,2806,47.491728375000008,0,73583,42,16597167,459467
1,2807,47.508405208000013,0,71000,42,16694625,473429
1,2808,47.525355458000007,0,70917,41,16893209,473229
1,2809,47.541878750000009,0,80833,42,16572625,460821
1,2810,47.558703291,0,79083,42,16810792,459467
1,2811,47.574935000000011,0,73250,41,16291042,445705
1,2812,47.591735625000013,0,76792,42,16780125,459519
1,2813,47.625373916,0,71208,42,16920417,487191
1,2814,47.626653333000007,3706583,16595792,84,17952875,148913
1,2815,47.643157708000004,0,48125,42,16522875,459467
1,2816,47.659629958000011,0,79500,83,16501625,486991
1,2817,47.676599625000009,0,74667,42,16882000,486991
1,2818,47.693063000000009,0,78083,41,16408042,433297
1,2819,47.709894625000004,0,74583,42,16779625,432143
1,2820,47.726444583,0,81416,0,16695333,445705
1,2821,47.743299375000007,0,74666,0,16806083,445705
1,2822,47.759975166000004,0,73708,42,16675959,431943
1,2823,47.776428083000013,0,81542,0,16406167,431943
1,2824,47.793122708000013,0,83167,84,16693584,431995
1,2825,47.809891291,0,76875,41,16700541,432143
1,2826,47.826603750000004,0,77709,83,16786083,418181
1,2827,47.843343333000007,0,77416,83,16688667,433297
1,2828,47.87757533300001,0,77166,83,16315958,431943
1,2829,47.879076000000012,4008292,17697459,0,19290666,148913
1,2830,47.896173708000006,0,53750,42,17170666,418181
1,2831,47.912266916000007,0,75583,0,16196292,418381
1,2832,47.929441791,0,74083,42,17038125,445705
1,2833,47.945574416000014,0,77583,167,16257625,418181
1,2834,47.962581958,0,77875,0,16788250,445705
1,2835,47.978999791000007,0,75541,42,16597500,431943
1,2836,47.995859875000008,0,72792,42,16693292,419587
1,2837,48.01264641600001,0,74084,42,16943000,445905
1,2838,48.02927612500001,0,71042,42,16596125,431943
1,2839,48.045517041000011,0,78917,0,16345833,431943
1,2840,48.062522,0,69291,42,16924875,445705
1,2841,48.079313916000004,0,74667,42,16636000,445705
1,2842,48.095962125,0,76375,0,16514458,431943
1,2843,48.129975375,0,75292,0,16503625,432143
1,2844,48.131442000000007,4065250,17565458,209,19100541,148913
1,2845,48.148220250000008,0,56042,42,16979792,419535
1,2846,48.164724125000006,0,68500,0,16406083,431943
1,2847,48.181394083,0,80250,83,16685125,431943
1,2848,48.198385291000008,0,77041,0,16886750,445757
1,2849,48.215114375000013,0,72916,83,16784041,432143
1,2850,48.231699958000007,0,84084,41,16612375,431943
1,2851,48.247955583000007,0,78333,0,16295708,418181
1,2852,48.26508325,0,72083,0,17082917,445705
1,2853,48.281472125000008,0,74542,83,16406958,431943
1,2854,48.298051916000006,0,75083,42,16591000,447059
1,2855,48.314860958000011,0,69125,41,16699584,445905
1,2856,48.331492166000004,0,82708,41,16686667,445705
1,2857,48.348370375,0,69958,83,16902667,445705
1,2858,48.383174083,0,75833,41,16693167,431943
1,2859,48.384575333,4140459,17921167,0,19378916,148913
1,2860,48.400864083,0,50542,84,16409916,418233
1,2861,48.417750041000005,0,73291,42,16885041,445905
1,2862,48.434233333000009,0,75667,42,16489583,431943
1,2863,48.450926791,0,71917,42,16607291,433297
1,2864,48.467552416000004,0,73625,83,16582125,431943
1,2865,48.484614375000007,0,81791,42,16724292,431943
1,2866,48.500821708000004,0,92459,41,16456625,404419
1,2867,48.517389458000011,0,93458,42,16695542,418381
1,2868,48.534114,0,80083,41,16697334,431943
1,2869,48.550961708,0,75583,83,16699125,418181
1,2870,48.56767020800001,0,85292,0,16891375,431943
1,2871,48.584214541000009,0,74750,0,16388584,418181
1,2872,48.619245416000012,0,87209,41,16903750,433349
1,2873,48.620631583000005,4041250,17892000,41,19540875,149113
1,2874,48.636926041000009,0,56458,84,16438875,418181
1,2875,48.654209333000011,0,73041,125,17000750,459467
1,2876,48.67041591600001,0,70417,42,16496041,445705
1,2877,48.686997500000004,0,71958,42,16499250,445705
1,2878,48.704225541000014,0,71250,167,16988250,445905
1,2879,48.720280791000008,0,72000,42,16307000,418181
1,2880,48.737775750000011,0,72792,42,16873667,445705
1,2881,48.753691,0,74583,42,16501250,419535
1,2882,48.770559333000008,0,75417,42,16900750,459467
1,2883,48.78699983300001,0,72541,42,16379417,445705
1,2884,48.803855916,0,73500,42,16910625,445957
1,2885,48.821010166000008,0,70334,41,16784416,473229
1,2886,48.836987250000007,0,77500,42,16276792,431943
1,2887,48.870313416,0,77875,42,16699458,431943
1,2888,48.8716785,3692083,16478167,0,17946666,148913
1,2889,48.888800583000005,0,52583,83,16718083,426267
1,2890,48.904955833,0,72750,42,16609250,446251
1,2891,48.921738375000004,0,76625,0,16792167,459467
1,2892,48.938351083,0,71792,84,16587833,459467
1,2893,48.95503175,0,73083,0,16589209,459467
1,2894,48.971800625,0,96583,42,16815583,459467
1,2895,48.988353208000007,0,75209,83,16494791,431943
1,2896,49.0050705,0,75709,42,16801166,501005
1,2897,49.021826041000011,0,69167,41,16785542,473229
1,2898,49.038925000000006,0,72875,83,16778375,467553
1,2899,49.054996458000005,0,76541,41,16287875,452735
1,2900,49.071838791000005,0,76042,42,16913750,445705
1,2901,49.088372750000005,0,74750,42,16406500,445705
1,2902,49.122263375,0,76042,42,16571417,459667
1,2903,49.123606875000007,3869666,17176000,42,18668500,148913
1,2904,49.140178208000009,0,52459,41,16624875,418181
1,2905,49.157250375000004,0,72875,42,17095666,459467
1,2906,49.17376237500001,0,74250,83,16480791,445705
1,2907,49.190390625000006,0,71000,125,16592250,447059
1,2908,49.20703983300001,0,71208,166,16709792,432195
1,2909,49.223622833000007,0,73209,125,16594875,445705
1,2910,49.240535333000011,0,71542,0,16882000,473229
1,2911,49.256864375000006,0,72791,84,16309000,445705
1,2912,49.273817041,0,70041,42,16991875,473229
1,2913,49.290363416000005,0,66208,42,16491584,445705
1,2914,49.307007833,0,65291,42,16683750,459667
1,2915,49.323874333000006,0,67417,83,16809625,459467
1,2916,49.340244625000011,0,72667,42,16379166,447059
1,2917,49.373720250000005,0,68958,42,16708333,473229
1,2918,49.374991291,3729291,16642500,83,17990334,148913
1,2919,49.391785750000011,0,49750,83,16697750,459467
1,2920,49.408554916,0,96542,42,16894417,459719
1,2921,49.424947375,0,69542,42,16379041,445705
1,2922,49.441814333000011,0,85000,41,16809958,445705
1,2923,49.45834825,0,102334,41,16594500,486059
1,2924,49.475214250000008,0,69500,41,16894083,473229
1,2925,49.491940208,0,68625,0,16586791,447059
1,2926,49.508391833000005,0,78208,42,16500000,432143
1,2927,49.525175916000009,0,73625,42,16804417,445705
1,2928,49.541886083000009,0,70417,41,16684250,431943
1,2929,49.558627625,0,71958,42,16700417,431943
1,2930,49.575158958,0,76625,83,16470750,431943
1,2931,49.591968000000008,0,77000,0,16794959,445705
1,2932,49.626323250000013,0,77292,42,16591417,432195
1,2933,49.627820500000013,4070375,17586375,84,19173084,148913
1,2934,49.644089208000011,0,60042,42,16441959,392011
1,2935,49.660980416,0,69708,41,16884250,445705
1,2936,49.677436250000014,0,74125,42,16475792,459467
1,2937,49.694182958000013,0,75084,42,16711250,459467
1,2938,49.711020500000004,0,68542,0,16889000,459667
1,2939,49.727576541000005,0,69542,84,16496583,445705
1,2940,49.744419250000007,0,73000,84,16908250,473229
1,2941,49.761142125000006,0,67167,84,16684666,459467
1,2942,49.777621083000014,0,75834,42,16494500,445705
1,2943,49.794261208000009,0,67834,125,16507042,433349
1,2944,49.810750583,0,74208,167,16583417,459667
1,2945,49.827554291000013,0,71833,83,16777625,473229
1,2946,49.84404987500001,0,74625,41,16511375,459467
1,2947,49.877721500000007,0,72000,84,16691834,486991
1,2948,49.87904875000001,3621041,16770667,0,18212458,148913
1,2949,49.896218958000006,0,51416,125,17120000,459467
1,2950,49.912743875000004,0,72167,41,16602042,445905
1,2951,49.929397625000007,0,71333,83,16602750,459467
1,2952,49.945754208000011,0,73959,42,16338041,460821
1,2953,49.962687375,0,72458,41,16763916,459467
1,2954,49.979221208000013,0,71500,0,16767709,445705
1,2955,49.995622541,0,71500,41,16348708,459519
1,2956,50.012748625,0,74000,84,17123541,473429
1,2957,50.029237666,0,70417,0,16570000,445705
1,2958,50.046155041000006,0,69750,125,16838666,459467
1,2959,50.062828458000013,0,71791,0,16627000,445705
1,2960,50.079348583000012,0,75958,0,16603500,445705
1,2961,50.09591,0,70625,83,16537375,433297
1,2962,50.130505083,0,70542,42,16731208,445905
1,2963,50.131896458,3864250,17577917,0,19146333,148913
1,2964,50.148457125000007,0,54000,83,16651416,418181
1,2965,50.164771416000008,0,74542,83,16311833,431943
1,2966,50.181823458000011,0,71333,41,17078625,445705
1,2967,50.198320708000011,0,77000,42,16402917,445757
1,2968,50.215038041000014,0,72750,41,16789792,445905
1,2969,50.231917541,0,72791,83,16803958,459467
1,2970,50.248082166,0,80542,83,16189958,433297
1,2971,50.264808583000004,0,74958,42,16696583,459467
1,2972,50.28149387500001,0,77792,0,16700875,431943
1,2973,50.298112416000009,0,74375,0,16588083,445705
1,2974,50.315165416000013,0,79250,83,17087792,445905
1,2975,50.331599125000011,0,72583,84,16398083,431943
1,2976,50.348130166000004,0,75250,42,16604916,431943
1,2977,50.383402916000009,0,69250,42,16993291,445745
1,2978,50.384880166,4164166,18008792,83,19529584,148913
1,2979,50.40104537500001,0,56042,83,16242416,392063
1,2980,50.418196750000007,0,79708,42,17090292,459667
1,2981,50.434627708000008,0,94209,83,16508292,431943
1,2982,50.451187708000006,0,87167,41,16580542,431943
1,2983,50.468049916000012,0,75792,42,16897542,445705
1,2984,50.484613375000009,0,74958,0,16486709,459467
1,2985,50.501067541000012,0,71583,41,16396833,431943
1,2986,50.518017041000007,0,77916,42,16706584,432143
1,2987,50.534637833000005,0,122625,41,16886500,431943
1,2988,50.551325875,0,83708,42,16678333,419535
1,2989,50.567778333000007,0,78333,42,16492375,431943
1,2990,50.584561791000013,0,75125,42,16808791,431943
1,2991,50.61951641600001,0,82000,41,16606708,431995
1,2992,50.62110375,4134833,17997750,42,19633042,149663
1,2993,50.637902041000004,0,69166,84,16633917,418627
1,2994,50.654188375000004,0,73334,41,16791458,432389
1,2995,50.670569083000004,0,75834,42,16314875,446151
1,2996,50.687501250000011,0,76000,84,16841000,446151
1,2997,50.704216625,0,73208,42,16793041,433943
1,2998,50.721154250000012,0,78708,42,16835666,446151
1,2999,50.737574500000008,0,77166,41,16353958,432389
1,3000,50.754123375000006,0,77208,41,16535584,432389
1,3001,50.770966958,0,74583,84,16933459,446151
1,3002,50.787869416000007,0,73708,0,16800375,446151
1,3003,50.804344791000005,0,83375,41,16377292,432641
1,3004,50.821242291000004,0,79958,41,16671708,446151
1,3005,50.837547,0,86000,83,16778792,432389
2,3007,50.880932041000008,0,0,0,0,0
2,3008,50.882309958000008,59166,2172625,167,11061084,734548
2,3009,50.904135625000009,0,54167,0,21861292,569881
2,3010,50.920912750000014,0,77625,42,16830167,446223
2,3011,50.937242791,0,78500,41,16332750,432261
2,3012,50.954301541000007,0,78500,0,16993458,446023
2,3013,50.970755041000004,0,81166,83,16546667,446023
2,3014,50.987602375000009,0,72542,0,16461792,459785
2,3015,51.004502875,0,77417,42,17115417,447629
2,3016,51.020930750000005,0,75667,42,16514833,459785
2,3017,51.03762337500001,0,76292,42,16499875,459785
2,3018,51.054252583000007,0,75375,41,16731541,459785
2,3019,51.071239333000008,0,79167,41,16964625,446023
2,3020,51.087623791000013,0,89667,42,16135666,418499
2,3021,51.104397625000004,0,78000,0,16969458,446223
2,3022,51.120993916,0,80042,41,16659875,446023
2,3023,51.14080258300001,0,92500,41,16363083,432261
2,3024,51.154398291000007,59000,2021458,42,16997583,467377
2,3025,51.171185250000008,0,79000,41,16816125,459913
2,3026,51.187588708000007,0,79250,0,16382000,459913
2,3027,51.20428770800001,0,75541,42,16775417,487689
2,3028,51.220985916000004,0,71417,41,16695458,459913
2,3029,51.237502375000005,0,72500,42,16435959,459913
2,3030,51.254218625000007,0,76791,42,16544209,459913
2,3031,51.271103666,0,71750,42,17012750,446151
2,3032,51.287750291000009,0,81167,167,16687666,446151
2,3033,51.304625125,0,77500,42,16888917,433943
2,3034,51.320903458000004,0,80625,42,16318709,446151
2,3035,51.337650583000013,0,76500,42,16358375,432389
2,3036,51.354687333,0,99083,41,17462125,446151
2,3037,51.370577791,0,72041,42,15826917,446151
2,3038,51.389679791000006,0,79000,0,16937250,459913
2,3039,51.404551541000004,52958,2051209,0,17005875,397443
2,3040,51.420901833,0,77083,42,16355917,446023
2,3041,51.437744875000007,0,73750,42,16521417,432261
2,3042,51.454525625,0,78000,42,17042750,461139
2,3043,51.471003291,0,76667,41,16284125,459785
2,3044,51.487675958000011,0,74834,42,16766500,446023
2,3045,51.504412291000008,0,77042,42,16804417,459985
2,3046,51.521239916000013,0,78000,0,16775459,473547
2,3047,51.537374125000014,0,82291,41,16148875,432261
2,3048,51.554398416000012,0,79000,84,17101875,473547
2,3049,51.57112620800001,0,75750,42,16700750,446023
2,3050,51.587708250000006,0,78667,42,16314708,432261
2,3051,51.604113166000005,0,77708,42,16536875,433867
2,3052,51.621134333,0,73584,0,17139833,459785
2,3053,51.639994291000008,0,76958,0,16523750,432261
2,3054,51.65436425,64625,2260167,42,16662000,384093
2,3055,51.670931583000012,0,82625,84,16591583,459913
2,3056,51.68765175,0,71500,42,16354250,432389
2,3057,51.704317833000005,0,78542,41,16983917,432589
2,3058,51.720822458,0,76250,0,16540958,446151
2,3059,51.737581125000005,0,73875,42,16733708,446151
2,3060,51.7542655,0,74750,42,16427584,433743
2,3061,51.771163208000004,0,84209,42,17141209,446151
2,3062,51.787620666000009,0,75625,0,16411000,446151
2,3063,51.804333458,0,73500,83,16756916,446403
2,3064,51.82096283300001,0,74291,0,16448458,446151
2,3065,51.837559458,0,75541,0,16759333,459913
2,3066,51.854373166,0,74167,41,16800750,459913
2,3067,51.871044375000011,0,76875,167,16424250,446151
2,3068,51.889886583000006,0,83542,83,16829250,459913
2,3069,51.904149833000005,56000,2187541,42,16520791,386737
2,3070,51.920929,0,80083,41,16623416,459785
2,3071,51.937802291000011,0,73584,84,17051542,487309
2,3072,51.954455500000009,0,77584,209,16619666,473547
2,3073,51.971014333000014,0,81292,84,16314333,446023
2,3074,51.987680583000014,0,79916,83,16834041,446023
2,3075,52.004179750000006,0,81166,167,16373583,446275
2,3076,52.021019750000008,0,80791,41,16978458,239593
2,3077,52.037761958000004,0,87292,209,16681667,143259
2,3078,52.066177041,0,104084,167,28198333,130851
2,3079,52.071090125000012,0,86125,0,4926041,101973
2,3080,52.087757708000012,0,80667,125,16751208,418499
2,3081,52.104177791000012,0,88750,42,16433209,432461
2,3082,52.120908250000014,0,78208,0,16894291,459785
2,3083,52.139667916000008,0,75083,84,16586458,446023
2,3084,52.154188833000006,55334,2155667,41,16737042,412315
2,3085,52.170596083000007,0,74375,83,16353667,446151
2,3086,52.187705958000009,0,77667,42,17020042,446151
2,3087,52.204191791000014,0,73667,84,16455458,447757
2,3088,52.221103125000013,0,75583,42,17008792,473675
2,3089,52.23765970800001,0,76834,0,16529417,473675
2,3090,52.254455916000012,0,78667,42,16799583,473675
2,3091,52.270852125000005,0,74875,42,16391834,459913
2,3092,52.287651750000009,0,76125,208,16744125,473675
2,3093,52.304436375000009,0,75791,83,16842417,460113
2,3094,52.320866875000007,0,76875,42,16431042,473675
2,3095,52.337570333,0,73875,41,16660208,473675
2,3096,52.354322083000014,0,72708,42,16761208,475029
2,3097,52.371152375000008,0,78917,42,16849041,473675
2,3098,52.389858625,0,80500,42,16437791,473675
2,3099,52.40436037500001,53542,2185625,41,16739959,398871
2,3100,52.420999541,0,81208,0,16663500,473547
2,3101,52.437689625000004,0,74250,41,16609416,446023
2,3102,52.454286208000013,0,78667,41,16629792,459785
2,3103,52.471019708,0,79833,42,16751792,459785
2,3104,52.487735750000013,0,77083,41,16697417,446023
2,3105,52.50427508300001,0,81042,84,16562166,461339
2,3106,52.521047333000013,0,77292,41,16719375,459785
2,3107,52.537673083,0,78042,42,16605792,473547
2,3108,52.554291125000006,0,79208,125,16633500,446023
2,3109,52.571045083,0,79459,0,16657541,473547
2,3110,52.587655166000005,0,86375,83,16648291,446023
2,3111,52.60419395800001,0,78000,0,16393042,432513
2,3112,52.620939666000012,0,78792,42,16955792,459785
2,3113,52.640037416000013,0,74792,125,16796209,473547
2,3114,52.654252625000012,57875,2274958,41,16239792,387003
2,3115,52.670958833,0,77834,0,16952834,459913
2,3116,52.687754208,0,73875,83,16698167,459913
2,3117,52.70419037500001,0,81792,83,16332916,432589
2,3118,52.721105291,0,75042,83,17064750,446151
2,3119,52.737433500000009,0,80000,42,16229875,459913
2,3120,52.75422604100001,0,76750,42,16685625,473675
2,3121,52.770726833000012,0,73334,0,16598708,473675
2,3122,52.787712875000011,0,77250,0,16966958,459913
2,3123,52.804307250000008,0,83958,41,16773042,447757
2,3124,52.821137750000005,0,76875,42,16719291,459913
2,3125,52.837281625,0,80542,0,16130667,418627
2,3126,52.854500125,0,83708,42,17193917,446151
2,3127,52.871258208,0,87625,42,16756000,432389
2,3128,52.890432625,0,82791,42,16503542,432389
2,3129,52.904411166,53833,2448917,42,16683084,371801
2,3130,52.92084425,0,76500,166,16449208,432261
2,3131,52.937839750000009,0,81292,167,16932083,446023
2,3132,52.954159458000007,0,93625,42,16221916,447377
2,3133,52.970799500000012,0,80458,84,16817208,473547
2,3134,52.987894875000009,0,78583,83,16467875,432261
2,3135,53.004441083,0,98083,41,16797333,418751
2,3136,53.021182333000013,0,80000,41,17047667,432261
2,3137,53.037817458000006,0,81250,42,16611500,432261
2,3138,53.054353500000005,0,86916,42,16527041,432261
2,3139,53.071019125000007,0,76833,41,16709542,446023
2,3140,53.08794875000001,0,82417,0,16824583,446023
2,3141,53.104343791000005,0,77958,83,16435416,447577
2,3142,53.120898666,0,82417,83,16453375,446023
2,3143,53.140210583000012,0,71167,83,16534542,459785
2,3144,53.154293208000013,63000,2526417,125,16775125,401965
2,3145,53.171124416000012,0,76958,41,17048333,459913
2,3146,53.187826625000014,0,78375,42,16617750,459913
2,3147,53.204288625000004,0,80375,42,16335791,432641
2,3148,53.220943958000007,0,78875,83,16498458,446151
2,3149,53.237569041,0,75958,250,16933917,446151
2,3150,53.254424583,0,77375,42,16878625,433743
2,3151,53.271126666,0,79958,42,16607583,432389
2,3152,53.28747125000001,0,93708,125,16401500,432389
2,3153,53.304434666000006,0,73750,42,16982333,446351
2,3154,53.321245958000006,0,80750,42,16745750,459913
2,3155,53.33785837500001,0,82416,42,16666958,459913
2,3156,53.354325791000008,0,77958,42,16457250,459913
2,3157,53.37369720800001,0,76916,42,16843500,446191
2,3158,53.38779133300001,55583,2459375,42,16528000,386669
2,3159,53.404275375000012,0,75333,0,16376625,447629
2,3160,53.420952333,0,76958,0,16835208,487309
2,3161,53.437427875000012,0,76250,41,16355333,446023
2,3162,53.454358458,0,74500,41,16985833,473547
2,3163,53.471153083000004,0,80917,41,16785000,446023
2,3164,53.487731458000013,0,83500,83,16606875,432261
2,3165,53.50435529100001,0,81333,83,16591625,446223
2,3166,53.521307708000009,0,83667,0,16941291,446023
2,3167,53.537777583000008,0,95250,42,16457292,446023
2,3168,53.554361500000013,0,79167,83,16582875,419853
2,3169,53.571030666000013,0,82333,42,16646541,459785
2,3170,53.587671208,0,86500,42,16660791,459785
2,3171,53.604390375000008,0,75958,42,16738334,460037
2,3172,53.620862666000008,0,78958,41,16471875,459785
2,3173,53.640032250000004,0,76916,42,16809709,459785
2,3174,53.654255125000006,58042,2394833,42,16598416,387109
2,3175,53.670932250000007,0,80250,83,16623791,446151
2,3176,53.687732875000009,0,82916,42,16846833,446151
2,3177,53.704154208000006,0,77583,42,16184542,420181
2,3178,53.720968291000005,0,78000,42,17067000,459913
2,3179,53.737686291,0,81958,42,16624542,432389
2,3180,53.754147666000009,0,81583,42,16596375,459913
2,3181,53.770878875000008,0,74209,167,16607791,487437
2,3182,53.787630416000013,0,76959,42,16722916,473675
2,3183,53.804384500000012,0,75292,84,16783792,460165
2,3184,53.820896041000012,0,78666,42,16226708,432389
2,3185,53.837656916,0,77583,42,16800208,459913
2,3186,53.854264291000007,0,77083,42,16677250,419981
2,3187,53.871059,0,78625,42,16942792,459913
2,3188,53.890327833,0,74500,42,16705166,446151
2,3189,53.904471750000013,55625,2500167,42,16689917,387375
2,3190,53.921205708,0,77084,41,16737208,446023
2,3191,53.937413041000013,0,84458,125,16220709,446023
2,3192,53.954192208000009,0,82041,83,16663833,459785
2,3193,53.9707415,0,81833,0,16515542,446023
2,3194,53.987704666000013,0,74125,42,16982958,459785
2,3195,54.004210083000004,0,81084,84,16642292,447629
2,3196,54.020770708,0,74875,41,16501958,446023
2,3197,54.037695125000013,0,74917,83,16912791,459785
2,3198,54.05440762500001,0,81542,167,16406292,432261
2,3199,54.071158125000011,0,78750,125,17050291,459785
2,3200,54.087651083000011,0,80916,41,16421667,446023
2,3201,54.104290291000012,0,82375,41,16511458,432461
2,3202,54.121135666,0,77708,42,17036041,459785
2,3203,54.140248500000013,0,78166,84,16273625,459785
2,3204,54.154474250000007,63000,2632834,41,17036708,388969
2,3205,54.17100412500001,0,75417,83,16515792,432389
2,3206,54.187408875,0,74208,42,16327459,432389
2,3207,54.204317541000009,0,73833,84,16775958,460165
2,3208,54.220883583,0,77917,42,16770542,459913
2,3209,54.237530875000004,0,76792,42,16667875,473675
2,3210,54.254380000000012,0,75125,125,16769000,459913
2,3211,54.270974083000013,0,83250,42,16639000,459913
2,3212,54.287629125000009,0,74417,0,16568917,473675
2,3213,54.304261875000009,0,79417,42,16547125,447705
2,3214,54.320837791,0,76375,42,16519625,446151
2,3215,54.337539041000014,0,79541,334,16923917,459913
2,3216,54.354584625,0,72209,83,17032458,487437
2,3217,54.370793875000004,0,79875,84,16229084,446151
2,3218,54.390293833,0,73875,83,16937333,459913
2,3219,54.404110791000008,52500,2488959,41,16406833,374171
2,3220,54.420890958,0,74917,84,16564833,473547
2,3221,54.437744666,0,75875,42,16974875,459785
2,3222,54.454197291000014,0,79125,42,16505625,433615
2,3223,54.47104541600001,0,80292,41,16507167,459785
2,3224,54.487672708000005,0,80750,42,16837375,446023
2,3225,54.504232541000007,0,80042,42,16493750,432461
2,3226,54.520832958000014,0,84375,83,16738375,459785
2,3227,54.537751958,0,81375,84,16943166,459785
2,3228,54.55454575,0,84000,0,16584958,473547
2,3229,54.570703625000007,0,91208,0,16231584,432261
2,3230,54.587529375,0,80000,41,16825209,459785
2,3231,54.6042235,0,76959,0,16801250,461391
2,3232,54.621124041,0,77292,41,16873541,473547
2,3233,54.640149500000007,0,74750,83,16522042,446023
2,3234,54.654060208000004,58000,2498875,83,16449833,416253
2,3235,54.670811708,0,74250,42,16491375,459913
2,3236,54.687777708000013,0,74541,250,17125709,459913
2,3237,54.704147041000013,0,75791,125,16421792,446351
2,3238,54.720902750000008,0,71375,42,16759458,459913
2,3239,54.737677291000011,0,71291,167,16752084,446151
2,3240,54.754476791,0,72833,41,16791708,461267
2,3241,54.770922708,0,75375,42,16383666,459913
2,3242,54.787713166,0,77208,125,16769875,459913
2,3243,54.804384250000012,0,78333,84,16684375,473927
2,3244,54.821188666000012,0,77625,84,16826250,487437
2,3245,54.837617416,0,79625,42,16435833,459913
2,3246,54.85419395800001,0,74875,42,16430666,446151
2,3247,54.87093516600001,0,73417,41,16854375,459913
2,3248,54.890226916,0,73125,125,16598666,459913
2,3249,54.904259166,55917,2620958,41,16727584,389741
2,3250,54.9208215,0,81000,83,16593375,459785
2,3251,54.937404666000006,0,73708,42,16457208,459785
2,3252,54.954261333000005,0,78709,84,16753583,487309
2,3253,54.971015375000007,0,75292,0,16924833,473547
2,3254,54.987672458000006,0,79875,125,16621542,446023
2,3255,55.004264875000004,0,79375,83,16435084,446275
2,3256,55.020948916000009,0,77916,0,16869458,459785
2,3257,55.037686083000011,0,80042,83,16705000,473547
2,3258,55.054437125000007,0,76500,41,16740625,447377
2,3259,55.071177458000008,0,76500,0,16657958,446023
2,3260,55.087449875000004,0,83125,167,16376334,459785
2,3261,55.104895375000012,0,79666,0,17471166,281079
2,3262,55.124626625000005,0,82542,84,16990583,198307
2,3263,55.138636958000006,60083,2468292,84,16570333,154753
2,3264,55.154189958,0,79959,42,15815875,212197
2,3265,55.171008583,0,71917,0,16735667,514961
2,3266,55.187386708000005,0,81333,42,16246000,487437
2,3267,55.204089500000009,0,76583,84,16817833,461519
2,3268,55.220756000000009,0,74667,0,16461041,459913
2,3269,55.237512125000009,0,77875,42,16806750,473675
2,3270,55.254388708000008,0,76375,0,16647459,446151
2,3271,55.27096575,0,91959,42,16861500,446151
2,3272,55.287648875,0,89209,41,16649791,473675
2,3273,55.304117000000005,0,76167,41,16547334,446351
2,3274,55.320984666,0,82584,83,16781459,459913
2,3275,55.337475541,0,85958,83,16532709,459913
2,3276,55.354673291000012,0,80833,208,17133583,433743
2,3277,55.370852208,0,77792,42,16100000,446151
2,3278,55.39006679100001,0,81792,42,16841459,487437
2,3279,55.404459458000005,53250,2444000,42,16709167,388945
2,3280,55.421015958000012,0,82916,0,16635291,432261
2,3281,55.437668916000007,0,86792,83,16473667,432261
2,3282,55.454322625,0,81000,42,16655750,432261
2,3283,55.470943625000004,0,81833,42,16527292,432261
2,3284,55.487650041000009,0,82292,41,16972875,473547
2,3285,55.504176,0,75125,42,16591083,433815
2,3286,55.520910583,0,81250,42,16720542,487309
2,3287,55.53753054100001,0,77000,83,16580125,459785
2,3288,55.554408875000007,0,76041,84,16882875,459785
2,3289,55.571053875000004,0,76083,41,16680334,446023
2,3290,55.587700125000012,0,79958,41,16537000,446023
2,3291,55.604393083000005,0,82292,41,16781584,473799
2,3292,55.621223625000013,0,77791,42,16787375,459785
2,3293,55.640188083000012,0,109083,125,16270625,432261
2,3294,55.654436791000009,59375,2600209,125,16971792,362963
2,3295,55.671054541000004,0,76541,41,16587916,446151
2,3296,55.687796750000004,0,80541,83,16356958,446151
2,3297,55.704078750000008,0,94084,42,16716042,418827
2,3298,55.720795500000008,0,80417,42,16477792,446151
2,3299,55.737461708000012,0,80834,41,16898916,446151
2,3300,55.754254583000005,0,72875,42,16804875,487437
2,3301,55.77092575,0,71292,42,16663917,542485
2,3302,55.787580000000005,0,68375,41,16398791,514961
2,3303,55.80437116600001,0,73459,83,16922750,475281
2,3304,55.820882958000013,0,80209,0,16543875,473675
2,3305,55.837541625,0,73500,41,16503250,459913
2,3306,55.854145458000005,0,74333,83,16725375,446151
2,3307,55.870900416000012,0,79083,42,16592833,459913
2,3308,55.890227708000012,0,75875,42,16841250,487437
2,3309,55.904365875000011,54291,2576167,84,16792375,392535
2,3310,55.92087175,0,81167,42,16245042,432261
2,3311,55.937861958000013,0,81833,42,17212000,446023
2,3312,55.954457166000012,0,81833,83,16496292,433615
2,3313,55.970912500000011,0,81292,125,16556375,432261
2,3314,55.987682416000013,0,83042,42,16716208,459785
2,3315,56.004436791,0,84041,42,16856833,432513
2,3316,56.020816666,0,81042,0,16235792,446023
2,3317,56.03751062500001,0,83250,84,16678250,446023
2,3318,56.054508041000005,0,80208,83,17110166,446023
2,3319,56.070872208000011,0,80292,83,16183541,418499
2,3320,56.087769458000011,0,78042,42,16986625,446023
2,3321,56.104397375000005,0,81875,84,16188958,440547
2,3322,56.124348250000011,0,77167,41,17298917,439291
2,3323,56.137700916000014,73125,2930625,41,16442042,363683
2,3324,56.154170708000009,0,82709,41,16530500,446151
2,3325,56.170867041000008,0,76792,42,16515958,418627
2,3326,56.187651625,0,75625,42,16882000,446151
2,3327,56.203999041,0,85584,41,16488208,432641
2,3328,56.221005958000006,0,74666,42,16866458,501199
2,3329,56.237883166,0,80667,83,16812541,473675
2,3330,56.254822333000007,0,79291,41,16700250,440475
2,3331,56.270915125,0,82500,83,16213250,425657
2,3332,56.287854416,0,78833,0,16837250,446151
2,3333,56.304566166,0,106334,0,16928541,432589
2,3334,56.320831500000011,0,91000,83,16320458,418627
2,3335,56.337918583000004,0,81083,84,17006416,432389
2,3336,56.354323875000006,0,93167,84,16380291,418627
2,3337,56.371256125,0,81958,0,16922583,432429
2,3338,56.390727291000005,0,84416,83,16522541,432389
2,3339,56.405520041,55584,2756708,41,17340959,372087
2,3340,56.421148666000008,0,88417,83,15995833,391321
2,3341,56.43746525,0,83541,84,16390833,432261
2,3342,56.454706875000014,0,83167,83,17140334,446023
2,3343,56.471123958000007,0,104708,41,16521667,432261
2,3344,56.487593375,0,80000,83,16285958,432261
2,3345,56.504401083000005,0,85208,42,17021792,459985
2,3346,56.520872750000009,0,75875,0,16186500,446023
2,3347,56.537521625000011,0,82791,41,16907000,446023
2,3348,56.55504104100001,0,78750,42,16903875,473547
2,3349,56.571330458000006,0,81209,0,16868459,433615
2,3350,56.587725541000012,0,85792,41,16361958,432261
2,3351,56.604175791,0,82709,83,16364959,432513
2,3352,56.620955791000014,0,79542,41,16927917,446023
2,3353,56.640124333,0,76041,0,16550958,459785
2,3354,56.65441687500001,61167,2586417,0,16843000,405475
2,3355,56.670706625000008,0,79708,42,16311083,432389
2,3356,56.687574333,0,75625,42,16880125,459913
2,3357,56.70430016600001,0,74834,42,16727708,446351
2,3358,56.720885833000011,0,80209,42,16578875,461267
2,3359,56.737701333000004,0,76250,42,16826625,473675
2,3360,56.754327875,0,77542,42,16565708,459913
2,3361,56.770936708000008,0,77375,41,16568542,446151
2,3362,56.787830125000013,0,77667,42,16909875,446151
2,3363,56.804076708000011,0,77459,208,16250291,432641
2,3364,56.820791208,0,84709,42,16707208,459913
2,3365,56.837560833000012,0,78291,41,16611125,459913
2,3366,56.854144958000006,0,75667,41,16830541,459913
2,3367,56.870709541000011,0,79250,41,16495625,447505
2,3368,56.890089,0,84000,83,16712917,446151
2,3369,56.904126500000004,55083,2611833,167,16692792,391979
2,3370,56.920838583000005,0,77875,41,16686042,459785
2,3371,56.937780000000004,0,79125,250,16903834,473547
2,3372,56.95446325,0,79709,41,16756875,459785
2,3373,56.970878291000005,0,76125,83,16344542,459785
2,3374,56.987814416000006,0,79583,42,16886375,459785
2,3375,57.0042715,0,88459,41,16489625,446275
2,3376,57.02103375,0,78875,42,16788750,474901
2,3377,57.037673250000012,0,79500,41,16657583,459785
2,3378,57.054249375000012,0,74417,41,16326834,459785
2,3379,57.070975166000011,0,81375,42,16897250,459785
2,3380,57.087666833000014,0,83125,83,16776709,459785
2,3381,57.104366291000005,0,78916,41,16723375,473747
2,3382,57.120814208000013,0,73208,42,16157333,473547
2,3383,57.14048304100001,0,78292,42,17120125,459785
2,3384,57.15444754100001,90584,2625584,0,16745708,392219
2,3385,57.170693458,0,77583,42,16236042,461267
2,3386,57.187684250000004,0,75542,42,16906209,473675
2,3387,57.20438895800001,0,83625,0,16715792,460165
2,3388,57.220935791,0,84542,84,16578166,459913
2,3389,57.237528333,0,81042,125,16596791,459913
2,3390,57.254476041000004,0,76625,42,16943542,487437
2,3391,57.270713291000007,0,77792,42,16235167,446151
2,3392,57.287793708000009,0,76042,42,16992500,473675
2,3393,57.304322666000004,0,95542,0,16636416,460113
2,3394,57.320718625000012,0,76083,41,16433041,433743
2,3395,57.337687583000005,0,78500,41,16899417,487437
2,3396,57.354477916000008,0,77291,42,16704959,487437
2,3397,57.370818916000005,0,86250,42,16343542,446151
2,3398,57.390426250000004,0,81042,41,16955917,473675
2,3399,57.404266541000013,51958,2581000,125,16540042,392537
2,3400,57.421068541000011,0,73042,41,16764708,473547
2,3401,57.437508875000006,0,77667,42,16432708,459785
2,3402,57.454264666,0,79333,42,16721750,473547
2,3403,57.471286208000009,0,80584,41,16924875,364805
2,3404,57.487899375000012,0,78333,167,16575667,143259
2,3405,57.503835500000008,0,88375,41,15967708,129697
2,3406,57.523586041,0,96916,83,19686458,46925
2,3407,57.537950208000012,0,76459,0,14417000,349689
2,3408,57.554536083,0,87583,42,16581459,432261
2,3409,57.571001666,0,88875,42,16593292,446023
2,3410,57.587809500000006,0,80916,41,16761084,473547
2,3411,57.604290583000008,0,77875,42,16474625,473799
2,3412,57.62079137500001,0,78000,42,16626041,474901
2,3413,57.640216833000011,0,78583,42,16469875,473547
2,3414,57.654147208000012,60125,2462167,0,16755958,392725
2,3415,57.671112500000007,0,76917,41,16924208,446151
2,3416,57.687597000000011,0,90709,42,16476125,432389
2,3417,57.704302166000005,0,77708,42,16471542,460113
2,3418,57.720881708000007,0,88208,0,16671500,432389
2,3419,57.737369791000006,0,76584,42,16704458,459913
2,3420,57.754878041000012,0,78500,42,17193917,459913
2,3421,57.77101675,0,99708,0,16404166,447505
2,3422,57.787518375000005,0,79166,41,16443917,446151
2,3423,57.804121333000012,0,84625,83,16594041,432641
2,3424,57.821092541000013,0,98459,42,16845916,446151
2,3425,57.837838291000011,0,96958,0,16856542,456636
2,3426,57.854563500000012,0,87542,84,16688833,432389
2,3427,57.871116833,0,85625,333,16553625,433533
2,3428,57.890344791000004,0,83625,41,16307417,418627
2,3429,57.904603666000014,54208,2703417,42,17239125,379229
2,3430,57.920662500000006,0,80542,42,16204833,514231
2,3431,57.937354083,0,71167,41,16693250,556119
2,3432,57.953974416000008,0,66917,166,16546959,542357
2,3433,57.970928541000006,0,77583,42,16929791,501071
2,3434,57.987586708000009,0,80750,83,16588875,501071
2,3435,58.004118125000005,0,77375,167,16409292,487561
2,3436,58.02086391600001,0,78333,83,16662542,473547
2,3437,58.037428541000011,0,77833,125,16738875,446023
2,3438,58.054312666,0,81542,41,16899750,459785
2,3439,58.070819083,0,85458,83,16491917,502425
2,3440,58.087489250000004,0,81917,0,16651542,473547
2,3441,58.104212041000011,0,76208,42,16724792,459985
2,3442,58.12113175,0,76125,42,16809459,473547
2,3443,58.14093425,0,87791,42,16771500,432261
2,3444,58.154172375,70625,2924458,42,16358500,365379
2,3445,58.17097329100001,0,75208,42,16688208,446151
2,3446,58.187627208000009,0,89083,0,16649500,459913
2,3447,58.204165791000008,0,81625,84,16630250,446403
2,3448,58.220708125,0,78708,42,16581167,433743
2,3449,58.237713375000013,0,75792,83,16971333,459913
2,3450,58.254191208000009,0,77375,41,16358916,459913
2,3451,58.271017541000006,0,87792,83,16927125,446151
2,3452,58.287694791000007,0,80291,42,16561709,446151
2,3453,58.304384500000012,0,82750,42,16742792,446351
2,3454,58.321004458000004,0,85042,167,16562583,446151
2,3455,58.337651041,0,84208,125,16645125,446151
2,3456,58.354655083000011,0,80084,42,17026708,432389
2,3457,58.370997,0,83375,83,16380541,406219
2,3458,58.390469416,0,82333,0,16656250,432389
2,3459,58.404314125000013,52959,2575083,42,16647334,351615
2,3460,58.420965750000008,0,83667,41,16393958,432261
2,3461,58.437649125000007,0,89583,0,16908584,446023
2,3462,58.454213916,0,81708,83,16540875,432261
2,3463,58.470828250000011,0,87125,84,16528625,446023
2,3464,58.487563541000014,0,76958,83,16851667,459785
2,3465,58.504165791000005,0,75584,42,16556334,446223
2,3466,58.520984541000004,0,78916,42,16836042,461139
2,3467,58.537633666000005,0,89208,42,16625791,446023
2,3468,58.554064541,0,80875,84,16537292,446023
2,3469,58.570896083000008,0,76875,41,16561459,459785
2,3470,58.58784991600001,0,82250,84,17071125,418499
2,3471,58.604594125000006,0,85792,166,16829958,460037
2,3472,58.620938750000008,0,83792,42,16380875,432261
2,3473,58.640363791000013,0,76459,42,16643083,473547
2,3474,58.654460541000006,62542,2679125,0,16768167,394023
2,3475,58.671055208000013,0,81667,84,16587667,461267
2,3476,58.687813458000008,0,83666,0,16732417,446151
2,3477,58.704231541000013,0,79833,83,16369125,446351
2,3478,58.720748041000007,0,83917,42,16622416,432389
2,3479,58.737353291000005,0,87042,0,16726250,459913
2,3480,58.754403083000014,0,68958,0,17005292,556247
2,3481,58.770749375000008,0,70959,0,16347875,528723
2,3482,58.787481083,0,73125,42,16622667,473675
2,3483,58.804307166,0,77958,42,16659666,446403
2,3484,58.820957541000013,0,106083,42,16777834,475029
2,3485,58.837725250000005,0,80000,208,16799417,446151
2,3486,58.854434250000011,0,79833,42,16593083,487437
2,3487,58.870886541000004,0,83958,41,16558958,459913
2,3488,58.89032004100001,0,79792,41,16729250,459913
2,3489,58.904149875,53625,2647792,42,16519250,392849
2,3490,58.92093087500001,0,77959,41,16747458,459785
2,3491,58.937503375000006,0,84125,41,16526708,446023
2,3492,58.954268708,0,77750,83,16603792,446023
2,3493,58.970935333000014,0,106709,41,16622667,433615
2,3494,58.987563083000012,0,80375,42,16758000,432261
2,3495,59.004349166000011,0,78958,42,16890417,446275
2,3496,59.020846833000007,0,81042,42,16476958,446023
2,3497,59.03751341600001,0,79292,42,16508167,459785
2,3498,59.054258125000004,0,82625,0,16898666,446023
2,3499,59.070616708,0,80583,42,16453709,501071
2,3500,59.087534416000011,0,76833,41,16906292,542357
2,3501,59.103992541000011,0,68625,41,16487166,542557
2,3502,59.120872000000006,0,70625,0,16569958,447377
2,3503,59.140000125,0,79375,84,16741791,473547
2,3504,59.154339125000007,56833,2564667,41,16901542,406665
2,3505,59.170892625000008,0,77958,84,16517250,473675
2,3506,59.187548000000007,0,77875,42,16680625,459913
2,3507,59.204093666000006,0,76292,83,16536667,460165
2,3508,59.22080925,0,79125,0,16728125,459913
2,3509,59.237370500000011,0,76500,41,16583875,459913
2,3510,59.254663750000006,0,80792,83,17184250,473675
2,3511,59.271063625000011,0,105833,42,16455041,461267
2,3512,59.287758458000013,0,75000,42,16659209,459913
2,3513,59.304231375,0,75459,0,16499167,446351
2,3514,59.32093458300001,0,75042,125,16692458,473675
2,3515,59.337470416,0,80292,83,16549541,459913
2,3516,59.354198541,0,76708,0,16764250,459913
2,3517,59.370924625,0,71958,166,16701292,459953
2,3518,59.390036708000011,0,76125,42,16467833,446151
2,3519,59.404273625,52625,2525750,41,16780083,406663
2,3520,59.420889208000006,0,83041,84,16595958,433615
2,3521,59.437631041,0,83167,42,16795250,459785
2,3522,59.454598083000008,0,79333,83,16972708,472416
2,3523,59.470999416000012,0,82333,42,16371125,459785
2,3524,59.487705458000008,0,80542,84,16660959,446023
2,3525,59.504181291000009,0,86084,42,16490167,446223
2,3526,59.520835500000004,0,83625,42,16519583,446023
2,3527,59.537542041000009,0,76125,125,16657916,459785
2,3528,59.554071708000009,0,79042,0,16800042,473547
2,3529,59.57064612500001,0,76541,167,16574791,461139
2,3530,59.58786775,0,76792,83,17058541,487309
2,3531,59.6041565,0,78583,42,16371583,446275
2,3532,59.62085629100001,0,79292,42,16501875,446023
2,3533,59.640239125000008,0,79500,83,16911958,459785
2,3534,59.654275458,60000,2667625,0,16693541,420427
2,3535,59.670857291000004,0,78667,291,16378500,432389
2,3536,59.68752129100001,0,80250,83,16764791,446151
2,3537,59.704091541000011,0,80000,42,16659542,460113
2,3538,59.721014916,0,77125,41,16923542,461267
2,3539,59.737781291000005,0,79000,83,16705417,473675
2,3540,59.754548583,0,120834,0,16466250,459913
2,3541,59.77062766600001,0,78292,42,16464958,446151
2,3542,59.787546875000004,0,78917,0,16790458,459913
2,3543,59.80429875,0,80667,42,16833458,446403
2,3544,59.820901416000012,0,82208,42,16337209,459913
2,3545,59.837612291000013,0,81708,0,16654500,446151
2,3546,59.854224,0,80875,83,16883917,432389
2,3547,59.870946125,0,79750,42,16703167,461267
2,3548,59.890542583000013,0,84666,41,16973917,459913
2,3549,59.904398500000013,55084,2512250,42,16383208,379087
2,3550,59.920912125,0,98333,83,16362541,446023
2,3551,59.937588125000005,0,87375,83,16942833,446023
2,3552,59.954353833000013,0,82708,42,16723959,459785
2,3553,59.970905958,0,74458,0,16503792,446023
2,3554,59.987690875000013,0,94792,41,16815416,446023
2,3555,60.004277958,0,83000,83,16317750,473747
2,3556,60.020881916000008,0,80375,41,16866917,461191
2,3557,60.037745166000008,0,93084,83,16913916,487309
2,3558,60.054229250000006,0,76500,125,16448459,446023
2,3559,60.070970125,0,77083,41,16746167,459785
2,3560,60.087543333000013,0,76583,42,16493792,487309
2,3561,60.104382,0,83250,83,16869125,446223
2,3562,60.120841208,0,81167,42,16402208,473547
2,3563,60.13996525,0,90708,42,16607708,459785
2,3564,60.154199375000005,58916,2529084,0,16858750,420427
2,3565,60.171082125000012,0,82500,42,16739666,447505
2,3566,60.187921875,0,82666,41,16871417,459913
2,3567,60.204261291000009,0,82583,42,16354291,418827
2,3568,60.220745750000006,0,81375,0,16524208,473727
2,3569,60.237468416000013,0,78084,41,16663125,487437
2,3570,60.254266750000014,0,79000,125,16778792,459913
2,3571,60.270852541000011,0,90959,41,16612792,459913
2,3572,60.287611750000011,0,84625,166,16464500,432389
2,3573,60.304252041000012,0,82875,42,16981417,446351
2,3574,60.320814333,0,78959,41,16551875,447505
2,3575,60.33753345800001,0,83417,41,16560250,446151
2,3576,60.354444875000013,0,79000,41,17023208,459913
2,3577,60.370978041,0,79250,83,16548750,459913
2,3578,60.39030875,0,76084,42,16566542,459913
2,3579,60.404243625000007,57333,2664125,83,16577583,392849
2,3580,60.420716250000012,0,89875,42,16552459,473599
2,3581,60.437815625000013,0,78042,0,17051958,487309
2,3582,60.454142625,0,79417,125,16307459,446023
2,3583,60.470963125000011,0,84666,41,16816750,461139
2,3584,60.48768075000001,0,78750,41,16701791,473547
2,3585,60.504454375000009,0,78958,84,16720208,459985
2,3586,60.521211083000011,0,95125,125,16657959,432261
2,3587,60.537849541000014,0,100833,125,16762458,432261
2,3588,60.553976833000007,0,85667,0,16227334,432261
2,3589,60.570650625000013,0,81875,41,16787500,487309
2,3590,60.587458083,0,69917,83,16681417,542357
2,3591,60.604226083,0,71041,84,16733500,515033
2,3592,60.620763625000009,0,84459,42,16404458,433667
2,3593,60.640333125000012,0,85042,42,16929084,459785
2,3594,60.654271666000014,60917,2686041,250,16629875,392903
2,3595,60.670861333000005,0,75125,83,16614958,487437
2,3596,60.687609916000014,0,79750,42,16701208,473675
2,3597,60.704275708000011,0,78583,42,16745167,446351
2,3598,60.720818250000008,0,83875,166,16496500,459913
2,3599,60.737753333,0,80416,41,16944666,459913
2,3600,60.754706166000005,0,78583,42,16681250,459913
2,3601,60.771042750000007,0,109375,42,16194833,433743
2,3602,60.788044041000006,0,82667,41,17243500,432389
2,3603,60.80425145800001,0,79667,42,16084667,418827
2,3604,60.820998,0,83167,83,16951875,432441
2,3605,60.837593375000012,0,83583,42,16588583,446151
2,3606,60.854003541000012,0,82625,42,16545917,501199
2,3607,60.870702916000013,0,75666,0,16789375,542485
2,3608,60.890219625000015,0,66833,0,16898708,556247
2,3609,60.904343875000009,52583,2453542,41,16532959,406611
2,3610,60.92088329100001,0,79500,0,16531750,474901
2,3611,60.937640208000005,0,75959,42,16776583,473547
2,3612,60.954185916000014,0,85625,41,16329916,446023
2,3613,60.970849416000007,0,80584,125,16876750,459785
2,3614,60.987859625000013,0,78500,83,16924958,446023
2,3615,61.004038416000014,0,79584,42,16204750,446223
2,3616,61.021066375000004,0,80083,84,16944792,459837
2,3617,61.037824416000007,0,85417,42,16819792,459785
2,3618,61.054330708000009,0,80000,42,16451542,446023
2,3619,61.070766666000011,0,87416,0,16389125,447377
2,3620,61.087679625000007,0,81333,42,16901875,487309
2,3621,61.104250166000014,0,88833,458,16723958,432461
2,3622,61.120974083000007,0,80834,125,16643750,446023
2,3623,61.14043254100001,0,82500,41,16531500,459785
2,3624,61.154240041000008,60458,2723458,42,16510792,379141
2,3625,61.170816625,0,82542,42,16651750,459913
2,3626,61.187685083000005,0,75875,42,17002459,459913
2,3627,61.204149791000006,0,83375,42,16302709,446351
2,3628,61.220831375,0,78708,83,16934208,461319
2,3629,61.237734875,0,82417,41,16878250,487437
2,3630,61.254194208,0,76916,125,16345084,432389
2,3631,61.270989375000013,0,83916,41,16796250,446151
2,3632,61.287878000000006,0,79375,166,16857167,446151
2,3633,61.304361000000014,0,78708,42,16517750,432589
2,3634,61.321075750000006,0,80625,166,16720083,446151
2,3635,61.337372458000004,0,79125,42,16277709,432389
2,3636,61.354068166000005,0,83459,83,16732875,446151
2,3637,61.370946958000005,0,78416,84,16822334,461267
2,3638,61.390726125,0,81125,0,16988208,446151
2,3639,61.404103041000013,69666,2648417,125,16144667,351563
2,3640,61.42082175,0,77458,42,16786958,473599
2,3641,61.437459791000009,0,82125,42,16742125,528595
2,3642,61.453955875000005,0,66333,42,16452250,542357
2,3643,61.470849875000013,0,75459,41,16585292,459785
2,3644,61.487763916000006,0,83000,83,17051750,459785
2,3645,61.504462875,0,83250,42,16656625,432461
2,3646,61.521128333000007,0,91459,0,16730417,419853
2,3647,61.537590500000007,0,84083,42,16451916,446023
2,3648,61.554064958000012,0,86208,167,16483666,459785
2,3649,61.57083,0,81542,41,16585625,446023
2,3650,61.587586375,0,79292,42,16771792,459785
2,3651,61.60420545800001,0,93208,42,16782833,446223
2,3652,61.620797041,0,92459,42,16564917,432313
2,3653,61.640525000000011,0,76125,83,16883792,446023
2,3654,61.654185083,67333,2744500,0,16307667,365379
2,3655,61.670868916,0,80625,125,16653708,433743
2,3656,61.687711375000006,0,83583,41,17015625,473675
2,3657,61.704378041000012,0,83292,166,16696541,446351
2,3658,61.720834500000009,0,81875,41,16465583,446151
2,3659,61.737616416000009,0,78459,83,16708458,473675
2,3660,61.754396416000006,0,83542,41,16805208,459913
2,3661,61.770706125000004,0,79875,0,16264250,446151
2,3662,61.787484875000004,0,74792,125,16815750,459913
2,3663,61.804147250000014,0,79500,42,16669458,446351
2,3664,61.820696333,0,85084,42,16552125,447557
2,3665,61.837537041000004,0,79500,167,16815000,446151
2,3666,61.854179166000009,0,81416,42,16637375,446151
2,3667,61.870846291000007,0,79875,42,16633292,446151
2,3668,61.889950083,0,76666,125,16650084,446151
2,3669,61.904149916000009,52334,2484333,42,16721750,420373
2,3670,61.920852791,0,77709,41,16453709,446023
2,3671,61.937978291000007,0,81125,41,17272000,459785
2,3672,61.954275791,0,85125,42,16362917,446023
2,3673,61.971209833,0,78542,42,16925375,447377
2,3674,61.987406500000006,0,76959,42,16118208,446023
2,3675,62.004152041000012,0,79208,125,16629209,459985
2,3676,62.020897500000004,0,77250,83,16916208,446075
2,3677,62.037461541000013,0,78667,42,16555292,459785
2,3678,62.05406437500001,0,76334,0,16634083,459785
2,3679,62.070862166000012,0,82708,84,16689583,446023
2,3680,62.08785862500001,0,83208,84,16994500,473547
2,3681,62.1043305,0,81334,41,16551750,432461
2,3682,62.120756375000013,0,83291,167,16472000,474901
2,3683,62.1402075,0,77209,41,16719125,446023
2,3684,62.154294958000008,63250,2656500,42,16711958,420427
2,3685,62.170936125000011,0,77500,42,16654875,446151
2,3686,62.187584666000006,0,78084,41,16587458,459913
2,3687,62.204098041000009,0,80250,0,16548417,446351
2,3688,62.220886958000008,0,78875,0,16784500,459965
2,3689,62.237639208000004,0,78417,42,16768417,473675
2,3690,62.254142416000008,0,78583,42,16512792,446151
2,3691,62.271078208000006,0,74167,0,16932750,447505
2,3692,62.287407583000004,0,78125,0,16210542,446151
2,3693,62.304038666000011,0,80625,41,16772333,473875
2,3694,62.320850875000005,0,83584,42,16739542,446151
2,3695,62.337527166,0,79167,84,16649625,446151
2,3696,62.354002000000008,0,79584,42,16539916,473675
2,3697,62.370774791,0,80875,166,16703875,473715
2,3698,62.390145625,0,82042,41,16800791,446151
2,3699,62.404370625000013,52709,2502834,0,16794167,420373
2,3700,62.420972791000011,0,83125,0,16531542,447429
2,3701,62.437637916000014,0,91958,42,16682000,446023
2,3702,62.45404704100001,0,83791,42,16532917,487309
2,3703,62.471070583000014,0,79000,125,16967750,501071
2,3704,62.487307583,0,80750,208,16229625,459785
2,3705,62.504154500000013,0,77333,42,16871833,487509
2,3706,62.521231250000014,0,82375,41,16999500,501071
2,3707,62.537490250000005,0,119000,83,16163542,418499
2,3708,62.554128583000008,0,83167,0,16800041,432261
2,3709,62.570992791000009,0,83583,41,16700875,447377
2,3710,62.587745083,0,86875,42,16790833,459785
2,3711,62.604635166000008,0,85625,83,16768542,446223
2,3712,62.621180583000012,0,103291,0,16614041,432313
2,3713,62.640503416,0,107667,84,16695042,446023
2,3714,62.654038125000014,60584,2687000,125,16246625,365379
2,3715,62.670718500000007,0,82167,0,16737125,473675
2,3716,62.68743558300001,0,81084,41,16569458,473675
2,3717,62.704104291000007,0,75542,42,16676125,432589
2,3718,62.72111133300001,0,93833,42,16946375,433743
2,3719,62.737541583000009,0,82792,42,16489375,432389
2,3720,62.754013375000014,0,85459,41,16463625,432389
2,3721,62.770730291000007,0,78708,41,16829542,446151
2,3722,62.787560750000011,0,81500,41,16493375,459913
2,3723,62.804431958000009,0,84667,41,17062625,446351
2,3724,62.820859625000011,0,87750,83,16241917,446203
2,3725,62.837624333000008,0,77750,41,17013875,459913
2,3726,62.854315416000006,0,76333,42,16670584,459913
2,3727,62.870954083,0,83417,41,16610333,447505
2,3728,62.890118583,0,78084,42,16679750,446151
2,3729,62.904282541,52000,2493833,42,16632958,186419
2,3730,62.921056041000014,0,94958,125,16601375,143259
2,3731,62.947753375000005,0,94959,83,26496125,101973
2,3732,62.954344833000007,0,86875,42,6917416,143259
2,3733,62.970990625000013,0,86375,41,16351042,418499
2,3734,62.987525000000005,0,87459,41,16831958,459785
2,3735,63.004061250000007,0,83875,41,16579292,432461
2,3736,63.02089875,0,85958,42,16789792,433667
2,3737,63.037572458000014,0,80666,42,16430209,446023
2,3738,63.054031291,0,84417,42,16756333,459785
2,3739,63.071020958000005,0,79916,42,16880875,487309
2,3740,63.08751108300001,0,82500,42,16511458,473547
2,3741,63.104425125000006,0,86958,83,16946875,446223
2,3742,63.120795958,0,82084,83,16429792,459785
2,3743,63.139969541000013,0,82167,42,16548792,473547
2,3744,63.154308666000006,60042,2502583,41,16887458,406665
2,3745,63.171050041,0,80083,42,16794917,447505
2,3746,63.187760291000004,0,82000,42,16577792,446151
2,3747,63.204322166000011,0,82709,0,16718541,460113
2,3748,63.220518041000005,0,79750,42,16276333,542537
2,3749,63.237415750000011,0,67291,0,16825042,556247
2,3750,63.254274541,0,74458,41,16750875,514961
2,3751,63.270937625,0,76667,42,16629292,473675
2,3752,63.287523750000005,0,83584,42,16372000,446151
2,3753,63.304123958000005,0,79375,83,16780208,460113
2,3754,63.320894791,0,78750,42,16840375,447505
2,3755,63.337357166000004,0,77041,42,16439792,459913
2,3756,63.354186583,0,82292,42,16572708,446151
2,3757,63.37117425000001,0,86584,84,17241500,459913
2,3758,63.390045375000014,0,79500,41,16092042,459913
2,3759,63.404274125,51375,2459500,41,16973500,392849
2,3760,63.420841041,0,78042,166,16565833,459837
2,3761,63.437331083000004,0,81333,41,16520166,446023
2,3762,63.454307166000007,0,80875,167,16948292,473547
2,3763,63.47102695800001,0,79708,42,16614459,433615
2,3764,63.487407458000007,0,99459,42,16452000,432261
2,3765,63.503950875,0,79292,83,16580167,459985
2,3766,63.520656416000008,0,86291,41,16686333,446023
2,3767,63.537823791000008,0,81000,42,17100709,459785
2,3768,63.554093708000011,0,83792,42,16167208,432261
2,3769,63.571042958000007,0,86250,42,16992042,446023
2,3770,63.587342625000005,0,92916,83,16369458,432261
2,3771,63.604269666000008,0,81375,83,17072000,501271
2,3772,63.620618875000005,0,71875,84,16369000,502477
2,3773,63.63990637500001,0,70250,166,16627292,542357
2,3774,63.654048958000004,58166,2515458,83,16664833,406665
2,3775,63.670977666000013,0,75833,42,16686834,487437
2,3776,63.687591541,0,103666,0,16501792,446151
2,3777,63.704155666000005,0,83875,41,16643458,432589
2,3778,63.721124541000009,0,81542,0,17151125,459913
2,3779,63.73742162500001,0,87125,83,16334125,459913
2,3780,63.754071500000009,0,76583,42,16615792,459913
2,3781,63.771236750000014,0,84000,83,17147083,447505
2,3782,63.787414625000011,0,81709,83,16124083,432389
2,3783,63.804129958000004,0,84750,0,16799209,446351
2,3784,63.820725333000013,0,78084,42,16593459,459965
2,3785,63.83755595800001,0,77334,41,16530875,446151
2,3786,63.854034375000012,0,80958,83,16703250,432389
2,3787,63.871016958000013,0,85958,83,16990000,446151
2,3788,63.89036200000001,0,81083,42,16683209,459913
2,3789,63.904056666,53625,2637167,84,16391333,379087
2,3790,63.920977833000009,0,81375,42,16905875,447377
2,3791,63.937473750000009,0,83625,41,16287584,432261
2,3792,63.953959000000012,0,83459,42,16746958,473547
2,3793,63.970631708000013,0,81958,41,16591875,459785
2,3794,63.987548083000007,0,80958,125,16639542,446023
2,3795,64.004237083,0,80625,0,16980500,446223
2,3796,64.021054916000011,0,78334,0,16729916,459837
2,3797,64.03745033300001,0,83583,41,16438250,459785
2,3798,64.054254625000013,0,82084,41,16760542,459785
2,3799,64.07068562500001,0,86375,41,16290625,447377
2,3800,64.087426125000007,0,79917,42,16822916,459785
2,3801,64.104143541000013,0,78000,166,16811458,446223
2,3802,64.120635375,0,78375,84,16488875,446023
2,3803,64.139991250000008,0,82250,42,16727958,446023
2,3804,64.154239041000011,61250,2628583,84,16778916,392903
2,3805,64.170717333000013,0,81125,125,16506625,446151
2,3806,64.187602333,0,81459,41,16865792,459913
2,3807,64.204407625,0,80959,42,16839084,446351
2,3808,64.2210855,0,101917,166,16688750,447557
2,3809,64.237324750000013,0,76666,41,16301708,446151
2,3810,64.254326041000013,0,76375,42,16857750,473675
2,3811,64.270916083,0,82000,0,16669542,446151
2,3812,64.287556666000015,0,79209,42,16615916,459913
2,3813,64.304088583000009,0,74583,42,16366417,446351
2,3814,64.32098387500001,0,75875,42,17034917,446151
2,3815,64.337594083000013,0,78500,0,16554167,446151
2,3816,64.354430250000007,0,81583,41,16854416,487437
2,3817,64.37062554100001,0,77916,42,16265708,433743
2,3818,64.389783666000014,0,75875,83,16629250,459913
2,3819,64.40430987500001,50875,2453875,0,17090458,406611
2,3820,64.420662291000014,0,79750,41,16324042,459837
2,3821,64.437529375000011,0,82458,42,16822666,473547
2,3822,64.45443250000001,0,80375,42,16832750,446023
2,3823,64.4708315,0,77500,42,16218500,432261
2,3824,64.487395,0,78875,0,16653417,459785
2,3825,64.504506916000011,0,78459,42,17215459,473747
2,3826,64.52098825,0,84542,84,16425458,447377
2,3827,64.53723075,0,83459,41,16384375,446023
2,3828,64.554516708000008,0,81625,83,17175958,473547
2,3829,64.570973541,0,86833,41,16494708,473547
2,3830,64.587431875000007,0,82792,42,16410375,446023
2,3831,64.604539083,0,79750,42,17092125,473747
2,3832,64.620782708000007,0,82625,41,16288000,459837
2,3833,64.640306291,0,80625,125,16898875,473547
2,3834,64.654480291000013,58750,2503375,41,16791542,392903
2,3835,64.671340750000013,0,84041,83,16225250,426713
2,3836,64.68737925,0,74041,0,16600208,439419
2,3837,64.704354791000014,0,85625,84,17034459,460113
2,3838,64.720874875,0,84167,41,16498833,459913
2,3839,64.737350125,0,81042,84,16367667,459913
2,3840,64.754621666,0,83959,0,17326042,473675
2,3841,64.770607666,0,81917,41,16066209,446151
2,3842,64.787594500000012,0,78875,42,16850750,473675
2,3843,64.804524,0,84834,83,16972416,460113
2,3844,64.821409375,0,87416,42,16583250,454289
2,3845,64.837809416000013,0,85584,42,16625208,466943
2,3846,64.854164875000009,0,84500,84,16430542,446151
2,3847,64.87086825,0,81250,0,16741584,501199
2,3848,64.889809583,0,77250,42,16398542,528723
2,3849,64.904356666000012,52708,2456250,0,17090708,434135
2,3850,64.920664958,0,77958,42,16182292,432261
2,3851,64.937649416000014,0,82334,84,17064542,528595
2,3852,64.954416041,0,83542,41,16719916,473547
2,3853,64.97141575,0,83625,0,16663541,454019
2,3854,64.987578958000014,0,79166,83,16324250,425619
2,3855,65.004370166,0,90541,42,16938417,473747
2,3856,65.020752291000008,0,82292,83,16254042,432313
2,3857,65.037677583,0,78291,41,16653667,446023
2,3858,65.05433583300001,0,117084,42,17029458,432261
2,3859,65.07095025000001,0,84875,83,16697167,446023
2,3860,65.088655208,0,79625,83,17389084,363451
2,3861,65.10486800000001,0,79917,42,16385667,198507
2,3862,65.124541083000011,0,82042,83,16865083,225831
2,3863,65.138447416,58709,2400000,42,16774459,174065
2,3864,65.155133583000008,0,78000,83,16690208,184673
2,3865,65.17161920800001,0,86000,334,16392125,184673
2,3866,65.188510250000007,0,80375,41,16809333,184673
2,3867,65.205213041000007,0,90875,83,16774208,171111
2,3868,65.221578166000015,0,81334,84,16330000,184725
2,3869,65.23829175,0,87667,42,16739375,212197
2,3870,65.255169875,0,78458,209,16776208,212197
2,3871,65.271613583,0,86292,84,16608875,184673
2,3872,65.288241458,0,78750,42,16628750,199789
2,3873,65.305476416,0,76375,41,17024667,198635
2,3874,65.321596500000012,0,85958,0,16317333,170911
2,3875,65.338242416000014,0,87750,125,16630917,198435
2,3876,65.355124125,0,82250,42,16754834,170911
2,3877,65.374331416,0,88208,84,16666958,198475
2,3878,65.388626791000007,54291,2577083,0,16783750,144933
2,3879,65.405436916000014,0,86708,41,16861500,170983
2,3880,65.421799916000012,0,86875,83,16218375,170835
2,3881,65.438504666000014,0,84667,83,16593041,172137
2,3882,65.455446666000014,0,93750,41,17101042,143259
2,3883,65.471825666,0,130458,83,16499875,157021
2,3884,65.488499291000011,0,83500,41,16661750,157021
2,3885,65.505364708,0,81459,84,16704375,170983
2,3886,65.52207712500001,0,95083,125,16706500,143259
2,3887,65.538593458000008,0,126750,0,16382375,143259
2,3888,65.55530075,0,86084,42,16924042,170783
2,3889,65.571823458000011,0,83792,42,16441833,157021
2,3890,65.588620416000012,0,86625,41,16768667,158375
2,3891,65.605201875,0,85292,83,16686833,157221
2,3892,65.624291666,0,82875,84,16553792,170835
2,3893,65.638718458000014,60250,2656792,42,16830834,131425
2,3894,65.655331791000009,0,121125,41,16491041,157149
2,3895,65.671945000000008,0,108834,83,16722917,157149
2,3896,65.688778500000012,0,127917,42,16654375,157149
2,3897,65.705298375000012,0,117083,84,16699583,157349
2,3898,65.721958500000014,0,87708,42,16625167,143387
2,3899,65.738709083,0,86125,0,16722542,158503
2,3900,65.75504487500001,0,103166,83,16532042,157149
2,3901,65.771656416000013,0,83583,42,16676167,170911
2,3902,65.788582666000011,0,78125,42,16692417,170911
2,3903,65.804944583000008,0,101625,0,16547334,171111
2,3904,65.821899625000015,0,81625,167,16706416,170963
2,3905,65.838526916,0,102500,83,16719167,157149
2,3906,65.855205333,0,120334,41,16582709,170911
2,3907,65.874646833000014,0,82166,83,16908875,170911
2,3908,65.888375875000008,55542,2643584,42,16264625,146287
2,3909,65.906215208,0,106791,84,17833708,170983
2,3910,65.921908166000009,0,80916,83,15791541,143259
2,3911,65.938409916000012,0,92334,84,16419125,170783
2,3912,65.955053625,0,119125,125,16932917,157021
2,3913,65.971610416,0,79875,0,16454583,170783
2,3914,65.988656875,0,93375,41,16713750,170783
2,3915,66.005376750000011,0,81709,41,16798292,143459
2,3916,66.021936541,0,134292,125,16448000,157073
2,3917,66.038489166,0,92375,83,16768875,158375
2,3918,66.0555855,0,83500,83,16963041,170783
2,3919,66.071871291000008,0,102084,0,16409875,157021
2,3920,66.088591125000008,0,103875,41,16700625,157021
2,3921,66.105208,0,83083,292,16687458,170983
2,3922,66.12449633300001,0,81000,41,16622625,170783
2,3923,66.138410041000014,87625,2560958,42,16531541,131425
2,3924,66.155325416000011,0,83250,83,16926958,157149
2,3925,66.171857875000015,0,81333,42,16448000,157149
2,3926,66.188576250000011,0,98417,41,16720000,172265
2,3927,66.205234791000009,0,80125,41,16697125,157349
2,3928,66.221727833,0,111291,42,16542875,157201
2,3929,66.238300583000012,0,75625,83,16681416,170911
2,3930,66.255142625,0,78833,0,16720958,170911
2,3931,66.271536916,0,86250,83,16477667,184673
2,3932,66.288458125,0,76125,0,16749250,184673
2,3933,66.305243125,0,83042,0,16785000,171111
2,3934,66.322016583,0,84833,83,16644958,198435
2,3935,66.338605125,0,157625,41,16731167,172265
2,3936,66.355240875,0,86792,84,16631250,157149
2,3937,66.374919875,0,90125,42,16719792,143387
2,3938,66.388662291,58708,2711791,83,16628167,131171
2,3939,66.405798583,0,88792,83,16883042,157221
2,3940,66.421975125,0,114041,84,16422583,143311
2,3941,66.438636458,0,96084,125,16667792,170783
2,3942,66.455382833,0,87333,0,16717959,157021
2,3943,66.472004416,0,85958,83,16550584,157021
2,3944,66.488744333000014,0,134875,41,16759208,158375
2,3945,66.505084583000013,0,91042,83,16458125,170983
2,3946,66.522164208,0,87875,42,17016334,184545
2,3947,66.538442958,0,89834,83,16331125,170783
2,3948,66.554936833000014,0,85667,167,16451042,198307
2,3949,66.571501791,0,91958,41,16585167,198307
2,3950,66.588583083,0,106750,209,16787292,184545
2,3951,66.605334875000011,0,82375,42,16899625,170983
2,3952,66.624824,0,109959,42,16687583,157073
2,3953,66.638868541000008,65083,2710417,125,16739167,148685
2,3954,66.655278708000012,0,88542,41,16546292,170911
2,3955,66.672008333000008,0,91125,417,16700375,170911
2,3956,66.688654250000013,0,87542,0,16562041,170911
2,3957,66.705339750000007,0,150042,41,16784333,171111
2,3958,66.721598333,0,141000,0,16242375,170911
2,3959,66.738582666000013,0,84375,0,16665167,198435
2,3960,66.755298666,0,111167,41,17023583,157149
2,3961,66.771747125,0,136083,42,16435959,170911
2,3962,66.789014875,0,128541,42,17126333,172265
2,3963,66.805241208000012,0,85042,83,16316625,143587
2,3964,66.821630875000011,0,81875,208,16570833,170963
2,3965,66.838239583,0,80750,84,16638833,170911
2,3966,66.855031083000014,0,77042,42,16675625,170911
2,3967,66.874906541,0,83542,84,16645833,170911
2,3968,66.888564625,65500,2912417,0,16615667,131171
2,3969,66.905004416000011,0,86958,0,16707083,157221
2,3970,66.92154075,0,84792,42,16643000,170783
2,3971,66.93847525000001,0,90000,0,16899958,185899
2,3972,66.955031875,0,115667,0,16430542,170783
2,3973,66.971829875000012,0,123666,0,16683875,170783
2,3974,66.988505583,0,101291,41,16590833,184545
2,3975,67.005414500000015,0,124292,83,16929542,170983
2,3976,67.021831375,0,87041,42,16543458,157073
2,3977,67.038530916000013,0,123583,42,16649125,157021
2,3978,67.054989041000013,0,117791,84,16636375,170783
2,3979,67.071527416000009,0,81875,42,16656542,157021
2,3980,67.088593333,0,74292,42,16864458,185899
2,3981,67.10517975,0,113750,41,16503709,170983
2,3982,67.124766208000011,0,116084,83,16602834,157021
2,3983,67.138661291,83458,2869667,41,16705834,131425
2,3984,67.155136791,0,93917,42,16598750,143387
2,3985,67.17126475,0,93458,42,16363875,184673
2,3986,67.188574625,0,76583,0,16989084,170911
2,3987,67.205422291,0,75416,84,16932125,171111
2,3988,67.222392000000013,0,78875,83,16714625,157201
2,3989,67.238773166,0,125542,41,16602209,172265
2,3990,67.254874875000013,0,78625,84,16332083,170911
2,3991,67.271423875000011,0,79208,41,16639125,184673
2,3992,67.288156125000015,0,70167,42,16620083,198435
2,3993,67.305126250000015,0,83708,0,16880625,184873
2,3994,67.321787458,0,81333,42,16460375,184673
2,3995,67.338700208,0,85750,42,16937292,184673
2,3996,67.355073208000007,0,109042,41,16411792,170911
2,3997,67.37388454100001,0,101042,83,16668500,184673
2,3998,67.389701625000015,49166,2360417,125,17570875,153019
2,3999,67.405597250000014,0,78750,42,16209084,143805
2,4000,67.422211125,0,111750,42,16747292,157073
2,4001,67.438878750000015,0,81708,42,16539917,143259
2,4002,67.455187833000011,0,87333,42,16301375,157021
2,4003,67.471913583,0,92292,84,16837416,170783
2,4004,67.488488583,0,84084,84,16567083,157021
2,4005,67.505057208000011,0,80958,83,16671875,184745
2,4006,67.521991666,0,75375,83,16832958,184545
2,4007,67.539082916000012,0,83625,0,16855416,192631
2,4008,67.555560833,0,78875,42,16280917,164051
2,4009,67.571750416000015,0,102625,42,16637375,143259
2,4010,67.588406208000009,0,81917,166,16684500,170783
2,4011,67.604697833,0,85375,42,16454333,184745
2,4012,67.623904375000009,0,69875,0,16709209,198359
2,4013,67.6389625,62791,2507500,42,17104083,145187
2,4014,67.655505333000008,0,103208,125,16541875,170911
2,4015,67.671834041000011,0,105459,42,16429916,143387
2,4016,67.689011291000014,0,88625,83,16622417,157149
2,4017,67.705286,0,82416,42,16932875,158703
2,4018,67.72196925,0,83334,42,16579125,157149
2,4019,67.738640958,0,130458,42,16532166,170911
2,4020,67.75555825,0,90083,84,16923959,157149
2,4021,67.772123416000014,0,130000,41,16600791,157149
2,4022,67.788594333,0,110708,0,16370958,157149
2,4023,67.805062458000009,0,88000,42,16748292,157349
2,4024,67.821755916000015,0,84292,208,16638625,157149
2,4025,67.839071666000009,0,83750,42,16775459,170963
2,4026,67.855306291,0,128375,41,16874875,158503
2,4027,67.874055250000012,0,77875,42,16281708,157149
2,4028,67.888689083,54916,2489584,41,16849459,131171
2,4029,67.904936875,0,89167,84,16467250,157221
2,4030,67.92187929100001,0,80625,42,16806958,157021
2,4031,67.93838875,0,96375,42,16525458,170783
2,4032,67.955178625,0,122834,125,16739500,170783
2,4033,67.971749416000009,0,104583,83,16604208,170783
2,4034,67.988471833,0,126541,41,16660958,157021
2,4035,68.00564308300001,0,90125,42,16843667,172337
2,4036,68.021748166000009,0,152833,83,16413125,143259
2,4037,68.03857008300001,0,87209,250,16732084,170835
2,4038,68.055182125,0,111417,125,16759500,157021
2,4039,68.072085041000008,0,87666,41,16825917,157021
2,4040,68.088828,0,124833,41,16544125,157021
2,4041,68.105012833,0,88084,42,16493791,157221
2,4042,68.124864458,0,79208,0,16608750,157021
2,4043,68.138482916,70792,2973958,42,16872625,131425
2,4044,68.15508925,0,77416,125,16556750,158503
2,4045,68.171465000000012,0,80542,42,16520834,170911
2,4046,68.188530791,0,77750,0,16803959,170911
2,4047,68.205142250000009,0,83292,42,16647875,171111
2,4048,68.221685666000013,0,105542,0,16591917,170911
2,4049,68.238747625,0,106750,42,16849667,170963
2,4050,68.255296166000008,0,100625,42,16599792,157149
2,4051,68.272149458,0,96292,42,16778250,157149
2,4052,68.288673916000008,0,80708,0,16574334,157149
2,4053,68.305194500000013,0,88625,166,16571500,144941
2,4054,68.322207875,0,81459,84,16871042,157149
2,4055,68.3383855,0,92833,42,16426958,143387
2,4056,68.355021416000014,0,103792,41,16687916,170911
2,4057,68.374303583000014,0,78166,84,16575250,157189
2,4058,68.388483625,68334,2601958,0,16676833,131171
2,4059,68.405243291,0,82125,42,16807375,170983
2,4060,68.422170541000014,0,101125,416,16565250,157021
2,4061,68.438589541000013,0,107500,83,16717583,157073
2,4062,68.455380666000011,0,98459,42,16769375,172137
2,4063,68.471801416,0,110625,0,16409625,157021
2,4064,68.488431375,0,92500,41,16637709,157021
2,4065,68.505620416000014,0,107625,0,16797458,157221
2,4066,68.52182079100001,0,116000,0,16748458,143259
2,4067,68.538399500000011,0,87417,42,16513083,157021
2,4068,68.555382500000007,0,85084,0,16887125,170783
2,4069,68.572084125,0,124167,83,16607958,157021
2,4070,68.588630583000011,0,96959,334,16533833,157021
2,4071,68.605632583,0,85333,83,16969500,158575
2,4072,68.624473166,0,83750,42,16300416,157021
2,4073,68.638396000000014,88750,2809917,41,16658667,131477
2,4074,68.655089583,0,86917,42,16641583,170911
2,4075,68.671801375,0,110959,42,16672084,157149
2,4076,68.688529875000015,0,133666,333,16732958,170911
2,4077,68.705359875000013,0,89166,41,16785625,171111
2,4078,68.721702166000014,0,85542,42,16493750,157149
2,4079,68.738213916,0,83708,42,16587000,170911
2,4080,68.755517208000015,0,80583,42,17030666,158503
2,4081,68.771682125000012,0,90250,0,16309583,157149
2,4082,68.788459583,0,90084,41,16702334,170911
2,4083,68.805155833000015,0,115459,0,16787458,157349
2,4084,68.821675708000015,0,86708,83,16574416,170911
2,4085,68.839187208000013,0,79167,0,17273791,157201
2,4086,68.855181750000014,0,87083,125,15918083,143387
2,4087,68.874871833000014,0,85791,125,16824459,157149
2,4088,68.888648958,60208,2870000,83,16654875,131171
2,4089,68.905194000000009,0,123542,41,16755333,158575
2,4090,68.921781166,0,81833,42,16501583,157021
2,4091,68.938445958,0,101708,83,16629292,170783
2,4092,68.955035708000011,0,86042,125,16689958,170783
2,4093,68.971791875000008,0,84166,0,16714458,157021
2,4094,68.988499166000011,0,89958,41,16603584,170783
2,4095,69.00497525,0,85833,84,16616416,157221
2,4096,69.021470416000014,0,82917,42,16558750,170783
2,4097,69.038340583000007,0,80250,42,16757625,170835
2,4098,69.055558458000007,0,90459,125,17028667,185899
2,4099,69.071646666,0,113208,0,16277625,157021
2,4100,69.088349416000014,0,86708,83,16638583,170783
2,4101,69.104923416,0,121667,0,16664583,170983
2,4102,69.124294583000008,0,86916,41,16658042,170783
2,4103,69.138374333,62834,2742292,41,16746000,131425
2,4104,69.15551425000001,0,85792,83,16944709,170911
2,4105,69.171615416000009,0,96917,41,16329292,157149
2,4106,69.188398625,0,85458,41,16630458,170911
2,4107,69.20504195800001,0,102792,0,16720084,144941
2,4108,69.221721083,0,79583,167,16720458,157149
2,4109,69.23851,0,77000,41,16709250,170963
2,4110,69.255510708,0,85250,41,16858459,157149
2,4111,69.271627041,0,89250,42,16293958,157149
2,4112,69.288563541,0,101125,83,16808750,170911
2,4113,69.305039375,0,86958,0,16566875,157349
2,4114,69.321623333,0,82166,84,16600917,170911
2,4115,69.338376125000011,0,122875,41,16696042,170911
2,4116,69.35589516600001,0,101666,41,17210625,172265
2,4117,69.374241416,0,107750,42,16248292,143387
2,4118,69.388608291000011,70416,2329958,125,16657792,131171
2,4119,69.40506,0,129666,42,16623500,157221
2,4120,69.421754166000014,0,75875,42,16753791,157021
2,4121,69.438270125,0,81000,83,16508166,170835
2,4122,69.455222791000011,0,87542,42,16839709,182973
2,4123,69.47168675,0,99458,167,16445625,157021
2,4124,69.488190875000015,0,79125,42,16621375,170783
2,4125,69.505064333,0,79916,41,16761542,172337
2,4126,69.521735625,0,84834,83,16621000,170783
2,4127,69.538257750000014,0,111083,83,16634417,170783
2,4128,69.555070208,0,100500,0,16746500,170783
2,4129,69.571603166,0,107875,125,16513959,170783
2,4130,69.588233916000007,0,80583,42,16624833,170783
2,4131,69.604892,0,98334,41,16719375,170983
2,4132,69.6244185,0,82584,0,16641167,170783
2,4133,69.63830750000001,63875,2688083,41,16746291,131477
2,4134,69.655479000000014,0,96125,42,16959875,158503
2,4135,69.67209225,0,108042,0,16672792,157149
2,4136,69.688312166,0,95375,41,16306042,157149
2,4137,69.705178083,0,86542,83,16738041,171111
2,4138,69.721679500000008,0,125916,42,16609792,157149
2,4139,69.7383245,0,77625,84,16679500,170911
2,4140,69.755311708000008,0,84625,42,16796833,170911
2,4141,69.771724333000009,0,99875,167,16499416,157149
2,4142,69.788399416,0,100833,41,16702167,157149
2,4143,69.805288041000011,0,75792,42,16944333,158703
2,4144,69.821737791,0,89834,41,16410625,157149
2,4145,69.838905708000013,0,86042,166,16948000,170963
2,4146,69.854999041000013,0,92083,41,16304584,143387
2,4147,69.874444166,0,80750,42,16763584,170911
2,4148,69.888921291,70041,2628292,41,16826750,131171
2,4149,69.90525175,0,95000,208,16555958,143459
2,4150,69.921749375,0,85416,125,16426083,157021
2,4151,69.938458666,0,92125,41,16830291,170783
2,4152,69.955010791,0,110250,42,16587375,172137
2,4153,69.971892083000014,0,82833,42,16720000,170783
2,4154,69.988542291,0,91375,42,16639167,157021
2,4155,70.00522216600001,0,87125,84,16700084,157221
2,4156,70.022072166,0,87417,334,16713500,170783
2,4157,70.038516958,0,133708,0,16575667,170835
2,4158,70.05534345800001,0,98959,41,16615459,170783
2,4159,70.071870833,0,106875,0,16510125,170783
2,4160,70.088361541000012,0,96000,41,16604000,184545
2,4161,70.10518616600001,0,88375,42,16774708,186099
2,4162,70.124955583,0,85416,0,17083584,170783
2,4163,70.138471458000012,63208,2690334,41,16252291,145187
2,4164,70.155068083,0,83792,0,16750083,184673
2,4165,70.171618875000007,0,90417,41,16612209,170911
2,4166,70.188553416,0,137875,41,16628000,198435
2,4167,70.20522050000001,0,85042,84,16832667,171111
2,4168,70.221718416,0,123292,0,16523333,184673
2,4169,70.238425125,0,97542,459,16714083,184725
2,4170,70.254975791,0,82916,41,16717833,186027
2,4171,70.271871333,0,77042,84,16676875,184673
2,4172,70.288399041,0,115584,125,16563458,170911
2,4173,70.304903041,0,82458,41,16612042,171111
2,4174,70.321832541,0,82375,208,16716500,184673
2,4175,70.338279000000014,0,113125,42,16567791,170911
2,4176,70.354979416,0,83458,83,16725958,184673
2,4177,70.374270625000008,0,82709,167,16665542,184673
2,4178,70.388479958,80125,2640291,42,16670708,144933
2,4179,70.404918041,0,81500,0,16568250,172337
2,4180,70.421664916000012,0,83459,42,16735625,184545
2,4181,70.438748916000009,0,103709,84,16936875,184597
2,4182,70.455069208000012,0,80167,0,16300542,143259
2,4183,70.47169875,0,84917,42,16614416,184545
2,4184,70.488527458000007,0,78250,42,16886625,184545
2,4185,70.505060833,0,145541,42,16660708,170983
2,4186,70.522001333,0,82667,292,16764958,184545
2,4187,70.53828375,0,90584,334,16436375,157021
2,4188,70.555233916,0,90458,42,16814125,172137
2,4189,70.571818833000009,0,141875,42,16628208,170783
2,4190,70.588490583000009,0,114750,42,16625625,184545
2,4191,70.604942000000008,0,116542,42,16531375,170983
2,4192,70.624630625000009,0,83250,0,16770916,184545
2,4193,70.638643958,66833,2784708,0,16818750,145239
2,4194,70.655106583,0,118458,0,16479291,170911
2,4195,70.672564875,0,83833,0,16925167,184673
2,4196,70.688787541000011,0,107458,125,16569958,143387
2,4197,70.705189,0,91959,0,16537042,158703
2,4198,70.721828916,0,98167,42,16584916,157149
2,4199,70.738435708000011,0,128375,42,16718250,157149
2,4200,70.755330166000007,0,121792,42,16784875,170911
2,4201,70.771793458,0,83750,83,16461541,157149
2,4202,70.788438083,0,116292,83,16706000,170911
2,4203,70.805104916,0,98500,0,16679833,171111
2,4204,70.821947791000014,0,115792,0,16769584,157149
2,4205,70.838268791,0,87708,41,16429375,157201
2,4206,70.855555875000007,0,85917,42,17113208,158503
2,4207,70.874440583000009,0,92125,125,16168167,143387
2,4208,70.888519458,54708,2718125,83,16927167,131171
2,4209,70.905716541,0,87750,208,17078000,157221
2,4210,70.921634833000013,0,82917,84,16053500,157021
2,4211,70.938743458,0,86042,41,16832333,157021
2,4212,70.955284416000012,0,88167,0,16866958,157021
2,4213,70.971772875000013,0,79958,0,16374125,157021
2,4214,70.988565791000013,0,105791,42,16682250,170783
2,4215,71.00537425,0,128916,42,16778791,158575
2,4216,71.021754750000014,0,83750,167,16510125,157021
2,4217,71.038553875,0,85833,41,16549833,170783
2,4218,71.05497225,0,89334,41,16693583,170835
2,4219,71.071638833000009,0,94708,41,16657708,170783
2,4220,71.088357458,0,87541,84,16682209,170783
2,4221,71.104884750000011,0,98708,0,16614125,170983
2,4222,71.124391,0,89750,42,16721875,184545
2,4223,71.138478291000013,80250,2694000,42,16780833,131425
2,4224,71.155569500000013,0,113333,41,17044917,158503
2,4225,71.171605791,0,92209,42,16118583,157149
2,4226,71.188777,0,80000,42,16943708,157149
2,4227,71.204903458,0,85167,41,16402625,157349
2,4228,71.221579583000008,0,81708,125,16634250,170911
2,4229,71.238216625,0,78500,84,16626291,170911
2,4230,71.254977708000013,0,84417,42,16723875,170963
2,4231,71.271762875000007,0,95625,0,16550458,170911
2,4232,71.288519083000011,0,119292,125,16831500,170911
2,4233,71.305083666,0,84875,42,16687875,172465
2,4234,71.32171304100001,0,83542,42,16557125,170911
2,4235,71.338384291000011,0,100791,83,16721542,170911
2,4236,71.354988666000011,0,86625,42,16619666,170911
2,4237,71.374637125,0,85416,41,16602375,170951
2,4238,71.388338375,70375,2846500,41,16661375,131171
2,4239,71.40500212500001,0,117917,0,16725833,170983
2,4240,71.421717250000015,0,80959,42,16715417,157021
2,4241,71.438201,0,110625,0,16562583,157021
2,4242,71.455292166,0,81625,0,17016750,185951
2,4243,71.471535416000009,0,83083,42,16230833,143259
2,4244,71.488378416,0,81167,41,16802375,170783
2,4245,71.504853916,0,83458,41,16562167,170983
2,4246,71.521652958,0,81708,208,16707416,170783
2,4247,71.538304083000014,0,84458,84,16660042,170783
2,4248,71.555070375000014,0,101125,42,16725459,170783
2,4249,71.571804416,0,91625,42,16605208,157021
2,4250,71.588296958000015,0,89959,42,16588250,170783
2,4251,71.605989166000015,0,81000,42,17363916,179069
2,4252,71.624175958000009,0,77792,41,16146708,150289
2,4253,71.638250208,63417,2493042,83,16563916,131425
2,4254,71.654940958000012,0,77417,42,16544875,170963
2,4255,71.671459791,0,79125,0,16666416,170911
2,4256,71.688279375000008,0,78458,42,16713500,170911
2,4257,71.704741333,0,76875,42,16630458,171111
2,4258,71.721548541,0,76417,83,16782750,170911
2,4259,71.738063666,0,77500,125,16548791,170911
2,4260,71.75559825,0,72333,0,16770875,170911
2,4261,71.771514750000009,0,125250,42,16535958,158503
2,4262,71.788363583,0,76042,41,16820334,157149
2,4263,71.80503,0,81208,42,16713125,171111
2,4264,71.821516083,0,83792,42,16454417,170911
2,4265,71.838198708000007,0,77833,0,16685625,170911
2,4266,71.854908375000008,0,97250,0,16693000,157201
2,4267,71.874379458,0,80625,83,16656500,170911
2,4268,71.888236666000012,74917,2797458,42,16610250,131171
2,4269,71.904842416000008,0,79958,83,16684458,170983
2,4270,71.92157004100001,0,78125,0,16636792,172137
2,4271,71.938374333000013,0,87750,41,16812375,170783
2,4272,71.9552165,0,86416,42,16741084,170783
2,4273,71.971622000000011,0,130250,41,16430458,157021
2,4274,71.988298666,0,90000,0,16658750,170783
2,4275,72.00483425,0,84042,83,16648542,170983
2,4276,72.021677000000011,0,82708,42,16757042,170783
2,4277,72.038664250000011,0,98458,83,17005833,170783
2,4278,72.055024958,0,106042,42,16354000,157073
2,4279,72.071538208,0,120083,42,16548209,158375
2,4280,72.088329875000014,0,77833,41,16720750,170783
2,4281,72.105021375,0,80708,42,16734791,170983
2,4282,72.124640916,0,86375,42,16722500,170783
2,4283,72.138323375000013,72083,2759750,0,16508167,131425
2,4284,72.154929583000012,0,124416,41,16654625,170911
2,4285,72.171757958000015,0,82500,0,16757167,170911
2,4286,72.188585916000008,0,84875,42,16611500,170911
2,4287,72.205024375000008,0,137958,42,16620875,157349
2,4288,72.221862458,0,102542,42,16736708,158503
2,4289,72.238489125000015,0,129958,41,16637125,143387
2,4290,72.255139166,0,86500,0,16722709,170963
2,4291,72.271782125,0,87750,0,16610875,170911
2,4292,72.288314583,0,91500,41,16622959,157149
2,4293,72.305176916000008,0,80083,83,16737083,171111
2,4294,72.322062958,0,96459,42,16811709,157149
2,4295,72.338600083,0,84167,83,16619834,143387
2,4296,72.355181,0,117125,0,16622625,157149
2,4297,72.374626375,0,78791,125,16603167,158503
2,4298,72.388295875000011,76292,2830333,83,16500042,131171
2,4299,72.405082041000014,0,96042,42,16842041,170983
2,4300,72.421862791000009,0,87083,42,16689125,170783
2,4301,72.4386005,0,87875,83,16642000,157021
2,4302,72.455043458,0,88334,167,16361500,157073
2,4303,72.471736416000013,0,86709,0,16809542,170783
2,4304,72.488891250000009,0,102458,41,17021791,157021
2,4305,72.505907666000013,0,89792,41,16708667,143459
2,4306,72.521820291000012,0,114750,125,16461625,144613
2,4307,72.538420375,0,83542,42,16395583,157021
2,4308,72.554718416000014,0,85625,84,16537084,170783
2,4309,72.571987833000009,0,76500,0,17086333,170783
2,4310,72.588515250000015,0,98125,83,16496125,157021
2,4311,72.605202666000011,0,95083,83,16513208,157221
2,4312,72.62465525,0,93750,0,16941833,157021
2,4313,72.638854333000012,61958,2648084,84,16744875,131425
2,4314,72.65510629100001,0,143334,41,16518083,157201
2,4315,72.671777791000011,0,85250,42,16567916,172265
2,4316,72.688430291,0,90166,167,16656042,170911
2,4317,72.705246083,0,81208,84,16768500,171111
2,4318,72.721510458000012,0,91250,42,16477083,157149
2,4319,72.738222291000014,0,74791,83,16644458,170911
2,4320,72.755175541000014,0,81083,125,16751208,170911
2,4321,72.771697583,0,136541,42,16633209,129625
2,4322,72.788450375000011,0,80333,83,16665417,170911
2,4323,72.805022250000007,0,97459,0,16729500,171111
2,4324,72.821648875000008,0,85250,83,16527166,186027
2,4325,72.838347500000012,0,80208,84,16685292,170911
2,4326,72.854934375000013,0,111834,41,16708000,157201
2,4327,72.874544083,0,79500,83,16526500,170911
2,4328,72.888455791000013,55292,2696208,84,16746250,131171
2,4329,72.904866458000015,0,80292,84,16636708,170983
2,4330,72.921679541,0,82625,84,16762625,170783
2,4331,72.938653583,0,85250,41,16851791,170783
2,4332,72.955039000000014,0,80416,42,16481250,157021
2,4333,72.971728166,0,79500,83,16612166,185899
2,4334,72.98843645800001,0,88000,83,16642542,170783
2,4335,73.005268958,0,86292,84,16835959,170983
2,4336,73.021666291,0,112958,42,16495625,170783
2,4337,73.038510833,0,81125,83,16759792,170783
2,4338,73.055238541000008,0,87000,83,16758000,157073
2,4339,73.071903333000009,0,87500,125,16600292,157021
2,4340,73.088751833,0,120708,42,16635625,143259
2,4341,73.10523625,0,89417,83,16697417,143459
2,4342,73.124523625000009,0,91958,83,16650084,158375
2,4343,73.138629666000014,60500,2494833,0,16698708,131425
2,4344,73.154918500000008,0,98583,41,16386708,157149
2,4345,73.171700708,0,78750,42,16773250,170911
2,4346,73.188346958000011,0,123791,42,16630333,170911
2,4347,73.20495720800001,0,80792,41,16651417,171111
2,4348,73.221604083,0,98791,42,16628000,170911
2,4349,73.238501000000014,0,84083,84,16800583,170911
2,4350,73.25549241600001,0,84916,84,16948125,157201
2,4351,73.271818208000013,0,122708,84,16376208,158503
2,4352,73.288478416,0,120625,0,16594958,170911
2,4353,73.305041125,0,106500,41,16572750,157349
2,4354,73.321506375000013,0,83542,42,16574292,157149
2,4355,73.339063416,0,84666,42,16969375,157149
2,4356,73.355020958000011,0,125917,0,16571500,157149
2,4357,73.374197375000008,0,86833,41,16546416,170911
2,4358,73.388241041000015,70250,2604375,41,16545542,131171
2,4359,73.405318375000007,0,87792,42,16976833,170983
2,4360,73.421698958000007,0,100167,84,16544667,172137
2,4361,73.438511291000012,0,83667,84,16542209,170783
2,4362,73.455148958000009,0,84125,41,16836000,170835
2,4363,73.471571708000013,0,110125,42,16564333,170783
2,4364,73.488636208,0,81500,0,16824875,157021
2,4365,73.504981166000007,0,94208,42,16462125,157221
2,4366,73.521941625000011,0,104083,83,16813208,170783
2,4367,73.538664750000009,0,128792,42,16713667,157021
2,4368,73.554948750000008,0,102416,42,16445042,157021
2,4369,73.571677083000012,0,86459,42,16727583,172137
2,4370,73.588703250000009,0,92958,84,16624834,170783
2,4371,73.604936875,0,129916,41,16653583,157221
2,4372,73.624599375,0,83166,250,16675250,170783
2,4373,73.63855825,84458,2939125,42,16907125,131425
2,4374,73.654935208000012,0,80875,0,16356000,157201
2,4375,73.671604375000015,0,81750,42,16641917,157149
2,4376,73.688584875,0,88875,0,16752042,170911
2,4377,73.70530500000001,0,104834,42,16727666,157349
2,4378,73.721791333000013,0,98584,83,16643791,158503
2,4379,73.738550083,0,88291,83,16699166,170911
2,4380,73.75514329100001,0,111583,0,16662375,157149
2,4381,73.771753208,0,104000,0,16587708,170911
2,4382,73.788620416000015,0,80958,42,16749166,157149
2,4383,73.804858458000012,0,93292,41,16465583,157349
2,4384,73.821749250000011,0,91375,84,16764875,157149
2,4385,73.838318958,0,120042,42,16666958,170911
2,4386,73.85487075,0,80458,42,16569750,157201
2,4387,73.874913166000013,0,85750,84,17101875,172265
2,4388,73.888471666000015,55667,2751375,83,16175042,131171
2,4389,73.904844541,0,84167,0,16638500,170983
2,4390,73.921812375,0,88875,42,16837208,170783
2,4391,73.938331375,0,108750,42,16575208,157021
2,4392,73.954782375000008,0,92875,42,16587167,170783
2,4393,73.971775416000014,0,79000,42,16792333,157021
2,4394,73.988531625000007,0,126875,42,16755416,143259
2,4395,74.004898541,0,120083,41,16446125,170983
2,4396,74.022291083000013,0,98958,0,17357125,172137
2,4397,74.038217416000009,0,85709,42,16026125,143259
2,4398,74.055098458,0,84583,42,16792916,170835
2,4399,74.071668291000009,0,86084,125,16511542,157021
2,4400,74.088363875000013,0,82834,42,16722458,184545
2,4401,74.1050285,0,87250,84,16621291,184745
2,4402,74.124327041000015,0,84333,42,16663875,184545
2,4403,74.138810875,63084,2588875,42,16883833,103901
2,4404,74.155165708000013,0,167583,0,16556875,88339
2,4405,74.172681041,0,107625,42,17261958,103455
2,4406,74.188749500000014,0,104000,41,16134375,88339
2,4407,74.205083750000014,0,111625,42,16546791,88539
2,4408,74.221682083,0,134875,42,16620875,88339
2,4409,74.238441083000012,0,158500,42,16731083,88339
2,4410,74.255273291000009,0,113250,0,16848084,88391
2,4411,74.271542125000011,0,91166,42,16225041,88339
2,4412,74.288476583,0,141583,42,16905000,102101
2,4413,74.305134416,0,92792,167,16650709,88539
2,4414,74.322366666000008,0,120542,41,17079208,96425
2,4415,74.338379375,0,101208,42,16132250,95369
2,4416,74.354987375000007,0,135791,83,16502792,88339
2,4417,74.374336291,0,150250,41,17063917,88339
2,4418,74.388515250000012,53333,2384709,42,16507916,89925
2,4419,74.405124416,0,114541,84,16631000,88411
2,4420,74.421662125000012,0,132500,41,16616167,88211
2,4421,74.438241333000008,0,96875,42,16610083,88211
2,4422,74.455010666,0,86750,42,16742791,95688
2,4423,74.47244962500001,0,91167,0,17135083,96297
2,4424,74.488388833,0,72292,42,16172292,95241
2,4425,74.505299541000014,0,120167,458,16777542,88411
2,4426,74.522249583,0,90708,83,17011583,88211
2,4427,74.541286625000012,0,70500,83,18700875,46925
2,4428,74.554348125,0,80916,42,13341042,164963
2,4429,74.570795166000011,0,86750,42,16719000,304327
2,4430,74.587374125000011,0,81083,41,16543250,474219
2,4431,74.604240458,0,78083,42,16947875,542557
2,4432,74.620937250000011,0,80291,42,16696458,516187
2,4433,74.63976537500001,0,76375,125,16567708,542357
2,4434,74.65434508300001,53167,2251750,41,16816542,461765
2,4435,74.670922708,0,77041,84,16599292,528723
2,4436,74.687589166000009,0,80166,42,16575167,542485
2,4437,74.704048000000014,0,85541,41,16542834,528923
2,4438,74.720674541000008,0,78958,0,16623416,528723
2,4439,74.737224916,0,74916,42,16594375,528723
2,4440,74.754133375000009,0,75750,83,16798166,542485
2,4441,74.770693791000014,0,76250,41,16485458,502553
2,4442,74.787463625000015,0,81875,42,16692208,459913
2,4443,74.804215083,0,86958,42,16927666,528923
2,4444,74.820852625000015,0,80000,42,16583750,528723
2,4445,74.837549708000012,0,78709,42,16691958,528723
2,4446,74.854024250000009,0,77500,41,16605584,501251
2,4447,74.870703166000013,0,73875,41,16631667,473675
2,4448,74.889837208,0,71958,84,16750500,528723
2,4449,74.904251875000014,48125,2270625,41,16686000,461659
2,4450,74.920967208000008,0,82458,42,16713875,516187
2,4451,74.937414041000011,0,79709,84,16479583,501071
2,4452,74.954362333,0,77709,41,16918917,528595
2,4453,74.970695333000009,0,79167,42,16368708,514833
2,4454,74.987426875000011,0,76375,41,16641041,514833
2,4455,75.00433587500001,0,79875,42,16965959,542557
2,4456,75.020813916000009,0,78209,42,16493042,528595
2,4457,75.037555416,0,77125,0,16682375,528595
2,4458,75.054012583,0,77542,42,16423709,528647
2,4459,75.070854541,0,86292,42,16860167,543711
2,4460,75.087503500000011,0,86208,125,16592166,528595
2,4461,75.104719291000009,0,75208,42,17221250,267317
2,4462,75.123786125000009,0,73708,83,16626125,212069
2,4463,75.137983833,57583,2314750,84,16744584,158949
2,4464,75.154942375,0,76583,250,16588875,184673
2,4465,75.172229083,0,79042,125,17124667,225959
2,4466,75.188362375000011,0,106958,42,16522375,170911
2,4467,75.204405875,0,86458,0,16197292,226159
2,4468,75.221610250000012,0,75958,42,16657875,239721
2,4469,75.238092083000012,0,66708,42,17002292,213551
2,4470,75.254705833,0,77167,42,16477334,184725
2,4471,75.271540958,0,84292,0,16693292,184673
2,4472,75.288471375000015,0,83750,83,16895125,157149
2,4473,75.305075416000008,0,82292,42,16652459,184873
2,4474,75.32168200000001,0,80458,42,16588792,170911
2,4475,75.338308125000012,0,93792,0,16611459,170911
2,4476,75.355079416000009,0,80292,84,16703958,184673
2,4477,75.37483995800001,0,85084,42,16616500,184673
2,4478,75.388498750000011,56083,2758250,42,16784375,146287
2,4479,75.405165125000011,0,83542,41,16590375,157221
2,4480,75.421939416000015,0,111625,42,16804334,157021
2,4481,75.438359291000012,0,138959,83,16309583,157021
2,4482,75.455074208000013,0,81833,41,16845291,170835
2,4483,75.471900416000011,0,111542,0,16775500,157021
2,4484,75.488220583000015,0,126625,41,16260542,157021
2,4485,75.504967375,0,88209,41,16921916,184745
2,4486,75.522201625000008,0,87083,0,16627292,184545
2,4487,75.538243333000011,0,89083,84,16669833,172137
2,4488,75.555106541000015,0,78666,42,16807125,198307
2,4489,75.571651875000015,0,86083,41,16510458,184545
2,4490,75.588347208,0,87834,42,16674709,184545
2,4491,75.605164083,0,82583,41,16753000,184745
2,4492,75.624924708000009,0,95959,0,16983625,184545
2,4493,75.63819645800001,64792,2661666,41,16222375,145187
2,4494,75.655729875,0,86416,84,17255167,184725
2,4495,75.672256208000007,0,78958,125,16186708,157149
2,4496,75.688810833,0,82500,41,16845625,172265
2,4497,75.70519975,0,92875,0,16688000,157349
2,4498,75.7219445,0,83667,41,16538792,170911
2,4499,75.738387583,0,89500,83,16586291,157149
2,4500,75.755312333,0,88292,125,16790417,170911
2,4501,75.77178675,0,93250,42,16522958,170911
2,4502,75.788771041,0,141042,42,16818084,170911
2,4503,75.804919208000015,0,91208,42,16381833,157349
2,4504,75.821680375000014,0,102292,42,16696958,170911
2,4505,75.838401083000008,0,85917,42,16699500,158503
2,4506,75.854913041,0,85750,41,16580459,157149
